工厂代码,产线编码,日期,班次,班次代码,员工工号,岗位编码,岗位名称,是否关键岗,技能等级,计薪工时(h),标准工时(h),当日加班工时(h),该班次换型等级,实验编号
HB,HB-AS01,2026-07-01,白班,D12,EMPHB0278,HB-AS01-BLOW,吹瓶机岗,1,4,11.0,8.0,3.0,,FULL62-W1
HB,HB-AS01,2026-07-01,白班,D12,EMPHB0315,HB-AS01-CARTON,上纸箱岗,0,2,11.0,8.0,3.0,,FULL62-W1
HB,HB-AS01,2026-07-01,白班,D12,EMPHB0207,HB-AS01-HANDLE-1,提扣机岗1,0,3,11.0,8.0,3.0,,FULL62-W1
HB,HB-AS01,2026-07-01,白班,D12,EMPHB0209,HB-AS01-HANDLE-2,提扣机岗2,0,4,11.0,8.0,3.0,,FULL62-W1
HB,HB-AS01,2026-07-01,白班,D12,EMPHB0220,HB-AS01-LABEL,贴标机岗,0,4,11.0,8.0,3.0,,FULL62-W1
HB,HB-AS01,2026-07-01,白班,D12,EMPHB0290,HB-AS01-PACK-SHRINK,膜包机岗,0,3,11.0,8.0,3.0,,FULL62-W1
HB,HB-AS01,2026-07-01,白班,D12,EMPHB0202,HB-AS01-PALLET,码垛机岗,0,3,11.0,8.0,3.0,,FULL62-W1
HB,HB-AS01,2026-07-01,白班,D12,EMPHB0273,HB-AS01-SHIFT-LEADER,生产领班,1,3,11.0,8.0,3.0,,FULL62-W1
HB,HB-AS01,2026-07-01,白班,D12,EMPHB0307,HB-AS01-UHT-1,UHT&调配&果肉操作1,1,4,11.0,8.0,3.0,,FULL62-W1
HB,HB-AS01,2026-07-01,白班,D12,EMPHB0352,HB-AS01-UHT-AUX,辅助工,0,3,11.0,8.0,3.0,,FULL62-W1
HB,HB-ENG2,2026-07-01,白班,D12,EMPHB0348,HB-ENG2-AIRCOMP,空压岗,1,4,11.0,8.0,3.0,,FULL62-W1
HB,HB-ENG2,2026-07-01,白班,D12,EMPHB0342,HB-ENG2-BOILER,锅炉岗,0,3,11.0,8.0,3.0,,FULL62-W1
HB,HB-ENG2,2026-07-01,白班,D12,EMPHB0335,HB-ENG2-ELEC-OUT1,外围电工1,1,4,11.0,8.0,3.0,,FULL62-W1
HB,HB-ENG2,2026-07-01,白班,D12,EMPHB0350,HB-ENG2-WWTP,污水岗,0,3,11.0,8.0,3.0,,FULL62-W1
HB,HB-PET01,2026-07-01,白班,D12,EMPHB0192,HB-PET01-FILL,灌注机岗,1,3,11.0,8.0,3.0,,FULL62-W1
HB,HB-PET01,2026-07-01,白班,D12,EMPHB0250,HB-PET01-HANDLE-1,提扣机岗1,0,3,11.0,8.0,3.0,,FULL62-W1
HB,HB-PET01,2026-07-01,白班,D12,EMPHB0255,HB-PET01-HANDLE-2,提扣机岗2,0,3,11.0,8.0,3.0,,FULL62-W1
HB,HB-PET01,2026-07-01,白班,D12,EMPHB0237,HB-PET01-LABEL,贴标机岗,0,3,11.0,8.0,3.0,,FULL62-W1
HB,HB-PET01,2026-07-01,白班,D12,EMPHB0288,HB-PET01-PACK-SHRINK,膜包机岗,0,3,11.0,8.0,3.0,,FULL62-W1
HB,HB-PET01,2026-07-01,白班,D12,EMPHB0227,HB-PET01-PALLET,码垛机岗,0,4,11.0,8.0,3.0,,FULL62-W1
HB,HB-PET02,2026-07-01,白班,D12,EMPHB0213,HB-PET02-BLOW-FILL,吹瓶、灌装岗位,1,3,11.0,8.0,3.0,,FULL62-W1
HB,HB-PET02,2026-07-01,白班,D12,EMPHB0217,HB-PET02-LABEL,贴标机岗,0,3,11.0,8.0,3.0,,FULL62-W1
HB,HB-PET02,2026-07-01,白班,D12,EMPHB0242,HB-PET02-PACK-SHRINK,膜包机岗,0,3,11.0,8.0,3.0,,FULL62-W1
HB,HB-PET02,2026-07-01,白班,D12,EMPHB0204,HB-PET02-PALLET,码垛机岗,0,3,11.0,8.0,3.0,,FULL62-W1
HB,HB-PET03,2026-07-01,白班,D12,EMPHB0233,HB-PET03-FILL,灌注机岗,1,3,11.0,8.0,3.0,,FULL62-W1
HB,HB-PET03,2026-07-01,白班,D12,EMPHB0296,HB-PET03-HANDLE-1,提扣机岗1,0,3,11.0,8.0,3.0,,FULL62-W1
HB,HB-PET03,2026-07-01,白班,D12,EMPHB0300,HB-PET03-HANDLE-2,提扣机岗2,0,3,11.0,8.0,3.0,,FULL62-W1
HB,HB-PET03,2026-07-01,白班,D12,EMPHB0219,HB-PET03-LABEL,贴标机岗,0,4,11.0,8.0,3.0,,FULL62-W1
HB,HB-PET03,2026-07-01,白班,D12,EMPHB0200,HB-PET03-PACK-SHRINK,膜包机岗,0,3,11.0,8.0,3.0,,FULL62-W1
HB,HB-PET03,2026-07-01,白班,D12,EMPHB0203,HB-PET03-PALLET,码垛机岗,0,3,11.0,8.0,3.0,,FULL62-W1
HB,HB-QC,2026-07-01,白班,D12,EMPHB0357,HB-QC-QC-RM-AS,无菌线原物料品控,1,3,11.0,8.0,3.0,,FULL62-W1
HB,HB-QC2,2026-07-01,白班,D12,EMPHB0384,HB-QC2-QC-BLOW,吹瓶品控,1,3,11.0,8.0,3.0,,FULL62-W1
HB,HB-QC2,2026-07-01,白班,D12,EMPHB0391,HB-QC2-QC-IP-AS,无菌线制程品控,1,3,11.0,8.0,3.0,,FULL62-W1
HB,HB-QC2,2026-07-01,白班,D12,EMPHB0371,HB-QC2-QC-IP-PET01,PET01线制程品控,1,3,11.0,8.0,3.0,,FULL62-W1
HB,HB-QC2,2026-07-01,白班,D12,EMPHB0374,HB-QC2-QC-IP-PET02,PET02线制程品控,1,3,11.0,8.0,3.0,,FULL62-W1
HB,HB-SYRUP,2026-07-01,白班,D12,EMPHB0269,HB-SYRUP-SYRUP-POST2,后糖岗2,1,4,11.0,8.0,3.0,,FULL62-W1
HB,HB-SYRUP,2026-07-01,白班,D12,EMPHB0258,HB-SYRUP-WATER,水处理操作岗,1,3,11.0,8.0,3.0,,FULL62-W1
SX,SX-BIB01,2026-07-01,白班,D12,EMPSX0102,SX-BIB01-FILL,灌装岗,1,3,11.0,8.0,3.0,,FULL62-W1
SX,SX-BIB01,2026-07-01,白班,D12,EMPSX0105,SX-BIB01-PACK-2,包装岗2,0,3,11.0,8.0,3.0,,FULL62-W1
SX,SX-BIB01,2026-07-01,白班,D12,EMPSX0009,SX-BIB01-PACK-3,包装岗3,0,2,11.0,8.0,3.0,,FULL62-W1
SX,SX-CAN01,2026-07-01,白班,D12,EMPSX0053,SX-CAN01-DEPAL-CAN,卸罐机岗,0,3,11.0,8.0,3.0,,FULL62-W1
SX,SX-CAN01,2026-07-01,白班,D12,EMPSX0060,SX-CAN01-FILL,灌注机岗,1,3,11.0,8.0,3.0,,FULL62-W1
SX,SX-CAN01,2026-07-01,白班,D12,EMPSX0069,SX-CAN01-PACK-MULTI,多包装机,0,4,11.0,8.0,3.0,,FULL62-W1
SX,SX-CAN01,2026-07-01,白班,D12,EMPSX0044,SX-CAN01-PACK-SHRINK,塑包机岗,0,4,11.0,8.0,3.0,,FULL62-W1
SX,SX-CAN01,2026-07-01,白班,D12,EMPSX0014,SX-CAN01-PALLET,码垛机岗,0,3,11.0,8.0,3.0,,FULL62-W1
SX,SX-ENG,2026-07-01,白班,D12,EMPSX0144,SX-ENG-BOILER,锅炉操作岗,0,4,11.0,8.0,3.0,,FULL62-W1
SX,SX-ENG,2026-07-01,白班,D12,EMPSX0147,SX-ENG-MECH-LINE,生产线机修岗,0,4,11.0,8.0,3.0,,FULL62-W1
SX,SX-ENG,2026-07-01,白班,D12,EMPSX0150,SX-ENG-MECH-LINE,生产线机修岗,0,3,11.0,8.0,3.0,,FULL62-W1
SX,SX-ENG,2026-07-01,白班,D12,EMPSX0152,SX-ENG-MECH-LINE,生产线机修岗,0,3,11.0,8.0,3.0,,FULL62-W1
SX,SX-PET01,2026-07-01,白班,D12,EMPSX0004,SX-PET01-BLOW-LABEL,吹贴机岗,1,4,11.0,8.0,3.0,,FULL62-W1
SX,SX-PET01,2026-07-01,白班,D12,EMPSX0017,SX-PET01-FGI,FGI岗,0,3,11.0,8.0,3.0,,FULL62-W1
SX,SX-PET01,2026-07-01,白班,D12,EMPSX0039,SX-PET01-FILL,灌注机岗,1,4,11.0,8.0,3.0,,FULL62-W1
SX,SX-PET01,2026-07-01,白班,D12,EMPSX0025,SX-PET01-HANDLE,提扣机岗,0,3,11.0,8.0,3.0,,FULL62-W1
SX,SX-PET01,2026-07-01,白班,D12,EMPSX0041,SX-PET01-PACK-SHRINK,塑包机岗,0,3,11.0,8.0,3.0,,FULL62-W1
SX,SX-PET01,2026-07-01,白班,D12,EMPSX0016,SX-PET01-PALLET,码垛机岗,0,4,11.0,8.0,3.0,,FULL62-W1
SX,SX-PET01,2026-07-01,白班,D12,EMPSX0023,SX-PET01-PALLET-LABEL,垛贴码岗,0,3,11.0,8.0,3.0,,FULL62-W1
SX,SX-PET02,2026-07-01,白班,D12,EMPSX0032,SX-PET02-BLOW,吹瓶机岗,1,3,11.0,8.0,3.0,F,FULL62-W1
SX,SX-PET02,2026-07-01,白班,D12,EMPSX0038,SX-PET02-FILL,灌注机岗,1,3,11.0,8.0,3.0,F,FULL62-W1
SX,SX-QC,2026-07-01,白班,D12,EMPSX0153,SX-QC-QC-AUX,辅线品控（水、糖、BIB）,1,3,11.0,8.0,3.0,,FULL62-W1
SX,SX-QC,2026-07-01,白班,D12,EMPSX0178,SX-QC-QC-BLOW,吹瓶品控,1,4,11.0,8.0,3.0,,FULL62-W1
SX,SX-QC,2026-07-01,白班,D12,EMPSX0164,SX-QC-QC-IP-PET1,PET线品控1,1,3,11.0,8.0,3.0,,FULL62-W1
SX,SX-QC,2026-07-01,白班,D12,EMPSX0167,SX-QC-QC-IP-PET2,PET线品控2,1,4,11.0,8.0,3.0,,FULL62-W1
SX,SX-QC,2026-07-01,白班,D12,EMPSX0175,SX-QC-QC-IP-RB,RB线品控,1,4,11.0,8.0,3.0,,FULL62-W1
SX,SX-RB01,2026-07-01,白班,D12,EMPSX0076,SX-RB01-DEPAL,码卸垛机岗,0,3,11.0,8.0,3.0,,FULL62-W1
SX,SX-RB01,2026-07-01,白班,D12,EMPSX0005,SX-RB01-FILL,灌注机岗,1,3,11.0,8.0,3.0,,FULL62-W1
SX,SX-RB01,2026-07-01,白班,D12,EMPSX0079,SX-RB01-LOADER,装卸箱机岗,0,4,11.0,8.0,3.0,,FULL62-W1
SX,SX-RB01,2026-07-01,白班,D12,EMPSX0100,SX-RB01-QC-BOTTLE,空瓶检测岗,1,3,11.0,8.0,3.0,,FULL62-W1
SX,SX-RB01,2026-07-01,白班,D12,EMPSX0093,SX-RB01-QC-FGI2,成品目检岗2,1,3,11.0,8.0,3.0,,FULL62-W1
SX,SX-RB01,2026-07-01,白班,D12,EMPSX0083,SX-RB01-WASHER,洗瓶机岗,0,3,11.0,8.0,3.0,,FULL62-W1
SX,SX-SYRUP,2026-07-01,白班,D12,EMPSX0120,SX-SYRUP-SYRUP-POST1,后糖岗1,1,3,11.0,8.0,3.0,,FULL62-W1
SX,SX-SYRUP,2026-07-01,白班,D12,EMPSX0123,SX-SYRUP-SYRUP-POST2,后糖岗2,1,3,11.0,8.0,3.0,,FULL62-W1
HB,HB-ENG,2026-07-01,常白班,D8,EMPHB0324,HB-ENG-ELEC-2,电气维修工程师2,1,4,8.0,8.0,0.0,,FULL62-W1
HB,HB-ENG,2026-07-01,常白班,D8,EMPHB0326,HB-ENG-ENG-BLOW,吹瓶机工程师,1,4,8.0,8.0,0.0,,FULL62-W1
HB,HB-ENG,2026-07-01,常白班,D8,EMPHB0328,HB-ENG-ENG-FILL,灌装机工程师,1,3,8.0,8.0,0.0,,FULL62-W1
HB,HB-ENG,2026-07-01,常白班,D8,EMPHB0330,HB-ENG-ENG-LABEL,贴标机工程师,1,4,8.0,8.0,0.0,,FULL62-W1
HB,HB-ENG,2026-07-01,常白班,D8,EMPHB0332,HB-ENG-ENG-PACK,膜包机工程师,1,3,8.0,8.0,0.0,,FULL62-W1
HB,HB-ENG,2026-07-01,常白班,D8,EMPHB0333,HB-ENG-ENG-PALLET,码垛机工程师,1,4,8.0,8.0,0.0,,FULL62-W1
HB,HB-ENG2,2026-07-01,常白班,D8,EMPHB0340,HB-ENG2-ELEC-OUT2,外围电工2,1,4,8.0,8.0,0.0,,FULL62-W1
HB,HB-QC,2026-07-01,常白班,D8,EMPHB0364,HB-QC-QC-MICRO-AS1,无菌线微生物品控1,1,4,8.0,8.0,0.0,,FULL62-W1
HB,HB-QC,2026-07-01,常白班,D8,EMPHB0366,HB-QC-QC-MICRO-AS2,无菌线微生物品控2,1,3,8.0,8.0,0.0,,FULL62-W1
HB,HB-QC,2026-07-01,常白班,D8,EMPHB0368,HB-QC-QC-MICRO-AS3,无菌线微生物品控3,1,4,8.0,8.0,0.0,,FULL62-W1
HB,HB-QC,2026-07-01,常白班,D8,EMPHB0382,HB-QC-QC-MICRO-SODA,汽水线微生物品控,1,3,8.0,8.0,0.0,,FULL62-W1
HB,HB-SYRUP,2026-07-01,常白班,D8,EMPHB0262,HB-SYRUP-SYRUP-PRE,前糖岗,1,3,8.0,8.0,0.0,,FULL62-W1
SX,SX-ENG,2026-07-01,常白班,D8,EMPSX0134,SX-ENG-ELEC-LINE2,生产线电工2,1,3,8.0,8.0,0.0,F,FULL62-W1
SX,SX-ENG,2026-07-01,常白班,D8,EMPSX0135,SX-ENG-ELEC-OUT,外围电工,1,4,8.0,8.0,0.0,F,FULL62-W1
SX,SX-QC,2026-07-01,常白班,D8,EMPSX0160,SX-QC-QC-MICRO,微生物品控,1,4,8.0,8.0,0.0,,FULL62-W1
SX,SX-QC,2026-07-01,常白班,D8,EMPSX0157,SX-QC-QC-RM,原物料品控,1,3,8.0,8.0,0.0,,FULL62-W1
SX,SX-SYRUP,2026-07-01,常白班,D8,EMPSX0116,SX-SYRUP-SYRUP-PRE,前糖岗,1,3,8.0,8.0,0.0,,FULL62-W1
SX,SX-UTIL,2026-07-01,常白班,D8,EMPSX0125,SX-UTIL-WATER,水处理操作岗,1,3,8.0,8.0,0.0,,FULL62-W1
HB,HB-AS01,2026-07-01,夜班,N12,EMPHB0186,HB-AS01-BLOW,吹瓶机岗,1,3,11.0,8.0,3.0,,FULL62-W1
HB,HB-AS01,2026-07-01,夜班,N12,EMPHB0304,HB-AS01-CARTON,上纸箱岗,0,3,11.0,8.0,3.0,,FULL62-W1
HB,HB-AS01,2026-07-01,夜班,N12,EMPHB0252,HB-AS01-HANDLE-1,提扣机岗1,0,3,11.0,8.0,3.0,,FULL62-W1
HB,HB-AS01,2026-07-01,夜班,N12,EMPHB0211,HB-AS01-HANDLE-2,提扣机岗2,0,4,11.0,8.0,3.0,,FULL62-W1
HB,HB-AS01,2026-07-01,夜班,N12,EMPHB0197,HB-AS01-LABEL,贴标机岗,0,3,11.0,8.0,3.0,,FULL62-W1
HB,HB-AS01,2026-07-01,夜班,N12,EMPHB0224,HB-AS01-PACK-SHRINK,膜包机岗,0,4,11.0,8.0,3.0,,FULL62-W1
HB,HB-AS01,2026-07-01,夜班,N12,EMPHB0181,HB-AS01-SHIFT-LEADER,生产领班,1,3,11.0,8.0,3.0,,FULL62-W1
HB,HB-AS01,2026-07-01,夜班,N12,EMPHB0308,HB-AS01-UHT-1,UHT&调配&果肉操作1,1,4,11.0,8.0,3.0,,FULL62-W1
HB,HB-AS01,2026-07-01,夜班,N12,EMPHB0270,HB-AS01-UHT-2,UHT&调配&果肉操作2,1,3,11.0,8.0,3.0,,FULL62-W1
HB,HB-AS01,2026-07-01,夜班,N12,EMPHB0317,HB-AS01-UHT-AUX,辅助工,0,3,11.0,8.0,3.0,,FULL62-W1
HB,HB-ENG,2026-07-01,夜班,N12,EMPHB0320,HB-ENG-ELEC-1,电气维修工程师1,1,3,11.0,8.0,3.0,,FULL62-W1
HB,HB-ENG2,2026-07-01,夜班,N12,EMPHB0341,HB-ENG2-AIRCOMP,空压岗,1,3,11.0,8.0,3.0,,FULL62-W1
HB,HB-ENG2,2026-07-01,夜班,N12,EMPHB0344,HB-ENG2-BOILER,锅炉岗,0,4,11.0,8.0,3.0,,FULL62-W1
HB,HB-ENG2,2026-07-01,夜班,N12,EMPHB0338,HB-ENG2-ELEC-OUT1,外围电工1,1,3,11.0,8.0,3.0,,FULL62-W1
HB,HB-ENG2,2026-07-01,夜班,N12,EMPHB0349,HB-ENG2-WWTP,污水岗,0,3,11.0,8.0,3.0,,FULL62-W1
HB,HB-PET01,2026-07-01,夜班,N12,EMPHB0276,HB-PET01-BLOW,吹瓶机岗,1,3,11.0,8.0,3.0,,FULL62-W1
HB,HB-PET01,2026-07-01,夜班,N12,EMPHB0208,HB-PET01-HANDLE-1,提扣机岗1,0,4,11.0,8.0,3.0,,FULL62-W1
HB,HB-PET01,2026-07-01,夜班,N12,EMPHB0256,HB-PET01-HANDLE-2,提扣机岗2,0,3,11.0,8.0,3.0,,FULL62-W1
HB,HB-PET01,2026-07-01,夜班,N12,EMPHB0195,HB-PET01-LABEL,贴标机岗,0,3,11.0,8.0,3.0,,FULL62-W1
HB,HB-PET01,2026-07-01,夜班,N12,EMPHB0223,HB-PET01-PACK-SHRINK,膜包机岗,0,3,11.0,8.0,3.0,,FULL62-W1
HB,HB-PET01,2026-07-01,夜班,N12,EMPHB0201,HB-PET01-PALLET,码垛机岗,0,4,11.0,8.0,3.0,,FULL62-W1
HB,HB-PET01,2026-07-01,夜班,N12,EMPHB0184,HB-PET01-SHIFT-ENG,倒班工程师,1,4,11.0,8.0,3.0,,FULL62-W1
HB,HB-PET02,2026-07-01,夜班,N12,EMPHB0193,HB-PET02-LABEL,贴标机岗,0,3,11.0,8.0,3.0,,FULL62-W1
HB,HB-PET02,2026-07-01,夜班,N12,EMPHB0222,HB-PET02-PACK-SHRINK,膜包机岗,0,3,11.0,8.0,3.0,,FULL62-W1
HB,HB-PET02,2026-07-01,夜班,N12,EMPHB0293,HB-PET02-PALLET,码垛机岗,0,4,11.0,8.0,3.0,,FULL62-W1
HB,HB-PET03,2026-07-01,夜班,N12,EMPHB0230,HB-PET03-BLOW,吹瓶机岗,1,3,11.0,8.0,3.0,,FULL62-W1
HB,HB-PET03,2026-07-01,夜班,N12,EMPHB0281,HB-PET03-FILL,灌注机岗,1,4,11.0,8.0,3.0,,FULL62-W1
HB,HB-PET03,2026-07-01,夜班,N12,EMPHB0295,HB-PET03-HANDLE-1,提扣机岗1,0,3,11.0,8.0,3.0,,FULL62-W1
HB,HB-PET03,2026-07-01,夜班,N12,EMPHB0253,HB-PET03-HANDLE-2,提扣机岗2,0,3,11.0,8.0,3.0,,FULL62-W1
HB,HB-PET03,2026-07-01,夜班,N12,EMPHB0286,HB-PET03-LABEL,贴标机岗,0,3,11.0,8.0,3.0,,FULL62-W1
HB,HB-PET03,2026-07-01,夜班,N12,EMPHB0287,HB-PET03-PACK-SHRINK,膜包机岗,0,3,11.0,8.0,3.0,,FULL62-W1
HB,HB-PET03,2026-07-01,夜班,N12,EMPHB0247,HB-PET03-PALLET,码垛机岗,0,3,11.0,8.0,3.0,,FULL62-W1
HB,HB-QC,2026-07-01,夜班,N12,EMPHB0372,HB-QC-QC-RM-AS,无菌线原物料品控,1,3,11.0,8.0,3.0,,FULL62-W1
HB,HB-QC,2026-07-01,夜班,N12,EMPHB0356,HB-QC-QC-RM-SODA,汽水线原物料品控,1,3,11.0,8.0,3.0,,FULL62-W1
HB,HB-SYRUP,2026-07-01,夜班,N12,EMPHB0263,HB-SYRUP-SYRUP-POST1,后糖岗1,1,4,11.0,8.0,3.0,,FULL62-W1
SX,SX-BIB01,2026-07-01,夜班,N12,EMPSX0104,SX-BIB01-FILL,灌装岗,1,3,11.0,8.0,3.0,,FULL62-W1
SX,SX-BIB01,2026-07-01,夜班,N12,EMPSX0108,SX-BIB01-PACK-1,包装岗1,0,3,11.0,8.0,3.0,,FULL62-W1
SX,SX-BIB01,2026-07-01,夜班,N12,EMPSX0111,SX-BIB01-PACK-2,包装岗2,0,3,11.0,8.0,3.0,,FULL62-W1
SX,SX-CAN01,2026-07-01,夜班,N12,EMPSX0054,SX-CAN01-DEPAL-CAN,卸罐机岗,0,4,11.0,8.0,3.0,,FULL62-W1
SX,SX-CAN01,2026-07-01,夜班,N12,EMPSX0088,SX-CAN01-FILL,灌注机岗,1,3,11.0,8.0,3.0,,FULL62-W1
SX,SX-CAN01,2026-07-01,夜班,N12,EMPSX0112,SX-CAN01-PACK-MULTI,多包装机,0,3,11.0,8.0,3.0,,FULL62-W1
SX,SX-CAN01,2026-07-01,夜班,N12,EMPSX0063,SX-CAN01-PACK-SHRINK,塑包机岗,0,3,11.0,8.0,3.0,,FULL62-W1
SX,SX-CAN01,2026-07-01,夜班,N12,EMPSX0047,SX-CAN01-PALLET,码垛机岗,0,3,11.0,8.0,3.0,,FULL62-W1
SX,SX-ENG,2026-07-01,夜班,N12,EMPSX0137,SX-ENG-AIRCOMP,制冷空压机岗,1,3,11.0,8.0,3.0,,FULL62-W1
SX,SX-ENG,2026-07-01,夜班,N12,EMPSX0143,SX-ENG-BOILER,锅炉操作岗,0,3,11.0,8.0,3.0,,FULL62-W1
SX,SX-ENG,2026-07-01,夜班,N12,EMPSX0131,SX-ENG-ELEC-LINE1,生产线电工1,1,3,11.0,8.0,3.0,,FULL62-W1
SX,SX-PET01,2026-07-01,夜班,N12,EMPSX0001,SX-PET01-BLOW-LABEL,吹贴机岗,1,3,11.0,8.0,3.0,,FULL62-W1
SX,SX-PET01,2026-07-01,夜班,N12,EMPSX0026,SX-PET01-HANDLE,提扣机岗,0,3,11.0,8.0,3.0,,FULL62-W1
SX,SX-PET01,2026-07-01,夜班,N12,EMPSX0010,SX-PET01-PACK-SHRINK,塑包机岗,0,3,11.0,8.0,3.0,,FULL62-W1
SX,SX-PET01,2026-07-01,夜班,N12,EMPSX0046,SX-PET01-PALLET,码垛机岗,0,3,11.0,8.0,3.0,,FULL62-W1
SX,SX-PET01,2026-07-01,夜班,N12,EMPSX0050,SX-PET01-PALLET-LABEL,垛贴码岗,0,3,11.0,8.0,3.0,,FULL62-W1
SX,SX-PET02,2026-07-01,夜班,N12,EMPSX0031,SX-PET02-BLOW,吹瓶机岗,1,3,11.0,8.0,3.0,A,FULL62-W1
SX,SX-PET02,2026-07-01,夜班,N12,EMPSX0008,SX-PET02-FILL,灌注机岗,1,4,11.0,8.0,3.0,A,FULL62-W1
SX,SX-QC,2026-07-01,夜班,N12,EMPSX0156,SX-QC-QC-AUX,辅线品控（水、糖、BIB）,1,3,11.0,8.0,3.0,,FULL62-W1
SX,SX-QC,2026-07-01,夜班,N12,EMPSX0179,SX-QC-QC-BLOW,吹瓶品控,1,3,11.0,8.0,3.0,,FULL62-W1
SX,SX-QC,2026-07-01,夜班,N12,EMPSX0162,SX-QC-QC-IP-PET1,PET线品控1,1,4,11.0,8.0,3.0,,FULL62-W1
SX,SX-RB01,2026-07-01,夜班,N12,EMPSX0037,SX-RB01-FILL,灌注机岗,1,3,11.0,8.0,3.0,F,FULL62-W1
SX,SX-RB01,2026-07-01,夜班,N12,EMPSX0098,SX-RB01-QC-BOTTLE,空瓶检测岗,1,3,11.0,8.0,3.0,F,FULL62-W1
SX,SX-RB01,2026-07-01,夜班,N12,EMPSX0091,SX-RB01-QC-FGI1,成品目检岗1,1,3,11.0,8.0,3.0,F,FULL62-W1
SX,SX-RB01,2026-07-01,夜班,N12,EMPSX0094,SX-RB01-QC-FGI2,成品目检岗2,1,3,11.0,8.0,3.0,F,FULL62-W1
SX,SX-SYRUP,2026-07-01,夜班,N12,EMPSX0117,SX-SYRUP-SYRUP-POST1,后糖岗1,1,3,11.0,8.0,3.0,,FULL62-W1
SX,SX-SYRUP,2026-07-01,夜班,N12,EMPSX0121,SX-SYRUP-SYRUP-POST2,后糖岗2,1,3,11.0,8.0,3.0,,FULL62-W1
HB,HB-AS01,2026-07-02,白班,D12,EMPHB0306,HB-AS01-CARTON,上纸箱岗,0,4,11.0,8.0,3.0,,FULL62-W1
HB,HB-AS01,2026-07-02,白班,D12,EMPHB0233,HB-AS01-FILL,灌注机岗,1,3,11.0,8.0,3.0,,FULL62-W1
HB,HB-AS01,2026-07-02,白班,D12,EMPHB0296,HB-AS01-HANDLE-1,提扣机岗1,0,3,11.0,8.0,3.0,,FULL62-W1
HB,HB-AS01,2026-07-02,白班,D12,EMPHB0255,HB-AS01-HANDLE-2,提扣机岗2,0,3,11.0,8.0,3.0,,FULL62-W1
HB,HB-AS01,2026-07-02,白班,D12,EMPHB0238,HB-AS01-LABEL,贴标机岗,0,3,11.0,8.0,3.0,,FULL62-W1
HB,HB-AS01,2026-07-02,白班,D12,EMPHB0198,HB-AS01-PACK-SHRINK,膜包机岗,0,3,11.0,8.0,3.0,,FULL62-W1
HB,HB-AS01,2026-07-02,白班,D12,EMPHB0225,HB-AS01-PALLET,码垛机岗,0,3,11.0,8.0,3.0,,FULL62-W1
HB,HB-AS01,2026-07-02,白班,D12,EMPHB0274,HB-AS01-SHIFT-LEADER,生产领班,1,4,11.0,8.0,3.0,,FULL62-W1
HB,HB-AS01,2026-07-02,白班,D12,EMPHB0313,HB-AS01-UHT-2,UHT&调配&果肉操作2,1,4,11.0,8.0,3.0,,FULL62-W1
HB,HB-AS01,2026-07-02,白班,D12,EMPHB0315,HB-AS01-UHT-AUX,辅助工,0,3,11.0,8.0,3.0,,FULL62-W1
HB,HB-ENG,2026-07-02,白班,D12,EMPHB0322,HB-ENG-ELEC-1,电气维修工程师1,1,4,11.0,8.0,3.0,,FULL62-W1
HB,HB-ENG2,2026-07-02,白班,D12,EMPHB0347,HB-ENG2-AIRCOMP,空压岗,1,3,11.0,8.0,3.0,,FULL62-W1
HB,HB-ENG2,2026-07-02,白班,D12,EMPHB0343,HB-ENG2-BOILER,锅炉岗,0,3,11.0,8.0,3.0,,FULL62-W1
HB,HB-ENG2,2026-07-02,白班,D12,EMPHB0335,HB-ENG2-ELEC-OUT1,外围电工1,1,4,11.0,8.0,3.0,,FULL62-W1
HB,HB-PET01,2026-07-02,白班,D12,EMPHB0185,HB-PET01-BLOW,吹瓶机岗,1,3,11.0,8.0,3.0,,FULL62-W1
HB,HB-PET01,2026-07-02,白班,D12,EMPHB0280,HB-PET01-FILL,灌注机岗,1,3,11.0,8.0,3.0,,FULL62-W1
HB,HB-PET01,2026-07-02,白班,D12,EMPHB0210,HB-PET01-HANDLE-1,提扣机岗1,0,2,11.0,8.0,3.0,,FULL62-W1
HB,HB-PET01,2026-07-02,白班,D12,EMPHB0254,HB-PET01-HANDLE-2,提扣机岗2,0,4,11.0,8.0,3.0,,FULL62-W1
HB,HB-PET01,2026-07-02,白班,D12,EMPHB0220,HB-PET01-LABEL,贴标机岗,0,4,11.0,8.0,3.0,,FULL62-W1
HB,HB-PET01,2026-07-02,白班,D12,EMPHB0289,HB-PET01-PACK-SHRINK,膜包机岗,0,3,11.0,8.0,3.0,,FULL62-W1
HB,HB-PET01,2026-07-02,白班,D12,EMPHB0228,HB-PET01-PALLET,码垛机岗,0,3,11.0,8.0,3.0,,FULL62-W1
HB,HB-PET01,2026-07-02,白班,D12,EMPHB0182,HB-PET01-SHIFT-ENG,倒班工程师,1,3,11.0,8.0,3.0,,FULL62-W1
HB,HB-PET02,2026-07-02,白班,D12,EMPHB0241,HB-PET02-PACK-SHRINK,膜包机岗,0,4,11.0,8.0,3.0,,FULL62-W1
HB,HB-PET02,2026-07-02,白班,D12,EMPHB0246,HB-PET02-PALLET,码垛机岗,0,4,11.0,8.0,3.0,,FULL62-W1
HB,HB-PET03,2026-07-02,白班,D12,EMPHB0229,HB-PET03-BLOW,吹瓶机岗,1,4,11.0,8.0,3.0,,FULL62-W1
HB,HB-PET03,2026-07-02,白班,D12,EMPHB0305,HB-PET03-HANDLE-1,提扣机岗1,0,3,11.0,8.0,3.0,,FULL62-W1
HB,HB-PET03,2026-07-02,白班,D12,EMPHB0194,HB-PET03-LABEL,贴标机岗,0,4,11.0,8.0,3.0,,FULL62-W1
HB,HB-PET03,2026-07-02,白班,D12,EMPHB0221,HB-PET03-PACK-SHRINK,膜包机岗,0,4,11.0,8.0,3.0,,FULL62-W1
HB,HB-PET03,2026-07-02,白班,D12,EMPHB0204,HB-PET03-PALLET,码垛机岗,0,3,11.0,8.0,3.0,,FULL62-W1
HB,HB-QC,2026-07-02,白班,D12,EMPHB0360,HB-QC-QC-RM-AS,无菌线原物料品控,1,3,11.0,8.0,3.0,,FULL62-W1
HB,HB-SYRUP,2026-07-02,白班,D12,EMPHB0265,HB-SYRUP-SYRUP-POST1,后糖岗1,1,4,11.0,8.0,3.0,,FULL62-W1
SX,SX-BIB01,2026-07-02,白班,D12,EMPSX0101,SX-BIB01-FILL,灌装岗,1,4,11.0,8.0,3.0,,FULL62-W1
SX,SX-BIB01,2026-07-02,白班,D12,EMPSX0062,SX-BIB01-PACK-1,包装岗1,0,1,11.0,8.0,3.0,,FULL62-W1
SX,SX-BIB01,2026-07-02,白班,D12,EMPSX0036,SX-BIB01-PACK-2,包装岗2,0,3,11.0,8.0,3.0,,FULL62-W1
SX,SX-BIB01,2026-07-02,白班,D12,EMPSX0113,SX-BIB01-PACK-3,包装岗3,0,4,11.0,8.0,3.0,,FULL62-W1
SX,SX-CAN01,2026-07-02,白班,D12,EMPSX0073,SX-CAN01-DEPAL-CAN,卸罐机岗,0,3,11.0,8.0,3.0,,FULL62-W1
SX,SX-CAN01,2026-07-02,白班,D12,EMPSX0069,SX-CAN01-PACK-MULTI,多包装机,0,4,11.0,8.0,3.0,,FULL62-W1
SX,SX-CAN01,2026-07-02,白班,D12,EMPSX0067,SX-CAN01-PALLET,码垛机岗,0,3,11.0,8.0,3.0,,FULL62-W1
SX,SX-ENG,2026-07-02,白班,D12,EMPSX0139,SX-ENG-AIRCOMP,制冷空压机岗,1,3,11.0,8.0,3.0,,FULL62-W1
SX,SX-ENG,2026-07-02,白班,D12,EMPSX0141,SX-ENG-BOILER,锅炉操作岗,0,3,11.0,8.0,3.0,,FULL62-W1
SX,SX-ENG,2026-07-02,白班,D12,EMPSX0130,SX-ENG-ELEC-LINE1,生产线电工1,1,3,11.0,8.0,3.0,,FULL62-W1
SX,SX-ENG,2026-07-02,白班,D12,EMPSX0146,SX-ENG-MECH-LINE,生产线机修岗,0,3,11.0,8.0,3.0,,FULL62-W1
SX,SX-ENG,2026-07-02,白班,D12,EMPSX0149,SX-ENG-MECH-LINE,生产线机修岗,0,3,11.0,8.0,3.0,,FULL62-W1
SX,SX-ENG,2026-07-02,白班,D12,EMPSX0151,SX-ENG-MECH-LINE,生产线机修岗,0,3,11.0,8.0,3.0,,FULL62-W1
SX,SX-PET01,2026-07-02,白班,D12,EMPSX0004,SX-PET01-BLOW-LABEL,吹贴机岗,1,4,11.0,8.0,3.0,,FULL62-W1
SX,SX-PET01,2026-07-02,白班,D12,EMPSX0019,SX-PET01-FGI,FGI岗,0,3,11.0,8.0,3.0,,FULL62-W1
SX,SX-PET01,2026-07-02,白班,D12,EMPSX0039,SX-PET01-FILL,灌注机岗,1,4,11.0,8.0,3.0,,FULL62-W1
SX,SX-PET01,2026-07-02,白班,D12,EMPSX0025,SX-PET01-HANDLE,提扣机岗,0,3,11.0,8.0,3.0,,FULL62-W1
SX,SX-PET01,2026-07-02,白班,D12,EMPSX0048,SX-PET01-PALLET,码垛机岗,0,3,11.0,8.0,3.0,,FULL62-W1
SX,SX-PET01,2026-07-02,白班,D12,EMPSX0022,SX-PET01-PALLET-LABEL,垛贴码岗,0,3,11.0,8.0,3.0,,FULL62-W1
SX,SX-PET02,2026-07-02,白班,D12,EMPSX0030,SX-PET02-BLOW,吹瓶机岗,1,3,11.0,8.0,3.0,C,FULL62-W1
SX,SX-PET02,2026-07-02,白班,D12,EMPSX0058,SX-PET02-FILL,灌注机岗,1,4,11.0,8.0,3.0,C,FULL62-W1
SX,SX-QC,2026-07-02,白班,D12,EMPSX0153,SX-QC-QC-AUX,辅线品控（水、糖、BIB）,1,3,11.0,8.0,3.0,,FULL62-W1
SX,SX-QC,2026-07-02,白班,D12,EMPSX0180,SX-QC-QC-BLOW,吹瓶品控,1,3,11.0,8.0,3.0,,FULL62-W1
SX,SX-QC,2026-07-02,白班,D12,EMPSX0176,SX-QC-QC-IP-RB,RB线品控,1,3,11.0,8.0,3.0,,FULL62-W1
SX,SX-RB01,2026-07-02,白班,D12,EMPSX0080,SX-RB01-LOADER,装卸箱机岗,0,3,11.0,8.0,3.0,,FULL62-W1
SX,SX-RB01,2026-07-02,白班,D12,EMPSX0092,SX-RB01-QC-FGI1,成品目检岗1,1,3,11.0,8.0,3.0,,FULL62-W1
SX,SX-RB01,2026-07-02,白班,D12,EMPSX0095,SX-RB01-QC-FGI2,成品目检岗2,1,3,11.0,8.0,3.0,,FULL62-W1
SX,SX-SYRUP,2026-07-02,白班,D12,EMPSX0119,SX-SYRUP-SYRUP-POST1,后糖岗1,1,3,11.0,8.0,3.0,,FULL62-W1
SX,SX-SYRUP,2026-07-02,白班,D12,EMPSX0124,SX-SYRUP-SYRUP-POST2,后糖岗2,1,3,11.0,8.0,3.0,,FULL62-W1
HB,HB-ENG,2026-07-02,常白班,D8,EMPHB0323,HB-ENG-ELEC-2,电气维修工程师2,1,4,8.0,8.0,0.0,,FULL62-W1
HB,HB-ENG,2026-07-02,常白班,D8,EMPHB0326,HB-ENG-ENG-BLOW,吹瓶机工程师,1,4,8.0,8.0,0.0,,FULL62-W1
HB,HB-ENG,2026-07-02,常白班,D8,EMPHB0327,HB-ENG-ENG-FILL,灌装机工程师,1,3,8.0,8.0,0.0,,FULL62-W1
HB,HB-ENG,2026-07-02,常白班,D8,EMPHB0330,HB-ENG-ENG-LABEL,贴标机工程师,1,4,8.0,8.0,0.0,,FULL62-W1
HB,HB-ENG,2026-07-02,常白班,D8,EMPHB0331,HB-ENG-ENG-PACK,膜包机工程师,1,3,8.0,8.0,0.0,,FULL62-W1
HB,HB-ENG,2026-07-02,常白班,D8,EMPHB0334,HB-ENG-ENG-PALLET,码垛机工程师,1,3,8.0,8.0,0.0,,FULL62-W1
HB,HB-ENG2,2026-07-02,常白班,D8,EMPHB0340,HB-ENG2-ELEC-OUT2,外围电工2,1,4,8.0,8.0,0.0,,FULL62-W1
HB,HB-QC,2026-07-02,常白班,D8,EMPHB0363,HB-QC-QC-MICRO-AS1,无菌线微生物品控1,1,3,8.0,8.0,0.0,,FULL62-W1
HB,HB-QC,2026-07-02,常白班,D8,EMPHB0365,HB-QC-QC-MICRO-AS2,无菌线微生物品控2,1,3,8.0,8.0,0.0,,FULL62-W1
HB,HB-QC,2026-07-02,常白班,D8,EMPHB0367,HB-QC-QC-MICRO-AS3,无菌线微生物品控3,1,3,8.0,8.0,0.0,,FULL62-W1
HB,HB-QC,2026-07-02,常白班,D8,EMPHB0361,HB-QC-QC-MICRO-SODA,汽水线微生物品控,1,4,8.0,8.0,0.0,,FULL62-W1
HB,HB-SYRUP,2026-07-02,常白班,D8,EMPHB0261,HB-SYRUP-SYRUP-PRE,前糖岗,1,3,8.0,8.0,0.0,,FULL62-W1
SX,SX-ENG,2026-07-02,常白班,D8,EMPSX0134,SX-ENG-ELEC-LINE2,生产线电工2,1,3,8.0,8.0,0.0,,FULL62-W1
SX,SX-ENG,2026-07-02,常白班,D8,EMPSX0136,SX-ENG-ELEC-OUT,外围电工,1,4,8.0,8.0,0.0,,FULL62-W1
SX,SX-QC,2026-07-02,常白班,D8,EMPSX0159,SX-QC-QC-MICRO,微生物品控,1,3,8.0,8.0,0.0,,FULL62-W1
SX,SX-QC,2026-07-02,常白班,D8,EMPSX0158,SX-QC-QC-RM,原物料品控,1,4,8.0,8.0,0.0,,FULL62-W1
SX,SX-SYRUP,2026-07-02,常白班,D8,EMPSX0115,SX-SYRUP-SYRUP-PRE,前糖岗,1,3,8.0,8.0,0.0,,FULL62-W1
SX,SX-UTIL,2026-07-02,常白班,D8,EMPSX0126,SX-UTIL-WATER,水处理操作岗,1,4,8.0,8.0,0.0,,FULL62-W1
HB,HB-AS01,2026-07-02,夜班,N12,EMPHB0187,HB-AS01-BLOW,吹瓶机岗,1,3,11.0,8.0,3.0,C,FULL62-W1
HB,HB-AS01,2026-07-02,夜班,N12,EMPHB0191,HB-AS01-FILL,灌注机岗,1,4,11.0,8.0,3.0,C,FULL62-W1
HB,HB-AS01,2026-07-02,夜班,N12,EMPHB0183,HB-AS01-SHIFT-LEADER,生产领班,1,3,11.0,8.0,3.0,C,FULL62-W1
HB,HB-AS01,2026-07-02,夜班,N12,EMPHB0307,HB-AS01-UHT-1,UHT&调配&果肉操作1,1,4,11.0,8.0,3.0,C,FULL62-W1
HB,HB-AS01,2026-07-02,夜班,N12,EMPHB0270,HB-AS01-UHT-2,UHT&调配&果肉操作2,1,3,11.0,8.0,3.0,C,FULL62-W1
HB,HB-ENG,2026-07-02,夜班,N12,EMPHB0319,HB-ENG-ELEC-1,电气维修工程师1,1,3,11.0,8.0,3.0,,FULL62-W1
HB,HB-ENG2,2026-07-02,夜班,N12,EMPHB0341,HB-ENG2-AIRCOMP,空压岗,1,3,11.0,8.0,3.0,,FULL62-W1
HB,HB-ENG2,2026-07-02,夜班,N12,EMPHB0338,HB-ENG2-ELEC-OUT1,外围电工1,1,3,11.0,8.0,3.0,,FULL62-W1
HB,HB-ENG2,2026-07-02,夜班,N12,EMPHB0349,HB-ENG2-WWTP,污水岗,0,3,11.0,8.0,3.0,,FULL62-W1
HB,HB-PET01,2026-07-02,夜班,N12,EMPHB0278,HB-PET01-BLOW,吹瓶机岗,1,4,11.0,8.0,3.0,,FULL62-W1
HB,HB-PET01,2026-07-02,夜班,N12,EMPHB0252,HB-PET01-HANDLE-1,提扣机岗1,0,3,11.0,8.0,3.0,,FULL62-W1
HB,HB-PET01,2026-07-02,夜班,N12,EMPHB0253,HB-PET01-HANDLE-2,提扣机岗2,0,3,11.0,8.0,3.0,,FULL62-W1
HB,HB-PET01,2026-07-02,夜班,N12,EMPHB0284,HB-PET01-LABEL,贴标机岗,0,3,11.0,8.0,3.0,,FULL62-W1
HB,HB-PET01,2026-07-02,夜班,N12,EMPHB0288,HB-PET01-PACK-SHRINK,膜包机岗,0,3,11.0,8.0,3.0,,FULL62-W1
HB,HB-PET01,2026-07-02,夜班,N12,EMPHB0292,HB-PET01-PALLET,码垛机岗,0,4,11.0,8.0,3.0,,FULL62-W1
HB,HB-PET01,2026-07-02,夜班,N12,EMPHB0181,HB-PET01-SHIFT-ENG,倒班工程师,1,4,11.0,8.0,3.0,,FULL62-W1
HB,HB-PET02,2026-07-02,夜班,N12,EMPHB0215,HB-PET02-BLOW-FILL,吹瓶、灌装岗位,1,3,11.0,8.0,3.0,,FULL62-W1
HB,HB-PET02,2026-07-02,夜班,N12,EMPHB0285,HB-PET02-LABEL,贴标机岗,0,3,11.0,8.0,3.0,,FULL62-W1
HB,HB-PET02,2026-07-02,夜班,N12,EMPHB0247,HB-PET02-PALLET,码垛机岗,0,3,11.0,8.0,3.0,,FULL62-W1
HB,HB-PET03,2026-07-02,夜班,N12,EMPHB0188,HB-PET03-BLOW,吹瓶机岗,1,3,11.0,8.0,3.0,,FULL62-W1
HB,HB-PET03,2026-07-02,夜班,N12,EMPHB0251,HB-PET03-HANDLE-1,提扣机岗1,0,4,11.0,8.0,3.0,,FULL62-W1
HB,HB-PET03,2026-07-02,夜班,N12,EMPHB0302,HB-PET03-HANDLE-2,提扣机岗2,0,3,11.0,8.0,3.0,,FULL62-W1
HB,HB-PET03,2026-07-02,夜班,N12,EMPHB0237,HB-PET03-LABEL,贴标机岗,0,3,11.0,8.0,3.0,,FULL62-W1
HB,HB-PET03,2026-07-02,夜班,N12,EMPHB0244,HB-PET03-PACK-SHRINK,膜包机岗,0,3,11.0,8.0,3.0,,FULL62-W1
HB,HB-PET03,2026-07-02,夜班,N12,EMPHB0201,HB-PET03-PALLET,码垛机岗,0,4,11.0,8.0,3.0,,FULL62-W1
HB,HB-QC,2026-07-02,夜班,N12,EMPHB0372,HB-QC-QC-RM-AS,无菌线原物料品控,1,3,11.0,8.0,3.0,,FULL62-W1
HB,HB-QC,2026-07-02,夜班,N12,EMPHB0354,HB-QC-QC-RM-SODA,汽水线原物料品控,1,3,11.0,8.0,3.0,,FULL62-W1
HB,HB-QC2,2026-07-02,夜班,N12,EMPHB0382,HB-QC2-QC-BLOW,吹瓶品控,1,4,11.0,8.0,3.0,,FULL62-W1
HB,HB-QC2,2026-07-02,夜班,N12,EMPHB0392,HB-QC2-QC-IP-AS,无菌线制程品控,1,3,11.0,8.0,3.0,,FULL62-W1
HB,HB-QC2,2026-07-02,夜班,N12,EMPHB0370,HB-QC2-QC-IP-PET01,PET01线制程品控,1,3,11.0,8.0,3.0,,FULL62-W1
HB,HB-QC2,2026-07-02,夜班,N12,EMPHB0379,HB-QC2-QC-IP-PET03,PET03线制程品控,1,3,11.0,8.0,3.0,,FULL62-W1
HB,HB-QC2,2026-07-02,夜班,N12,EMPHB0387,HB-QC2-QC-WATER,水糖品控,1,3,11.0,8.0,3.0,,FULL62-W1
HB,HB-SYRUP,2026-07-02,夜班,N12,EMPHB0263,HB-SYRUP-SYRUP-POST1,后糖岗1,1,4,11.0,8.0,3.0,,FULL62-W1
HB,HB-SYRUP,2026-07-02,夜班,N12,EMPHB0268,HB-SYRUP-SYRUP-POST2,后糖岗2,1,3,11.0,8.0,3.0,,FULL62-W1
HB,HB-SYRUP,2026-07-02,夜班,N12,EMPHB0259,HB-SYRUP-WATER,水处理操作岗,1,4,11.0,8.0,3.0,,FULL62-W1
SX,SX-BIB01,2026-07-02,夜班,N12,EMPSX0103,SX-BIB01-FILL,灌装岗,1,3,11.0,8.0,3.0,,FULL62-W1
SX,SX-BIB01,2026-07-02,夜班,N12,EMPSX0105,SX-BIB01-PACK-1,包装岗1,0,3,11.0,8.0,3.0,,FULL62-W1
SX,SX-BIB01,2026-07-02,夜班,N12,EMPSX0111,SX-BIB01-PACK-2,包装岗2,0,3,11.0,8.0,3.0,,FULL62-W1
SX,SX-CAN01,2026-07-02,夜班,N12,EMPSX0056,SX-CAN01-DEPAL-CAN,卸罐机岗,0,3,11.0,8.0,3.0,,FULL62-W1
SX,SX-CAN01,2026-07-02,夜班,N12,EMPSX0088,SX-CAN01-FILL,灌注机岗,1,3,11.0,8.0,3.0,,FULL62-W1
SX,SX-CAN01,2026-07-02,夜班,N12,EMPSX0072,SX-CAN01-PACK-MULTI,多包装机,0,3,11.0,8.0,3.0,,FULL62-W1
SX,SX-CAN01,2026-07-02,夜班,N12,EMPSX0066,SX-CAN01-PALLET,码垛机岗,0,3,11.0,8.0,3.0,,FULL62-W1
SX,SX-ENG,2026-07-02,夜班,N12,EMPSX0137,SX-ENG-AIRCOMP,制冷空压机岗,1,3,11.0,8.0,3.0,,FULL62-W1
SX,SX-ENG,2026-07-02,夜班,N12,EMPSX0144,SX-ENG-BOILER,锅炉操作岗,0,4,11.0,8.0,3.0,,FULL62-W1
SX,SX-ENG,2026-07-02,夜班,N12,EMPSX0129,SX-ENG-ELEC-LINE1,生产线电工1,1,3,11.0,8.0,3.0,,FULL62-W1
SX,SX-ENG,2026-07-02,夜班,N12,EMPSX0145,SX-ENG-MECH-LINE,生产线机修岗,0,3,11.0,8.0,3.0,,FULL62-W1
SX,SX-PET01,2026-07-02,夜班,N12,EMPSX0002,SX-PET01-BLOW-LABEL,吹贴机岗,1,3,11.0,8.0,3.0,,FULL62-W1
SX,SX-PET01,2026-07-02,夜班,N12,EMPSX0018,SX-PET01-FGI,FGI岗,0,4,11.0,8.0,3.0,,FULL62-W1
SX,SX-PET01,2026-07-02,夜班,N12,EMPSX0085,SX-PET01-FILL,灌注机岗,1,3,11.0,8.0,3.0,,FULL62-W1
SX,SX-PET01,2026-07-02,夜班,N12,EMPSX0028,SX-PET01-HANDLE,提扣机岗,0,4,11.0,8.0,3.0,,FULL62-W1
SX,SX-PET01,2026-07-02,夜班,N12,EMPSX0012,SX-PET01-PACK-SHRINK,塑包机岗,0,4,11.0,8.0,3.0,,FULL62-W1
SX,SX-PET01,2026-07-02,夜班,N12,EMPSX0014,SX-PET01-PALLET,码垛机岗,0,3,11.0,8.0,3.0,,FULL62-W1
SX,SX-PET01,2026-07-02,夜班,N12,EMPSX0015,SX-PET01-PALLET-LABEL,垛贴码岗,0,2,11.0,8.0,3.0,,FULL62-W1
SX,SX-PET02,2026-07-02,夜班,N12,EMPSX0029,SX-PET02-BLOW,吹瓶机岗,1,3,11.0,8.0,3.0,,FULL62-W1
SX,SX-PET02,2026-07-02,夜班,N12,EMPSX0005,SX-PET02-FILL,灌注机岗,1,3,11.0,8.0,3.0,,FULL62-W1
SX,SX-PET02,2026-07-02,夜班,N12,EMPSX0033,SX-PET02-LABEL,贴标机岗,0,3,11.0,8.0,3.0,,FULL62-W1
SX,SX-PET02,2026-07-02,夜班,N12,EMPSX0009,SX-PET02-PACK-SHRINK,塑包机岗,0,3,11.0,8.0,3.0,,FULL62-W1
SX,SX-PET02,2026-07-02,夜班,N12,EMPSX0016,SX-PET02-PALLET,码垛机岗,0,4,11.0,8.0,3.0,,FULL62-W1
SX,SX-QC,2026-07-02,夜班,N12,EMPSX0154,SX-QC-QC-AUX,辅线品控（水、糖、BIB）,1,3,11.0,8.0,3.0,,FULL62-W1
SX,SX-QC,2026-07-02,夜班,N12,EMPSX0177,SX-QC-QC-BLOW,吹瓶品控,1,3,11.0,8.0,3.0,,FULL62-W1
SX,SX-QC,2026-07-02,夜班,N12,EMPSX0172,SX-QC-QC-IP-CAN,CAN线品控,1,3,11.0,8.0,3.0,,FULL62-W1
SX,SX-QC,2026-07-02,夜班,N12,EMPSX0164,SX-QC-QC-IP-PET1,PET线品控1,1,3,11.0,8.0,3.0,,FULL62-W1
SX,SX-QC,2026-07-02,夜班,N12,EMPSX0165,SX-QC-QC-IP-PET2,PET线品控2,1,3,11.0,8.0,3.0,,FULL62-W1
SX,SX-QC,2026-07-02,夜班,N12,EMPSX0175,SX-QC-QC-IP-RB,RB线品控,1,4,11.0,8.0,3.0,,FULL62-W1
SX,SX-RB01,2026-07-02,夜班,N12,EMPSX0013,SX-RB01-DEPAL,码卸垛机岗,0,2,11.0,8.0,3.0,,FULL62-W1
SX,SX-RB01,2026-07-02,夜班,N12,EMPSX0060,SX-RB01-FILL,灌注机岗,1,3,11.0,8.0,3.0,,FULL62-W1
SX,SX-RB01,2026-07-02,夜班,N12,EMPSX0083,SX-RB01-LOADER,装卸箱机岗,0,2,11.0,8.0,3.0,,FULL62-W1
SX,SX-RB01,2026-07-02,夜班,N12,EMPSX0090,SX-RB01-QC-FGI1,成品目检岗1,1,3,11.0,8.0,3.0,,FULL62-W1
SX,SX-RB01,2026-07-02,夜班,N12,EMPSX0093,SX-RB01-QC-FGI2,成品目检岗2,1,3,11.0,8.0,3.0,,FULL62-W1
SX,SX-RB01,2026-07-02,夜班,N12,EMPSX0082,SX-RB01-WASHER,洗瓶机岗,0,3,11.0,8.0,3.0,,FULL62-W1
SX,SX-SYRUP,2026-07-02,夜班,N12,EMPSX0120,SX-SYRUP-SYRUP-POST1,后糖岗1,1,3,11.0,8.0,3.0,,FULL62-W1
SX,SX-UTIL,2026-07-02,夜班,N12,EMPSX0128,SX-UTIL-WWTP,污水处理岗,0,3,11.0,8.0,3.0,,FULL62-W1
HB,HB-AS01,2026-07-03,白班,D12,EMPHB0230,HB-AS01-BLOW,吹瓶机岗,1,3,11.0,8.0,3.0,,FULL62-W1
HB,HB-AS01,2026-07-03,白班,D12,EMPHB0306,HB-AS01-CARTON,上纸箱岗,0,4,11.0,8.0,3.0,,FULL62-W1
HB,HB-AS01,2026-07-03,白班,D12,EMPHB0235,HB-AS01-FILL,灌注机岗,1,3,11.0,8.0,3.0,,FULL62-W1
HB,HB-AS01,2026-07-03,白班,D12,EMPHB0205,HB-AS01-HANDLE-1,提扣机岗1,0,4,11.0,8.0,3.0,,FULL62-W1
HB,HB-AS01,2026-07-03,白班,D12,EMPHB0301,HB-AS01-HANDLE-2,提扣机岗2,0,4,11.0,8.0,3.0,,FULL62-W1
HB,HB-AS01,2026-07-03,白班,D12,EMPHB0240,HB-AS01-LABEL,贴标机岗,0,3,11.0,8.0,3.0,,FULL62-W1
HB,HB-AS01,2026-07-03,白班,D12,EMPHB0203,HB-AS01-PALLET,码垛机岗,0,3,11.0,8.0,3.0,,FULL62-W1
HB,HB-AS01,2026-07-03,白班,D12,EMPHB0274,HB-AS01-SHIFT-LEADER,生产领班,1,4,11.0,8.0,3.0,,FULL62-W1
HB,HB-AS01,2026-07-03,白班,D12,EMPHB0308,HB-AS01-UHT-1,UHT&调配&果肉操作1,1,4,11.0,8.0,3.0,,FULL62-W1
HB,HB-AS01,2026-07-03,白班,D12,EMPHB0305,HB-AS01-UHT-AUX,辅助工,0,2,11.0,8.0,3.0,,FULL62-W1
HB,HB-ENG,2026-07-03,白班,D12,EMPHB0320,HB-ENG-ELEC-1,电气维修工程师1,1,3,11.0,8.0,3.0,,FULL62-W1
HB,HB-ENG2,2026-07-03,白班,D12,EMPHB0347,HB-ENG2-AIRCOMP,空压岗,1,3,11.0,8.0,3.0,,FULL62-W1
HB,HB-ENG2,2026-07-03,白班,D12,EMPHB0342,HB-ENG2-BOILER,锅炉岗,0,3,11.0,8.0,3.0,,FULL62-W1
HB,HB-ENG2,2026-07-03,白班,D12,EMPHB0336,HB-ENG2-ELEC-OUT1,外围电工1,1,3,11.0,8.0,3.0,,FULL62-W1
HB,HB-ENG2,2026-07-03,白班,D12,EMPHB0350,HB-ENG2-WWTP,污水岗,0,3,11.0,8.0,3.0,,FULL62-W1
HB,HB-PET01,2026-07-03,白班,D12,EMPHB0213,HB-PET01-FILL,灌注机岗,1,3,11.0,8.0,3.0,,FULL62-W1
HB,HB-PET01,2026-07-03,白班,D12,EMPHB0295,HB-PET01-HANDLE-1,提扣机岗1,0,3,11.0,8.0,3.0,,FULL62-W1
HB,HB-PET01,2026-07-03,白班,D12,EMPHB0211,HB-PET01-HANDLE-2,提扣机岗2,0,4,11.0,8.0,3.0,,FULL62-W1
HB,HB-PET01,2026-07-03,白班,D12,EMPHB0197,HB-PET01-LABEL,贴标机岗,0,3,11.0,8.0,3.0,,FULL62-W1
HB,HB-PET01,2026-07-03,白班,D12,EMPHB0199,HB-PET01-PACK-SHRINK,膜包机岗,0,3,11.0,8.0,3.0,,FULL62-W1
HB,HB-PET01,2026-07-03,白班,D12,EMPHB0291,HB-PET01-PALLET,码垛机岗,0,3,11.0,8.0,3.0,,FULL62-W1
HB,HB-PET02,2026-07-03,白班,D12,EMPHB0216,HB-PET02-BLOW-FILL,吹瓶、灌装岗位,1,3,11.0,8.0,3.0,,FULL62-W1
HB,HB-PET02,2026-07-03,白班,D12,EMPHB0220,HB-PET02-LABEL,贴标机岗,0,4,11.0,8.0,3.0,,FULL62-W1
HB,HB-PET02,2026-07-03,白班,D12,EMPHB0226,HB-PET02-PALLET,码垛机岗,0,3,11.0,8.0,3.0,,FULL62-W1
HB,HB-PET03,2026-07-03,白班,D12,EMPHB0276,HB-PET03-BLOW,吹瓶机岗,1,3,11.0,8.0,3.0,,FULL62-W1
HB,HB-PET03,2026-07-03,白班,D12,EMPHB0249,HB-PET03-HANDLE-1,提扣机岗1,0,3,11.0,8.0,3.0,,FULL62-W1
HB,HB-PET03,2026-07-03,白班,D12,EMPHB0255,HB-PET03-HANDLE-2,提扣机岗2,0,3,11.0,8.0,3.0,,FULL62-W1
HB,HB-PET03,2026-07-03,白班,D12,EMPHB0218,HB-PET03-LABEL,贴标机岗,0,3,11.0,8.0,3.0,,FULL62-W1
HB,HB-PET03,2026-07-03,白班,D12,EMPHB0248,HB-PET03-PALLET,码垛机岗,0,3,11.0,8.0,3.0,,FULL62-W1
HB,HB-QC,2026-07-03,白班,D12,EMPHB0358,HB-QC-QC-RM-AS,无菌线原物料品控,1,4,11.0,8.0,3.0,,FULL62-W1
HB,HB-QC,2026-07-03,白班,D12,EMPHB0353,HB-QC-QC-RM-SODA,汽水线原物料品控,1,4,11.0,8.0,3.0,,FULL62-W1
HB,HB-QC2,2026-07-03,白班,D12,EMPHB0383,HB-QC2-QC-BLOW,吹瓶品控,1,4,11.0,8.0,3.0,F,FULL62-W1
HB,HB-QC2,2026-07-03,白班,D12,EMPHB0391,HB-QC2-QC-IP-AS,无菌线制程品控,1,3,11.0,8.0,3.0,F,FULL62-W1
HB,HB-QC2,2026-07-03,白班,D12,EMPHB0380,HB-QC2-QC-IP-PET01,PET01线制程品控,1,3,11.0,8.0,3.0,F,FULL62-W1
HB,HB-QC2,2026-07-03,白班,D12,EMPHB0357,HB-QC2-QC-IP-PET02,PET02线制程品控,1,3,11.0,8.0,3.0,F,FULL62-W1
HB,HB-QC2,2026-07-03,白班,D12,EMPHB0378,HB-QC2-QC-IP-PET03,PET03线制程品控,1,3,11.0,8.0,3.0,F,FULL62-W1
HB,HB-QC2,2026-07-03,白班,D12,EMPHB0385,HB-QC2-QC-WATER,水糖品控,1,3,11.0,8.0,3.0,F,FULL62-W1
HB,HB-SYRUP,2026-07-03,白班,D12,EMPHB0264,HB-SYRUP-SYRUP-POST1,后糖岗1,1,4,11.0,8.0,3.0,,FULL62-W1
HB,HB-SYRUP,2026-07-03,白班,D12,EMPHB0269,HB-SYRUP-SYRUP-POST2,后糖岗2,1,4,11.0,8.0,3.0,,FULL62-W1
HB,HB-SYRUP,2026-07-03,白班,D12,EMPHB0257,HB-SYRUP-WATER,水处理操作岗,1,3,11.0,8.0,3.0,,FULL62-W1
SX,SX-BIB01,2026-07-03,白班,D12,EMPSX0104,SX-BIB01-FILL,灌装岗,1,3,11.0,8.0,3.0,,FULL62-W1
SX,SX-BIB01,2026-07-03,白班,D12,EMPSX0062,SX-BIB01-PACK-1,包装岗1,0,1,11.0,8.0,3.0,,FULL62-W1
SX,SX-BIB01,2026-07-03,白班,D12,EMPSX0036,SX-BIB01-PACK-2,包装岗2,0,3,11.0,8.0,3.0,,FULL62-W1
SX,SX-BIB01,2026-07-03,白班,D12,EMPSX0114,SX-BIB01-PACK-3,包装岗3,0,3,11.0,8.0,3.0,,FULL62-W1
SX,SX-CAN01,2026-07-03,白班,D12,EMPSX0053,SX-CAN01-DEPAL-CAN,卸罐机岗,0,3,11.0,8.0,3.0,,FULL62-W1
SX,SX-CAN01,2026-07-03,白班,D12,EMPSX0071,SX-CAN01-PACK-MULTI,多包装机,0,4,11.0,8.0,3.0,,FULL62-W1
SX,SX-CAN01,2026-07-03,白班,D12,EMPSX0065,SX-CAN01-PALLET,码垛机岗,0,3,11.0,8.0,3.0,,FULL62-W1
SX,SX-ENG,2026-07-03,白班,D12,EMPSX0142,SX-ENG-BOILER,锅炉操作岗,0,3,11.0,8.0,3.0,,FULL62-W1
SX,SX-ENG,2026-07-03,白班,D12,EMPSX0130,SX-ENG-ELEC-LINE1,生产线电工1,1,3,11.0,8.0,3.0,,FULL62-W1
SX,SX-ENG,2026-07-03,白班,D12,EMPSX0147,SX-ENG-MECH-LINE,生产线机修岗,0,4,11.0,8.0,3.0,,FULL62-W1
SX,SX-ENG,2026-07-03,白班,D12,EMPSX0148,SX-ENG-MECH-LINE,生产线机修岗,0,3,11.0,8.0,3.0,,FULL62-W1
SX,SX-ENG,2026-07-03,白班,D12,EMPSX0152,SX-ENG-MECH-LINE,生产线机修岗,0,3,11.0,8.0,3.0,,FULL62-W1
SX,SX-PET01,2026-07-03,白班,D12,EMPSX0003,SX-PET01-BLOW-LABEL,吹贴机岗,1,4,11.0,8.0,3.0,,FULL62-W1
SX,SX-PET01,2026-07-03,白班,D12,EMPSX0017,SX-PET01-FGI,FGI岗,0,3,11.0,8.0,3.0,,FULL62-W1
SX,SX-PET01,2026-07-03,白班,D12,EMPSX0025,SX-PET01-HANDLE,提扣机岗,0,3,11.0,8.0,3.0,,FULL62-W1
SX,SX-PET01,2026-07-03,白班,D12,EMPSX0109,SX-PET01-PACK-SHRINK,塑包机岗,0,2,11.0,8.0,3.0,,FULL62-W1
SX,SX-PET01,2026-07-03,白班,D12,EMPSX0048,SX-PET01-PALLET,码垛机岗,0,3,11.0,8.0,3.0,,FULL62-W1
SX,SX-PET01,2026-07-03,白班,D12,EMPSX0052,SX-PET01-PALLET-LABEL,垛贴码岗,0,3,11.0,8.0,3.0,,FULL62-W1
SX,SX-PET02,2026-07-03,白班,D12,EMPSX0030,SX-PET02-BLOW,吹瓶机岗,1,3,11.0,8.0,3.0,,FULL62-W1
SX,SX-PET02,2026-07-03,白班,D12,EMPSX0006,SX-PET02-FILL,灌注机岗,1,4,11.0,8.0,3.0,,FULL62-W1
SX,SX-PET02,2026-07-03,白班,D12,EMPSX0108,SX-PET02-LABEL,贴标机岗,0,3,11.0,8.0,3.0,,FULL62-W1
SX,SX-PET02,2026-07-03,白班,D12,EMPSX0063,SX-PET02-PACK-SHRINK,塑包机岗,0,3,11.0,8.0,3.0,,FULL62-W1
SX,SX-PET02,2026-07-03,白班,D12,EMPSX0051,SX-PET02-PALLET,码垛机岗,0,3,11.0,8.0,3.0,,FULL62-W1
SX,SX-PET02,2026-07-03,白班,D12,EMPSX0022,SX-PET02-PALLET-LABEL,垛贴码岗,0,3,11.0,8.0,3.0,,FULL62-W1
SX,SX-QC,2026-07-03,白班,D12,EMPSX0153,SX-QC-QC-AUX,辅线品控（水、糖、BIB）,1,3,11.0,8.0,3.0,,FULL62-W1
SX,SX-QC,2026-07-03,白班,D12,EMPSX0161,SX-QC-QC-IP-PET1,PET线品控1,1,3,11.0,8.0,3.0,,FULL62-W1
SX,SX-QC,2026-07-03,白班,D12,EMPSX0167,SX-QC-QC-IP-PET2,PET线品控2,1,4,11.0,8.0,3.0,,FULL62-W1
SX,SX-QC,2026-07-03,白班,D12,EMPSX0174,SX-QC-QC-IP-RB,RB线品控,1,3,11.0,8.0,3.0,,FULL62-W1
SX,SX-RB01,2026-07-03,白班,D12,EMPSX0037,SX-RB01-FILL,灌注机岗,1,3,11.0,8.0,3.0,A,FULL62-W1
SX,SX-RB01,2026-07-03,白班,D12,EMPSX0100,SX-RB01-QC-BOTTLE,空瓶检测岗,1,3,11.0,8.0,3.0,A,FULL62-W1
SX,SX-RB01,2026-07-03,白班,D12,EMPSX0091,SX-RB01-QC-FGI1,成品目检岗1,1,3,11.0,8.0,3.0,A,FULL62-W1
SX,SX-RB01,2026-07-03,白班,D12,EMPSX0095,SX-RB01-QC-FGI2,成品目检岗2,1,3,11.0,8.0,3.0,A,FULL62-W1
SX,SX-SYRUP,2026-07-03,白班,D12,EMPSX0115,SX-SYRUP-SYRUP-POST1,后糖岗1,1,3,11.0,8.0,3.0,,FULL62-W1
SX,SX-SYRUP,2026-07-03,白班,D12,EMPSX0122,SX-SYRUP-SYRUP-POST2,后糖岗2,1,3,11.0,8.0,3.0,,FULL62-W1
HB,HB-ENG,2026-07-03,常白班,D8,EMPHB0324,HB-ENG-ELEC-2,电气维修工程师2,1,4,8.0,8.0,0.0,,FULL62-W1
HB,HB-ENG,2026-07-03,常白班,D8,EMPHB0326,HB-ENG-ENG-BLOW,吹瓶机工程师,1,4,8.0,8.0,0.0,,FULL62-W1
HB,HB-ENG,2026-07-03,常白班,D8,EMPHB0327,HB-ENG-ENG-FILL,灌装机工程师,1,3,8.0,8.0,0.0,,FULL62-W1
HB,HB-ENG,2026-07-03,常白班,D8,EMPHB0329,HB-ENG-ENG-LABEL,贴标机工程师,1,3,8.0,8.0,0.0,,FULL62-W1
HB,HB-ENG,2026-07-03,常白班,D8,EMPHB0331,HB-ENG-ENG-PACK,膜包机工程师,1,3,8.0,8.0,0.0,,FULL62-W1
HB,HB-ENG,2026-07-03,常白班,D8,EMPHB0334,HB-ENG-ENG-PALLET,码垛机工程师,1,3,8.0,8.0,0.0,,FULL62-W1
HB,HB-ENG2,2026-07-03,常白班,D8,EMPHB0339,HB-ENG2-ELEC-OUT2,外围电工2,1,3,8.0,8.0,0.0,,FULL62-W1
HB,HB-QC,2026-07-03,常白班,D8,EMPHB0364,HB-QC-QC-MICRO-AS1,无菌线微生物品控1,1,4,8.0,8.0,0.0,,FULL62-W1
HB,HB-QC,2026-07-03,常白班,D8,EMPHB0365,HB-QC-QC-MICRO-AS2,无菌线微生物品控2,1,3,8.0,8.0,0.0,,FULL62-W1
HB,HB-QC,2026-07-03,常白班,D8,EMPHB0368,HB-QC-QC-MICRO-AS3,无菌线微生物品控3,1,4,8.0,8.0,0.0,,FULL62-W1
HB,HB-QC,2026-07-03,常白班,D8,EMPHB0362,HB-QC-QC-MICRO-SODA,汽水线微生物品控,1,3,8.0,8.0,0.0,,FULL62-W1
HB,HB-SYRUP,2026-07-03,常白班,D8,EMPHB0261,HB-SYRUP-SYRUP-PRE,前糖岗,1,3,8.0,8.0,0.0,,FULL62-W1
SX,SX-ENG,2026-07-03,常白班,D8,EMPSX0133,SX-ENG-ELEC-LINE2,生产线电工2,1,3,8.0,8.0,0.0,,FULL62-W1
SX,SX-ENG,2026-07-03,常白班,D8,EMPSX0136,SX-ENG-ELEC-OUT,外围电工,1,4,8.0,8.0,0.0,,FULL62-W1
SX,SX-QC,2026-07-03,常白班,D8,EMPSX0160,SX-QC-QC-MICRO,微生物品控,1,4,8.0,8.0,0.0,,FULL62-W1
SX,SX-QC,2026-07-03,常白班,D8,EMPSX0158,SX-QC-QC-RM,原物料品控,1,4,8.0,8.0,0.0,,FULL62-W1
SX,SX-SYRUP,2026-07-03,常白班,D8,EMPSX0116,SX-SYRUP-SYRUP-PRE,前糖岗,1,3,8.0,8.0,0.0,,FULL62-W1
SX,SX-UTIL,2026-07-03,常白班,D8,EMPSX0125,SX-UTIL-WATER,水处理操作岗,1,3,8.0,8.0,0.0,,FULL62-W1
HB,HB-AS01,2026-07-03,夜班,N12,EMPHB0189,HB-AS01-FILL,灌注机岗,1,4,11.0,8.0,3.0,,FULL62-W1
HB,HB-AS01,2026-07-03,夜班,N12,EMPHB0256,HB-AS01-HANDLE-1,提扣机岗1,0,2,11.0,8.0,3.0,,FULL62-W1
HB,HB-AS01,2026-07-03,夜班,N12,EMPHB0239,HB-AS01-LABEL,贴标机岗,0,3,11.0,8.0,3.0,,FULL62-W1
HB,HB-AS01,2026-07-03,夜班,N12,EMPHB0243,HB-AS01-PACK-SHRINK,膜包机岗,0,3,11.0,8.0,3.0,,FULL62-W1
HB,HB-AS01,2026-07-03,夜班,N12,EMPHB0245,HB-AS01-PALLET,码垛机岗,0,3,11.0,8.0,3.0,,FULL62-W1
HB,HB-AS01,2026-07-03,夜班,N12,EMPHB0181,HB-AS01-SHIFT-LEADER,生产领班,1,3,11.0,8.0,3.0,,FULL62-W1
HB,HB-AS01,2026-07-03,夜班,N12,EMPHB0307,HB-AS01-UHT-1,UHT&调配&果肉操作1,1,4,11.0,8.0,3.0,,FULL62-W1
HB,HB-AS01,2026-07-03,夜班,N12,EMPHB0315,HB-AS01-UHT-AUX,辅助工,0,3,11.0,8.0,3.0,,FULL62-W1
HB,HB-ENG,2026-07-03,夜班,N12,EMPHB0321,HB-ENG-ELEC-1,电气维修工程师1,1,4,11.0,8.0,3.0,,FULL62-W1
HB,HB-ENG2,2026-07-03,夜班,N12,EMPHB0341,HB-ENG2-AIRCOMP,空压岗,1,3,11.0,8.0,3.0,,FULL62-W1
HB,HB-ENG2,2026-07-03,夜班,N12,EMPHB0335,HB-ENG2-ELEC-OUT1,外围电工1,1,4,11.0,8.0,3.0,,FULL62-W1
HB,HB-ENG2,2026-07-03,夜班,N12,EMPHB0351,HB-ENG2-WWTP,污水岗,0,3,11.0,8.0,3.0,,FULL62-W1
HB,HB-PET01,2026-07-03,夜班,N12,EMPHB0232,HB-PET01-BLOW,吹瓶机岗,1,3,11.0,8.0,3.0,,FULL62-W1
HB,HB-PET01,2026-07-03,夜班,N12,EMPHB0234,HB-PET01-FILL,灌注机岗,1,4,11.0,8.0,3.0,,FULL62-W1
HB,HB-PET01,2026-07-03,夜班,N12,EMPHB0254,HB-PET01-HANDLE-1,提扣机岗1,0,3,11.0,8.0,3.0,,FULL62-W1
HB,HB-PET01,2026-07-03,夜班,N12,EMPHB0212,HB-PET01-HANDLE-2,提扣机岗2,0,3,11.0,8.0,3.0,,FULL62-W1
HB,HB-PET01,2026-07-03,夜班,N12,EMPHB0286,HB-PET01-LABEL,贴标机岗,0,3,11.0,8.0,3.0,,FULL62-W1
HB,HB-PET01,2026-07-03,夜班,N12,EMPHB0283,HB-PET01-PACK-SHRINK,膜包机岗,0,3,11.0,8.0,3.0,,FULL62-W1
HB,HB-PET01,2026-07-03,夜班,N12,EMPHB0292,HB-PET01-PALLET,码垛机岗,0,4,11.0,8.0,3.0,,FULL62-W1
HB,HB-PET01,2026-07-03,夜班,N12,EMPHB0183,HB-PET01-SHIFT-ENG,倒班工程师,1,4,11.0,8.0,3.0,,FULL62-W1
HB,HB-PET02,2026-07-03,夜班,N12,EMPHB0236,HB-PET02-BLOW-FILL,吹瓶、灌装岗位,1,3,11.0,8.0,3.0,C,FULL62-W1
HB,HB-PET03,2026-07-03,夜班,N12,EMPHB0188,HB-PET03-BLOW,吹瓶机岗,1,3,11.0,8.0,3.0,,FULL62-W1
HB,HB-PET03,2026-07-03,夜班,N12,EMPHB0191,HB-PET03-FILL,灌注机岗,1,4,11.0,8.0,3.0,,FULL62-W1
HB,HB-PET03,2026-07-03,夜班,N12,EMPHB0296,HB-PET03-HANDLE-1,提扣机岗1,0,3,11.0,8.0,3.0,,FULL62-W1
HB,HB-PET03,2026-07-03,夜班,N12,EMPHB0297,HB-PET03-HANDLE-2,提扣机岗2,0,1,11.0,8.0,3.0,,FULL62-W1
HB,HB-PET03,2026-07-03,夜班,N12,EMPHB0219,HB-PET03-LABEL,贴标机岗,0,4,11.0,8.0,3.0,,FULL62-W1
HB,HB-PET03,2026-07-03,夜班,N12,EMPHB0198,HB-PET03-PACK-SHRINK,膜包机岗,0,3,11.0,8.0,3.0,,FULL62-W1
HB,HB-PET03,2026-07-03,夜班,N12,EMPHB0225,HB-PET03-PALLET,码垛机岗,0,3,11.0,8.0,3.0,,FULL62-W1
HB,HB-QC,2026-07-03,夜班,N12,EMPHB0359,HB-QC-QC-RM-AS,无菌线原物料品控,1,3,11.0,8.0,3.0,,FULL62-W1
HB,HB-QC,2026-07-03,夜班,N12,EMPHB0355,HB-QC-QC-RM-SODA,汽水线原物料品控,1,4,11.0,8.0,3.0,,FULL62-W1
HB,HB-QC2,2026-07-03,夜班,N12,EMPHB0382,HB-QC2-QC-BLOW,吹瓶品控,1,4,11.0,8.0,3.0,,FULL62-W1
HB,HB-QC2,2026-07-03,夜班,N12,EMPHB0392,HB-QC2-QC-IP-AS,无菌线制程品控,1,3,11.0,8.0,3.0,,FULL62-W1
HB,HB-QC2,2026-07-03,夜班,N12,EMPHB0372,HB-QC2-QC-IP-PET01,PET01线制程品控,1,3,11.0,8.0,3.0,,FULL62-W1
HB,HB-QC2,2026-07-03,夜班,N12,EMPHB0374,HB-QC2-QC-IP-PET02,PET02线制程品控,1,3,11.0,8.0,3.0,,FULL62-W1
HB,HB-QC2,2026-07-03,夜班,N12,EMPHB0377,HB-QC2-QC-IP-PET03,PET03线制程品控,1,3,11.0,8.0,3.0,,FULL62-W1
HB,HB-QC2,2026-07-03,夜班,N12,EMPHB0388,HB-QC2-QC-WATER,水糖品控,1,3,11.0,8.0,3.0,,FULL62-W1
HB,HB-SYRUP,2026-07-03,夜班,N12,EMPHB0263,HB-SYRUP-SYRUP-POST1,后糖岗1,1,4,11.0,8.0,3.0,,FULL62-W1
HB,HB-SYRUP,2026-07-03,夜班,N12,EMPHB0267,HB-SYRUP-SYRUP-POST2,后糖岗2,1,4,11.0,8.0,3.0,,FULL62-W1
HB,HB-SYRUP,2026-07-03,夜班,N12,EMPHB0258,HB-SYRUP-WATER,水处理操作岗,1,3,11.0,8.0,3.0,,FULL62-W1
SX,SX-BIB01,2026-07-03,夜班,N12,EMPSX0101,SX-BIB01-FILL,灌装岗,1,4,11.0,8.0,3.0,,FULL62-W1
SX,SX-BIB01,2026-07-03,夜班,N12,EMPSX0107,SX-BIB01-PACK-1,包装岗1,0,3,11.0,8.0,3.0,,FULL62-W1
SX,SX-BIB01,2026-07-03,夜班,N12,EMPSX0105,SX-BIB01-PACK-2,包装岗2,0,3,11.0,8.0,3.0,,FULL62-W1
SX,SX-CAN01,2026-07-03,夜班,N12,EMPSX0079,SX-CAN01-DEPAL-CAN,卸罐机岗,0,2,11.0,8.0,3.0,,FULL62-W1
SX,SX-CAN01,2026-07-03,夜班,N12,EMPSX0058,SX-CAN01-FILL,灌注机岗,1,4,11.0,8.0,3.0,,FULL62-W1
SX,SX-CAN01,2026-07-03,夜班,N12,EMPSX0112,SX-CAN01-PACK-MULTI,多包装机,0,3,11.0,8.0,3.0,,FULL62-W1
SX,SX-CAN01,2026-07-03,夜班,N12,EMPSX0067,SX-CAN01-PALLET,码垛机岗,0,3,11.0,8.0,3.0,,FULL62-W1
SX,SX-ENG,2026-07-03,夜班,N12,EMPSX0138,SX-ENG-AIRCOMP,制冷空压机岗,1,4,11.0,8.0,3.0,,FULL62-W1
SX,SX-ENG,2026-07-03,夜班,N12,EMPSX0143,SX-ENG-BOILER,锅炉操作岗,0,3,11.0,8.0,3.0,,FULL62-W1
SX,SX-ENG,2026-07-03,夜班,N12,EMPSX0131,SX-ENG-ELEC-LINE1,生产线电工1,1,3,11.0,8.0,3.0,,FULL62-W1
SX,SX-ENG,2026-07-03,夜班,N12,EMPSX0146,SX-ENG-MECH-LINE,生产线机修岗,0,3,11.0,8.0,3.0,,FULL62-W1
SX,SX-PET01,2026-07-03,夜班,N12,EMPSX0018,SX-PET01-FGI,FGI岗,0,4,11.0,8.0,3.0,,FULL62-W1
SX,SX-PET01,2026-07-03,夜班,N12,EMPSX0026,SX-PET01-HANDLE,提扣机岗,0,3,11.0,8.0,3.0,,FULL62-W1
SX,SX-PET01,2026-07-03,夜班,N12,EMPSX0011,SX-PET01-PACK-SHRINK,塑包机岗,0,3,11.0,8.0,3.0,,FULL62-W1
SX,SX-PET02,2026-07-03,夜班,N12,EMPSX0032,SX-PET02-BLOW,吹瓶机岗,1,3,11.0,8.0,3.0,,FULL62-W1
SX,SX-PET02,2026-07-03,夜班,N12,EMPSX0060,SX-PET02-FILL,灌注机岗,1,3,11.0,8.0,3.0,,FULL62-W1
SX,SX-PET02,2026-07-03,夜班,N12,EMPSX0035,SX-PET02-LABEL,贴标机岗,0,3,11.0,8.0,3.0,,FULL62-W1
SX,SX-PET02,2026-07-03,夜班,N12,EMPSX0066,SX-PET02-PALLET,码垛机岗,0,3,11.0,8.0,3.0,,FULL62-W1
SX,SX-PET02,2026-07-03,夜班,N12,EMPSX0023,SX-PET02-PALLET-LABEL,垛贴码岗,0,3,11.0,8.0,3.0,,FULL62-W1
SX,SX-QC,2026-07-03,夜班,N12,EMPSX0155,SX-QC-QC-AUX,辅线品控（水、糖、BIB）,1,3,11.0,8.0,3.0,,FULL62-W1
SX,SX-QC,2026-07-03,夜班,N12,EMPSX0097,SX-QC-QC-IP-CAN,CAN线品控,1,3,11.0,8.0,3.0,,FULL62-W1
SX,SX-QC,2026-07-03,夜班,N12,EMPSX0164,SX-QC-QC-IP-PET1,PET线品控1,1,3,11.0,8.0,3.0,,FULL62-W1
SX,SX-QC,2026-07-03,夜班,N12,EMPSX0166,SX-QC-QC-IP-PET2,PET线品控2,1,3,11.0,8.0,3.0,,FULL62-W1
SX,SX-QC,2026-07-03,夜班,N12,EMPSX0175,SX-QC-QC-IP-RB,RB线品控,1,4,11.0,8.0,3.0,,FULL62-W1
SX,SX-RB01,2026-07-03,夜班,N12,EMPSX0085,SX-RB01-FILL,灌注机岗,1,3,11.0,8.0,3.0,B,FULL62-W1
SX,SX-RB01,2026-07-03,夜班,N12,EMPSX0099,SX-RB01-QC-BOTTLE,空瓶检测岗,1,3,11.0,8.0,3.0,B,FULL62-W1
SX,SX-RB01,2026-07-03,夜班,N12,EMPSX0090,SX-RB01-QC-FGI1,成品目检岗1,1,3,11.0,8.0,3.0,B,FULL62-W1
SX,SX-RB01,2026-07-03,夜班,N12,EMPSX0094,SX-RB01-QC-FGI2,成品目检岗2,1,3,11.0,8.0,3.0,B,FULL62-W1
SX,SX-SYRUP,2026-07-03,夜班,N12,EMPSX0118,SX-SYRUP-SYRUP-POST1,后糖岗1,1,3,11.0,8.0,3.0,,FULL62-W1
SX,SX-SYRUP,2026-07-03,夜班,N12,EMPSX0123,SX-SYRUP-SYRUP-POST2,后糖岗2,1,3,11.0,8.0,3.0,,FULL62-W1
SX,SX-UTIL,2026-07-03,夜班,N12,EMPSX0127,SX-UTIL-WWTP,污水处理岗,0,4,11.0,8.0,3.0,,FULL62-W1
HB,HB-AS01,2026-07-04,白班,D12,EMPHB0185,HB-AS01-BLOW,吹瓶机岗,1,3,11.0,8.0,3.0,A,FULL62-W1
HB,HB-AS01,2026-07-04,白班,D12,EMPHB0215,HB-AS01-FILL,灌注机岗,1,3,11.0,8.0,3.0,A,FULL62-W1
HB,HB-AS01,2026-07-04,白班,D12,EMPHB0271,HB-AS01-SHIFT-LEADER,生产领班,1,3,11.0,8.0,3.0,A,FULL62-W1
HB,HB-AS01,2026-07-04,白班,D12,EMPHB0309,HB-AS01-UHT-1,UHT&调配&果肉操作1,1,3,11.0,8.0,3.0,A,FULL62-W1
HB,HB-AS01,2026-07-04,白班,D12,EMPHB0311,HB-AS01-UHT-2,UHT&调配&果肉操作2,1,3,11.0,8.0,3.0,A,FULL62-W1
HB,HB-ENG,2026-07-04,白班,D12,EMPHB0322,HB-ENG-ELEC-1,电气维修工程师1,1,4,11.0,8.0,3.0,,FULL62-W1
HB,HB-ENG2,2026-07-04,白班,D12,EMPHB0345,HB-ENG2-AIRCOMP,空压岗,1,3,11.0,8.0,3.0,,FULL62-W1
HB,HB-ENG2,2026-07-04,白班,D12,EMPHB0344,HB-ENG2-BOILER,锅炉岗,0,4,11.0,8.0,3.0,,FULL62-W1
HB,HB-ENG2,2026-07-04,白班,D12,EMPHB0338,HB-ENG2-ELEC-OUT1,外围电工1,1,3,11.0,8.0,3.0,,FULL62-W1
HB,HB-ENG2,2026-07-04,白班,D12,EMPHB0350,HB-ENG2-WWTP,污水岗,0,3,11.0,8.0,3.0,,FULL62-W1
HB,HB-PET01,2026-07-04,白班,D12,EMPHB0231,HB-PET01-BLOW,吹瓶机岗,1,4,11.0,8.0,3.0,,FULL62-W1
HB,HB-PET01,2026-07-04,白班,D12,EMPHB0208,HB-PET01-HANDLE-1,提扣机岗1,0,4,11.0,8.0,3.0,,FULL62-W1
HB,HB-PET01,2026-07-04,白班,D12,EMPHB0301,HB-PET01-HANDLE-2,提扣机岗2,0,4,11.0,8.0,3.0,,FULL62-W1
HB,HB-PET01,2026-07-04,白班,D12,EMPHB0238,HB-PET01-LABEL,贴标机岗,0,3,11.0,8.0,3.0,,FULL62-W1
HB,HB-PET01,2026-07-04,白班,D12,EMPHB0288,HB-PET01-PACK-SHRINK,膜包机岗,0,3,11.0,8.0,3.0,,FULL62-W1
HB,HB-PET01,2026-07-04,白班,D12,EMPHB0226,HB-PET01-PALLET,码垛机岗,0,3,11.0,8.0,3.0,,FULL62-W1
HB,HB-PET02,2026-07-04,白班,D12,EMPHB0217,HB-PET02-LABEL,贴标机岗,0,3,11.0,8.0,3.0,,FULL62-W1
HB,HB-PET02,2026-07-04,白班,D12,EMPHB0289,HB-PET02-PACK-SHRINK,膜包机岗,0,3,11.0,8.0,3.0,,FULL62-W1
HB,HB-PET02,2026-07-04,白班,D12,EMPHB0291,HB-PET02-PALLET,码垛机岗,0,3,11.0,8.0,3.0,,FULL62-W1
HB,HB-PET03,2026-07-04,白班,D12,EMPHB0207,HB-PET03-HANDLE-1,提扣机岗1,0,3,11.0,8.0,3.0,,FULL62-W1
HB,HB-PET03,2026-07-04,白班,D12,EMPHB0302,HB-PET03-HANDLE-2,提扣机岗2,0,3,11.0,8.0,3.0,,FULL62-W1
HB,HB-PET03,2026-07-04,白班,D12,EMPHB0285,HB-PET03-LABEL,贴标机岗,0,3,11.0,8.0,3.0,,FULL62-W1
HB,HB-PET03,2026-07-04,白班,D12,EMPHB0223,HB-PET03-PACK-SHRINK,膜包机岗,0,3,11.0,8.0,3.0,,FULL62-W1
HB,HB-PET03,2026-07-04,白班,D12,EMPHB0201,HB-PET03-PALLET,码垛机岗,0,4,11.0,8.0,3.0,,FULL62-W1
HB,HB-QC2,2026-07-04,白班,D12,EMPHB0383,HB-QC2-QC-BLOW,吹瓶品控,1,4,11.0,8.0,3.0,,FULL62-W1
HB,HB-QC2,2026-07-04,白班,D12,EMPHB0389,HB-QC2-QC-IP-AS,无菌线制程品控,1,3,11.0,8.0,3.0,,FULL62-W1
HB,HB-QC2,2026-07-04,白班,D12,EMPHB0370,HB-QC2-QC-IP-PET01,PET01线制程品控,1,3,11.0,8.0,3.0,,FULL62-W1
HB,HB-QC2,2026-07-04,白班,D12,EMPHB0357,HB-QC2-QC-IP-PET02,PET02线制程品控,1,3,11.0,8.0,3.0,,FULL62-W1
HB,HB-QC2,2026-07-04,白班,D12,EMPHB0379,HB-QC2-QC-IP-PET03,PET03线制程品控,1,3,11.0,8.0,3.0,,FULL62-W1
HB,HB-QC2,2026-07-04,白班,D12,EMPHB0387,HB-QC2-QC-WATER,水糖品控,1,3,11.0,8.0,3.0,,FULL62-W1
HB,HB-SYRUP,2026-07-04,白班,D12,EMPHB0266,HB-SYRUP-SYRUP-POST1,后糖岗1,1,4,11.0,8.0,3.0,,FULL62-W1
HB,HB-SYRUP,2026-07-04,白班,D12,EMPHB0270,HB-SYRUP-SYRUP-POST2,后糖岗2,1,4,11.0,8.0,3.0,,FULL62-W1
HB,HB-SYRUP,2026-07-04,白班,D12,EMPHB0260,HB-SYRUP-WATER,水处理操作岗,1,3,11.0,8.0,3.0,,FULL62-W1
SX,SX-BIB01,2026-07-04,白班,D12,EMPSX0103,SX-BIB01-FILL,灌装岗,1,3,11.0,8.0,3.0,,FULL62-W1
SX,SX-BIB01,2026-07-04,白班,D12,EMPSX0042,SX-BIB01-PACK-1,包装岗1,0,1,11.0,8.0,3.0,,FULL62-W1
SX,SX-BIB01,2026-07-04,白班,D12,EMPSX0033,SX-BIB01-PACK-2,包装岗2,0,3,11.0,8.0,3.0,,FULL62-W1
SX,SX-BIB01,2026-07-04,白班,D12,EMPSX0010,SX-BIB01-PACK-3,包装岗3,0,3,11.0,8.0,3.0,,FULL62-W1
SX,SX-CAN01,2026-07-04,白班,D12,EMPSX0054,SX-CAN01-DEPAL-CAN,卸罐机岗,0,4,11.0,8.0,3.0,,FULL62-W1
SX,SX-CAN01,2026-07-04,白班,D12,EMPSX0086,SX-CAN01-FILL,灌注机岗,1,3,11.0,8.0,3.0,,FULL62-W1
SX,SX-CAN01,2026-07-04,白班,D12,EMPSX0072,SX-CAN01-PACK-MULTI,多包装机,0,3,11.0,8.0,3.0,,FULL62-W1
SX,SX-CAN01,2026-07-04,白班,D12,EMPSX0048,SX-CAN01-PALLET,码垛机岗,0,3,11.0,8.0,3.0,,FULL62-W1
SX,SX-ENG,2026-07-04,白班,D12,EMPSX0139,SX-ENG-AIRCOMP,制冷空压机岗,1,3,11.0,8.0,3.0,,FULL62-W1
SX,SX-ENG,2026-07-04,白班,D12,EMPSX0142,SX-ENG-BOILER,锅炉操作岗,0,3,11.0,8.0,3.0,,FULL62-W1
SX,SX-ENG,2026-07-04,白班,D12,EMPSX0149,SX-ENG-MECH-LINE,生产线机修岗,0,3,11.0,8.0,3.0,,FULL62-W1
SX,SX-ENG,2026-07-04,白班,D12,EMPSX0151,SX-ENG-MECH-LINE,生产线机修岗,0,3,11.0,8.0,3.0,,FULL62-W1
SX,SX-ENG,2026-07-04,白班,D12,EMPSX0152,SX-ENG-MECH-LINE,生产线机修岗,0,3,11.0,8.0,3.0,,FULL62-W1
SX,SX-PET01,2026-07-04,白班,D12,EMPSX0017,SX-PET01-FGI,FGI岗,0,3,11.0,8.0,3.0,,FULL62-W1
SX,SX-PET01,2026-07-04,白班,D12,EMPSX0027,SX-PET01-HANDLE,提扣机岗,0,3,11.0,8.0,3.0,,FULL62-W1
SX,SX-PET01,2026-07-04,白班,D12,EMPSX0041,SX-PET01-PACK-SHRINK,塑包机岗,0,3,11.0,8.0,3.0,,FULL62-W1
SX,SX-PET01,2026-07-04,白班,D12,EMPSX0068,SX-PET01-PALLET,码垛机岗,0,3,11.0,8.0,3.0,,FULL62-W1
SX,SX-PET01,2026-07-04,白班,D12,EMPSX0024,SX-PET01-PALLET-LABEL,垛贴码岗,0,3,11.0,8.0,3.0,,FULL62-W1
SX,SX-PET02,2026-07-04,白班,D12,EMPSX0030,SX-PET02-BLOW,吹瓶机岗,1,3,11.0,8.0,3.0,,FULL62-W1
SX,SX-PET02,2026-07-04,白班,D12,EMPSX0008,SX-PET02-FILL,灌注机岗,1,4,11.0,8.0,3.0,,FULL62-W1
SX,SX-PET02,2026-07-04,白班,D12,EMPSX0043,SX-PET02-PACK-SHRINK,塑包机岗,0,3,11.0,8.0,3.0,,FULL62-W1
SX,SX-PET02,2026-07-04,白班,D12,EMPSX0022,SX-PET02-PALLET-LABEL,垛贴码岗,0,3,11.0,8.0,3.0,,FULL62-W1
SX,SX-QC,2026-07-04,白班,D12,EMPSX0154,SX-QC-QC-AUX,辅线品控（水、糖、BIB）,1,3,11.0,8.0,3.0,,FULL62-W1
SX,SX-QC,2026-07-04,白班,D12,EMPSX0178,SX-QC-QC-BLOW,吹瓶品控,1,4,11.0,8.0,3.0,,FULL62-W1
SX,SX-QC,2026-07-04,白班,D12,EMPSX0172,SX-QC-QC-IP-CAN,CAN线品控,1,3,11.0,8.0,3.0,,FULL62-W1
SX,SX-QC,2026-07-04,白班,D12,EMPSX0168,SX-QC-QC-IP-PET2,PET线品控2,1,4,11.0,8.0,3.0,,FULL62-W1
SX,SX-QC,2026-07-04,白班,D12,EMPSX0174,SX-QC-QC-IP-RB,RB线品控,1,3,11.0,8.0,3.0,,FULL62-W1
SX,SX-RB01,2026-07-04,白班,D12,EMPSX0074,SX-RB01-DEPAL,码卸垛机岗,0,3,11.0,8.0,3.0,,FULL62-W1
SX,SX-RB01,2026-07-04,白班,D12,EMPSX0057,SX-RB01-FILL,灌注机岗,1,3,11.0,8.0,3.0,,FULL62-W1
SX,SX-RB01,2026-07-04,白班,D12,EMPSX0083,SX-RB01-LOADER,装卸箱机岗,0,2,11.0,8.0,3.0,,FULL62-W1
SX,SX-RB01,2026-07-04,白班,D12,EMPSX0091,SX-RB01-QC-FGI1,成品目检岗1,1,3,11.0,8.0,3.0,,FULL62-W1
SX,SX-RB01,2026-07-04,白班,D12,EMPSX0096,SX-RB01-QC-FGI2,成品目检岗2,1,3,11.0,8.0,3.0,,FULL62-W1
SX,SX-RB01,2026-07-04,白班,D12,EMPSX0082,SX-RB01-WASHER,洗瓶机岗,0,3,11.0,8.0,3.0,,FULL62-W1
SX,SX-SYRUP,2026-07-04,白班,D12,EMPSX0115,SX-SYRUP-SYRUP-POST1,后糖岗1,1,3,11.0,8.0,3.0,,FULL62-W1
SX,SX-SYRUP,2026-07-04,白班,D12,EMPSX0121,SX-SYRUP-SYRUP-POST2,后糖岗2,1,3,11.0,8.0,3.0,,FULL62-W1
HB,HB-ENG,2026-07-04,常白班,D8,EMPHB0323,HB-ENG-ELEC-2,电气维修工程师2,1,4,8.0,8.0,0.0,,FULL62-W1
HB,HB-ENG,2026-07-04,常白班,D8,EMPHB0326,HB-ENG-ENG-BLOW,吹瓶机工程师,1,4,8.0,8.0,0.0,,FULL62-W1
HB,HB-ENG,2026-07-04,常白班,D8,EMPHB0328,HB-ENG-ENG-FILL,灌装机工程师,1,3,8.0,8.0,0.0,,FULL62-W1
HB,HB-ENG,2026-07-04,常白班,D8,EMPHB0329,HB-ENG-ENG-LABEL,贴标机工程师,1,3,8.0,8.0,0.0,,FULL62-W1
HB,HB-ENG,2026-07-04,常白班,D8,EMPHB0331,HB-ENG-ENG-PACK,膜包机工程师,1,3,8.0,8.0,0.0,,FULL62-W1
HB,HB-ENG,2026-07-04,常白班,D8,EMPHB0334,HB-ENG-ENG-PALLET,码垛机工程师,1,3,8.0,8.0,0.0,,FULL62-W1
HB,HB-ENG2,2026-07-04,常白班,D8,EMPHB0340,HB-ENG2-ELEC-OUT2,外围电工2,1,4,8.0,8.0,0.0,,FULL62-W1
HB,HB-QC,2026-07-04,常白班,D8,EMPHB0363,HB-QC-QC-MICRO-AS1,无菌线微生物品控1,1,3,8.0,8.0,0.0,,FULL62-W1
HB,HB-QC,2026-07-04,常白班,D8,EMPHB0366,HB-QC-QC-MICRO-AS2,无菌线微生物品控2,1,3,8.0,8.0,0.0,,FULL62-W1
HB,HB-QC,2026-07-04,常白班,D8,EMPHB0367,HB-QC-QC-MICRO-AS3,无菌线微生物品控3,1,3,8.0,8.0,0.0,,FULL62-W1
HB,HB-QC,2026-07-04,常白班,D8,EMPHB0361,HB-QC-QC-MICRO-SODA,汽水线微生物品控,1,4,8.0,8.0,0.0,,FULL62-W1
HB,HB-SYRUP,2026-07-04,常白班,D8,EMPHB0262,HB-SYRUP-SYRUP-PRE,前糖岗,1,3,8.0,8.0,0.0,A,FULL62-W1
SX,SX-ENG,2026-07-04,常白班,D8,EMPSX0134,SX-ENG-ELEC-LINE2,生产线电工2,1,3,8.0,8.0,0.0,,FULL62-W1
SX,SX-ENG,2026-07-04,常白班,D8,EMPSX0136,SX-ENG-ELEC-OUT,外围电工,1,4,8.0,8.0,0.0,,FULL62-W1
SX,SX-QC,2026-07-04,常白班,D8,EMPSX0159,SX-QC-QC-MICRO,微生物品控,1,3,8.0,8.0,0.0,,FULL62-W1
SX,SX-QC,2026-07-04,常白班,D8,EMPSX0158,SX-QC-QC-RM,原物料品控,1,4,8.0,8.0,0.0,,FULL62-W1
SX,SX-SYRUP,2026-07-04,常白班,D8,EMPSX0116,SX-SYRUP-SYRUP-PRE,前糖岗,1,3,8.0,8.0,0.0,,FULL62-W1
SX,SX-UTIL,2026-07-04,常白班,D8,EMPSX0125,SX-UTIL-WATER,水处理操作岗,1,3,8.0,8.0,0.0,,FULL62-W1
HB,HB-AS01,2026-07-04,夜班,N12,EMPHB0186,HB-AS01-BLOW,吹瓶机岗,1,3,11.0,8.0,3.0,A,FULL62-W1
HB,HB-AS01,2026-07-04,夜班,N12,EMPHB0214,HB-AS01-FILL,灌注机岗,1,3,11.0,8.0,3.0,A,FULL62-W1
HB,HB-AS01,2026-07-04,夜班,N12,EMPHB0273,HB-AS01-SHIFT-LEADER,生产领班,1,3,11.0,8.0,3.0,A,FULL62-W1
HB,HB-AS01,2026-07-04,夜班,N12,EMPHB0310,HB-AS01-UHT-1,UHT&调配&果肉操作1,1,3,11.0,8.0,3.0,A,FULL62-W1
HB,HB-AS01,2026-07-04,夜班,N12,EMPHB0313,HB-AS01-UHT-2,UHT&调配&果肉操作2,1,4,11.0,8.0,3.0,A,FULL62-W1
HB,HB-ENG,2026-07-04,夜班,N12,EMPHB0321,HB-ENG-ELEC-1,电气维修工程师1,1,4,11.0,8.0,3.0,,FULL62-W1
HB,HB-ENG2,2026-07-04,夜班,N12,EMPHB0347,HB-ENG2-AIRCOMP,空压岗,1,3,11.0,8.0,3.0,,FULL62-W1
HB,HB-ENG2,2026-07-04,夜班,N12,EMPHB0343,HB-ENG2-BOILER,锅炉岗,0,3,11.0,8.0,3.0,,FULL62-W1
HB,HB-PET01,2026-07-04,夜班,N12,EMPHB0276,HB-PET01-BLOW,吹瓶机岗,1,3,11.0,8.0,3.0,B,FULL62-W1
HB,HB-PET01,2026-07-04,夜班,N12,EMPHB0190,HB-PET01-FILL,灌注机岗,1,4,11.0,8.0,3.0,B,FULL62-W1
HB,HB-PET01,2026-07-04,夜班,N12,EMPHB0274,HB-PET01-SHIFT-ENG,倒班工程师,1,3,11.0,8.0,3.0,B,FULL62-W1
HB,HB-PET02,2026-07-04,夜班,N12,EMPHB0236,HB-PET02-BLOW-FILL,吹瓶、灌装岗位,1,3,11.0,8.0,3.0,,FULL62-W1
HB,HB-PET02,2026-07-04,夜班,N12,EMPHB0237,HB-PET02-LABEL,贴标机岗,0,3,11.0,8.0,3.0,,FULL62-W1
HB,HB-PET02,2026-07-04,夜班,N12,EMPHB0198,HB-PET02-PACK-SHRINK,膜包机岗,0,3,11.0,8.0,3.0,,FULL62-W1
HB,HB-PET02,2026-07-04,夜班,N12,EMPHB0292,HB-PET02-PALLET,码垛机岗,0,4,11.0,8.0,3.0,,FULL62-W1
HB,HB-PET03,2026-07-04,夜班,N12,EMPHB0229,HB-PET03-BLOW,吹瓶机岗,1,4,11.0,8.0,3.0,,FULL62-W1
HB,HB-PET03,2026-07-04,夜班,N12,EMPHB0235,HB-PET03-FILL,灌注机岗,1,3,11.0,8.0,3.0,,FULL62-W1
HB,HB-PET03,2026-07-04,夜班,N12,EMPHB0249,HB-PET03-HANDLE-1,提扣机岗1,0,3,11.0,8.0,3.0,,FULL62-W1
HB,HB-PET03,2026-07-04,夜班,N12,EMPHB0253,HB-PET03-HANDLE-2,提扣机岗2,0,3,11.0,8.0,3.0,,FULL62-W1
HB,HB-PET03,2026-07-04,夜班,N12,EMPHB0240,HB-PET03-LABEL,贴标机岗,0,3,11.0,8.0,3.0,,FULL62-W1
HB,HB-PET03,2026-07-04,夜班,N12,EMPHB0222,HB-PET03-PACK-SHRINK,膜包机岗,0,3,11.0,8.0,3.0,,FULL62-W1
HB,HB-QC2,2026-07-04,夜班,N12,EMPHB0382,HB-QC2-QC-BLOW,吹瓶品控,1,4,11.0,8.0,3.0,,FULL62-W1
HB,HB-QC2,2026-07-04,夜班,N12,EMPHB0392,HB-QC2-QC-IP-AS,无菌线制程品控,1,3,11.0,8.0,3.0,,FULL62-W1
HB,HB-QC2,2026-07-04,夜班,N12,EMPHB0375,HB-QC2-QC-IP-PET02,PET02线制程品控,1,3,11.0,8.0,3.0,,FULL62-W1
HB,HB-QC2,2026-07-04,夜班,N12,EMPHB0378,HB-QC2-QC-IP-PET03,PET03线制程品控,1,3,11.0,8.0,3.0,,FULL62-W1
HB,HB-QC2,2026-07-04,夜班,N12,EMPHB0386,HB-QC2-QC-WATER,水糖品控,1,3,11.0,8.0,3.0,,FULL62-W1
HB,HB-SYRUP,2026-07-04,夜班,N12,EMPHB0265,HB-SYRUP-SYRUP-POST1,后糖岗1,1,4,11.0,8.0,3.0,,FULL62-W1
HB,HB-SYRUP,2026-07-04,夜班,N12,EMPHB0267,HB-SYRUP-SYRUP-POST2,后糖岗2,1,4,11.0,8.0,3.0,,FULL62-W1
HB,HB-SYRUP,2026-07-04,夜班,N12,EMPHB0257,HB-SYRUP-WATER,水处理操作岗,1,3,11.0,8.0,3.0,,FULL62-W1
SX,SX-BIB01,2026-07-04,夜班,N12,EMPSX0106,SX-BIB01-PACK-1,包装岗1,0,3,11.0,8.0,3.0,,FULL62-W1
SX,SX-BIB01,2026-07-04,夜班,N12,EMPSX0105,SX-BIB01-PACK-2,包装岗2,0,3,11.0,8.0,3.0,,FULL62-W1
SX,SX-CAN01,2026-07-04,夜班,N12,EMPSX0053,SX-CAN01-DEPAL-CAN,卸罐机岗,0,3,11.0,8.0,3.0,,FULL62-W1
SX,SX-CAN01,2026-07-04,夜班,N12,EMPSX0085,SX-CAN01-FILL,灌注机岗,1,3,11.0,8.0,3.0,,FULL62-W1
SX,SX-CAN01,2026-07-04,夜班,N12,EMPSX0044,SX-CAN01-PACK-SHRINK,塑包机岗,0,4,11.0,8.0,3.0,,FULL62-W1
SX,SX-CAN01,2026-07-04,夜班,N12,EMPSX0045,SX-CAN01-PALLET,码垛机岗,0,3,11.0,8.0,3.0,,FULL62-W1
SX,SX-ENG,2026-07-04,夜班,N12,EMPSX0140,SX-ENG-AIRCOMP,制冷空压机岗,1,4,11.0,8.0,3.0,,FULL62-W1
SX,SX-ENG,2026-07-04,夜班,N12,EMPSX0129,SX-ENG-ELEC-LINE1,生产线电工1,1,3,11.0,8.0,3.0,,FULL62-W1
SX,SX-ENG,2026-07-04,夜班,N12,EMPSX0145,SX-ENG-MECH-LINE,生产线机修岗,0,3,11.0,8.0,3.0,,FULL62-W1
SX,SX-PET01,2026-07-04,夜班,N12,EMPSX0004,SX-PET01-BLOW-LABEL,吹贴机岗,1,4,11.0,8.0,3.0,,FULL62-W1
SX,SX-PET01,2026-07-04,夜班,N12,EMPSX0018,SX-PET01-FGI,FGI岗,0,4,11.0,8.0,3.0,,FULL62-W1
SX,SX-PET01,2026-07-04,夜班,N12,EMPSX0038,SX-PET01-FILL,灌注机岗,1,3,11.0,8.0,3.0,,FULL62-W1
SX,SX-PET01,2026-07-04,夜班,N12,EMPSX0025,SX-PET01-HANDLE,提扣机岗,0,3,11.0,8.0,3.0,,FULL62-W1
SX,SX-PET01,2026-07-04,夜班,N12,EMPSX0061,SX-PET01-PACK-SHRINK,塑包机岗,0,3,11.0,8.0,3.0,,FULL62-W1
SX,SX-PET01,2026-07-04,夜班,N12,EMPSX0023,SX-PET01-PALLET-LABEL,垛贴码岗,0,3,11.0,8.0,3.0,,FULL62-W1
SX,SX-PET02,2026-07-04,夜班,N12,EMPSX0032,SX-PET02-BLOW,吹瓶机岗,1,3,11.0,8.0,3.0,,FULL62-W1
SX,SX-PET02,2026-07-04,夜班,N12,EMPSX0007,SX-PET02-FILL,灌注机岗,1,3,11.0,8.0,3.0,,FULL62-W1
SX,SX-PET02,2026-07-04,夜班,N12,EMPSX0108,SX-PET02-LABEL,贴标机岗,0,3,11.0,8.0,3.0,,FULL62-W1
SX,SX-PET02,2026-07-04,夜班,N12,EMPSX0013,SX-PET02-PALLET,码垛机岗,0,3,11.0,8.0,3.0,,FULL62-W1
SX,SX-QC,2026-07-04,夜班,N12,EMPSX0153,SX-QC-QC-AUX,辅线品控（水、糖、BIB）,1,3,11.0,8.0,3.0,,FULL62-W1
SX,SX-QC,2026-07-04,夜班,N12,EMPSX0179,SX-QC-QC-BLOW,吹瓶品控,1,3,11.0,8.0,3.0,,FULL62-W1
SX,SX-QC,2026-07-04,夜班,N12,EMPSX0161,SX-QC-QC-IP-PET1,PET线品控1,1,3,11.0,8.0,3.0,,FULL62-W1
SX,SX-QC,2026-07-04,夜班,N12,EMPSX0165,SX-QC-QC-IP-PET2,PET线品控2,1,3,11.0,8.0,3.0,,FULL62-W1
SX,SX-RB01,2026-07-04,夜班,N12,EMPSX0076,SX-RB01-DEPAL,码卸垛机岗,0,3,11.0,8.0,3.0,,FULL62-W1
SX,SX-RB01,2026-07-04,夜班,N12,EMPSX0087,SX-RB01-FILL,灌注机岗,1,3,11.0,8.0,3.0,,FULL62-W1
SX,SX-RB01,2026-07-04,夜班,N12,EMPSX0079,SX-RB01-LOADER,装卸箱机岗,0,4,11.0,8.0,3.0,,FULL62-W1
SX,SX-RB01,2026-07-04,夜班,N12,EMPSX0097,SX-RB01-QC-BOTTLE,空瓶检测岗,1,3,11.0,8.0,3.0,,FULL62-W1
SX,SX-RB01,2026-07-04,夜班,N12,EMPSX0089,SX-RB01-QC-FGI1,成品目检岗1,1,3,11.0,8.0,3.0,,FULL62-W1
SX,SX-RB01,2026-07-04,夜班,N12,EMPSX0081,SX-RB01-WASHER,洗瓶机岗,0,4,11.0,8.0,3.0,,FULL62-W1
SX,SX-SYRUP,2026-07-04,夜班,N12,EMPSX0118,SX-SYRUP-SYRUP-POST1,后糖岗1,1,3,11.0,8.0,3.0,,FULL62-W1
SX,SX-SYRUP,2026-07-04,夜班,N12,EMPSX0124,SX-SYRUP-SYRUP-POST2,后糖岗2,1,3,11.0,8.0,3.0,,FULL62-W1
SX,SX-UTIL,2026-07-04,夜班,N12,EMPSX0127,SX-UTIL-WWTP,污水处理岗,0,4,11.0,8.0,3.0,,FULL62-W1
HB,HB-AS01,2026-07-05,白班,D12,EMPHB0231,HB-AS01-BLOW,吹瓶机岗,1,4,11.0,8.0,3.0,C,FULL62-W1
HB,HB-AS01,2026-07-05,白班,D12,EMPHB0282,HB-AS01-FILL,灌注机岗,1,4,11.0,8.0,3.0,C,FULL62-W1
HB,HB-AS01,2026-07-05,白班,D12,EMPHB0271,HB-AS01-SHIFT-LEADER,生产领班,1,3,11.0,8.0,3.0,C,FULL62-W1
HB,HB-AS01,2026-07-05,白班,D12,EMPHB0308,HB-AS01-UHT-1,UHT&调配&果肉操作1,1,4,11.0,8.0,3.0,C,FULL62-W1
HB,HB-AS01,2026-07-05,白班,D12,EMPHB0312,HB-AS01-UHT-2,UHT&调配&果肉操作2,1,3,11.0,8.0,3.0,C,FULL62-W1
HB,HB-ENG,2026-07-05,白班,D12,EMPHB0320,HB-ENG-ELEC-1,电气维修工程师1,1,3,11.0,8.0,3.0,,FULL62-W1
HB,HB-ENG2,2026-07-05,白班,D12,EMPHB0341,HB-ENG2-AIRCOMP,空压岗,1,3,11.0,8.0,3.0,,FULL62-W1
HB,HB-ENG2,2026-07-05,白班,D12,EMPHB0342,HB-ENG2-BOILER,锅炉岗,0,3,11.0,8.0,3.0,,FULL62-W1
HB,HB-ENG2,2026-07-05,白班,D12,EMPHB0337,HB-ENG2-ELEC-OUT1,外围电工1,1,4,11.0,8.0,3.0,,FULL62-W1
HB,HB-PET01,2026-07-05,白班,D12,EMPHB0232,HB-PET01-BLOW,吹瓶机岗,1,3,11.0,8.0,3.0,,FULL62-W1
HB,HB-PET01,2026-07-05,白班,D12,EMPHB0208,HB-PET01-HANDLE-1,提扣机岗1,0,4,11.0,8.0,3.0,,FULL62-W1
HB,HB-PET01,2026-07-05,白班,D12,EMPHB0256,HB-PET01-HANDLE-2,提扣机岗2,0,3,11.0,8.0,3.0,,FULL62-W1
HB,HB-PET01,2026-07-05,白班,D12,EMPHB0218,HB-PET01-LABEL,贴标机岗,0,3,11.0,8.0,3.0,,FULL62-W1
HB,HB-PET01,2026-07-05,白班,D12,EMPHB0243,HB-PET01-PACK-SHRINK,膜包机岗,0,3,11.0,8.0,3.0,,FULL62-W1
HB,HB-PET01,2026-07-05,白班,D12,EMPHB0201,HB-PET01-PALLET,码垛机岗,0,4,11.0,8.0,3.0,,FULL62-W1
HB,HB-PET01,2026-07-05,白班,D12,EMPHB0184,HB-PET01-SHIFT-ENG,倒班工程师,1,4,11.0,8.0,3.0,,FULL62-W1
HB,HB-PET02,2026-07-05,白班,D12,EMPHB0213,HB-PET02-BLOW-FILL,吹瓶、灌装岗位,1,3,11.0,8.0,3.0,C,FULL62-W1
HB,HB-PET03,2026-07-05,白班,D12,EMPHB0275,HB-PET03-BLOW,吹瓶机岗,1,3,11.0,8.0,3.0,,FULL62-W1
HB,HB-PET03,2026-07-05,白班,D12,EMPHB0233,HB-PET03-FILL,灌注机岗,1,3,11.0,8.0,3.0,,FULL62-W1
HB,HB-PET03,2026-07-05,白班,D12,EMPHB0316,HB-PET03-HANDLE-1,提扣机岗1,0,3,11.0,8.0,3.0,,FULL62-W1
HB,HB-PET03,2026-07-05,白班,D12,EMPHB0212,HB-PET03-HANDLE-2,提扣机岗2,0,3,11.0,8.0,3.0,,FULL62-W1
HB,HB-PET03,2026-07-05,白班,D12,EMPHB0239,HB-PET03-LABEL,贴标机岗,0,3,11.0,8.0,3.0,,FULL62-W1
HB,HB-PET03,2026-07-05,白班,D12,EMPHB0244,HB-PET03-PACK-SHRINK,膜包机岗,0,3,11.0,8.0,3.0,,FULL62-W1
HB,HB-PET03,2026-07-05,白班,D12,EMPHB0291,HB-PET03-PALLET,码垛机岗,0,3,11.0,8.0,3.0,,FULL62-W1
HB,HB-QC,2026-07-05,白班,D12,EMPHB0372,HB-QC-QC-RM-AS,无菌线原物料品控,1,3,11.0,8.0,3.0,,FULL62-W1
HB,HB-QC,2026-07-05,白班,D12,EMPHB0353,HB-QC-QC-RM-SODA,汽水线原物料品控,1,4,11.0,8.0,3.0,,FULL62-W1
HB,HB-QC2,2026-07-05,白班,D12,EMPHB0381,HB-QC2-QC-BLOW,吹瓶品控,1,3,11.0,8.0,3.0,,FULL62-W1
HB,HB-QC2,2026-07-05,白班,D12,EMPHB0390,HB-QC2-QC-IP-AS,无菌线制程品控,1,3,11.0,8.0,3.0,,FULL62-W1
HB,HB-QC2,2026-07-05,白班,D12,EMPHB0370,HB-QC2-QC-IP-PET01,PET01线制程品控,1,3,11.0,8.0,3.0,,FULL62-W1
HB,HB-QC2,2026-07-05,白班,D12,EMPHB0376,HB-QC2-QC-IP-PET02,PET02线制程品控,1,3,11.0,8.0,3.0,,FULL62-W1
HB,HB-QC2,2026-07-05,白班,D12,EMPHB0385,HB-QC2-QC-WATER,水糖品控,1,3,11.0,8.0,3.0,,FULL62-W1
HB,HB-SYRUP,2026-07-05,白班,D12,EMPHB0266,HB-SYRUP-SYRUP-POST1,后糖岗1,1,4,11.0,8.0,3.0,,FULL62-W1
HB,HB-SYRUP,2026-07-05,白班,D12,EMPHB0269,HB-SYRUP-SYRUP-POST2,后糖岗2,1,4,11.0,8.0,3.0,,FULL62-W1
HB,HB-SYRUP,2026-07-05,白班,D12,EMPHB0260,HB-SYRUP-WATER,水处理操作岗,1,3,11.0,8.0,3.0,,FULL62-W1
SX,SX-BIB01,2026-07-05,白班,D12,EMPSX0107,SX-BIB01-PACK-1,包装岗1,0,3,11.0,8.0,3.0,,FULL62-W1
SX,SX-BIB01,2026-07-05,白班,D12,EMPSX0110,SX-BIB01-PACK-2,包装岗2,0,3,11.0,8.0,3.0,,FULL62-W1
SX,SX-BIB01,2026-07-05,白班,D12,EMPSX0114,SX-BIB01-PACK-3,包装岗3,0,3,11.0,8.0,3.0,,FULL62-W1
SX,SX-CAN01,2026-07-05,白班,D12,EMPSX0056,SX-CAN01-DEPAL-CAN,卸罐机岗,0,3,11.0,8.0,3.0,,FULL62-W1
SX,SX-CAN01,2026-07-05,白班,D12,EMPSX0058,SX-CAN01-FILL,灌注机岗,1,4,11.0,8.0,3.0,,FULL62-W1
SX,SX-CAN01,2026-07-05,白班,D12,EMPSX0112,SX-CAN01-PACK-MULTI,多包装机,0,3,11.0,8.0,3.0,,FULL62-W1
SX,SX-CAN01,2026-07-05,白班,D12,EMPSX0015,SX-CAN01-PALLET,码垛机岗,0,3,11.0,8.0,3.0,,FULL62-W1
SX,SX-PET01,2026-07-05,白班,D12,EMPSX0002,SX-PET01-BLOW-LABEL,吹贴机岗,1,3,11.0,8.0,3.0,,FULL62-W1
SX,SX-PET01,2026-07-05,白班,D12,EMPSX0006,SX-PET01-FILL,灌注机岗,1,4,11.0,8.0,3.0,,FULL62-W1
SX,SX-PET01,2026-07-05,白班,D12,EMPSX0027,SX-PET01-HANDLE,提扣机岗,0,3,11.0,8.0,3.0,,FULL62-W1
SX,SX-PET01,2026-07-05,白班,D12,EMPSX0012,SX-PET01-PACK-SHRINK,塑包机岗,0,4,11.0,8.0,3.0,,FULL62-W1
SX,SX-PET01,2026-07-05,白班,D12,EMPSX0065,SX-PET01-PALLET,码垛机岗,0,3,11.0,8.0,3.0,,FULL62-W1
SX,SX-PET02,2026-07-05,白班,D12,EMPSX0030,SX-PET02-BLOW,吹瓶机岗,1,3,11.0,8.0,3.0,B,FULL62-W1
SX,SX-PET02,2026-07-05,白班,D12,EMPSX0008,SX-PET02-FILL,灌注机岗,1,4,11.0,8.0,3.0,B,FULL62-W1
SX,SX-QC,2026-07-05,白班,D12,EMPSX0154,SX-QC-QC-AUX,辅线品控（水、糖、BIB）,1,3,11.0,8.0,3.0,,FULL62-W1
SX,SX-QC,2026-07-05,白班,D12,EMPSX0180,SX-QC-QC-BLOW,吹瓶品控,1,3,11.0,8.0,3.0,,FULL62-W1
SX,SX-QC,2026-07-05,白班,D12,EMPSX0171,SX-QC-QC-IP-CAN,CAN线品控,1,3,11.0,8.0,3.0,,FULL62-W1
SX,SX-QC,2026-07-05,白班,D12,EMPSX0162,SX-QC-QC-IP-PET1,PET线品控1,1,4,11.0,8.0,3.0,,FULL62-W1
SX,SX-QC,2026-07-05,白班,D12,EMPSX0166,SX-QC-QC-IP-PET2,PET线品控2,1,3,11.0,8.0,3.0,,FULL62-W1
SX,SX-RB01,2026-07-05,白班,D12,EMPSX0074,SX-RB01-DEPAL,码卸垛机岗,0,3,11.0,8.0,3.0,,FULL62-W1
SX,SX-RB01,2026-07-05,白班,D12,EMPSX0040,SX-RB01-FILL,灌注机岗,1,3,11.0,8.0,3.0,,FULL62-W1
SX,SX-RB01,2026-07-05,白班,D12,EMPSX0078,SX-RB01-LOADER,装卸箱机岗,0,4,11.0,8.0,3.0,,FULL62-W1
SX,SX-RB01,2026-07-05,白班,D12,EMPSX0098,SX-RB01-QC-BOTTLE,空瓶检测岗,1,3,11.0,8.0,3.0,,FULL62-W1
SX,SX-RB01,2026-07-05,白班,D12,EMPSX0093,SX-RB01-QC-FGI2,成品目检岗2,1,3,11.0,8.0,3.0,,FULL62-W1
SX,SX-SYRUP,2026-07-05,白班,D12,EMPSX0115,SX-SYRUP-SYRUP-POST1,后糖岗1,1,3,11.0,8.0,3.0,,FULL62-W1
SX,SX-SYRUP,2026-07-05,白班,D12,EMPSX0121,SX-SYRUP-SYRUP-POST2,后糖岗2,1,3,11.0,8.0,3.0,,FULL62-W1
HB,HB-ENG,2026-07-05,常白班,D8,EMPHB0324,HB-ENG-ELEC-2,电气维修工程师2,1,4,8.0,8.0,0.0,,FULL62-W1
HB,HB-ENG,2026-07-05,常白班,D8,EMPHB0326,HB-ENG-ENG-BLOW,吹瓶机工程师,1,4,8.0,8.0,0.0,,FULL62-W1
HB,HB-ENG,2026-07-05,常白班,D8,EMPHB0327,HB-ENG-ENG-FILL,灌装机工程师,1,3,8.0,8.0,0.0,,FULL62-W1
HB,HB-ENG,2026-07-05,常白班,D8,EMPHB0329,HB-ENG-ENG-LABEL,贴标机工程师,1,3,8.0,8.0,0.0,,FULL62-W1
HB,HB-ENG,2026-07-05,常白班,D8,EMPHB0331,HB-ENG-ENG-PACK,膜包机工程师,1,3,8.0,8.0,0.0,,FULL62-W1
HB,HB-ENG,2026-07-05,常白班,D8,EMPHB0334,HB-ENG-ENG-PALLET,码垛机工程师,1,3,8.0,8.0,0.0,,FULL62-W1
HB,HB-ENG2,2026-07-05,常白班,D8,EMPHB0339,HB-ENG2-ELEC-OUT2,外围电工2,1,3,8.0,8.0,0.0,,FULL62-W1
HB,HB-QC,2026-07-05,常白班,D8,EMPHB0364,HB-QC-QC-MICRO-AS1,无菌线微生物品控1,1,4,8.0,8.0,0.0,,FULL62-W1
HB,HB-QC,2026-07-05,常白班,D8,EMPHB0366,HB-QC-QC-MICRO-AS2,无菌线微生物品控2,1,3,8.0,8.0,0.0,,FULL62-W1
HB,HB-QC,2026-07-05,常白班,D8,EMPHB0367,HB-QC-QC-MICRO-AS3,无菌线微生物品控3,1,3,8.0,8.0,0.0,,FULL62-W1
HB,HB-QC,2026-07-05,常白班,D8,EMPHB0361,HB-QC-QC-MICRO-SODA,汽水线微生物品控,1,4,8.0,8.0,0.0,,FULL62-W1
HB,HB-SYRUP,2026-07-05,常白班,D8,EMPHB0262,HB-SYRUP-SYRUP-PRE,前糖岗,1,3,8.0,8.0,0.0,,FULL62-W1
SX,SX-ENG,2026-07-05,常白班,D8,EMPSX0133,SX-ENG-ELEC-LINE2,生产线电工2,1,3,8.0,8.0,0.0,,FULL62-W1
SX,SX-ENG,2026-07-05,常白班,D8,EMPSX0135,SX-ENG-ELEC-OUT,外围电工,1,4,8.0,8.0,0.0,,FULL62-W1
SX,SX-QC,2026-07-05,常白班,D8,EMPSX0160,SX-QC-QC-MICRO,微生物品控,1,4,8.0,8.0,0.0,,FULL62-W1
SX,SX-QC,2026-07-05,常白班,D8,EMPSX0158,SX-QC-QC-RM,原物料品控,1,4,8.0,8.0,0.0,,FULL62-W1
SX,SX-SYRUP,2026-07-05,常白班,D8,EMPSX0116,SX-SYRUP-SYRUP-PRE,前糖岗,1,3,8.0,8.0,0.0,,FULL62-W1
SX,SX-UTIL,2026-07-05,常白班,D8,EMPSX0125,SX-UTIL-WATER,水处理操作岗,1,3,8.0,8.0,0.0,,FULL62-W1
HB,HB-AS01,2026-07-05,夜班,N12,EMPHB0276,HB-AS01-BLOW,吹瓶机岗,1,3,11.0,8.0,3.0,C,FULL62-W1
HB,HB-AS01,2026-07-05,夜班,N12,EMPHB0191,HB-AS01-FILL,灌注机岗,1,4,11.0,8.0,3.0,C,FULL62-W1
HB,HB-AS01,2026-07-05,夜班,N12,EMPHB0181,HB-AS01-SHIFT-LEADER,生产领班,1,3,11.0,8.0,3.0,C,FULL62-W1
HB,HB-AS01,2026-07-05,夜班,N12,EMPHB0307,HB-AS01-UHT-1,UHT&调配&果肉操作1,1,4,11.0,8.0,3.0,C,FULL62-W1
HB,HB-AS01,2026-07-05,夜班,N12,EMPHB0313,HB-AS01-UHT-2,UHT&调配&果肉操作2,1,4,11.0,8.0,3.0,C,FULL62-W1
HB,HB-ENG2,2026-07-05,夜班,N12,EMPHB0345,HB-ENG2-AIRCOMP,空压岗,1,3,11.0,8.0,3.0,,FULL62-W1
HB,HB-ENG2,2026-07-05,夜班,N12,EMPHB0344,HB-ENG2-BOILER,锅炉岗,0,4,11.0,8.0,3.0,,FULL62-W1
HB,HB-ENG2,2026-07-05,夜班,N12,EMPHB0335,HB-ENG2-ELEC-OUT1,外围电工1,1,4,11.0,8.0,3.0,,FULL62-W1
HB,HB-ENG2,2026-07-05,夜班,N12,EMPHB0352,HB-ENG2-WWTP,污水岗,0,3,11.0,8.0,3.0,,FULL62-W1
HB,HB-PET01,2026-07-05,夜班,N12,EMPHB0236,HB-PET01-FILL,灌注机岗,1,3,11.0,8.0,3.0,,FULL62-W1
HB,HB-PET01,2026-07-05,夜班,N12,EMPHB0298,HB-PET01-HANDLE-1,提扣机岗1,0,3,11.0,8.0,3.0,,FULL62-W1
HB,HB-PET01,2026-07-05,夜班,N12,EMPHB0297,HB-PET01-HANDLE-2,提扣机岗2,0,1,11.0,8.0,3.0,,FULL62-W1
HB,HB-PET01,2026-07-05,夜班,N12,EMPHB0195,HB-PET01-LABEL,贴标机岗,0,3,11.0,8.0,3.0,,FULL62-W1
HB,HB-PET02,2026-07-05,夜班,N12,EMPHB0193,HB-PET02-LABEL,贴标机岗,0,3,11.0,8.0,3.0,,FULL62-W1
HB,HB-PET02,2026-07-05,夜班,N12,EMPHB0289,HB-PET02-PACK-SHRINK,膜包机岗,0,3,11.0,8.0,3.0,,FULL62-W1
HB,HB-PET02,2026-07-05,夜班,N12,EMPHB0292,HB-PET02-PALLET,码垛机岗,0,4,11.0,8.0,3.0,,FULL62-W1
HB,HB-PET03,2026-07-05,夜班,N12,EMPHB0187,HB-PET03-BLOW,吹瓶机岗,1,3,11.0,8.0,3.0,,FULL62-W1
HB,HB-PET03,2026-07-05,夜班,N12,EMPHB0192,HB-PET03-FILL,灌注机岗,1,3,11.0,8.0,3.0,,FULL62-W1
HB,HB-PET03,2026-07-05,夜班,N12,EMPHB0250,HB-PET03-HANDLE-1,提扣机岗1,0,3,11.0,8.0,3.0,,FULL62-W1
HB,HB-PET03,2026-07-05,夜班,N12,EMPHB0253,HB-PET03-HANDLE-2,提扣机岗2,0,3,11.0,8.0,3.0,,FULL62-W1
HB,HB-PET03,2026-07-05,夜班,N12,EMPHB0219,HB-PET03-LABEL,贴标机岗,0,4,11.0,8.0,3.0,,FULL62-W1
HB,HB-PET03,2026-07-05,夜班,N12,EMPHB0290,HB-PET03-PACK-SHRINK,膜包机岗,0,3,11.0,8.0,3.0,,FULL62-W1
HB,HB-PET03,2026-07-05,夜班,N12,EMPHB0204,HB-PET03-PALLET,码垛机岗,0,3,11.0,8.0,3.0,,FULL62-W1
HB,HB-QC,2026-07-05,夜班,N12,EMPHB0357,HB-QC-QC-RM-AS,无菌线原物料品控,1,3,11.0,8.0,3.0,,FULL62-W1
HB,HB-QC,2026-07-05,夜班,N12,EMPHB0354,HB-QC-QC-RM-SODA,汽水线原物料品控,1,3,11.0,8.0,3.0,,FULL62-W1
HB,HB-SYRUP,2026-07-05,夜班,N12,EMPHB0270,HB-SYRUP-SYRUP-POST2,后糖岗2,1,4,11.0,8.0,3.0,,FULL62-W1
HB,HB-SYRUP,2026-07-05,夜班,N12,EMPHB0259,HB-SYRUP-WATER,水处理操作岗,1,4,11.0,8.0,3.0,,FULL62-W1
SX,SX-BIB01,2026-07-05,夜班,N12,EMPSX0104,SX-BIB01-FILL,灌装岗,1,3,11.0,8.0,3.0,,FULL62-W1
SX,SX-BIB01,2026-07-05,夜班,N12,EMPSX0105,SX-BIB01-PACK-2,包装岗2,0,3,11.0,8.0,3.0,,FULL62-W1
SX,SX-CAN01,2026-07-05,夜班,N12,EMPSX0054,SX-CAN01-DEPAL-CAN,卸罐机岗,0,4,11.0,8.0,3.0,,FULL62-W1
SX,SX-CAN01,2026-07-05,夜班,N12,EMPSX0037,SX-CAN01-FILL,灌注机岗,1,3,11.0,8.0,3.0,,FULL62-W1
SX,SX-CAN01,2026-07-05,夜班,N12,EMPSX0071,SX-CAN01-PACK-MULTI,多包装机,0,4,11.0,8.0,3.0,,FULL62-W1
SX,SX-CAN01,2026-07-05,夜班,N12,EMPSX0010,SX-CAN01-PACK-SHRINK,塑包机岗,0,3,11.0,8.0,3.0,,FULL62-W1
SX,SX-CAN01,2026-07-05,夜班,N12,EMPSX0067,SX-CAN01-PALLET,码垛机岗,0,3,11.0,8.0,3.0,,FULL62-W1
SX,SX-ENG,2026-07-05,夜班,N12,EMPSX0139,SX-ENG-AIRCOMP,制冷空压机岗,1,3,11.0,8.0,3.0,A,FULL62-W1
SX,SX-ENG,2026-07-05,夜班,N12,EMPSX0131,SX-ENG-ELEC-LINE1,生产线电工1,1,3,11.0,8.0,3.0,A,FULL62-W1
SX,SX-PET01,2026-07-05,夜班,N12,EMPSX0017,SX-PET01-FGI,FGI岗,0,3,11.0,8.0,3.0,,FULL62-W1
SX,SX-PET01,2026-07-05,夜班,N12,EMPSX0085,SX-PET01-FILL,灌注机岗,1,3,11.0,8.0,3.0,,FULL62-W1
SX,SX-PET01,2026-07-05,夜班,N12,EMPSX0028,SX-PET01-HANDLE,提扣机岗,0,4,11.0,8.0,3.0,,FULL62-W1
SX,SX-PET01,2026-07-05,夜班,N12,EMPSX0043,SX-PET01-PACK-SHRINK,塑包机岗,0,3,11.0,8.0,3.0,,FULL62-W1
SX,SX-PET01,2026-07-05,夜班,N12,EMPSX0014,SX-PET01-PALLET,码垛机岗,0,3,11.0,8.0,3.0,,FULL62-W1
SX,SX-PET01,2026-07-05,夜班,N12,EMPSX0052,SX-PET01-PALLET-LABEL,垛贴码岗,0,3,11.0,8.0,3.0,,FULL62-W1
SX,SX-PET02,2026-07-05,夜班,N12,EMPSX0031,SX-PET02-BLOW,吹瓶机岗,1,3,11.0,8.0,3.0,F,FULL62-W1
SX,SX-PET02,2026-07-05,夜班,N12,EMPSX0059,SX-PET02-FILL,灌注机岗,1,4,11.0,8.0,3.0,F,FULL62-W1
SX,SX-QC,2026-07-05,夜班,N12,EMPSX0155,SX-QC-QC-AUX,辅线品控（水、糖、BIB）,1,3,11.0,8.0,3.0,,FULL62-W1
SX,SX-QC,2026-07-05,夜班,N12,EMPSX0178,SX-QC-QC-BLOW,吹瓶品控,1,4,11.0,8.0,3.0,,FULL62-W1
SX,SX-QC,2026-07-05,夜班,N12,EMPSX0163,SX-QC-QC-IP-PET1,PET线品控1,1,3,11.0,8.0,3.0,,FULL62-W1
SX,SX-QC,2026-07-05,夜班,N12,EMPSX0165,SX-QC-QC-IP-PET2,PET线品控2,1,3,11.0,8.0,3.0,,FULL62-W1
SX,SX-RB01,2026-07-05,夜班,N12,EMPSX0057,SX-RB01-FILL,灌注机岗,1,3,11.0,8.0,3.0,A,FULL62-W1
SX,SX-RB01,2026-07-05,夜班,N12,EMPSX0099,SX-RB01-QC-BOTTLE,空瓶检测岗,1,3,11.0,8.0,3.0,A,FULL62-W1
SX,SX-RB01,2026-07-05,夜班,N12,EMPSX0091,SX-RB01-QC-FGI1,成品目检岗1,1,3,11.0,8.0,3.0,A,FULL62-W1
SX,SX-RB01,2026-07-05,夜班,N12,EMPSX0172,SX-RB01-QC-FGI2,成品目检岗2,1,3,11.0,8.0,3.0,A,FULL62-W1
SX,SX-SYRUP,2026-07-05,夜班,N12,EMPSX0118,SX-SYRUP-SYRUP-POST1,后糖岗1,1,3,11.0,8.0,3.0,,FULL62-W1
SX,SX-SYRUP,2026-07-05,夜班,N12,EMPSX0122,SX-SYRUP-SYRUP-POST2,后糖岗2,1,3,11.0,8.0,3.0,,FULL62-W1
SX,SX-UTIL,2026-07-05,夜班,N12,EMPSX0128,SX-UTIL-WWTP,污水处理岗,0,3,11.0,8.0,3.0,,FULL62-W1
HB,HB-AS01,2026-07-06,白班,D12,EMPHB0188,HB-AS01-BLOW,吹瓶机岗,1,3,11.0,8.0,3.0,,FULL62-W1
HB,HB-AS01,2026-07-06,白班,D12,EMPHB0303,HB-AS01-CARTON,上纸箱岗,0,4,11.0,8.0,3.0,,FULL62-W1
HB,HB-AS01,2026-07-06,白班,D12,EMPHB0206,HB-AS01-HANDLE-1,提扣机岗1,0,4,11.0,8.0,3.0,,FULL62-W1
HB,HB-AS01,2026-07-06,白班,D12,EMPHB0211,HB-AS01-HANDLE-2,提扣机岗2,0,4,11.0,8.0,3.0,,FULL62-W1
HB,HB-AS01,2026-07-06,白班,D12,EMPHB0286,HB-AS01-LABEL,贴标机岗,0,3,11.0,8.0,3.0,,FULL62-W1
HB,HB-AS01,2026-07-06,白班,D12,EMPHB0244,HB-AS01-PACK-SHRINK,膜包机岗,0,3,11.0,8.0,3.0,,FULL62-W1
HB,HB-AS01,2026-07-06,白班,D12,EMPHB0291,HB-AS01-PALLET,码垛机岗,0,3,11.0,8.0,3.0,,FULL62-W1
HB,HB-AS01,2026-07-06,白班,D12,EMPHB0312,HB-AS01-UHT-2,UHT&调配&果肉操作2,1,3,11.0,8.0,3.0,,FULL62-W1
HB,HB-ENG,2026-07-06,白班,D12,EMPHB0322,HB-ENG-ELEC-1,电气维修工程师1,1,4,11.0,8.0,3.0,,FULL62-W1
HB,HB-ENG2,2026-07-06,白班,D12,EMPHB0347,HB-ENG2-AIRCOMP,空压岗,1,3,11.0,8.0,3.0,,FULL62-W1
HB,HB-ENG2,2026-07-06,白班,D12,EMPHB0343,HB-ENG2-BOILER,锅炉岗,0,3,11.0,8.0,3.0,,FULL62-W1
HB,HB-ENG2,2026-07-06,白班,D12,EMPHB0336,HB-ENG2-ELEC-OUT1,外围电工1,1,3,11.0,8.0,3.0,,FULL62-W1
HB,HB-ENG2,2026-07-06,白班,D12,EMPHB0350,HB-ENG2-WWTP,污水岗,0,3,11.0,8.0,3.0,,FULL62-W1
HB,HB-PET01,2026-07-06,白班,D12,EMPHB0213,HB-PET01-FILL,灌注机岗,1,3,11.0,8.0,3.0,,FULL62-W1
HB,HB-PET01,2026-07-06,白班,D12,EMPHB0210,HB-PET01-HANDLE-1,提扣机岗1,0,2,11.0,8.0,3.0,,FULL62-W1
HB,HB-PET01,2026-07-06,白班,D12,EMPHB0318,HB-PET01-HANDLE-2,提扣机岗2,0,2,11.0,8.0,3.0,,FULL62-W1
HB,HB-PET01,2026-07-06,白班,D12,EMPHB0240,HB-PET01-LABEL,贴标机岗,0,3,11.0,8.0,3.0,,FULL62-W1
HB,HB-PET01,2026-07-06,白班,D12,EMPHB0200,HB-PET01-PACK-SHRINK,膜包机岗,0,3,11.0,8.0,3.0,,FULL62-W1
HB,HB-PET01,2026-07-06,白班,D12,EMPHB0246,HB-PET01-PALLET,码垛机岗,0,4,11.0,8.0,3.0,,FULL62-W1
HB,HB-PET02,2026-07-06,白班,D12,EMPHB0215,HB-PET02-BLOW-FILL,吹瓶、灌装岗位,1,3,11.0,8.0,3.0,,FULL62-W1
HB,HB-PET02,2026-07-06,白班,D12,EMPHB0194,HB-PET02-LABEL,贴标机岗,0,4,11.0,8.0,3.0,,FULL62-W1
HB,HB-PET02,2026-07-06,白班,D12,EMPHB0222,HB-PET02-PACK-SHRINK,膜包机岗,0,3,11.0,8.0,3.0,,FULL62-W1
HB,HB-PET03,2026-07-06,白班,D12,EMPHB0234,HB-PET03-FILL,灌注机岗,1,4,11.0,8.0,3.0,,FULL62-W1
HB,HB-PET03,2026-07-06,白班,D12,EMPHB0256,HB-PET03-HANDLE-1,提扣机岗1,0,2,11.0,8.0,3.0,,FULL62-W1
HB,HB-PET03,2026-07-06,白班,D12,EMPHB0300,HB-PET03-HANDLE-2,提扣机岗2,0,3,11.0,8.0,3.0,,FULL62-W1
HB,HB-PET03,2026-07-06,白班,D12,EMPHB0218,HB-PET03-PACK-SHRINK,膜包机岗,0,3,11.0,8.0,3.0,,FULL62-W1
HB,HB-PET03,2026-07-06,白班,D12,EMPHB0293,HB-PET03-PALLET,码垛机岗,0,4,11.0,8.0,3.0,,FULL62-W1
HB,HB-QC,2026-07-06,白班,D12,EMPHB0358,HB-QC-QC-RM-AS,无菌线原物料品控,1,4,11.0,8.0,3.0,,FULL62-W1
HB,HB-QC,2026-07-06,白班,D12,EMPHB0356,HB-QC-QC-RM-SODA,汽水线原物料品控,1,3,11.0,8.0,3.0,,FULL62-W1
HB,HB-QC2,2026-07-06,白班,D12,EMPHB0361,HB-QC2-QC-BLOW,吹瓶品控,1,3,11.0,8.0,3.0,,FULL62-W1
HB,HB-QC2,2026-07-06,白班,D12,EMPHB0392,HB-QC2-QC-IP-AS,无菌线制程品控,1,3,11.0,8.0,3.0,,FULL62-W1
HB,HB-QC2,2026-07-06,白班,D12,EMPHB0372,HB-QC2-QC-IP-PET01,PET01线制程品控,1,3,11.0,8.0,3.0,,FULL62-W1
HB,HB-QC2,2026-07-06,白班,D12,EMPHB0376,HB-QC2-QC-IP-PET02,PET02线制程品控,1,3,11.0,8.0,3.0,,FULL62-W1
HB,HB-QC2,2026-07-06,白班,D12,EMPHB0388,HB-QC2-QC-WATER,水糖品控,1,3,11.0,8.0,3.0,,FULL62-W1
HB,HB-SYRUP,2026-07-06,白班,D12,EMPHB0264,HB-SYRUP-SYRUP-POST1,后糖岗1,1,4,11.0,8.0,3.0,,FULL62-W1
HB,HB-SYRUP,2026-07-06,白班,D12,EMPHB0267,HB-SYRUP-SYRUP-POST2,后糖岗2,1,4,11.0,8.0,3.0,,FULL62-W1
HB,HB-SYRUP,2026-07-06,白班,D12,EMPHB0257,HB-SYRUP-WATER,水处理操作岗,1,3,11.0,8.0,3.0,,FULL62-W1
SX,SX-BIB01,2026-07-06,白班,D12,EMPSX0101,SX-BIB01-FILL,灌装岗,1,4,11.0,8.0,3.0,,FULL62-W1
SX,SX-BIB01,2026-07-06,白班,D12,EMPSX0042,SX-BIB01-PACK-1,包装岗1,0,1,11.0,8.0,3.0,,FULL62-W1
SX,SX-BIB01,2026-07-06,白班,D12,EMPSX0033,SX-BIB01-PACK-2,包装岗2,0,3,11.0,8.0,3.0,,FULL62-W1
SX,SX-BIB01,2026-07-06,白班,D12,EMPSX0113,SX-BIB01-PACK-3,包装岗3,0,4,11.0,8.0,3.0,,FULL62-W1
SX,SX-CAN01,2026-07-06,白班,D12,EMPSX0079,SX-CAN01-DEPAL-CAN,卸罐机岗,0,2,11.0,8.0,3.0,,FULL62-W1
SX,SX-CAN01,2026-07-06,白班,D12,EMPSX0039,SX-CAN01-FILL,灌注机岗,1,4,11.0,8.0,3.0,,FULL62-W1
SX,SX-CAN01,2026-07-06,白班,D12,EMPSX0069,SX-CAN01-PACK-MULTI,多包装机,0,4,11.0,8.0,3.0,,FULL62-W1
SX,SX-CAN01,2026-07-06,白班,D12,EMPSX0044,SX-CAN01-PACK-SHRINK,塑包机岗,0,4,11.0,8.0,3.0,,FULL62-W1
SX,SX-CAN01,2026-07-06,白班,D12,EMPSX0013,SX-CAN01-PALLET,码垛机岗,0,3,11.0,8.0,3.0,,FULL62-W1
SX,SX-ENG,2026-07-06,白班,D12,EMPSX0140,SX-ENG-AIRCOMP,制冷空压机岗,1,4,11.0,8.0,3.0,,FULL62-W1
SX,SX-ENG,2026-07-06,白班,D12,EMPSX0141,SX-ENG-BOILER,锅炉操作岗,0,3,11.0,8.0,3.0,,FULL62-W1
SX,SX-ENG,2026-07-06,白班,D12,EMPSX0130,SX-ENG-ELEC-LINE1,生产线电工1,1,3,11.0,8.0,3.0,,FULL62-W1
SX,SX-ENG,2026-07-06,白班,D12,EMPSX0145,SX-ENG-MECH-LINE,生产线机修岗,0,3,11.0,8.0,3.0,,FULL62-W1
SX,SX-ENG,2026-07-06,白班,D12,EMPSX0148,SX-ENG-MECH-LINE,生产线机修岗,0,3,11.0,8.0,3.0,,FULL62-W1
SX,SX-ENG,2026-07-06,白班,D12,EMPSX0152,SX-ENG-MECH-LINE,生产线机修岗,0,3,11.0,8.0,3.0,,FULL62-W1
SX,SX-PET01,2026-07-06,白班,D12,EMPSX0004,SX-PET01-BLOW-LABEL,吹贴机岗,1,4,11.0,8.0,3.0,,FULL62-W1
SX,SX-PET01,2026-07-06,白班,D12,EMPSX0025,SX-PET01-HANDLE,提扣机岗,0,3,11.0,8.0,3.0,,FULL62-W1
SX,SX-PET01,2026-07-06,白班,D12,EMPSX0047,SX-PET01-PALLET,码垛机岗,0,3,11.0,8.0,3.0,,FULL62-W1
SX,SX-PET01,2026-07-06,白班,D12,EMPSX0055,SX-PET01-PALLET-LABEL,垛贴码岗,0,3,11.0,8.0,3.0,,FULL62-W1
SX,SX-PET02,2026-07-06,白班,D12,EMPSX0032,SX-PET02-BLOW,吹瓶机岗,1,3,11.0,8.0,3.0,,FULL62-W1
SX,SX-PET02,2026-07-06,白班,D12,EMPSX0034,SX-PET02-LABEL,贴标机岗,0,3,11.0,8.0,3.0,,FULL62-W1
SX,SX-PET02,2026-07-06,白班,D12,EMPSX0066,SX-PET02-PALLET,码垛机岗,0,3,11.0,8.0,3.0,,FULL62-W1
SX,SX-RB01,2026-07-06,白班,D12,EMPSX0073,SX-RB01-DEPAL,码卸垛机岗,0,3,11.0,8.0,3.0,,FULL62-W1
SX,SX-RB01,2026-07-06,白班,D12,EMPSX0008,SX-RB01-FILL,灌注机岗,1,4,11.0,8.0,3.0,,FULL62-W1
SX,SX-RB01,2026-07-06,白班,D12,EMPSX0077,SX-RB01-LOADER,装卸箱机岗,0,3,11.0,8.0,3.0,,FULL62-W1
SX,SX-RB01,2026-07-06,白班,D12,EMPSX0097,SX-RB01-QC-BOTTLE,空瓶检测岗,1,3,11.0,8.0,3.0,,FULL62-W1
SX,SX-RB01,2026-07-06,白班,D12,EMPSX0094,SX-RB01-QC-FGI2,成品目检岗2,1,3,11.0,8.0,3.0,,FULL62-W1
SX,SX-SYRUP,2026-07-06,白班,D12,EMPSX0120,SX-SYRUP-SYRUP-POST1,后糖岗1,1,3,11.0,8.0,3.0,,FULL62-W1
SX,SX-SYRUP,2026-07-06,白班,D12,EMPSX0124,SX-SYRUP-SYRUP-POST2,后糖岗2,1,3,11.0,8.0,3.0,,FULL62-W1
HB,HB-ENG,2026-07-06,常白班,D8,EMPHB0324,HB-ENG-ELEC-2,电气维修工程师2,1,4,8.0,8.0,0.0,,FULL62-W1
HB,HB-ENG,2026-07-06,常白班,D8,EMPHB0325,HB-ENG-ENG-BLOW,吹瓶机工程师,1,3,8.0,8.0,0.0,,FULL62-W1
HB,HB-ENG,2026-07-06,常白班,D8,EMPHB0327,HB-ENG-ENG-FILL,灌装机工程师,1,3,8.0,8.0,0.0,,FULL62-W1
HB,HB-ENG,2026-07-06,常白班,D8,EMPHB0329,HB-ENG-ENG-LABEL,贴标机工程师,1,3,8.0,8.0,0.0,,FULL62-W1
HB,HB-ENG,2026-07-06,常白班,D8,EMPHB0332,HB-ENG-ENG-PACK,膜包机工程师,1,3,8.0,8.0,0.0,,FULL62-W1
HB,HB-ENG,2026-07-06,常白班,D8,EMPHB0334,HB-ENG-ENG-PALLET,码垛机工程师,1,3,8.0,8.0,0.0,,FULL62-W1
HB,HB-ENG2,2026-07-06,常白班,D8,EMPHB0340,HB-ENG2-ELEC-OUT2,外围电工2,1,4,8.0,8.0,0.0,,FULL62-W1
HB,HB-QC,2026-07-06,常白班,D8,EMPHB0363,HB-QC-QC-MICRO-AS1,无菌线微生物品控1,1,3,8.0,8.0,0.0,,FULL62-W1
HB,HB-QC,2026-07-06,常白班,D8,EMPHB0366,HB-QC-QC-MICRO-AS2,无菌线微生物品控2,1,3,8.0,8.0,0.0,,FULL62-W1
HB,HB-QC,2026-07-06,常白班,D8,EMPHB0367,HB-QC-QC-MICRO-AS3,无菌线微生物品控3,1,3,8.0,8.0,0.0,,FULL62-W1
HB,HB-QC,2026-07-06,常白班,D8,EMPHB0362,HB-QC-QC-MICRO-SODA,汽水线微生物品控,1,3,8.0,8.0,0.0,,FULL62-W1
HB,HB-SYRUP,2026-07-06,常白班,D8,EMPHB0262,HB-SYRUP-SYRUP-PRE,前糖岗,1,3,8.0,8.0,0.0,,FULL62-W1
SX,SX-ENG,2026-07-06,常白班,D8,EMPSX0133,SX-ENG-ELEC-LINE2,生产线电工2,1,3,8.0,8.0,0.0,,FULL62-W1
SX,SX-ENG,2026-07-06,常白班,D8,EMPSX0135,SX-ENG-ELEC-OUT,外围电工,1,4,8.0,8.0,0.0,,FULL62-W1
SX,SX-QC,2026-07-06,常白班,D8,EMPSX0159,SX-QC-QC-MICRO,微生物品控,1,3,8.0,8.0,0.0,,FULL62-W1
SX,SX-QC,2026-07-06,常白班,D8,EMPSX0158,SX-QC-QC-RM,原物料品控,1,4,8.0,8.0,0.0,,FULL62-W1
SX,SX-SYRUP,2026-07-06,常白班,D8,EMPSX0116,SX-SYRUP-SYRUP-PRE,前糖岗,1,3,8.0,8.0,0.0,,FULL62-W1
SX,SX-UTIL,2026-07-06,常白班,D8,EMPSX0126,SX-UTIL-WATER,水处理操作岗,1,4,8.0,8.0,0.0,,FULL62-W1
HB,HB-AS01,2026-07-06,夜班,N12,EMPHB0251,HB-AS01-CARTON,上纸箱岗,0,1,11.0,8.0,3.0,,FULL62-W1
HB,HB-AS01,2026-07-06,夜班,N12,EMPHB0280,HB-AS01-FILL,灌注机岗,1,3,11.0,8.0,3.0,,FULL62-W1
HB,HB-AS01,2026-07-06,夜班,N12,EMPHB0302,HB-AS01-HANDLE-2,提扣机岗2,0,3,11.0,8.0,3.0,,FULL62-W1
HB,HB-AS01,2026-07-06,夜班,N12,EMPHB0193,HB-AS01-LABEL,贴标机岗,0,3,11.0,8.0,3.0,,FULL62-W1
HB,HB-AS01,2026-07-06,夜班,N12,EMPHB0283,HB-AS01-PACK-SHRINK,膜包机岗,0,3,11.0,8.0,3.0,,FULL62-W1
HB,HB-AS01,2026-07-06,夜班,N12,EMPHB0273,HB-AS01-SHIFT-LEADER,生产领班,1,3,11.0,8.0,3.0,,FULL62-W1
HB,HB-AS01,2026-07-06,夜班,N12,EMPHB0314,HB-AS01-UHT-2,UHT&调配&果肉操作2,1,3,11.0,8.0,3.0,,FULL62-W1
HB,HB-ENG,2026-07-06,夜班,N12,EMPHB0321,HB-ENG-ELEC-1,电气维修工程师1,1,4,11.0,8.0,3.0,,FULL62-W1
HB,HB-ENG2,2026-07-06,夜班,N12,EMPHB0346,HB-ENG2-AIRCOMP,空压岗,1,3,11.0,8.0,3.0,,FULL62-W1
HB,HB-ENG2,2026-07-06,夜班,N12,EMPHB0344,HB-ENG2-BOILER,锅炉岗,0,4,11.0,8.0,3.0,,FULL62-W1
HB,HB-ENG2,2026-07-06,夜班,N12,EMPHB0352,HB-ENG2-WWTP,污水岗,0,3,11.0,8.0,3.0,,FULL62-W1
HB,HB-PET01,2026-07-06,夜班,N12,EMPHB0278,HB-PET01-BLOW,吹瓶机岗,1,4,11.0,8.0,3.0,,FULL62-W1
HB,HB-PET01,2026-07-06,夜班,N12,EMPHB0254,HB-PET01-HANDLE-2,提扣机岗2,0,4,11.0,8.0,3.0,,FULL62-W1
HB,HB-PET01,2026-07-06,夜班,N12,EMPHB0239,HB-PET01-LABEL,贴标机岗,0,3,11.0,8.0,3.0,,FULL62-W1
HB,HB-PET01,2026-07-06,夜班,N12,EMPHB0221,HB-PET01-PACK-SHRINK,膜包机岗,0,4,11.0,8.0,3.0,,FULL62-W1
HB,HB-PET01,2026-07-06,夜班,N12,EMPHB0245,HB-PET01-PALLET,码垛机岗,0,3,11.0,8.0,3.0,,FULL62-W1
HB,HB-PET01,2026-07-06,夜班,N12,EMPHB0181,HB-PET01-SHIFT-ENG,倒班工程师,1,4,11.0,8.0,3.0,,FULL62-W1
HB,HB-PET02,2026-07-06,夜班,N12,EMPHB0236,HB-PET02-BLOW-FILL,吹瓶、灌装岗位,1,3,11.0,8.0,3.0,,FULL62-W1
HB,HB-PET02,2026-07-06,夜班,N12,EMPHB0219,HB-PET02-LABEL,贴标机岗,0,4,11.0,8.0,3.0,,FULL62-W1
HB,HB-PET02,2026-07-06,夜班,N12,EMPHB0287,HB-PET02-PACK-SHRINK,膜包机岗,0,3,11.0,8.0,3.0,,FULL62-W1
HB,HB-PET02,2026-07-06,夜班,N12,EMPHB0225,HB-PET02-PALLET,码垛机岗,0,3,11.0,8.0,3.0,,FULL62-W1
HB,HB-PET03,2026-07-06,夜班,N12,EMPHB0276,HB-PET03-BLOW,吹瓶机岗,1,3,11.0,8.0,3.0,,FULL62-W1
HB,HB-PET03,2026-07-06,夜班,N12,EMPHB0233,HB-PET03-FILL,灌注机岗,1,3,11.0,8.0,3.0,,FULL62-W1
HB,HB-PET03,2026-07-06,夜班,N12,EMPHB0296,HB-PET03-HANDLE-1,提扣机岗1,0,3,11.0,8.0,3.0,,FULL62-W1
HB,HB-PET03,2026-07-06,夜班,N12,EMPHB0199,HB-PET03-PACK-SHRINK,膜包机岗,0,3,11.0,8.0,3.0,,FULL62-W1
HB,HB-PET03,2026-07-06,夜班,N12,EMPHB0228,HB-PET03-PALLET,码垛机岗,0,3,11.0,8.0,3.0,,FULL62-W1
HB,HB-QC,2026-07-06,夜班,N12,EMPHB0359,HB-QC-QC-RM-AS,无菌线原物料品控,1,3,11.0,8.0,3.0,,FULL62-W1
HB,HB-QC,2026-07-06,夜班,N12,EMPHB0353,HB-QC-QC-RM-SODA,汽水线原物料品控,1,4,11.0,8.0,3.0,,FULL62-W1
HB,HB-QC2,2026-07-06,夜班,N12,EMPHB0383,HB-QC2-QC-BLOW,吹瓶品控,1,4,11.0,8.0,3.0,,FULL62-W1
HB,HB-QC2,2026-07-06,夜班,N12,EMPHB0391,HB-QC2-QC-IP-AS,无菌线制程品控,1,3,11.0,8.0,3.0,,FULL62-W1
HB,HB-QC2,2026-07-06,夜班,N12,EMPHB0374,HB-QC2-QC-IP-PET02,PET02线制程品控,1,3,11.0,8.0,3.0,,FULL62-W1
HB,HB-QC2,2026-07-06,夜班,N12,EMPHB0380,HB-QC2-QC-IP-PET03,PET03线制程品控,1,4,11.0,8.0,3.0,,FULL62-W1
HB,HB-QC2,2026-07-06,夜班,N12,EMPHB0386,HB-QC2-QC-WATER,水糖品控,1,3,11.0,8.0,3.0,,FULL62-W1
HB,HB-SYRUP,2026-07-06,夜班,N12,EMPHB0265,HB-SYRUP-SYRUP-POST1,后糖岗1,1,4,11.0,8.0,3.0,,FULL62-W1
HB,HB-SYRUP,2026-07-06,夜班,N12,EMPHB0268,HB-SYRUP-SYRUP-POST2,后糖岗2,1,3,11.0,8.0,3.0,,FULL62-W1
SX,SX-BIB01,2026-07-06,夜班,N12,EMPSX0102,SX-BIB01-FILL,灌装岗,1,3,11.0,8.0,3.0,,FULL62-W1
SX,SX-BIB01,2026-07-06,夜班,N12,EMPSX0106,SX-BIB01-PACK-1,包装岗1,0,3,11.0,8.0,3.0,,FULL62-W1
SX,SX-BIB01,2026-07-06,夜班,N12,EMPSX0043,SX-BIB01-PACK-2,包装岗2,0,2,11.0,8.0,3.0,,FULL62-W1
SX,SX-CAN01,2026-07-06,夜班,N12,EMPSX0054,SX-CAN01-DEPAL-CAN,卸罐机岗,0,4,11.0,8.0,3.0,,FULL62-W1
SX,SX-CAN01,2026-07-06,夜班,N12,EMPSX0040,SX-CAN01-FILL,灌注机岗,1,3,11.0,8.0,3.0,,FULL62-W1
SX,SX-CAN01,2026-07-06,夜班,N12,EMPSX0070,SX-CAN01-PACK-MULTI,多包装机,0,4,11.0,8.0,3.0,,FULL62-W1
SX,SX-CAN01,2026-07-06,夜班,N12,EMPSX0109,SX-CAN01-PACK-SHRINK,塑包机岗,0,2,11.0,8.0,3.0,,FULL62-W1
SX,SX-CAN01,2026-07-06,夜班,N12,EMPSX0045,SX-CAN01-PALLET,码垛机岗,0,3,11.0,8.0,3.0,,FULL62-W1
SX,SX-ENG,2026-07-06,夜班,N12,EMPSX0138,SX-ENG-AIRCOMP,制冷空压机岗,1,4,11.0,8.0,3.0,,FULL62-W1
SX,SX-ENG,2026-07-06,夜班,N12,EMPSX0142,SX-ENG-BOILER,锅炉操作岗,0,3,11.0,8.0,3.0,,FULL62-W1
SX,SX-ENG,2026-07-06,夜班,N12,EMPSX0131,SX-ENG-ELEC-LINE1,生产线电工1,1,3,11.0,8.0,3.0,,FULL62-W1
SX,SX-ENG,2026-07-06,夜班,N12,EMPSX0147,SX-ENG-MECH-LINE,生产线机修岗,0,4,11.0,8.0,3.0,,FULL62-W1
SX,SX-PET01,2026-07-06,夜班,N12,EMPSX0020,SX-PET01-FGI,FGI岗,0,3,11.0,8.0,3.0,,FULL62-W1
SX,SX-PET01,2026-07-06,夜班,N12,EMPSX0005,SX-PET01-FILL,灌注机岗,1,3,11.0,8.0,3.0,,FULL62-W1
SX,SX-PET01,2026-07-06,夜班,N12,EMPSX0027,SX-PET01-HANDLE,提扣机岗,0,3,11.0,8.0,3.0,,FULL62-W1
SX,SX-PET01,2026-07-06,夜班,N12,EMPSX0021,SX-PET01-PALLET,码垛机岗,0,3,11.0,8.0,3.0,,FULL62-W1
SX,SX-PET01,2026-07-06,夜班,N12,EMPSX0051,SX-PET01-PALLET-LABEL,垛贴码岗,0,3,11.0,8.0,3.0,,FULL62-W1
SX,SX-PET02,2026-07-06,夜班,N12,EMPSX0035,SX-PET02-LABEL,贴标机岗,0,3,11.0,8.0,3.0,,FULL62-W1
SX,SX-PET02,2026-07-06,夜班,N12,EMPSX0041,SX-PET02-PACK-SHRINK,塑包机岗,0,3,11.0,8.0,3.0,,FULL62-W1
SX,SX-PET02,2026-07-06,夜班,N12,EMPSX0046,SX-PET02-PALLET,码垛机岗,0,3,11.0,8.0,3.0,,FULL62-W1
SX,SX-PET02,2026-07-06,夜班,N12,EMPSX0024,SX-PET02-PALLET-LABEL,垛贴码岗,0,3,11.0,8.0,3.0,,FULL62-W1
SX,SX-QC,2026-07-06,夜班,N12,EMPSX0154,SX-QC-QC-AUX,辅线品控（水、糖、BIB）,1,3,11.0,8.0,3.0,,FULL62-W1
SX,SX-QC,2026-07-06,夜班,N12,EMPSX0179,SX-QC-QC-BLOW,吹瓶品控,1,3,11.0,8.0,3.0,,FULL62-W1
SX,SX-QC,2026-07-06,夜班,N12,EMPSX0170,SX-QC-QC-IP-CAN,CAN线品控,1,3,11.0,8.0,3.0,,FULL62-W1
SX,SX-QC,2026-07-06,夜班,N12,EMPSX0164,SX-QC-QC-IP-PET1,PET线品控1,1,3,11.0,8.0,3.0,,FULL62-W1
SX,SX-QC,2026-07-06,夜班,N12,EMPSX0166,SX-QC-QC-IP-PET2,PET线品控2,1,3,11.0,8.0,3.0,,FULL62-W1
SX,SX-QC,2026-07-06,夜班,N12,EMPSX0174,SX-QC-QC-IP-RB,RB线品控,1,3,11.0,8.0,3.0,,FULL62-W1
SX,SX-RB01,2026-07-06,夜班,N12,EMPSX0076,SX-RB01-DEPAL,码卸垛机岗,0,3,11.0,8.0,3.0,,FULL62-W1
SX,SX-RB01,2026-07-06,夜班,N12,EMPSX0080,SX-RB01-LOADER,装卸箱机岗,0,3,11.0,8.0,3.0,,FULL62-W1
SX,SX-RB01,2026-07-06,夜班,N12,EMPSX0098,SX-RB01-QC-BOTTLE,空瓶检测岗,1,3,11.0,8.0,3.0,,FULL62-W1
SX,SX-RB01,2026-07-06,夜班,N12,EMPSX0172,SX-RB01-QC-FGI2,成品目检岗2,1,3,11.0,8.0,3.0,,FULL62-W1
SX,SX-RB01,2026-07-06,夜班,N12,EMPSX0084,SX-RB01-WASHER,洗瓶机岗,0,3,11.0,8.0,3.0,,FULL62-W1
SX,SX-SYRUP,2026-07-06,夜班,N12,EMPSX0117,SX-SYRUP-SYRUP-POST1,后糖岗1,1,3,11.0,8.0,3.0,,FULL62-W1
SX,SX-SYRUP,2026-07-06,夜班,N12,EMPSX0122,SX-SYRUP-SYRUP-POST2,后糖岗2,1,3,11.0,8.0,3.0,,FULL62-W1
HB,HB-AS01,2026-07-07,白班,D12,EMPHB0188,HB-AS01-BLOW,吹瓶机岗,1,3,11.0,8.0,3.0,,FULL62-W1
HB,HB-AS01,2026-07-07,白班,D12,EMPHB0306,HB-AS01-CARTON,上纸箱岗,0,4,11.0,8.0,3.0,,FULL62-W1
HB,HB-AS01,2026-07-07,白班,D12,EMPHB0191,HB-AS01-FILL,灌注机岗,1,4,11.0,8.0,3.0,,FULL62-W1
HB,HB-AS01,2026-07-07,白班,D12,EMPHB0297,HB-AS01-HANDLE-2,提扣机岗2,0,1,11.0,8.0,3.0,,FULL62-W1
HB,HB-AS01,2026-07-07,白班,D12,EMPHB0284,HB-AS01-LABEL,贴标机岗,0,3,11.0,8.0,3.0,,FULL62-W1
HB,HB-AS01,2026-07-07,白班,D12,EMPHB0242,HB-AS01-PACK-SHRINK,膜包机岗,0,3,11.0,8.0,3.0,,FULL62-W1
HB,HB-AS01,2026-07-07,白班,D12,EMPHB0294,HB-AS01-PALLET,码垛机岗,0,3,11.0,8.0,3.0,,FULL62-W1
HB,HB-AS01,2026-07-07,白班,D12,EMPHB0272,HB-AS01-SHIFT-LEADER,生产领班,1,3,11.0,8.0,3.0,,FULL62-W1
HB,HB-AS01,2026-07-07,白班,D12,EMPHB0309,HB-AS01-UHT-1,UHT&调配&果肉操作1,1,3,11.0,8.0,3.0,,FULL62-W1
HB,HB-AS01,2026-07-07,白班,D12,EMPHB0311,HB-AS01-UHT-2,UHT&调配&果肉操作2,1,3,11.0,8.0,3.0,,FULL62-W1
HB,HB-AS01,2026-07-07,白班,D12,EMPHB0249,HB-AS01-UHT-AUX,辅助工,0,3,11.0,8.0,3.0,,FULL62-W1
HB,HB-ENG,2026-07-07,白班,D12,EMPHB0322,HB-ENG-ELEC-1,电气维修工程师1,1,4,11.0,8.0,3.0,,FULL62-W1
HB,HB-ENG2,2026-07-07,白班,D12,EMPHB0345,HB-ENG2-AIRCOMP,空压岗,1,3,11.0,8.0,3.0,,FULL62-W1
HB,HB-ENG2,2026-07-07,白班,D12,EMPHB0335,HB-ENG2-ELEC-OUT1,外围电工1,1,4,11.0,8.0,3.0,,FULL62-W1
HB,HB-ENG2,2026-07-07,白班,D12,EMPHB0351,HB-ENG2-WWTP,污水岗,0,3,11.0,8.0,3.0,,FULL62-W1
HB,HB-PET01,2026-07-07,白班,D12,EMPHB0231,HB-PET01-BLOW,吹瓶机岗,1,4,11.0,8.0,3.0,,FULL62-W1
HB,HB-PET01,2026-07-07,白班,D12,EMPHB0215,HB-PET01-FILL,灌注机岗,1,3,11.0,8.0,3.0,,FULL62-W1
HB,HB-PET01,2026-07-07,白班,D12,EMPHB0305,HB-PET01-HANDLE-1,提扣机岗1,0,3,11.0,8.0,3.0,,FULL62-W1
HB,HB-PET01,2026-07-07,白班,D12,EMPHB0299,HB-PET01-HANDLE-2,提扣机岗2,0,3,11.0,8.0,3.0,,FULL62-W1
HB,HB-PET01,2026-07-07,白班,D12,EMPHB0224,HB-PET01-PACK-SHRINK,膜包机岗,0,4,11.0,8.0,3.0,,FULL62-W1
HB,HB-PET01,2026-07-07,白班,D12,EMPHB0202,HB-PET01-PALLET,码垛机岗,0,3,11.0,8.0,3.0,,FULL62-W1
HB,HB-PET01,2026-07-07,白班,D12,EMPHB0182,HB-PET01-SHIFT-ENG,倒班工程师,1,3,11.0,8.0,3.0,,FULL62-W1
HB,HB-PET02,2026-07-07,白班,D12,EMPHB0217,HB-PET02-LABEL,贴标机岗,0,3,11.0,8.0,3.0,,FULL62-W1
HB,HB-PET02,2026-07-07,白班,D12,EMPHB0241,HB-PET02-PACK-SHRINK,膜包机岗,0,4,11.0,8.0,3.0,,FULL62-W1
HB,HB-PET02,2026-07-07,白班,D12,EMPHB0291,HB-PET02-PALLET,码垛机岗,0,3,11.0,8.0,3.0,,FULL62-W1
HB,HB-PET03,2026-07-07,白班,D12,EMPHB0185,HB-PET03-BLOW,吹瓶机岗,1,3,11.0,8.0,3.0,A,FULL62-W1
HB,HB-PET03,2026-07-07,白班,D12,EMPHB0190,HB-PET03-FILL,灌注机岗,1,4,11.0,8.0,3.0,A,FULL62-W1
HB,HB-QC,2026-07-07,白班,D12,EMPHB0354,HB-QC-QC-RM-SODA,汽水线原物料品控,1,3,11.0,8.0,3.0,,FULL62-W1
HB,HB-SYRUP,2026-07-07,白班,D12,EMPHB0267,HB-SYRUP-SYRUP-POST2,后糖岗2,1,4,11.0,8.0,3.0,,FULL62-W1
HB,HB-SYRUP,2026-07-07,白班,D12,EMPHB0257,HB-SYRUP-WATER,水处理操作岗,1,3,11.0,8.0,3.0,,FULL62-W1
SX,SX-BIB01,2026-07-07,白班,D12,EMPSX0104,SX-BIB01-FILL,灌装岗,1,3,11.0,8.0,3.0,C,FULL62-W1
SX,SX-CAN01,2026-07-07,白班,D12,EMPSX0053,SX-CAN01-DEPAL-CAN,卸罐机岗,0,3,11.0,8.0,3.0,,FULL62-W1
SX,SX-CAN01,2026-07-07,白班,D12,EMPSX0087,SX-CAN01-FILL,灌注机岗,1,3,11.0,8.0,3.0,,FULL62-W1
SX,SX-CAN01,2026-07-07,白班,D12,EMPSX0069,SX-CAN01-PACK-MULTI,多包装机,0,4,11.0,8.0,3.0,,FULL62-W1
SX,SX-CAN01,2026-07-07,白班,D12,EMPSX0063,SX-CAN01-PACK-SHRINK,塑包机岗,0,3,11.0,8.0,3.0,,FULL62-W1
SX,SX-CAN01,2026-07-07,白班,D12,EMPSX0047,SX-CAN01-PALLET,码垛机岗,0,3,11.0,8.0,3.0,,FULL62-W1
SX,SX-ENG,2026-07-07,白班,D12,EMPSX0139,SX-ENG-AIRCOMP,制冷空压机岗,1,3,11.0,8.0,3.0,,FULL62-W1
SX,SX-ENG,2026-07-07,白班,D12,EMPSX0144,SX-ENG-BOILER,锅炉操作岗,0,4,11.0,8.0,3.0,,FULL62-W1
SX,SX-ENG,2026-07-07,白班,D12,EMPSX0132,SX-ENG-ELEC-LINE1,生产线电工1,1,3,11.0,8.0,3.0,,FULL62-W1
SX,SX-ENG,2026-07-07,白班,D12,EMPSX0145,SX-ENG-MECH-LINE,生产线机修岗,0,3,11.0,8.0,3.0,,FULL62-W1
SX,SX-ENG,2026-07-07,白班,D12,EMPSX0146,SX-ENG-MECH-LINE,生产线机修岗,0,3,11.0,8.0,3.0,,FULL62-W1
SX,SX-ENG,2026-07-07,白班,D12,EMPSX0151,SX-ENG-MECH-LINE,生产线机修岗,0,3,11.0,8.0,3.0,,FULL62-W1
SX,SX-PET01,2026-07-07,白班,D12,EMPSX0001,SX-PET01-BLOW-LABEL,吹贴机岗,1,3,11.0,8.0,3.0,,FULL62-W1
SX,SX-PET01,2026-07-07,白班,D12,EMPSX0019,SX-PET01-FGI,FGI岗,0,3,11.0,8.0,3.0,,FULL62-W1
SX,SX-PET01,2026-07-07,白班,D12,EMPSX0085,SX-PET01-FILL,灌注机岗,1,3,11.0,8.0,3.0,,FULL62-W1
SX,SX-PET01,2026-07-07,白班,D12,EMPSX0028,SX-PET01-HANDLE,提扣机岗,0,4,11.0,8.0,3.0,,FULL62-W1
SX,SX-PET01,2026-07-07,白班,D12,EMPSX0044,SX-PET01-PACK-SHRINK,塑包机岗,0,4,11.0,8.0,3.0,,FULL62-W1
SX,SX-PET01,2026-07-07,白班,D12,EMPSX0066,SX-PET01-PALLET,码垛机岗,0,3,11.0,8.0,3.0,,FULL62-W1
SX,SX-PET01,2026-07-07,白班,D12,EMPSX0052,SX-PET01-PALLET-LABEL,垛贴码岗,0,3,11.0,8.0,3.0,,FULL62-W1
SX,SX-PET02,2026-07-07,白班,D12,EMPSX0108,SX-PET02-LABEL,贴标机岗,0,3,11.0,8.0,3.0,,FULL62-W1
SX,SX-PET02,2026-07-07,白班,D12,EMPSX0022,SX-PET02-PALLET-LABEL,垛贴码岗,0,3,11.0,8.0,3.0,,FULL62-W1
SX,SX-QC,2026-07-07,白班,D12,EMPSX0153,SX-QC-QC-AUX,辅线品控（水、糖、BIB）,1,3,11.0,8.0,3.0,,FULL62-W1
SX,SX-QC,2026-07-07,白班,D12,EMPSX0178,SX-QC-QC-BLOW,吹瓶品控,1,4,11.0,8.0,3.0,,FULL62-W1
SX,SX-QC,2026-07-07,白班,D12,EMPSX0171,SX-QC-QC-IP-CAN,CAN线品控,1,3,11.0,8.0,3.0,,FULL62-W1
SX,SX-QC,2026-07-07,白班,D12,EMPSX0167,SX-QC-QC-IP-PET2,PET线品控2,1,4,11.0,8.0,3.0,,FULL62-W1
SX,SX-QC,2026-07-07,白班,D12,EMPSX0173,SX-QC-QC-IP-RB,RB线品控,1,3,11.0,8.0,3.0,,FULL62-W1
SX,SX-RB01,2026-07-07,白班,D12,EMPSX0075,SX-RB01-DEPAL,码卸垛机岗,0,3,11.0,8.0,3.0,,FULL62-W1
SX,SX-RB01,2026-07-07,白班,D12,EMPSX0088,SX-RB01-FILL,灌注机岗,1,3,11.0,8.0,3.0,,FULL62-W1
SX,SX-RB01,2026-07-07,白班,D12,EMPSX0078,SX-RB01-LOADER,装卸箱机岗,0,4,11.0,8.0,3.0,,FULL62-W1
SX,SX-RB01,2026-07-07,白班,D12,EMPSX0099,SX-RB01-QC-BOTTLE,空瓶检测岗,1,3,11.0,8.0,3.0,,FULL62-W1
SX,SX-RB01,2026-07-07,白班,D12,EMPSX0091,SX-RB01-QC-FGI1,成品目检岗1,1,3,11.0,8.0,3.0,,FULL62-W1
SX,SX-RB01,2026-07-07,白班,D12,EMPSX0095,SX-RB01-QC-FGI2,成品目检岗2,1,3,11.0,8.0,3.0,,FULL62-W1
SX,SX-RB01,2026-07-07,白班,D12,EMPSX0055,SX-RB01-WASHER,洗瓶机岗,0,3,11.0,8.0,3.0,,FULL62-W1
SX,SX-SYRUP,2026-07-07,白班,D12,EMPSX0115,SX-SYRUP-SYRUP-POST1,后糖岗1,1,3,11.0,8.0,3.0,,FULL62-W1
HB,HB-ENG,2026-07-07,常白班,D8,EMPHB0323,HB-ENG-ELEC-2,电气维修工程师2,1,4,8.0,8.0,0.0,,FULL62-W1
HB,HB-ENG,2026-07-07,常白班,D8,EMPHB0326,HB-ENG-ENG-BLOW,吹瓶机工程师,1,4,8.0,8.0,0.0,,FULL62-W1
HB,HB-ENG,2026-07-07,常白班,D8,EMPHB0327,HB-ENG-ENG-FILL,灌装机工程师,1,3,8.0,8.0,0.0,,FULL62-W1
HB,HB-ENG,2026-07-07,常白班,D8,EMPHB0329,HB-ENG-ENG-LABEL,贴标机工程师,1,3,8.0,8.0,0.0,,FULL62-W1
HB,HB-ENG,2026-07-07,常白班,D8,EMPHB0332,HB-ENG-ENG-PACK,膜包机工程师,1,3,8.0,8.0,0.0,,FULL62-W1
HB,HB-ENG,2026-07-07,常白班,D8,EMPHB0334,HB-ENG-ENG-PALLET,码垛机工程师,1,3,8.0,8.0,0.0,,FULL62-W1
HB,HB-ENG2,2026-07-07,常白班,D8,EMPHB0339,HB-ENG2-ELEC-OUT2,外围电工2,1,3,8.0,8.0,0.0,,FULL62-W1
HB,HB-QC,2026-07-07,常白班,D8,EMPHB0363,HB-QC-QC-MICRO-AS1,无菌线微生物品控1,1,3,8.0,8.0,0.0,,FULL62-W1
HB,HB-QC,2026-07-07,常白班,D8,EMPHB0365,HB-QC-QC-MICRO-AS2,无菌线微生物品控2,1,3,8.0,8.0,0.0,,FULL62-W1
HB,HB-QC,2026-07-07,常白班,D8,EMPHB0368,HB-QC-QC-MICRO-AS3,无菌线微生物品控3,1,4,8.0,8.0,0.0,,FULL62-W1
HB,HB-QC,2026-07-07,常白班,D8,EMPHB0361,HB-QC-QC-MICRO-SODA,汽水线微生物品控,1,4,8.0,8.0,0.0,,FULL62-W1
HB,HB-SYRUP,2026-07-07,常白班,D8,EMPHB0262,HB-SYRUP-SYRUP-PRE,前糖岗,1,3,8.0,8.0,0.0,,FULL62-W1
SX,SX-ENG,2026-07-07,常白班,D8,EMPSX0133,SX-ENG-ELEC-LINE2,生产线电工2,1,3,8.0,8.0,0.0,,FULL62-W1
SX,SX-ENG,2026-07-07,常白班,D8,EMPSX0136,SX-ENG-ELEC-OUT,外围电工,1,4,8.0,8.0,0.0,,FULL62-W1
SX,SX-QC,2026-07-07,常白班,D8,EMPSX0160,SX-QC-QC-MICRO,微生物品控,1,4,8.0,8.0,0.0,,FULL62-W1
SX,SX-QC,2026-07-07,常白班,D8,EMPSX0158,SX-QC-QC-RM,原物料品控,1,4,8.0,8.0,0.0,,FULL62-W1
SX,SX-SYRUP,2026-07-07,常白班,D8,EMPSX0116,SX-SYRUP-SYRUP-PRE,前糖岗,1,3,8.0,8.0,0.0,,FULL62-W1
SX,SX-UTIL,2026-07-07,常白班,D8,EMPSX0126,SX-UTIL-WATER,水处理操作岗,1,4,8.0,8.0,0.0,,FULL62-W1
HB,HB-AS01,2026-07-07,夜班,N12,EMPHB0315,HB-AS01-CARTON,上纸箱岗,0,2,11.0,8.0,3.0,,FULL62-W1
HB,HB-AS01,2026-07-07,夜班,N12,EMPHB0279,HB-AS01-FILL,灌注机岗,1,3,11.0,8.0,3.0,,FULL62-W1
HB,HB-AS01,2026-07-07,夜班,N12,EMPHB0250,HB-AS01-HANDLE-1,提扣机岗1,0,3,11.0,8.0,3.0,,FULL62-W1
HB,HB-AS01,2026-07-07,夜班,N12,EMPHB0239,HB-AS01-LABEL,贴标机岗,0,3,11.0,8.0,3.0,,FULL62-W1
HB,HB-AS01,2026-07-07,夜班,N12,EMPHB0225,HB-AS01-PALLET,码垛机岗,0,3,11.0,8.0,3.0,,FULL62-W1
HB,HB-AS01,2026-07-07,夜班,N12,EMPHB0314,HB-AS01-UHT-2,UHT&调配&果肉操作2,1,3,11.0,8.0,3.0,,FULL62-W1
HB,HB-AS01,2026-07-07,夜班,N12,EMPHB0318,HB-AS01-UHT-AUX,辅助工,0,3,11.0,8.0,3.0,,FULL62-W1
HB,HB-ENG2,2026-07-07,夜班,N12,EMPHB0347,HB-ENG2-AIRCOMP,空压岗,1,3,11.0,8.0,3.0,,FULL62-W1
HB,HB-ENG2,2026-07-07,夜班,N12,EMPHB0336,HB-ENG2-ELEC-OUT1,外围电工1,1,3,11.0,8.0,3.0,,FULL62-W1
HB,HB-ENG2,2026-07-07,夜班,N12,EMPHB0349,HB-ENG2-WWTP,污水岗,0,3,11.0,8.0,3.0,,FULL62-W1
HB,HB-PET01,2026-07-07,夜班,N12,EMPHB0276,HB-PET01-BLOW,吹瓶机岗,1,3,11.0,8.0,3.0,,FULL62-W1
HB,HB-PET01,2026-07-07,夜班,N12,EMPHB0280,HB-PET01-FILL,灌注机岗,1,3,11.0,8.0,3.0,,FULL62-W1
HB,HB-PET01,2026-07-07,夜班,N12,EMPHB0252,HB-PET01-HANDLE-1,提扣机岗1,0,3,11.0,8.0,3.0,,FULL62-W1
HB,HB-PET01,2026-07-07,夜班,N12,EMPHB0209,HB-PET01-HANDLE-2,提扣机岗2,0,4,11.0,8.0,3.0,,FULL62-W1
HB,HB-PET01,2026-07-07,夜班,N12,EMPHB0194,HB-PET01-LABEL,贴标机岗,0,4,11.0,8.0,3.0,,FULL62-W1
HB,HB-PET01,2026-07-07,夜班,N12,EMPHB0222,HB-PET01-PACK-SHRINK,膜包机岗,0,3,11.0,8.0,3.0,,FULL62-W1
HB,HB-PET01,2026-07-07,夜班,N12,EMPHB0226,HB-PET01-PALLET,码垛机岗,0,3,11.0,8.0,3.0,,FULL62-W1
HB,HB-PET01,2026-07-07,夜班,N12,EMPHB0183,HB-PET01-SHIFT-ENG,倒班工程师,1,4,11.0,8.0,3.0,,FULL62-W1
HB,HB-PET02,2026-07-07,夜班,N12,EMPHB0216,HB-PET02-BLOW-FILL,吹瓶、灌装岗位,1,3,11.0,8.0,3.0,,FULL62-W1
HB,HB-PET02,2026-07-07,夜班,N12,EMPHB0198,HB-PET02-PACK-SHRINK,膜包机岗,0,3,11.0,8.0,3.0,,FULL62-W1
HB,HB-PET02,2026-07-07,夜班,N12,EMPHB0293,HB-PET02-PALLET,码垛机岗,0,4,11.0,8.0,3.0,,FULL62-W1
HB,HB-PET03,2026-07-07,夜班,N12,EMPHB0186,HB-PET03-BLOW,吹瓶机岗,1,3,11.0,8.0,3.0,,FULL62-W1
HB,HB-PET03,2026-07-07,夜班,N12,EMPHB0189,HB-PET03-FILL,灌注机岗,1,4,11.0,8.0,3.0,,FULL62-W1
HB,HB-PET03,2026-07-07,夜班,N12,EMPHB0210,HB-PET03-HANDLE-1,提扣机岗1,0,2,11.0,8.0,3.0,,FULL62-W1
HB,HB-PET03,2026-07-07,夜班,N12,EMPHB0302,HB-PET03-HANDLE-2,提扣机岗2,0,3,11.0,8.0,3.0,,FULL62-W1
HB,HB-PET03,2026-07-07,夜班,N12,EMPHB0244,HB-PET03-PACK-SHRINK,膜包机岗,0,3,11.0,8.0,3.0,,FULL62-W1
HB,HB-PET03,2026-07-07,夜班,N12,EMPHB0203,HB-PET03-PALLET,码垛机岗,0,3,11.0,8.0,3.0,,FULL62-W1
HB,HB-QC,2026-07-07,夜班,N12,EMPHB0357,HB-QC-QC-RM-AS,无菌线原物料品控,1,3,11.0,8.0,3.0,,FULL62-W1
HB,HB-QC,2026-07-07,夜班,N12,EMPHB0353,HB-QC-QC-RM-SODA,汽水线原物料品控,1,4,11.0,8.0,3.0,,FULL62-W1
HB,HB-SYRUP,2026-07-07,夜班,N12,EMPHB0263,HB-SYRUP-SYRUP-POST1,后糖岗1,1,4,11.0,8.0,3.0,,FULL62-W1
HB,HB-SYRUP,2026-07-07,夜班,N12,EMPHB0270,HB-SYRUP-SYRUP-POST2,后糖岗2,1,4,11.0,8.0,3.0,,FULL62-W1
HB,HB-SYRUP,2026-07-07,夜班,N12,EMPHB0260,HB-SYRUP-WATER,水处理操作岗,1,3,11.0,8.0,3.0,,FULL62-W1
SX,SX-BIB01,2026-07-07,夜班,N12,EMPSX0101,SX-BIB01-FILL,灌装岗,1,4,11.0,8.0,3.0,A,FULL62-W1
SX,SX-CAN01,2026-07-07,夜班,N12,EMPSX0079,SX-CAN01-DEPAL-CAN,卸罐机岗,0,2,11.0,8.0,3.0,,FULL62-W1
SX,SX-CAN01,2026-07-07,夜班,N12,EMPSX0070,SX-CAN01-PACK-MULTI,多包装机,0,4,11.0,8.0,3.0,,FULL62-W1
SX,SX-CAN01,2026-07-07,夜班,N12,EMPSX0042,SX-CAN01-PACK-SHRINK,塑包机岗,0,3,11.0,8.0,3.0,,FULL62-W1
SX,SX-CAN01,2026-07-07,夜班,N12,EMPSX0014,SX-CAN01-PALLET,码垛机岗,0,3,11.0,8.0,3.0,,FULL62-W1
SX,SX-ENG,2026-07-07,夜班,N12,EMPSX0138,SX-ENG-AIRCOMP,制冷空压机岗,1,4,11.0,8.0,3.0,,FULL62-W1
SX,SX-ENG,2026-07-07,夜班,N12,EMPSX0141,SX-ENG-BOILER,锅炉操作岗,0,3,11.0,8.0,3.0,,FULL62-W1
SX,SX-ENG,2026-07-07,夜班,N12,EMPSX0129,SX-ENG-ELEC-LINE1,生产线电工1,1,3,11.0,8.0,3.0,,FULL62-W1
SX,SX-ENG,2026-07-07,夜班,N12,EMPSX0150,SX-ENG-MECH-LINE,生产线机修岗,0,3,11.0,8.0,3.0,,FULL62-W1
SX,SX-PET01,2026-07-07,夜班,N12,EMPSX0004,SX-PET01-BLOW-LABEL,吹贴机岗,1,4,11.0,8.0,3.0,,FULL62-W1
SX,SX-PET01,2026-07-07,夜班,N12,EMPSX0018,SX-PET01-FGI,FGI岗,0,4,11.0,8.0,3.0,,FULL62-W1
SX,SX-PET01,2026-07-07,夜班,N12,EMPSX0058,SX-PET01-FILL,灌注机岗,1,4,11.0,8.0,3.0,,FULL62-W1
SX,SX-PET01,2026-07-07,夜班,N12,EMPSX0012,SX-PET01-PACK-SHRINK,塑包机岗,0,4,11.0,8.0,3.0,,FULL62-W1
SX,SX-PET01,2026-07-07,夜班,N12,EMPSX0015,SX-PET01-PALLET,码垛机岗,0,3,11.0,8.0,3.0,,FULL62-W1
SX,SX-PET01,2026-07-07,夜班,N12,EMPSX0051,SX-PET01-PALLET-LABEL,垛贴码岗,0,3,11.0,8.0,3.0,,FULL62-W1
SX,SX-PET02,2026-07-07,夜班,N12,EMPSX0029,SX-PET02-BLOW,吹瓶机岗,1,3,11.0,8.0,3.0,,FULL62-W1
SX,SX-PET02,2026-07-07,夜班,N12,EMPSX0038,SX-PET02-FILL,灌注机岗,1,3,11.0,8.0,3.0,,FULL62-W1
SX,SX-PET02,2026-07-07,夜班,N12,EMPSX0011,SX-PET02-LABEL,贴标机岗,0,3,11.0,8.0,3.0,,FULL62-W1
SX,SX-PET02,2026-07-07,夜班,N12,EMPSX0048,SX-PET02-PALLET,码垛机岗,0,3,11.0,8.0,3.0,,FULL62-W1
SX,SX-PET02,2026-07-07,夜班,N12,EMPSX0050,SX-PET02-PALLET-LABEL,垛贴码岗,0,3,11.0,8.0,3.0,,FULL62-W1
SX,SX-QC,2026-07-07,夜班,N12,EMPSX0155,SX-QC-QC-AUX,辅线品控（水、糖、BIB）,1,3,11.0,8.0,3.0,,FULL62-W1
SX,SX-QC,2026-07-07,夜班,N12,EMPSX0180,SX-QC-QC-BLOW,吹瓶品控,1,3,11.0,8.0,3.0,,FULL62-W1
SX,SX-QC,2026-07-07,夜班,N12,EMPSX0170,SX-QC-QC-IP-CAN,CAN线品控,1,3,11.0,8.0,3.0,,FULL62-W1
SX,SX-QC,2026-07-07,夜班,N12,EMPSX0161,SX-QC-QC-IP-PET1,PET线品控1,1,3,11.0,8.0,3.0,,FULL62-W1
SX,SX-QC,2026-07-07,夜班,N12,EMPSX0165,SX-QC-QC-IP-PET2,PET线品控2,1,3,11.0,8.0,3.0,,FULL62-W1
SX,SX-QC,2026-07-07,夜班,N12,EMPSX0174,SX-QC-QC-IP-RB,RB线品控,1,3,11.0,8.0,3.0,,FULL62-W1
SX,SX-RB01,2026-07-07,夜班,N12,EMPSX0074,SX-RB01-DEPAL,码卸垛机岗,0,3,11.0,8.0,3.0,,FULL62-W1
SX,SX-RB01,2026-07-07,夜班,N12,EMPSX0060,SX-RB01-FILL,灌注机岗,1,3,11.0,8.0,3.0,,FULL62-W1
SX,SX-RB01,2026-07-07,夜班,N12,EMPSX0080,SX-RB01-LOADER,装卸箱机岗,0,3,11.0,8.0,3.0,,FULL62-W1
SX,SX-RB01,2026-07-07,夜班,N12,EMPSX0100,SX-RB01-QC-BOTTLE,空瓶检测岗,1,3,11.0,8.0,3.0,,FULL62-W1
SX,SX-RB01,2026-07-07,夜班,N12,EMPSX0090,SX-RB01-QC-FGI1,成品目检岗1,1,3,11.0,8.0,3.0,,FULL62-W1
SX,SX-RB01,2026-07-07,夜班,N12,EMPSX0094,SX-RB01-QC-FGI2,成品目检岗2,1,3,11.0,8.0,3.0,,FULL62-W1
SX,SX-RB01,2026-07-07,夜班,N12,EMPSX0084,SX-RB01-WASHER,洗瓶机岗,0,3,11.0,8.0,3.0,,FULL62-W1
SX,SX-SYRUP,2026-07-07,夜班,N12,EMPSX0119,SX-SYRUP-SYRUP-POST1,后糖岗1,1,3,11.0,8.0,3.0,,FULL62-W1
SX,SX-SYRUP,2026-07-07,夜班,N12,EMPSX0124,SX-SYRUP-SYRUP-POST2,后糖岗2,1,3,11.0,8.0,3.0,,FULL62-W1
SX,SX-UTIL,2026-07-07,夜班,N12,EMPSX0128,SX-UTIL-WWTP,污水处理岗,0,3,11.0,8.0,3.0,,FULL62-W1
HB,HB-AS01,2026-07-08,白班,D12,EMPHB0232,HB-AS01-BLOW,吹瓶机岗,1,3,11.0,8.0,3.0,,FULL62-W1
HB,HB-AS01,2026-07-08,白班,D12,EMPHB0299,HB-AS01-CARTON,上纸箱岗,0,3,11.0,8.0,3.0,,FULL62-W1
HB,HB-AS01,2026-07-08,白班,D12,EMPHB0281,HB-AS01-FILL,灌注机岗,1,4,11.0,8.0,3.0,,FULL62-W1
HB,HB-AS01,2026-07-08,白班,D12,EMPHB0298,HB-AS01-HANDLE-1,提扣机岗1,0,3,11.0,8.0,3.0,,FULL62-W1
HB,HB-AS01,2026-07-08,白班,D12,EMPHB0300,HB-AS01-HANDLE-2,提扣机岗2,0,3,11.0,8.0,3.0,,FULL62-W1
HB,HB-AS01,2026-07-08,白班,D12,EMPHB0220,HB-AS01-LABEL,贴标机岗,0,4,11.0,8.0,3.0,,FULL62-W1
HB,HB-AS01,2026-07-08,白班,D12,EMPHB0283,HB-AS01-PACK-SHRINK,膜包机岗,0,3,11.0,8.0,3.0,,FULL62-W1
HB,HB-AS01,2026-07-08,白班,D12,EMPHB0312,HB-AS01-UHT-2,UHT&调配&果肉操作2,1,3,11.0,8.0,3.0,,FULL62-W1
HB,HB-ENG,2026-07-08,白班,D12,EMPHB0319,HB-ENG-ELEC-1,电气维修工程师1,1,3,11.0,8.0,3.0,,FULL62-W1
HB,HB-ENG2,2026-07-08,白班,D12,EMPHB0346,HB-ENG2-AIRCOMP,空压岗,1,3,11.0,8.0,3.0,,FULL62-W1
HB,HB-ENG2,2026-07-08,白班,D12,EMPHB0343,HB-ENG2-BOILER,锅炉岗,0,3,11.0,8.0,3.0,,FULL62-W1
HB,HB-ENG2,2026-07-08,白班,D12,EMPHB0337,HB-ENG2-ELEC-OUT1,外围电工1,1,4,11.0,8.0,3.0,,FULL62-W1
HB,HB-ENG2,2026-07-08,白班,D12,EMPHB0350,HB-ENG2-WWTP,污水岗,0,3,11.0,8.0,3.0,,FULL62-W1
HB,HB-PET01,2026-07-08,白班,D12,EMPHB0275,HB-PET01-BLOW,吹瓶机岗,1,3,11.0,8.0,3.0,B,FULL62-W1
HB,HB-PET01,2026-07-08,白班,D12,EMPHB0234,HB-PET01-FILL,灌注机岗,1,4,11.0,8.0,3.0,B,FULL62-W1
HB,HB-PET01,2026-07-08,白班,D12,EMPHB0182,HB-PET01-SHIFT-ENG,倒班工程师,1,3,11.0,8.0,3.0,B,FULL62-W1
HB,HB-PET02,2026-07-08,白班,D12,EMPHB0215,HB-PET02-BLOW-FILL,吹瓶、灌装岗位,1,3,11.0,8.0,3.0,,FULL62-W1
HB,HB-PET02,2026-07-08,白班,D12,EMPHB0193,HB-PET02-LABEL,贴标机岗,0,3,11.0,8.0,3.0,,FULL62-W1
HB,HB-PET02,2026-07-08,白班,D12,EMPHB0197,HB-PET02-PACK-SHRINK,膜包机岗,0,4,11.0,8.0,3.0,,FULL62-W1
HB,HB-PET02,2026-07-08,白班,D12,EMPHB0294,HB-PET02-PALLET,码垛机岗,0,3,11.0,8.0,3.0,,FULL62-W1
HB,HB-PET03,2026-07-08,白班,D12,EMPHB0188,HB-PET03-BLOW,吹瓶机岗,1,3,11.0,8.0,3.0,,FULL62-W1
HB,HB-PET03,2026-07-08,白班,D12,EMPHB0235,HB-PET03-FILL,灌注机岗,1,3,11.0,8.0,3.0,,FULL62-W1
HB,HB-PET03,2026-07-08,白班,D12,EMPHB0208,HB-PET03-HANDLE-1,提扣机岗1,0,4,11.0,8.0,3.0,,FULL62-W1
HB,HB-PET03,2026-07-08,白班,D12,EMPHB0256,HB-PET03-HANDLE-2,提扣机岗2,0,3,11.0,8.0,3.0,,FULL62-W1
HB,HB-PET03,2026-07-08,白班,D12,EMPHB0240,HB-PET03-LABEL,贴标机岗,0,3,11.0,8.0,3.0,,FULL62-W1
HB,HB-PET03,2026-07-08,白班,D12,EMPHB0241,HB-PET03-PACK-SHRINK,膜包机岗,0,4,11.0,8.0,3.0,,FULL62-W1
HB,HB-PET03,2026-07-08,白班,D12,EMPHB0246,HB-PET03-PALLET,码垛机岗,0,4,11.0,8.0,3.0,,FULL62-W1
HB,HB-QC,2026-07-08,白班,D12,EMPHB0372,HB-QC-QC-RM-AS,无菌线原物料品控,1,3,11.0,8.0,3.0,,FULL62-W1
HB,HB-QC,2026-07-08,白班,D12,EMPHB0355,HB-QC-QC-RM-SODA,汽水线原物料品控,1,4,11.0,8.0,3.0,,FULL62-W1
HB,HB-QC2,2026-07-08,白班,D12,EMPHB0384,HB-QC2-QC-BLOW,吹瓶品控,1,3,11.0,8.0,3.0,,FULL62-W1
HB,HB-QC2,2026-07-08,白班,D12,EMPHB0389,HB-QC2-QC-IP-AS,无菌线制程品控,1,3,11.0,8.0,3.0,,FULL62-W1
HB,HB-QC2,2026-07-08,白班,D12,EMPHB0370,HB-QC2-QC-IP-PET01,PET01线制程品控,1,3,11.0,8.0,3.0,,FULL62-W1
HB,HB-QC2,2026-07-08,白班,D12,EMPHB0376,HB-QC2-QC-IP-PET02,PET02线制程品控,1,3,11.0,8.0,3.0,,FULL62-W1
HB,HB-QC2,2026-07-08,白班,D12,EMPHB0380,HB-QC2-QC-IP-PET03,PET03线制程品控,1,4,11.0,8.0,3.0,,FULL62-W1
HB,HB-QC2,2026-07-08,白班,D12,EMPHB0385,HB-QC2-QC-WATER,水糖品控,1,3,11.0,8.0,3.0,,FULL62-W1
HB,HB-SYRUP,2026-07-08,白班,D12,EMPHB0265,HB-SYRUP-SYRUP-POST1,后糖岗1,1,4,11.0,8.0,3.0,,FULL62-W1
HB,HB-SYRUP,2026-07-08,白班,D12,EMPHB0258,HB-SYRUP-WATER,水处理操作岗,1,3,11.0,8.0,3.0,,FULL62-W1
SX,SX-BIB01,2026-07-08,白班,D12,EMPSX0062,SX-BIB01-PACK-1,包装岗1,0,1,11.0,8.0,3.0,,FULL62-W1
SX,SX-BIB01,2026-07-08,白班,D12,EMPSX0110,SX-BIB01-PACK-2,包装岗2,0,3,11.0,8.0,3.0,,FULL62-W1
SX,SX-BIB01,2026-07-08,白班,D12,EMPSX0114,SX-BIB01-PACK-3,包装岗3,0,3,11.0,8.0,3.0,,FULL62-W1
SX,SX-CAN01,2026-07-08,白班,D12,EMPSX0054,SX-CAN01-DEPAL-CAN,卸罐机岗,0,4,11.0,8.0,3.0,,FULL62-W1
SX,SX-CAN01,2026-07-08,白班,D12,EMPSX0072,SX-CAN01-PACK-MULTI,多包装机,0,3,11.0,8.0,3.0,,FULL62-W1
SX,SX-CAN01,2026-07-08,白班,D12,EMPSX0041,SX-CAN01-PACK-SHRINK,塑包机岗,0,3,11.0,8.0,3.0,,FULL62-W1
SX,SX-CAN01,2026-07-08,白班,D12,EMPSX0049,SX-CAN01-PALLET,码垛机岗,0,3,11.0,8.0,3.0,,FULL62-W1
SX,SX-PET01,2026-07-08,白班,D12,EMPSX0001,SX-PET01-BLOW-LABEL,吹贴机岗,1,3,11.0,8.0,3.0,,FULL62-W1
SX,SX-PET01,2026-07-08,白班,D12,EMPSX0017,SX-PET01-FGI,FGI岗,0,3,11.0,8.0,3.0,,FULL62-W1
SX,SX-PET01,2026-07-08,白班,D12,EMPSX0028,SX-PET01-HANDLE,提扣机岗,0,4,11.0,8.0,3.0,,FULL62-W1
SX,SX-PET01,2026-07-08,白班,D12,EMPSX0063,SX-PET01-PACK-SHRINK,塑包机岗,0,3,11.0,8.0,3.0,,FULL62-W1
SX,SX-PET01,2026-07-08,白班,D12,EMPSX0046,SX-PET01-PALLET,码垛机岗,0,3,11.0,8.0,3.0,,FULL62-W1
SX,SX-PET01,2026-07-08,白班,D12,EMPSX0024,SX-PET01-PALLET-LABEL,垛贴码岗,0,3,11.0,8.0,3.0,,FULL62-W1
SX,SX-PET02,2026-07-08,白班,D12,EMPSX0031,SX-PET02-BLOW,吹瓶机岗,1,3,11.0,8.0,3.0,,FULL62-W1
SX,SX-PET02,2026-07-08,白班,D12,EMPSX0088,SX-PET02-FILL,灌注机岗,1,3,11.0,8.0,3.0,,FULL62-W1
SX,SX-PET02,2026-07-08,白班,D12,EMPSX0067,SX-PET02-PALLET,码垛机岗,0,3,11.0,8.0,3.0,,FULL62-W1
SX,SX-PET02,2026-07-08,白班,D12,EMPSX0022,SX-PET02-PALLET-LABEL,垛贴码岗,0,3,11.0,8.0,3.0,,FULL62-W1
SX,SX-QC,2026-07-08,白班,D12,EMPSX0156,SX-QC-QC-AUX,辅线品控（水、糖、BIB）,1,3,11.0,8.0,3.0,,FULL62-W1
SX,SX-QC,2026-07-08,白班,D12,EMPSX0177,SX-QC-QC-BLOW,吹瓶品控,1,3,11.0,8.0,3.0,,FULL62-W1
SX,SX-QC,2026-07-08,白班,D12,EMPSX0171,SX-QC-QC-IP-CAN,CAN线品控,1,3,11.0,8.0,3.0,,FULL62-W1
SX,SX-QC,2026-07-08,白班,D12,EMPSX0164,SX-QC-QC-IP-PET1,PET线品控1,1,3,11.0,8.0,3.0,,FULL62-W1
SX,SX-QC,2026-07-08,白班,D12,EMPSX0168,SX-QC-QC-IP-PET2,PET线品控2,1,4,11.0,8.0,3.0,,FULL62-W1
SX,SX-QC,2026-07-08,白班,D12,EMPSX0175,SX-QC-QC-IP-RB,RB线品控,1,4,11.0,8.0,3.0,,FULL62-W1
SX,SX-RB01,2026-07-08,白班,D12,EMPSX0073,SX-RB01-DEPAL,码卸垛机岗,0,3,11.0,8.0,3.0,,FULL62-W1
SX,SX-RB01,2026-07-08,白班,D12,EMPSX0083,SX-RB01-LOADER,装卸箱机岗,0,2,11.0,8.0,3.0,,FULL62-W1
SX,SX-RB01,2026-07-08,白班,D12,EMPSX0099,SX-RB01-QC-BOTTLE,空瓶检测岗,1,3,11.0,8.0,3.0,,FULL62-W1
SX,SX-RB01,2026-07-08,白班,D12,EMPSX0092,SX-RB01-QC-FGI1,成品目检岗1,1,3,11.0,8.0,3.0,,FULL62-W1
SX,SX-RB01,2026-07-08,白班,D12,EMPSX0093,SX-RB01-QC-FGI2,成品目检岗2,1,3,11.0,8.0,3.0,,FULL62-W1
SX,SX-RB01,2026-07-08,白班,D12,EMPSX0081,SX-RB01-WASHER,洗瓶机岗,0,4,11.0,8.0,3.0,,FULL62-W1
SX,SX-SYRUP,2026-07-08,白班,D12,EMPSX0118,SX-SYRUP-SYRUP-POST1,后糖岗1,1,3,11.0,8.0,3.0,,FULL62-W1
SX,SX-SYRUP,2026-07-08,白班,D12,EMPSX0121,SX-SYRUP-SYRUP-POST2,后糖岗2,1,3,11.0,8.0,3.0,,FULL62-W1
HB,HB-ENG,2026-07-08,常白班,D8,EMPHB0323,HB-ENG-ELEC-2,电气维修工程师2,1,4,8.0,8.0,0.0,,FULL62-W1
HB,HB-ENG,2026-07-08,常白班,D8,EMPHB0325,HB-ENG-ENG-BLOW,吹瓶机工程师,1,3,8.0,8.0,0.0,,FULL62-W1
HB,HB-ENG,2026-07-08,常白班,D8,EMPHB0327,HB-ENG-ENG-FILL,灌装机工程师,1,3,8.0,8.0,0.0,,FULL62-W1
HB,HB-ENG,2026-07-08,常白班,D8,EMPHB0329,HB-ENG-ENG-LABEL,贴标机工程师,1,3,8.0,8.0,0.0,,FULL62-W1
HB,HB-ENG,2026-07-08,常白班,D8,EMPHB0331,HB-ENG-ENG-PACK,膜包机工程师,1,3,8.0,8.0,0.0,,FULL62-W1
HB,HB-ENG,2026-07-08,常白班,D8,EMPHB0333,HB-ENG-ENG-PALLET,码垛机工程师,1,4,8.0,8.0,0.0,,FULL62-W1
HB,HB-ENG2,2026-07-08,常白班,D8,EMPHB0339,HB-ENG2-ELEC-OUT2,外围电工2,1,3,8.0,8.0,0.0,,FULL62-W1
HB,HB-QC,2026-07-08,常白班,D8,EMPHB0363,HB-QC-QC-MICRO-AS1,无菌线微生物品控1,1,3,8.0,8.0,0.0,,FULL62-W1
HB,HB-QC,2026-07-08,常白班,D8,EMPHB0365,HB-QC-QC-MICRO-AS2,无菌线微生物品控2,1,3,8.0,8.0,0.0,,FULL62-W1
HB,HB-QC,2026-07-08,常白班,D8,EMPHB0368,HB-QC-QC-MICRO-AS3,无菌线微生物品控3,1,4,8.0,8.0,0.0,,FULL62-W1
HB,HB-QC,2026-07-08,常白班,D8,EMPHB0362,HB-QC-QC-MICRO-SODA,汽水线微生物品控,1,3,8.0,8.0,0.0,,FULL62-W1
HB,HB-SYRUP,2026-07-08,常白班,D8,EMPHB0261,HB-SYRUP-SYRUP-PRE,前糖岗,1,3,8.0,8.0,0.0,,FULL62-W1
SX,SX-ENG,2026-07-08,常白班,D8,EMPSX0133,SX-ENG-ELEC-LINE2,生产线电工2,1,3,8.0,8.0,0.0,,FULL62-W1
SX,SX-ENG,2026-07-08,常白班,D8,EMPSX0136,SX-ENG-ELEC-OUT,外围电工,1,4,8.0,8.0,0.0,,FULL62-W1
SX,SX-QC,2026-07-08,常白班,D8,EMPSX0159,SX-QC-QC-MICRO,微生物品控,1,3,8.0,8.0,0.0,,FULL62-W1
SX,SX-QC,2026-07-08,常白班,D8,EMPSX0157,SX-QC-QC-RM,原物料品控,1,3,8.0,8.0,0.0,,FULL62-W1
SX,SX-SYRUP,2026-07-08,常白班,D8,EMPSX0115,SX-SYRUP-SYRUP-PRE,前糖岗,1,3,8.0,8.0,0.0,,FULL62-W1
SX,SX-UTIL,2026-07-08,常白班,D8,EMPSX0126,SX-UTIL-WATER,水处理操作岗,1,4,8.0,8.0,0.0,,FULL62-W1
HB,HB-AS01,2026-07-08,夜班,N12,EMPHB0185,HB-AS01-BLOW,吹瓶机岗,1,3,11.0,8.0,3.0,,FULL62-W1
HB,HB-AS01,2026-07-08,夜班,N12,EMPHB0303,HB-AS01-CARTON,上纸箱岗,0,4,11.0,8.0,3.0,,FULL62-W1
HB,HB-AS01,2026-07-08,夜班,N12,EMPHB0190,HB-AS01-FILL,灌注机岗,1,4,11.0,8.0,3.0,,FULL62-W1
HB,HB-AS01,2026-07-08,夜班,N12,EMPHB0296,HB-AS01-HANDLE-1,提扣机岗1,0,3,11.0,8.0,3.0,,FULL62-W1
HB,HB-AS01,2026-07-08,夜班,N12,EMPHB0212,HB-AS01-HANDLE-2,提扣机岗2,0,3,11.0,8.0,3.0,,FULL62-W1
HB,HB-AS01,2026-07-08,夜班,N12,EMPHB0238,HB-AS01-LABEL,贴标机岗,0,3,11.0,8.0,3.0,,FULL62-W1
HB,HB-AS01,2026-07-08,夜班,N12,EMPHB0222,HB-AS01-PACK-SHRINK,膜包机岗,0,3,11.0,8.0,3.0,,FULL62-W1
HB,HB-AS01,2026-07-08,夜班,N12,EMPHB0226,HB-AS01-PALLET,码垛机岗,0,3,11.0,8.0,3.0,,FULL62-W1
HB,HB-AS01,2026-07-08,夜班,N12,EMPHB0308,HB-AS01-UHT-1,UHT&调配&果肉操作1,1,4,11.0,8.0,3.0,,FULL62-W1
HB,HB-AS01,2026-07-08,夜班,N12,EMPHB0311,HB-AS01-UHT-2,UHT&调配&果肉操作2,1,3,11.0,8.0,3.0,,FULL62-W1
HB,HB-AS01,2026-07-08,夜班,N12,EMPHB0315,HB-AS01-UHT-AUX,辅助工,0,3,11.0,8.0,3.0,,FULL62-W1
HB,HB-ENG2,2026-07-08,夜班,N12,EMPHB0348,HB-ENG2-AIRCOMP,空压岗,1,4,11.0,8.0,3.0,,FULL62-W1
HB,HB-ENG2,2026-07-08,夜班,N12,EMPHB0335,HB-ENG2-ELEC-OUT1,外围电工1,1,4,11.0,8.0,3.0,,FULL62-W1
HB,HB-ENG2,2026-07-08,夜班,N12,EMPHB0351,HB-ENG2-WWTP,污水岗,0,3,11.0,8.0,3.0,,FULL62-W1
HB,HB-PET01,2026-07-08,夜班,N12,EMPHB0187,HB-PET01-BLOW,吹瓶机岗,1,3,11.0,8.0,3.0,F,FULL62-W1
HB,HB-PET01,2026-07-08,夜班,N12,EMPHB0189,HB-PET01-FILL,灌注机岗,1,4,11.0,8.0,3.0,F,FULL62-W1
HB,HB-PET01,2026-07-08,夜班,N12,EMPHB0181,HB-PET01-SHIFT-ENG,倒班工程师,1,4,11.0,8.0,3.0,F,FULL62-W1
HB,HB-PET02,2026-07-08,夜班,N12,EMPHB0214,HB-PET02-BLOW-FILL,吹瓶、灌装岗位,1,3,11.0,8.0,3.0,,FULL62-W1
HB,HB-PET02,2026-07-08,夜班,N12,EMPHB0237,HB-PET02-LABEL,贴标机岗,0,3,11.0,8.0,3.0,,FULL62-W1
HB,HB-PET02,2026-07-08,夜班,N12,EMPHB0223,HB-PET02-PACK-SHRINK,膜包机岗,0,3,11.0,8.0,3.0,,FULL62-W1
HB,HB-PET02,2026-07-08,夜班,N12,EMPHB0203,HB-PET02-PALLET,码垛机岗,0,3,11.0,8.0,3.0,,FULL62-W1
HB,HB-PET03,2026-07-08,夜班,N12,EMPHB0191,HB-PET03-FILL,灌注机岗,1,4,11.0,8.0,3.0,,FULL62-W1
HB,HB-PET03,2026-07-08,夜班,N12,EMPHB0251,HB-PET03-HANDLE-1,提扣机岗1,0,4,11.0,8.0,3.0,,FULL62-W1
HB,HB-PET03,2026-07-08,夜班,N12,EMPHB0253,HB-PET03-HANDLE-2,提扣机岗2,0,3,11.0,8.0,3.0,,FULL62-W1
HB,HB-PET03,2026-07-08,夜班,N12,EMPHB0290,HB-PET03-PACK-SHRINK,膜包机岗,0,3,11.0,8.0,3.0,,FULL62-W1
HB,HB-QC,2026-07-08,夜班,N12,EMPHB0356,HB-QC-QC-RM-SODA,汽水线原物料品控,1,3,11.0,8.0,3.0,,FULL62-W1
HB,HB-QC2,2026-07-08,夜班,N12,EMPHB0383,HB-QC2-QC-BLOW,吹瓶品控,1,4,11.0,8.0,3.0,,FULL62-W1
HB,HB-QC2,2026-07-08,夜班,N12,EMPHB0390,HB-QC2-QC-IP-AS,无菌线制程品控,1,3,11.0,8.0,3.0,,FULL62-W1
HB,HB-QC2,2026-07-08,夜班,N12,EMPHB0369,HB-QC2-QC-IP-PET01,PET01线制程品控,1,3,11.0,8.0,3.0,,FULL62-W1
HB,HB-QC2,2026-07-08,夜班,N12,EMPHB0375,HB-QC2-QC-IP-PET02,PET02线制程品控,1,3,11.0,8.0,3.0,,FULL62-W1
HB,HB-QC2,2026-07-08,夜班,N12,EMPHB0378,HB-QC2-QC-IP-PET03,PET03线制程品控,1,3,11.0,8.0,3.0,,FULL62-W1
HB,HB-QC2,2026-07-08,夜班,N12,EMPHB0387,HB-QC2-QC-WATER,水糖品控,1,3,11.0,8.0,3.0,,FULL62-W1
HB,HB-SYRUP,2026-07-08,夜班,N12,EMPHB0264,HB-SYRUP-SYRUP-POST1,后糖岗1,1,4,11.0,8.0,3.0,,FULL62-W1
SX,SX-BIB01,2026-07-08,夜班,N12,EMPSX0104,SX-BIB01-FILL,灌装岗,1,3,11.0,8.0,3.0,,FULL62-W1
SX,SX-BIB01,2026-07-08,夜班,N12,EMPSX0108,SX-BIB01-PACK-1,包装岗1,0,3,11.0,8.0,3.0,,FULL62-W1
SX,SX-BIB01,2026-07-08,夜班,N12,EMPSX0012,SX-BIB01-PACK-2,包装岗2,0,3,11.0,8.0,3.0,,FULL62-W1
SX,SX-CAN01,2026-07-08,夜班,N12,EMPSX0056,SX-CAN01-DEPAL-CAN,卸罐机岗,0,3,11.0,8.0,3.0,,FULL62-W1
SX,SX-CAN01,2026-07-08,夜班,N12,EMPSX0040,SX-CAN01-FILL,灌注机岗,1,3,11.0,8.0,3.0,,FULL62-W1
SX,SX-CAN01,2026-07-08,夜班,N12,EMPSX0070,SX-CAN01-PACK-MULTI,多包装机,0,4,11.0,8.0,3.0,,FULL62-W1
SX,SX-CAN01,2026-07-08,夜班,N12,EMPSX0044,SX-CAN01-PACK-SHRINK,塑包机岗,0,4,11.0,8.0,3.0,,FULL62-W1
SX,SX-CAN01,2026-07-08,夜班,N12,EMPSX0066,SX-CAN01-PALLET,码垛机岗,0,3,11.0,8.0,3.0,,FULL62-W1
SX,SX-PET01,2026-07-08,夜班,N12,EMPSX0003,SX-PET01-BLOW-LABEL,吹贴机岗,1,4,11.0,8.0,3.0,,FULL62-W1
SX,SX-PET01,2026-07-08,夜班,N12,EMPSX0050,SX-PET01-FGI,FGI岗,0,3,11.0,8.0,3.0,,FULL62-W1
SX,SX-PET01,2026-07-08,夜班,N12,EMPSX0039,SX-PET01-FILL,灌注机岗,1,4,11.0,8.0,3.0,,FULL62-W1
SX,SX-PET01,2026-07-08,夜班,N12,EMPSX0010,SX-PET01-PACK-SHRINK,塑包机岗,0,3,11.0,8.0,3.0,,FULL62-W1
SX,SX-PET01,2026-07-08,夜班,N12,EMPSX0016,SX-PET01-PALLET,码垛机岗,0,4,11.0,8.0,3.0,,FULL62-W1
SX,SX-PET01,2026-07-08,夜班,N12,EMPSX0021,SX-PET01-PALLET-LABEL,垛贴码岗,0,4,11.0,8.0,3.0,,FULL62-W1
SX,SX-PET02,2026-07-08,夜班,N12,EMPSX0032,SX-PET02-BLOW,吹瓶机岗,1,3,11.0,8.0,3.0,,FULL62-W1
SX,SX-PET02,2026-07-08,夜班,N12,EMPSX0035,SX-PET02-LABEL,贴标机岗,0,3,11.0,8.0,3.0,,FULL62-W1
SX,SX-PET02,2026-07-08,夜班,N12,EMPSX0064,SX-PET02-PACK-SHRINK,塑包机岗,0,3,11.0,8.0,3.0,,FULL62-W1
SX,SX-PET02,2026-07-08,夜班,N12,EMPSX0047,SX-PET02-PALLET,码垛机岗,0,3,11.0,8.0,3.0,,FULL62-W1
SX,SX-PET02,2026-07-08,夜班,N12,EMPSX0051,SX-PET02-PALLET-LABEL,垛贴码岗,0,3,11.0,8.0,3.0,,FULL62-W1
SX,SX-QC,2026-07-08,夜班,N12,EMPSX0154,SX-QC-QC-AUX,辅线品控（水、糖、BIB）,1,3,11.0,8.0,3.0,,FULL62-W1
SX,SX-QC,2026-07-08,夜班,N12,EMPSX0179,SX-QC-QC-BLOW,吹瓶品控,1,3,11.0,8.0,3.0,,FULL62-W1
SX,SX-QC,2026-07-08,夜班,N12,EMPSX0162,SX-QC-QC-IP-PET1,PET线品控1,1,4,11.0,8.0,3.0,,FULL62-W1
SX,SX-QC,2026-07-08,夜班,N12,EMPSX0167,SX-QC-QC-IP-PET2,PET线品控2,1,4,11.0,8.0,3.0,,FULL62-W1
SX,SX-RB01,2026-07-08,夜班,N12,EMPSX0065,SX-RB01-DEPAL,码卸垛机岗,0,2,11.0,8.0,3.0,,FULL62-W1
SX,SX-RB01,2026-07-08,夜班,N12,EMPSX0087,SX-RB01-FILL,灌注机岗,1,3,11.0,8.0,3.0,,FULL62-W1
SX,SX-RB01,2026-07-08,夜班,N12,EMPSX0078,SX-RB01-LOADER,装卸箱机岗,0,4,11.0,8.0,3.0,,FULL62-W1
SX,SX-RB01,2026-07-08,夜班,N12,EMPSX0090,SX-RB01-QC-FGI1,成品目检岗1,1,3,11.0,8.0,3.0,,FULL62-W1
SX,SX-RB01,2026-07-08,夜班,N12,EMPSX0096,SX-RB01-QC-FGI2,成品目检岗2,1,3,11.0,8.0,3.0,,FULL62-W1
SX,SX-RB01,2026-07-08,夜班,N12,EMPSX0084,SX-RB01-WASHER,洗瓶机岗,0,3,11.0,8.0,3.0,,FULL62-W1
SX,SX-SYRUP,2026-07-08,夜班,N12,EMPSX0120,SX-SYRUP-SYRUP-POST1,后糖岗1,1,3,11.0,8.0,3.0,,FULL62-W1
SX,SX-SYRUP,2026-07-08,夜班,N12,EMPSX0122,SX-SYRUP-SYRUP-POST2,后糖岗2,1,3,11.0,8.0,3.0,,FULL62-W1
HB,HB-AS01,2026-07-09,白班,D12,EMPHB0230,HB-AS01-BLOW,吹瓶机岗,1,3,11.0,8.0,3.0,,FULL62-W1
HB,HB-AS01,2026-07-09,白班,D12,EMPHB0306,HB-AS01-CARTON,上纸箱岗,0,4,11.0,8.0,3.0,,FULL62-W1
HB,HB-AS01,2026-07-09,白班,D12,EMPHB0208,HB-AS01-HANDLE-1,提扣机岗1,0,4,11.0,8.0,3.0,,FULL62-W1
HB,HB-AS01,2026-07-09,白班,D12,EMPHB0302,HB-AS01-HANDLE-2,提扣机岗2,0,3,11.0,8.0,3.0,,FULL62-W1
HB,HB-AS01,2026-07-09,白班,D12,EMPHB0292,HB-AS01-PALLET,码垛机岗,0,4,11.0,8.0,3.0,,FULL62-W1
HB,HB-AS01,2026-07-09,白班,D12,EMPHB0271,HB-AS01-SHIFT-LEADER,生产领班,1,3,11.0,8.0,3.0,,FULL62-W1
HB,HB-AS01,2026-07-09,白班,D12,EMPHB0310,HB-AS01-UHT-1,UHT&调配&果肉操作1,1,3,11.0,8.0,3.0,,FULL62-W1
HB,HB-AS01,2026-07-09,白班,D12,EMPHB0317,HB-AS01-UHT-AUX,辅助工,0,3,11.0,8.0,3.0,,FULL62-W1
HB,HB-ENG,2026-07-09,白班,D12,EMPHB0320,HB-ENG-ELEC-1,电气维修工程师1,1,3,11.0,8.0,3.0,,FULL62-W1
HB,HB-ENG2,2026-07-09,白班,D12,EMPHB0341,HB-ENG2-AIRCOMP,空压岗,1,3,11.0,8.0,3.0,,FULL62-W1
HB,HB-ENG2,2026-07-09,白班,D12,EMPHB0352,HB-ENG2-WWTP,污水岗,0,3,11.0,8.0,3.0,,FULL62-W1
HB,HB-PET01,2026-07-09,白班,D12,EMPHB0192,HB-PET01-FILL,灌注机岗,1,3,11.0,8.0,3.0,,FULL62-W1
HB,HB-PET01,2026-07-09,白班,D12,EMPHB0299,HB-PET01-HANDLE-1,提扣机岗1,0,2,11.0,8.0,3.0,,FULL62-W1
HB,HB-PET01,2026-07-09,白班,D12,EMPHB0209,HB-PET01-HANDLE-2,提扣机岗2,0,4,11.0,8.0,3.0,,FULL62-W1
HB,HB-PET01,2026-07-09,白班,D12,EMPHB0285,HB-PET01-LABEL,贴标机岗,0,3,11.0,8.0,3.0,,FULL62-W1
HB,HB-PET01,2026-07-09,白班,D12,EMPHB0218,HB-PET01-PACK-SHRINK,膜包机岗,0,3,11.0,8.0,3.0,,FULL62-W1
HB,HB-PET01,2026-07-09,白班,D12,EMPHB0228,HB-PET01-PALLET,码垛机岗,0,3,11.0,8.0,3.0,,FULL62-W1
HB,HB-PET01,2026-07-09,白班,D12,EMPHB0182,HB-PET01-SHIFT-ENG,倒班工程师,1,3,11.0,8.0,3.0,,FULL62-W1
HB,HB-PET02,2026-07-09,白班,D12,EMPHB0213,HB-PET02-BLOW-FILL,吹瓶、灌装岗位,1,3,11.0,8.0,3.0,,FULL62-W1
HB,HB-PET02,2026-07-09,白班,D12,EMPHB0196,HB-PET02-LABEL,贴标机岗,0,4,11.0,8.0,3.0,,FULL62-W1
HB,HB-PET02,2026-07-09,白班,D12,EMPHB0291,HB-PET02-PALLET,码垛机岗,0,3,11.0,8.0,3.0,,FULL62-W1
HB,HB-PET03,2026-07-09,白班,D12,EMPHB0276,HB-PET03-BLOW,吹瓶机岗,1,3,11.0,8.0,3.0,,FULL62-W1
HB,HB-PET03,2026-07-09,白班,D12,EMPHB0281,HB-PET03-FILL,灌注机岗,1,4,11.0,8.0,3.0,,FULL62-W1
HB,HB-PET03,2026-07-09,白班,D12,EMPHB0252,HB-PET03-HANDLE-1,提扣机岗1,0,3,11.0,8.0,3.0,,FULL62-W1
HB,HB-PET03,2026-07-09,白班,D12,EMPHB0301,HB-PET03-HANDLE-2,提扣机岗2,0,4,11.0,8.0,3.0,,FULL62-W1
HB,HB-PET03,2026-07-09,白班,D12,EMPHB0219,HB-PET03-LABEL,贴标机岗,0,4,11.0,8.0,3.0,,FULL62-W1
HB,HB-PET03,2026-07-09,白班,D12,EMPHB0224,HB-PET03-PACK-SHRINK,膜包机岗,0,4,11.0,8.0,3.0,,FULL62-W1
HB,HB-PET03,2026-07-09,白班,D12,EMPHB0204,HB-PET03-PALLET,码垛机岗,0,3,11.0,8.0,3.0,,FULL62-W1
HB,HB-QC,2026-07-09,白班,D12,EMPHB0353,HB-QC-QC-RM-SODA,汽水线原物料品控,1,4,11.0,8.0,3.0,,FULL62-W1
HB,HB-QC2,2026-07-09,白班,D12,EMPHB0381,HB-QC2-QC-BLOW,吹瓶品控,1,3,11.0,8.0,3.0,,FULL62-W1
HB,HB-QC2,2026-07-09,白班,D12,EMPHB0372,HB-QC2-QC-IP-PET01,PET01线制程品控,1,3,11.0,8.0,3.0,,FULL62-W1
HB,HB-QC2,2026-07-09,白班,D12,EMPHB0373,HB-QC2-QC-IP-PET02,PET02线制程品控,1,4,11.0,8.0,3.0,,FULL62-W1
HB,HB-QC2,2026-07-09,白班,D12,EMPHB0379,HB-QC2-QC-IP-PET03,PET03线制程品控,1,3,11.0,8.0,3.0,,FULL62-W1
HB,HB-QC2,2026-07-09,白班,D12,EMPHB0385,HB-QC2-QC-WATER,水糖品控,1,3,11.0,8.0,3.0,,FULL62-W1
HB,HB-SYRUP,2026-07-09,白班,D12,EMPHB0266,HB-SYRUP-SYRUP-POST1,后糖岗1,1,4,11.0,8.0,3.0,,FULL62-W1
HB,HB-SYRUP,2026-07-09,白班,D12,EMPHB0269,HB-SYRUP-SYRUP-POST2,后糖岗2,1,4,11.0,8.0,3.0,,FULL62-W1
HB,HB-SYRUP,2026-07-09,白班,D12,EMPHB0258,HB-SYRUP-WATER,水处理操作岗,1,3,11.0,8.0,3.0,,FULL62-W1
SX,SX-BIB01,2026-07-09,白班,D12,EMPSX0103,SX-BIB01-FILL,灌装岗,1,3,11.0,8.0,3.0,,FULL62-W1
SX,SX-BIB01,2026-07-09,白班,D12,EMPSX0062,SX-BIB01-PACK-1,包装岗1,0,1,11.0,8.0,3.0,,FULL62-W1
SX,SX-BIB01,2026-07-09,白班,D12,EMPSX0109,SX-BIB01-PACK-2,包装岗2,0,3,11.0,8.0,3.0,,FULL62-W1
SX,SX-BIB01,2026-07-09,白班,D12,EMPSX0114,SX-BIB01-PACK-3,包装岗3,0,3,11.0,8.0,3.0,,FULL62-W1
SX,SX-CAN01,2026-07-09,白班,D12,EMPSX0057,SX-CAN01-FILL,灌注机岗,1,3,11.0,8.0,3.0,C,FULL62-W1
SX,SX-ENG,2026-07-09,白班,D12,EMPSX0137,SX-ENG-AIRCOMP,制冷空压机岗,1,3,11.0,8.0,3.0,,FULL62-W1
SX,SX-ENG,2026-07-09,白班,D12,EMPSX0144,SX-ENG-BOILER,锅炉操作岗,0,4,11.0,8.0,3.0,,FULL62-W1
SX,SX-ENG,2026-07-09,白班,D12,EMPSX0145,SX-ENG-MECH-LINE,生产线机修岗,0,3,11.0,8.0,3.0,,FULL62-W1
SX,SX-ENG,2026-07-09,白班,D12,EMPSX0148,SX-ENG-MECH-LINE,生产线机修岗,0,3,11.0,8.0,3.0,,FULL62-W1
SX,SX-ENG,2026-07-09,白班,D12,EMPSX0149,SX-ENG-MECH-LINE,生产线机修岗,0,3,11.0,8.0,3.0,,FULL62-W1
SX,SX-PET01,2026-07-09,白班,D12,EMPSX0055,SX-PET01-FGI,FGI岗,0,3,11.0,8.0,3.0,,FULL62-W1
SX,SX-PET01,2026-07-09,白班,D12,EMPSX0060,SX-PET01-FILL,灌注机岗,1,3,11.0,8.0,3.0,,FULL62-W1
SX,SX-PET01,2026-07-09,白班,D12,EMPSX0025,SX-PET01-HANDLE,提扣机岗,0,3,11.0,8.0,3.0,,FULL62-W1
SX,SX-PET01,2026-07-09,白班,D12,EMPSX0046,SX-PET01-PALLET,码垛机岗,0,3,11.0,8.0,3.0,,FULL62-W1
SX,SX-PET01,2026-07-09,白班,D12,EMPSX0052,SX-PET01-PALLET-LABEL,垛贴码岗,0,3,11.0,8.0,3.0,,FULL62-W1
SX,SX-PET02,2026-07-09,白班,D12,EMPSX0031,SX-PET02-BLOW,吹瓶机岗,1,3,11.0,8.0,3.0,,FULL62-W1
SX,SX-PET02,2026-07-09,白班,D12,EMPSX0088,SX-PET02-FILL,灌注机岗,1,3,11.0,8.0,3.0,,FULL62-W1
SX,SX-PET02,2026-07-09,白班,D12,EMPSX0009,SX-PET02-PACK-SHRINK,塑包机岗,0,3,11.0,8.0,3.0,,FULL62-W1
SX,SX-PET02,2026-07-09,白班,D12,EMPSX0024,SX-PET02-PALLET-LABEL,垛贴码岗,0,3,11.0,8.0,3.0,,FULL62-W1
SX,SX-RB01,2026-07-09,白班,D12,EMPSX0075,SX-RB01-DEPAL,码卸垛机岗,0,3,11.0,8.0,3.0,,FULL62-W1
SX,SX-RB01,2026-07-09,白班,D12,EMPSX0005,SX-RB01-FILL,灌注机岗,1,3,11.0,8.0,3.0,,FULL62-W1
SX,SX-RB01,2026-07-09,白班,D12,EMPSX0068,SX-RB01-LOADER,装卸箱机岗,0,3,11.0,8.0,3.0,,FULL62-W1
SX,SX-RB01,2026-07-09,白班,D12,EMPSX0098,SX-RB01-QC-BOTTLE,空瓶检测岗,1,3,11.0,8.0,3.0,,FULL62-W1
SX,SX-RB01,2026-07-09,白班,D12,EMPSX0091,SX-RB01-QC-FGI1,成品目检岗1,1,3,11.0,8.0,3.0,,FULL62-W1
SX,SX-RB01,2026-07-09,白班,D12,EMPSX0095,SX-RB01-QC-FGI2,成品目检岗2,1,3,11.0,8.0,3.0,,FULL62-W1
SX,SX-RB01,2026-07-09,白班,D12,EMPSX0014,SX-RB01-WASHER,洗瓶机岗,0,3,11.0,8.0,3.0,,FULL62-W1
SX,SX-SYRUP,2026-07-09,白班,D12,EMPSX0115,SX-SYRUP-SYRUP-POST1,后糖岗1,1,3,11.0,8.0,3.0,,FULL62-W1
SX,SX-SYRUP,2026-07-09,白班,D12,EMPSX0123,SX-SYRUP-SYRUP-POST2,后糖岗2,1,3,11.0,8.0,3.0,,FULL62-W1
HB,HB-ENG,2026-07-09,常白班,D8,EMPHB0323,HB-ENG-ELEC-2,电气维修工程师2,1,4,8.0,8.0,0.0,,FULL62-W1
HB,HB-ENG,2026-07-09,常白班,D8,EMPHB0325,HB-ENG-ENG-BLOW,吹瓶机工程师,1,3,8.0,8.0,0.0,,FULL62-W1
HB,HB-ENG,2026-07-09,常白班,D8,EMPHB0327,HB-ENG-ENG-FILL,灌装机工程师,1,3,8.0,8.0,0.0,,FULL62-W1
HB,HB-ENG,2026-07-09,常白班,D8,EMPHB0330,HB-ENG-ENG-LABEL,贴标机工程师,1,4,8.0,8.0,0.0,,FULL62-W1
HB,HB-ENG,2026-07-09,常白班,D8,EMPHB0331,HB-ENG-ENG-PACK,膜包机工程师,1,3,8.0,8.0,0.0,,FULL62-W1
HB,HB-ENG,2026-07-09,常白班,D8,EMPHB0334,HB-ENG-ENG-PALLET,码垛机工程师,1,3,8.0,8.0,0.0,,FULL62-W1
HB,HB-ENG2,2026-07-09,常白班,D8,EMPHB0339,HB-ENG2-ELEC-OUT2,外围电工2,1,3,8.0,8.0,0.0,,FULL62-W1
HB,HB-QC,2026-07-09,常白班,D8,EMPHB0364,HB-QC-QC-MICRO-AS1,无菌线微生物品控1,1,4,8.0,8.0,0.0,,FULL62-W1
HB,HB-QC,2026-07-09,常白班,D8,EMPHB0366,HB-QC-QC-MICRO-AS2,无菌线微生物品控2,1,3,8.0,8.0,0.0,,FULL62-W1
HB,HB-QC,2026-07-09,常白班,D8,EMPHB0367,HB-QC-QC-MICRO-AS3,无菌线微生物品控3,1,3,8.0,8.0,0.0,,FULL62-W1
HB,HB-QC,2026-07-09,常白班,D8,EMPHB0362,HB-QC-QC-MICRO-SODA,汽水线微生物品控,1,3,8.0,8.0,0.0,,FULL62-W1
HB,HB-SYRUP,2026-07-09,常白班,D8,EMPHB0262,HB-SYRUP-SYRUP-PRE,前糖岗,1,3,8.0,8.0,0.0,,FULL62-W1
SX,SX-ENG,2026-07-09,常白班,D8,EMPSX0133,SX-ENG-ELEC-LINE2,生产线电工2,1,3,8.0,8.0,0.0,,FULL62-W1
SX,SX-ENG,2026-07-09,常白班,D8,EMPSX0135,SX-ENG-ELEC-OUT,外围电工,1,4,8.0,8.0,0.0,,FULL62-W1
SX,SX-QC,2026-07-09,常白班,D8,EMPSX0159,SX-QC-QC-MICRO,微生物品控,1,3,8.0,8.0,0.0,,FULL62-W1
SX,SX-QC,2026-07-09,常白班,D8,EMPSX0158,SX-QC-QC-RM,原物料品控,1,4,8.0,8.0,0.0,,FULL62-W1
SX,SX-SYRUP,2026-07-09,常白班,D8,EMPSX0116,SX-SYRUP-SYRUP-PRE,前糖岗,1,3,8.0,8.0,0.0,,FULL62-W1
SX,SX-UTIL,2026-07-09,常白班,D8,EMPSX0126,SX-UTIL-WATER,水处理操作岗,1,4,8.0,8.0,0.0,,FULL62-W1
HB,HB-AS01,2026-07-09,夜班,N12,EMPHB0277,HB-AS01-BLOW,吹瓶机岗,1,3,11.0,8.0,3.0,,FULL62-W1
HB,HB-AS01,2026-07-09,夜班,N12,EMPHB0303,HB-AS01-CARTON,上纸箱岗,0,4,11.0,8.0,3.0,,FULL62-W1
HB,HB-AS01,2026-07-09,夜班,N12,EMPHB0256,HB-AS01-HANDLE-1,提扣机岗1,0,2,11.0,8.0,3.0,,FULL62-W1
HB,HB-AS01,2026-07-09,夜班,N12,EMPHB0210,HB-AS01-HANDLE-2,提扣机岗2,0,3,11.0,8.0,3.0,,FULL62-W1
HB,HB-AS01,2026-07-09,夜班,N12,EMPHB0195,HB-AS01-LABEL,贴标机岗,0,3,11.0,8.0,3.0,,FULL62-W1
HB,HB-AS01,2026-07-09,夜班,N12,EMPHB0241,HB-AS01-PACK-SHRINK,膜包机岗,0,4,11.0,8.0,3.0,,FULL62-W1
HB,HB-AS01,2026-07-09,夜班,N12,EMPHB0227,HB-AS01-PALLET,码垛机岗,0,4,11.0,8.0,3.0,,FULL62-W1
HB,HB-AS01,2026-07-09,夜班,N12,EMPHB0273,HB-AS01-SHIFT-LEADER,生产领班,1,3,11.0,8.0,3.0,,FULL62-W1
HB,HB-AS01,2026-07-09,夜班,N12,EMPHB0309,HB-AS01-UHT-1,UHT&调配&果肉操作1,1,3,11.0,8.0,3.0,,FULL62-W1
HB,HB-AS01,2026-07-09,夜班,N12,EMPHB0314,HB-AS01-UHT-2,UHT&调配&果肉操作2,1,3,11.0,8.0,3.0,,FULL62-W1
HB,HB-AS01,2026-07-09,夜班,N12,EMPHB0249,HB-AS01-UHT-AUX,辅助工,0,3,11.0,8.0,3.0,,FULL62-W1
HB,HB-ENG,2026-07-09,夜班,N12,EMPHB0321,HB-ENG-ELEC-1,电气维修工程师1,1,4,11.0,8.0,3.0,,FULL62-W1
HB,HB-ENG2,2026-07-09,夜班,N12,EMPHB0347,HB-ENG2-AIRCOMP,空压岗,1,3,11.0,8.0,3.0,,FULL62-W1
HB,HB-ENG2,2026-07-09,夜班,N12,EMPHB0342,HB-ENG2-BOILER,锅炉岗,0,3,11.0,8.0,3.0,,FULL62-W1
HB,HB-ENG2,2026-07-09,夜班,N12,EMPHB0338,HB-ENG2-ELEC-OUT1,外围电工1,1,3,11.0,8.0,3.0,,FULL62-W1
HB,HB-ENG2,2026-07-09,夜班,N12,EMPHB0351,HB-ENG2-WWTP,污水岗,0,3,11.0,8.0,3.0,,FULL62-W1
HB,HB-PET01,2026-07-09,夜班,N12,EMPHB0187,HB-PET01-BLOW,吹瓶机岗,1,3,11.0,8.0,3.0,,FULL62-W1
HB,HB-PET01,2026-07-09,夜班,N12,EMPHB0189,HB-PET01-FILL,灌注机岗,1,4,11.0,8.0,3.0,,FULL62-W1
HB,HB-PET01,2026-07-09,夜班,N12,EMPHB0316,HB-PET01-HANDLE-1,提扣机岗1,0,3,11.0,8.0,3.0,,FULL62-W1
HB,HB-PET01,2026-07-09,夜班,N12,EMPHB0193,HB-PET01-LABEL,贴标机岗,0,3,11.0,8.0,3.0,,FULL62-W1
HB,HB-PET01,2026-07-09,夜班,N12,EMPHB0287,HB-PET01-PACK-SHRINK,膜包机岗,0,3,11.0,8.0,3.0,,FULL62-W1
HB,HB-PET01,2026-07-09,夜班,N12,EMPHB0181,HB-PET01-SHIFT-ENG,倒班工程师,1,4,11.0,8.0,3.0,,FULL62-W1
HB,HB-PET02,2026-07-09,夜班,N12,EMPHB0214,HB-PET02-BLOW-FILL,吹瓶、灌装岗位,1,3,11.0,8.0,3.0,,FULL62-W1
HB,HB-PET02,2026-07-09,夜班,N12,EMPHB0286,HB-PET02-LABEL,贴标机岗,0,3,11.0,8.0,3.0,,FULL62-W1
HB,HB-PET02,2026-07-09,夜班,N12,EMPHB0197,HB-PET02-PACK-SHRINK,膜包机岗,0,4,11.0,8.0,3.0,,FULL62-W1
HB,HB-PET02,2026-07-09,夜班,N12,EMPHB0225,HB-PET02-PALLET,码垛机岗,0,3,11.0,8.0,3.0,,FULL62-W1
HB,HB-PET03,2026-07-09,夜班,N12,EMPHB0229,HB-PET03-BLOW,吹瓶机岗,1,4,11.0,8.0,3.0,,FULL62-W1
HB,HB-PET03,2026-07-09,夜班,N12,EMPHB0250,HB-PET03-HANDLE-1,提扣机岗1,0,3,11.0,8.0,3.0,,FULL62-W1
HB,HB-PET03,2026-07-09,夜班,N12,EMPHB0300,HB-PET03-HANDLE-2,提扣机岗2,0,3,11.0,8.0,3.0,,FULL62-W1
HB,HB-PET03,2026-07-09,夜班,N12,EMPHB0194,HB-PET03-LABEL,贴标机岗,0,4,11.0,8.0,3.0,,FULL62-W1
HB,HB-PET03,2026-07-09,夜班,N12,EMPHB0223,HB-PET03-PACK-SHRINK,膜包机岗,0,3,11.0,8.0,3.0,,FULL62-W1
HB,HB-QC,2026-07-09,夜班,N12,EMPHB0357,HB-QC-QC-RM-AS,无菌线原物料品控,1,3,11.0,8.0,3.0,,FULL62-W1
HB,HB-QC,2026-07-09,夜班,N12,EMPHB0355,HB-QC-QC-RM-SODA,汽水线原物料品控,1,4,11.0,8.0,3.0,,FULL62-W1
HB,HB-QC2,2026-07-09,夜班,N12,EMPHB0384,HB-QC2-QC-BLOW,吹瓶品控,1,3,11.0,8.0,3.0,,FULL62-W1
HB,HB-QC2,2026-07-09,夜班,N12,EMPHB0389,HB-QC2-QC-IP-AS,无菌线制程品控,1,3,11.0,8.0,3.0,,FULL62-W1
HB,HB-QC2,2026-07-09,夜班,N12,EMPHB0369,HB-QC2-QC-IP-PET01,PET01线制程品控,1,3,11.0,8.0,3.0,,FULL62-W1
HB,HB-QC2,2026-07-09,夜班,N12,EMPHB0374,HB-QC2-QC-IP-PET02,PET02线制程品控,1,3,11.0,8.0,3.0,,FULL62-W1
HB,HB-QC2,2026-07-09,夜班,N12,EMPHB0380,HB-QC2-QC-IP-PET03,PET03线制程品控,1,4,11.0,8.0,3.0,,FULL62-W1
HB,HB-QC2,2026-07-09,夜班,N12,EMPHB0388,HB-QC2-QC-WATER,水糖品控,1,3,11.0,8.0,3.0,,FULL62-W1
HB,HB-SYRUP,2026-07-09,夜班,N12,EMPHB0263,HB-SYRUP-SYRUP-POST1,后糖岗1,1,4,11.0,8.0,3.0,,FULL62-W1
HB,HB-SYRUP,2026-07-09,夜班,N12,EMPHB0268,HB-SYRUP-SYRUP-POST2,后糖岗2,1,3,11.0,8.0,3.0,,FULL62-W1
SX,SX-BIB01,2026-07-09,夜班,N12,EMPSX0106,SX-BIB01-PACK-1,包装岗1,0,3,11.0,8.0,3.0,,FULL62-W1
SX,SX-BIB01,2026-07-09,夜班,N12,EMPSX0110,SX-BIB01-PACK-2,包装岗2,0,3,11.0,8.0,3.0,,FULL62-W1
SX,SX-CAN01,2026-07-09,夜班,N12,EMPSX0056,SX-CAN01-DEPAL-CAN,卸罐机岗,0,3,11.0,8.0,3.0,,FULL62-W1
SX,SX-CAN01,2026-07-09,夜班,N12,EMPSX0059,SX-CAN01-FILL,灌注机岗,1,4,11.0,8.0,3.0,,FULL62-W1
SX,SX-CAN01,2026-07-09,夜班,N12,EMPSX0070,SX-CAN01-PACK-MULTI,多包装机,0,4,11.0,8.0,3.0,,FULL62-W1
SX,SX-CAN01,2026-07-09,夜班,N12,EMPSX0061,SX-CAN01-PACK-SHRINK,塑包机岗,0,3,11.0,8.0,3.0,,FULL62-W1
SX,SX-CAN01,2026-07-09,夜班,N12,EMPSX0015,SX-CAN01-PALLET,码垛机岗,0,3,11.0,8.0,3.0,,FULL62-W1
SX,SX-ENG,2026-07-09,夜班,N12,EMPSX0140,SX-ENG-AIRCOMP,制冷空压机岗,1,4,11.0,8.0,3.0,,FULL62-W1
SX,SX-ENG,2026-07-09,夜班,N12,EMPSX0141,SX-ENG-BOILER,锅炉操作岗,0,3,11.0,8.0,3.0,,FULL62-W1
SX,SX-ENG,2026-07-09,夜班,N12,EMPSX0151,SX-ENG-MECH-LINE,生产线机修岗,0,3,11.0,8.0,3.0,,FULL62-W1
SX,SX-PET01,2026-07-09,夜班,N12,EMPSX0002,SX-PET01-BLOW-LABEL,吹贴机岗,1,3,11.0,8.0,3.0,,FULL62-W1
SX,SX-PET01,2026-07-09,夜班,N12,EMPSX0019,SX-PET01-FGI,FGI岗,0,3,11.0,8.0,3.0,,FULL62-W1
SX,SX-PET01,2026-07-09,夜班,N12,EMPSX0039,SX-PET01-FILL,灌注机岗,1,4,11.0,8.0,3.0,,FULL62-W1
SX,SX-PET01,2026-07-09,夜班,N12,EMPSX0026,SX-PET01-HANDLE,提扣机岗,0,3,11.0,8.0,3.0,,FULL62-W1
SX,SX-PET01,2026-07-09,夜班,N12,EMPSX0041,SX-PET01-PACK-SHRINK,塑包机岗,0,3,11.0,8.0,3.0,,FULL62-W1
SX,SX-PET01,2026-07-09,夜班,N12,EMPSX0045,SX-PET01-PALLET,码垛机岗,0,3,11.0,8.0,3.0,,FULL62-W1
SX,SX-PET02,2026-07-09,夜班,N12,EMPSX0011,SX-PET02-LABEL,贴标机岗,0,3,11.0,8.0,3.0,,FULL62-W1
SX,SX-PET02,2026-07-09,夜班,N12,EMPSX0043,SX-PET02-PACK-SHRINK,塑包机岗,0,3,11.0,8.0,3.0,,FULL62-W1
SX,SX-PET02,2026-07-09,夜班,N12,EMPSX0066,SX-PET02-PALLET,码垛机岗,0,3,11.0,8.0,3.0,,FULL62-W1
SX,SX-PET02,2026-07-09,夜班,N12,EMPSX0050,SX-PET02-PALLET-LABEL,垛贴码岗,0,3,11.0,8.0,3.0,,FULL62-W1
SX,SX-QC,2026-07-09,夜班,N12,EMPSX0154,SX-QC-QC-AUX,辅线品控（水、糖、BIB）,1,3,11.0,8.0,3.0,,FULL62-W1
SX,SX-QC,2026-07-09,夜班,N12,EMPSX0177,SX-QC-QC-BLOW,吹瓶品控,1,3,11.0,8.0,3.0,,FULL62-W1
SX,SX-QC,2026-07-09,夜班,N12,EMPSX0172,SX-QC-QC-IP-CAN,CAN线品控,1,3,11.0,8.0,3.0,,FULL62-W1
SX,SX-QC,2026-07-09,夜班,N12,EMPSX0162,SX-QC-QC-IP-PET1,PET线品控1,1,4,11.0,8.0,3.0,,FULL62-W1
SX,SX-QC,2026-07-09,夜班,N12,EMPSX0167,SX-QC-QC-IP-PET2,PET线品控2,1,4,11.0,8.0,3.0,,FULL62-W1
SX,SX-QC,2026-07-09,夜班,N12,EMPSX0175,SX-QC-QC-IP-RB,RB线品控,1,4,11.0,8.0,3.0,,FULL62-W1
SX,SX-RB01,2026-07-09,夜班,N12,EMPSX0073,SX-RB01-DEPAL,码卸垛机岗,0,3,11.0,8.0,3.0,,FULL62-W1
SX,SX-RB01,2026-07-09,夜班,N12,EMPSX0037,SX-RB01-FILL,灌注机岗,1,3,11.0,8.0,3.0,,FULL62-W1
SX,SX-RB01,2026-07-09,夜班,N12,EMPSX0077,SX-RB01-LOADER,装卸箱机岗,0,3,11.0,8.0,3.0,,FULL62-W1
SX,SX-RB01,2026-07-09,夜班,N12,EMPSX0090,SX-RB01-QC-FGI1,成品目检岗1,1,3,11.0,8.0,3.0,,FULL62-W1
SX,SX-RB01,2026-07-09,夜班,N12,EMPSX0096,SX-RB01-QC-FGI2,成品目检岗2,1,3,11.0,8.0,3.0,,FULL62-W1
SX,SX-SYRUP,2026-07-09,夜班,N12,EMPSX0122,SX-SYRUP-SYRUP-POST2,后糖岗2,1,3,11.0,8.0,3.0,,FULL62-W1
SX,SX-UTIL,2026-07-09,夜班,N12,EMPSX0128,SX-UTIL-WWTP,污水处理岗,0,3,11.0,8.0,3.0,,FULL62-W1
HB,HB-AS01,2026-07-10,白班,D12,EMPHB0230,HB-AS01-BLOW,吹瓶机岗,1,3,11.0,8.0,3.0,A,FULL62-W1
HB,HB-AS01,2026-07-10,白班,D12,EMPHB0234,HB-AS01-FILL,灌注机岗,1,4,11.0,8.0,3.0,A,FULL62-W1
HB,HB-AS01,2026-07-10,白班,D12,EMPHB0272,HB-AS01-SHIFT-LEADER,生产领班,1,3,11.0,8.0,3.0,A,FULL62-W1
HB,HB-AS01,2026-07-10,白班,D12,EMPHB0307,HB-AS01-UHT-1,UHT&调配&果肉操作1,1,4,11.0,8.0,3.0,A,FULL62-W1
HB,HB-AS01,2026-07-10,白班,D12,EMPHB0312,HB-AS01-UHT-2,UHT&调配&果肉操作2,1,3,11.0,8.0,3.0,A,FULL62-W1
HB,HB-ENG,2026-07-10,白班,D12,EMPHB0320,HB-ENG-ELEC-1,电气维修工程师1,1,3,11.0,8.0,3.0,,FULL62-W1
HB,HB-ENG2,2026-07-10,白班,D12,EMPHB0345,HB-ENG2-AIRCOMP,空压岗,1,3,11.0,8.0,3.0,,FULL62-W1
HB,HB-ENG2,2026-07-10,白班,D12,EMPHB0343,HB-ENG2-BOILER,锅炉岗,0,3,11.0,8.0,3.0,,FULL62-W1
HB,HB-ENG2,2026-07-10,白班,D12,EMPHB0335,HB-ENG2-ELEC-OUT1,外围电工1,1,4,11.0,8.0,3.0,,FULL62-W1
HB,HB-ENG2,2026-07-10,白班,D12,EMPHB0349,HB-ENG2-WWTP,污水岗,0,3,11.0,8.0,3.0,,FULL62-W1
HB,HB-PET01,2026-07-10,白班,D12,EMPHB0232,HB-PET01-BLOW,吹瓶机岗,1,3,11.0,8.0,3.0,,FULL62-W1
HB,HB-PET01,2026-07-10,白班,D12,EMPHB0190,HB-PET01-FILL,灌注机岗,1,4,11.0,8.0,3.0,,FULL62-W1
HB,HB-PET01,2026-07-10,白班,D12,EMPHB0305,HB-PET01-HANDLE-1,提扣机岗1,0,3,11.0,8.0,3.0,,FULL62-W1
HB,HB-PET01,2026-07-10,白班,D12,EMPHB0301,HB-PET01-HANDLE-2,提扣机岗2,0,4,11.0,8.0,3.0,,FULL62-W1
HB,HB-PET01,2026-07-10,白班,D12,EMPHB0240,HB-PET01-LABEL,贴标机岗,0,3,11.0,8.0,3.0,,FULL62-W1
HB,HB-PET01,2026-07-10,白班,D12,EMPHB0283,HB-PET01-PACK-SHRINK,膜包机岗,0,3,11.0,8.0,3.0,,FULL62-W1
HB,HB-PET01,2026-07-10,白班,D12,EMPHB0293,HB-PET01-PALLET,码垛机岗,0,4,11.0,8.0,3.0,,FULL62-W1
HB,HB-PET01,2026-07-10,白班,D12,EMPHB0183,HB-PET01-SHIFT-ENG,倒班工程师,1,4,11.0,8.0,3.0,,FULL62-W1
HB,HB-PET02,2026-07-10,白班,D12,EMPHB0192,HB-PET02-BLOW-FILL,吹瓶、灌装岗位,1,3,11.0,8.0,3.0,,FULL62-W1
HB,HB-PET02,2026-07-10,白班,D12,EMPHB0285,HB-PET02-LABEL,贴标机岗,0,3,11.0,8.0,3.0,,FULL62-W1
HB,HB-PET02,2026-07-10,白班,D12,EMPHB0199,HB-PET02-PACK-SHRINK,膜包机岗,0,3,11.0,8.0,3.0,,FULL62-W1
HB,HB-PET02,2026-07-10,白班,D12,EMPHB0292,HB-PET02-PALLET,码垛机岗,0,4,11.0,8.0,3.0,,FULL62-W1
HB,HB-PET03,2026-07-10,白班,D12,EMPHB0186,HB-PET03-BLOW,吹瓶机岗,1,3,11.0,8.0,3.0,,FULL62-W1
HB,HB-PET03,2026-07-10,白班,D12,EMPHB0279,HB-PET03-FILL,灌注机岗,1,3,11.0,8.0,3.0,,FULL62-W1
HB,HB-PET03,2026-07-10,白班,D12,EMPHB0206,HB-PET03-HANDLE-1,提扣机岗1,0,4,11.0,8.0,3.0,,FULL62-W1
HB,HB-PET03,2026-07-10,白班,D12,EMPHB0212,HB-PET03-HANDLE-2,提扣机岗2,0,3,11.0,8.0,3.0,,FULL62-W1
HB,HB-PET03,2026-07-10,白班,D12,EMPHB0196,HB-PET03-LABEL,贴标机岗,0,4,11.0,8.0,3.0,,FULL62-W1
HB,HB-PET03,2026-07-10,白班,D12,EMPHB0224,HB-PET03-PACK-SHRINK,膜包机岗,0,4,11.0,8.0,3.0,,FULL62-W1
HB,HB-PET03,2026-07-10,白班,D12,EMPHB0248,HB-PET03-PALLET,码垛机岗,0,3,11.0,8.0,3.0,,FULL62-W1
HB,HB-QC,2026-07-10,白班,D12,EMPHB0358,HB-QC-QC-RM-AS,无菌线原物料品控,1,4,11.0,8.0,3.0,,FULL62-W1
HB,HB-QC,2026-07-10,白班,D12,EMPHB0356,HB-QC-QC-RM-SODA,汽水线原物料品控,1,3,11.0,8.0,3.0,,FULL62-W1
HB,HB-QC2,2026-07-10,白班,D12,EMPHB0381,HB-QC2-QC-BLOW,吹瓶品控,1,3,11.0,8.0,3.0,C,FULL62-W1
HB,HB-QC2,2026-07-10,白班,D12,EMPHB0391,HB-QC2-QC-IP-AS,无菌线制程品控,1,3,11.0,8.0,3.0,C,FULL62-W1
HB,HB-QC2,2026-07-10,白班,D12,EMPHB0370,HB-QC2-QC-IP-PET01,PET01线制程品控,1,3,11.0,8.0,3.0,C,FULL62-W1
HB,HB-QC2,2026-07-10,白班,D12,EMPHB0373,HB-QC2-QC-IP-PET02,PET02线制程品控,1,4,11.0,8.0,3.0,C,FULL62-W1
HB,HB-QC2,2026-07-10,白班,D12,EMPHB0379,HB-QC2-QC-IP-PET03,PET03线制程品控,1,3,11.0,8.0,3.0,C,FULL62-W1
HB,HB-QC2,2026-07-10,白班,D12,EMPHB0386,HB-QC2-QC-WATER,水糖品控,1,3,11.0,8.0,3.0,C,FULL62-W1
HB,HB-SYRUP,2026-07-10,白班,D12,EMPHB0265,HB-SYRUP-SYRUP-POST1,后糖岗1,1,4,11.0,8.0,3.0,,FULL62-W1
HB,HB-SYRUP,2026-07-10,白班,D12,EMPHB0267,HB-SYRUP-SYRUP-POST2,后糖岗2,1,4,11.0,8.0,3.0,,FULL62-W1
HB,HB-SYRUP,2026-07-10,白班,D12,EMPHB0257,HB-SYRUP-WATER,水处理操作岗,1,3,11.0,8.0,3.0,,FULL62-W1
SX,SX-BIB01,2026-07-10,白班,D12,EMPSX0104,SX-BIB01-FILL,灌装岗,1,3,11.0,8.0,3.0,,FULL62-W1
SX,SX-BIB01,2026-07-10,白班,D12,EMPSX0062,SX-BIB01-PACK-1,包装岗1,0,1,11.0,8.0,3.0,,FULL62-W1
SX,SX-BIB01,2026-07-10,白班,D12,EMPSX0036,SX-BIB01-PACK-2,包装岗2,0,3,11.0,8.0,3.0,,FULL62-W1
SX,SX-BIB01,2026-07-10,白班,D12,EMPSX0113,SX-BIB01-PACK-3,包装岗3,0,4,11.0,8.0,3.0,,FULL62-W1
SX,SX-CAN01,2026-07-10,白班,D12,EMPSX0055,SX-CAN01-DEPAL-CAN,卸罐机岗,0,3,11.0,8.0,3.0,,FULL62-W1
SX,SX-CAN01,2026-07-10,白班,D12,EMPSX0057,SX-CAN01-FILL,灌注机岗,1,3,11.0,8.0,3.0,,FULL62-W1
SX,SX-CAN01,2026-07-10,白班,D12,EMPSX0071,SX-CAN01-PACK-MULTI,多包装机,0,4,11.0,8.0,3.0,,FULL62-W1
SX,SX-CAN01,2026-07-10,白班,D12,EMPSX0063,SX-CAN01-PACK-SHRINK,塑包机岗,0,3,11.0,8.0,3.0,,FULL62-W1
SX,SX-CAN01,2026-07-10,白班,D12,EMPSX0048,SX-CAN01-PALLET,码垛机岗,0,3,11.0,8.0,3.0,,FULL62-W1
SX,SX-ENG,2026-07-10,白班,D12,EMPSX0139,SX-ENG-AIRCOMP,制冷空压机岗,1,3,11.0,8.0,3.0,,FULL62-W1
SX,SX-ENG,2026-07-10,白班,D12,EMPSX0144,SX-ENG-BOILER,锅炉操作岗,0,4,11.0,8.0,3.0,,FULL62-W1
SX,SX-ENG,2026-07-10,白班,D12,EMPSX0148,SX-ENG-MECH-LINE,生产线机修岗,0,3,11.0,8.0,3.0,,FULL62-W1
SX,SX-ENG,2026-07-10,白班,D12,EMPSX0149,SX-ENG-MECH-LINE,生产线机修岗,0,3,11.0,8.0,3.0,,FULL62-W1
SX,SX-ENG,2026-07-10,白班,D12,EMPSX0150,SX-ENG-MECH-LINE,生产线机修岗,0,3,11.0,8.0,3.0,,FULL62-W1
SX,SX-PET01,2026-07-10,白班,D12,EMPSX0020,SX-PET01-FGI,FGI岗,0,3,11.0,8.0,3.0,,FULL62-W1
SX,SX-PET01,2026-07-10,白班,D12,EMPSX0007,SX-PET01-FILL,灌注机岗,1,3,11.0,8.0,3.0,,FULL62-W1
SX,SX-PET01,2026-07-10,白班,D12,EMPSX0064,SX-PET01-PACK-SHRINK,塑包机岗,0,3,11.0,8.0,3.0,,FULL62-W1
SX,SX-PET01,2026-07-10,白班,D12,EMPSX0014,SX-PET01-PALLET,码垛机岗,0,3,11.0,8.0,3.0,,FULL62-W1
SX,SX-PET01,2026-07-10,白班,D12,EMPSX0024,SX-PET01-PALLET-LABEL,垛贴码岗,0,3,11.0,8.0,3.0,,FULL62-W1
SX,SX-PET02,2026-07-10,白班,D12,EMPSX0029,SX-PET02-BLOW,吹瓶机岗,1,3,11.0,8.0,3.0,,FULL62-W1
SX,SX-PET02,2026-07-10,白班,D12,EMPSX0088,SX-PET02-FILL,灌注机岗,1,3,11.0,8.0,3.0,,FULL62-W1
SX,SX-PET02,2026-07-10,白班,D12,EMPSX0035,SX-PET02-LABEL,贴标机岗,0,3,11.0,8.0,3.0,,FULL62-W1
SX,SX-PET02,2026-07-10,白班,D12,EMPSX0065,SX-PET02-PALLET,码垛机岗,0,3,11.0,8.0,3.0,,FULL62-W1
SX,SX-PET02,2026-07-10,白班,D12,EMPSX0052,SX-PET02-PALLET-LABEL,垛贴码岗,0,3,11.0,8.0,3.0,,FULL62-W1
SX,SX-QC,2026-07-10,白班,D12,EMPSX0178,SX-QC-QC-BLOW,吹瓶品控,1,4,11.0,8.0,3.0,,FULL62-W1
SX,SX-QC,2026-07-10,白班,D12,EMPSX0171,SX-QC-QC-IP-CAN,CAN线品控,1,3,11.0,8.0,3.0,,FULL62-W1
SX,SX-QC,2026-07-10,白班,D12,EMPSX0164,SX-QC-QC-IP-PET1,PET线品控1,1,3,11.0,8.0,3.0,,FULL62-W1
SX,SX-QC,2026-07-10,白班,D12,EMPSX0168,SX-QC-QC-IP-PET2,PET线品控2,1,4,11.0,8.0,3.0,,FULL62-W1
SX,SX-QC,2026-07-10,白班,D12,EMPSX0173,SX-QC-QC-IP-RB,RB线品控,1,3,11.0,8.0,3.0,,FULL62-W1
SX,SX-RB01,2026-07-10,白班,D12,EMPSX0076,SX-RB01-DEPAL,码卸垛机岗,0,3,11.0,8.0,3.0,,FULL62-W1
SX,SX-RB01,2026-07-10,白班,D12,EMPSX0068,SX-RB01-LOADER,装卸箱机岗,0,3,11.0,8.0,3.0,,FULL62-W1
SX,SX-RB01,2026-07-10,白班,D12,EMPSX0099,SX-RB01-QC-BOTTLE,空瓶检测岗,1,3,11.0,8.0,3.0,,FULL62-W1
SX,SX-RB01,2026-07-10,白班,D12,EMPSX0092,SX-RB01-QC-FGI1,成品目检岗1,1,3,11.0,8.0,3.0,,FULL62-W1
SX,SX-RB01,2026-07-10,白班,D12,EMPSX0093,SX-RB01-QC-FGI2,成品目检岗2,1,3,11.0,8.0,3.0,,FULL62-W1
SX,SX-RB01,2026-07-10,白班,D12,EMPSX0084,SX-RB01-WASHER,洗瓶机岗,0,3,11.0,8.0,3.0,,FULL62-W1
SX,SX-SYRUP,2026-07-10,白班,D12,EMPSX0120,SX-SYRUP-SYRUP-POST1,后糖岗1,1,3,11.0,8.0,3.0,,FULL62-W1
SX,SX-SYRUP,2026-07-10,白班,D12,EMPSX0124,SX-SYRUP-SYRUP-POST2,后糖岗2,1,3,11.0,8.0,3.0,,FULL62-W1
HB,HB-ENG,2026-07-10,常白班,D8,EMPHB0323,HB-ENG-ELEC-2,电气维修工程师2,1,4,8.0,8.0,0.0,A,FULL62-W1
HB,HB-ENG,2026-07-10,常白班,D8,EMPHB0326,HB-ENG-ENG-BLOW,吹瓶机工程师,1,4,8.0,8.0,0.0,A,FULL62-W1
HB,HB-ENG,2026-07-10,常白班,D8,EMPHB0328,HB-ENG-ENG-FILL,灌装机工程师,1,3,8.0,8.0,0.0,A,FULL62-W1
HB,HB-ENG,2026-07-10,常白班,D8,EMPHB0329,HB-ENG-ENG-LABEL,贴标机工程师,1,3,8.0,8.0,0.0,A,FULL62-W1
HB,HB-ENG,2026-07-10,常白班,D8,EMPHB0332,HB-ENG-ENG-PACK,膜包机工程师,1,3,8.0,8.0,0.0,A,FULL62-W1
HB,HB-ENG,2026-07-10,常白班,D8,EMPHB0333,HB-ENG-ENG-PALLET,码垛机工程师,1,4,8.0,8.0,0.0,A,FULL62-W1
HB,HB-ENG2,2026-07-10,常白班,D8,EMPHB0340,HB-ENG2-ELEC-OUT2,外围电工2,1,4,8.0,8.0,0.0,,FULL62-W1
HB,HB-QC,2026-07-10,常白班,D8,EMPHB0363,HB-QC-QC-MICRO-AS1,无菌线微生物品控1,1,3,8.0,8.0,0.0,,FULL62-W1
HB,HB-QC,2026-07-10,常白班,D8,EMPHB0365,HB-QC-QC-MICRO-AS2,无菌线微生物品控2,1,3,8.0,8.0,0.0,,FULL62-W1
HB,HB-QC,2026-07-10,常白班,D8,EMPHB0368,HB-QC-QC-MICRO-AS3,无菌线微生物品控3,1,4,8.0,8.0,0.0,,FULL62-W1
HB,HB-QC,2026-07-10,常白班,D8,EMPHB0361,HB-QC-QC-MICRO-SODA,汽水线微生物品控,1,4,8.0,8.0,0.0,,FULL62-W1
HB,HB-SYRUP,2026-07-10,常白班,D8,EMPHB0261,HB-SYRUP-SYRUP-PRE,前糖岗,1,3,8.0,8.0,0.0,,FULL62-W1
SX,SX-ENG,2026-07-10,常白班,D8,EMPSX0133,SX-ENG-ELEC-LINE2,生产线电工2,1,3,8.0,8.0,0.0,,FULL62-W1
SX,SX-ENG,2026-07-10,常白班,D8,EMPSX0136,SX-ENG-ELEC-OUT,外围电工,1,4,8.0,8.0,0.0,,FULL62-W1
SX,SX-QC,2026-07-10,常白班,D8,EMPSX0159,SX-QC-QC-MICRO,微生物品控,1,3,8.0,8.0,0.0,,FULL62-W1
SX,SX-QC,2026-07-10,常白班,D8,EMPSX0158,SX-QC-QC-RM,原物料品控,1,4,8.0,8.0,0.0,,FULL62-W1
SX,SX-SYRUP,2026-07-10,常白班,D8,EMPSX0116,SX-SYRUP-SYRUP-PRE,前糖岗,1,3,8.0,8.0,0.0,,FULL62-W1
SX,SX-UTIL,2026-07-10,常白班,D8,EMPSX0125,SX-UTIL-WATER,水处理操作岗,1,3,8.0,8.0,0.0,,FULL62-W1
HB,HB-AS01,2026-07-10,夜班,N12,EMPHB0188,HB-AS01-BLOW,吹瓶机岗,1,3,11.0,8.0,3.0,C,FULL62-W1
HB,HB-AS01,2026-07-10,夜班,N12,EMPHB0213,HB-AS01-FILL,灌注机岗,1,3,11.0,8.0,3.0,C,FULL62-W1
HB,HB-AS01,2026-07-10,夜班,N12,EMPHB0273,HB-AS01-SHIFT-LEADER,生产领班,1,3,11.0,8.0,3.0,C,FULL62-W1
HB,HB-AS01,2026-07-10,夜班,N12,EMPHB0309,HB-AS01-UHT-1,UHT&调配&果肉操作1,1,3,11.0,8.0,3.0,C,FULL62-W1
HB,HB-AS01,2026-07-10,夜班,N12,EMPHB0314,HB-AS01-UHT-2,UHT&调配&果肉操作2,1,3,11.0,8.0,3.0,C,FULL62-W1
HB,HB-ENG,2026-07-10,夜班,N12,EMPHB0321,HB-ENG-ELEC-1,电气维修工程师1,1,4,11.0,8.0,3.0,,FULL62-W1
HB,HB-ENG2,2026-07-10,夜班,N12,EMPHB0341,HB-ENG2-AIRCOMP,空压岗,1,3,11.0,8.0,3.0,,FULL62-W1
HB,HB-ENG2,2026-07-10,夜班,N12,EMPHB0344,HB-ENG2-BOILER,锅炉岗,0,4,11.0,8.0,3.0,,FULL62-W1
HB,HB-ENG2,2026-07-10,夜班,N12,EMPHB0336,HB-ENG2-ELEC-OUT1,外围电工1,1,3,11.0,8.0,3.0,,FULL62-W1
HB,HB-PET01,2026-07-10,夜班,N12,EMPHB0275,HB-PET01-BLOW,吹瓶机岗,1,3,11.0,8.0,3.0,,FULL62-W1
HB,HB-PET01,2026-07-10,夜班,N12,EMPHB0233,HB-PET01-FILL,灌注机岗,1,3,11.0,8.0,3.0,,FULL62-W1
HB,HB-PET01,2026-07-10,夜班,N12,EMPHB0250,HB-PET01-HANDLE-1,提扣机岗1,0,3,11.0,8.0,3.0,,FULL62-W1
HB,HB-PET01,2026-07-10,夜班,N12,EMPHB0243,HB-PET01-PACK-SHRINK,膜包机岗,0,3,11.0,8.0,3.0,,FULL62-W1
HB,HB-PET02,2026-07-10,夜班,N12,EMPHB0195,HB-PET02-LABEL,贴标机岗,0,3,11.0,8.0,3.0,,FULL62-W1
HB,HB-PET02,2026-07-10,夜班,N12,EMPHB0247,HB-PET02-PALLET,码垛机岗,0,3,11.0,8.0,3.0,,FULL62-W1
HB,HB-PET03,2026-07-10,夜班,N12,EMPHB0277,HB-PET03-BLOW,吹瓶机岗,1,3,11.0,8.0,3.0,,FULL62-W1
HB,HB-PET03,2026-07-10,夜班,N12,EMPHB0191,HB-PET03-FILL,灌注机岗,1,4,11.0,8.0,3.0,,FULL62-W1
HB,HB-PET03,2026-07-10,夜班,N12,EMPHB0205,HB-PET03-HANDLE-1,提扣机岗1,0,4,11.0,8.0,3.0,,FULL62-W1
HB,HB-PET03,2026-07-10,夜班,N12,EMPHB0299,HB-PET03-HANDLE-2,提扣机岗2,0,3,11.0,8.0,3.0,,FULL62-W1
HB,HB-PET03,2026-07-10,夜班,N12,EMPHB0193,HB-PET03-LABEL,贴标机岗,0,3,11.0,8.0,3.0,,FULL62-W1
HB,HB-PET03,2026-07-10,夜班,N12,EMPHB0244,HB-PET03-PACK-SHRINK,膜包机岗,0,3,11.0,8.0,3.0,,FULL62-W1
HB,HB-PET03,2026-07-10,夜班,N12,EMPHB0225,HB-PET03-PALLET,码垛机岗,0,3,11.0,8.0,3.0,,FULL62-W1
HB,HB-QC,2026-07-10,夜班,N12,EMPHB0354,HB-QC-QC-RM-SODA,汽水线原物料品控,1,3,11.0,8.0,3.0,,FULL62-W1
HB,HB-QC2,2026-07-10,夜班,N12,EMPHB0384,HB-QC2-QC-BLOW,吹瓶品控,1,3,11.0,8.0,3.0,,FULL62-W1
HB,HB-QC2,2026-07-10,夜班,N12,EMPHB0392,HB-QC2-QC-IP-AS,无菌线制程品控,1,3,11.0,8.0,3.0,,FULL62-W1
HB,HB-QC2,2026-07-10,夜班,N12,EMPHB0369,HB-QC2-QC-IP-PET01,PET01线制程品控,1,3,11.0,8.0,3.0,,FULL62-W1
HB,HB-QC2,2026-07-10,夜班,N12,EMPHB0376,HB-QC2-QC-IP-PET02,PET02线制程品控,1,3,11.0,8.0,3.0,,FULL62-W1
HB,HB-QC2,2026-07-10,夜班,N12,EMPHB0380,HB-QC2-QC-IP-PET03,PET03线制程品控,1,4,11.0,8.0,3.0,,FULL62-W1
HB,HB-QC2,2026-07-10,夜班,N12,EMPHB0385,HB-QC2-QC-WATER,水糖品控,1,3,11.0,8.0,3.0,,FULL62-W1
HB,HB-SYRUP,2026-07-10,夜班,N12,EMPHB0266,HB-SYRUP-SYRUP-POST1,后糖岗1,1,4,11.0,8.0,3.0,,FULL62-W1
HB,HB-SYRUP,2026-07-10,夜班,N12,EMPHB0268,HB-SYRUP-SYRUP-POST2,后糖岗2,1,3,11.0,8.0,3.0,,FULL62-W1
HB,HB-SYRUP,2026-07-10,夜班,N12,EMPHB0258,HB-SYRUP-WATER,水处理操作岗,1,3,11.0,8.0,3.0,,FULL62-W1
SX,SX-BIB01,2026-07-10,夜班,N12,EMPSX0101,SX-BIB01-FILL,灌装岗,1,4,11.0,8.0,3.0,,FULL62-W1
SX,SX-BIB01,2026-07-10,夜班,N12,EMPSX0042,SX-BIB01-PACK-1,包装岗1,0,1,11.0,8.0,3.0,,FULL62-W1
SX,SX-BIB01,2026-07-10,夜班,N12,EMPSX0111,SX-BIB01-PACK-2,包装岗2,0,3,11.0,8.0,3.0,,FULL62-W1
SX,SX-CAN01,2026-07-10,夜班,N12,EMPSX0054,SX-CAN01-DEPAL-CAN,卸罐机岗,0,4,11.0,8.0,3.0,,FULL62-W1
SX,SX-CAN01,2026-07-10,夜班,N12,EMPSX0070,SX-CAN01-PACK-MULTI,多包装机,0,4,11.0,8.0,3.0,,FULL62-W1
SX,SX-CAN01,2026-07-10,夜班,N12,EMPSX0043,SX-CAN01-PACK-SHRINK,塑包机岗,0,3,11.0,8.0,3.0,,FULL62-W1
SX,SX-ENG,2026-07-10,夜班,N12,EMPSX0143,SX-ENG-BOILER,锅炉操作岗,0,3,11.0,8.0,3.0,,FULL62-W1
SX,SX-ENG,2026-07-10,夜班,N12,EMPSX0130,SX-ENG-ELEC-LINE1,生产线电工1,1,3,11.0,8.0,3.0,,FULL62-W1
SX,SX-ENG,2026-07-10,夜班,N12,EMPSX0151,SX-ENG-MECH-LINE,生产线机修岗,0,3,11.0,8.0,3.0,,FULL62-W1
SX,SX-PET01,2026-07-10,夜班,N12,EMPSX0018,SX-PET01-FGI,FGI岗,0,4,11.0,8.0,3.0,,FULL62-W1
SX,SX-PET01,2026-07-10,夜班,N12,EMPSX0040,SX-PET01-FILL,灌注机岗,1,3,11.0,8.0,3.0,,FULL62-W1
SX,SX-PET01,2026-07-10,夜班,N12,EMPSX0026,SX-PET01-HANDLE,提扣机岗,0,3,11.0,8.0,3.0,,FULL62-W1
SX,SX-PET01,2026-07-10,夜班,N12,EMPSX0011,SX-PET01-PACK-SHRINK,塑包机岗,0,3,11.0,8.0,3.0,,FULL62-W1
SX,SX-PET01,2026-07-10,夜班,N12,EMPSX0023,SX-PET01-PALLET-LABEL,垛贴码岗,0,3,11.0,8.0,3.0,,FULL62-W1
SX,SX-PET02,2026-07-10,夜班,N12,EMPSX0085,SX-PET02-FILL,灌注机岗,1,3,11.0,8.0,3.0,,FULL62-W1
SX,SX-PET02,2026-07-10,夜班,N12,EMPSX0034,SX-PET02-LABEL,贴标机岗,0,3,11.0,8.0,3.0,,FULL62-W1
SX,SX-PET02,2026-07-10,夜班,N12,EMPSX0012,SX-PET02-PACK-SHRINK,塑包机岗,0,4,11.0,8.0,3.0,,FULL62-W1
SX,SX-PET02,2026-07-10,夜班,N12,EMPSX0047,SX-PET02-PALLET,码垛机岗,0,3,11.0,8.0,3.0,,FULL62-W1
SX,SX-PET02,2026-07-10,夜班,N12,EMPSX0022,SX-PET02-PALLET-LABEL,垛贴码岗,0,3,11.0,8.0,3.0,,FULL62-W1
SX,SX-QC,2026-07-10,夜班,N12,EMPSX0177,SX-QC-QC-BLOW,吹瓶品控,1,3,11.0,8.0,3.0,,FULL62-W1
SX,SX-QC,2026-07-10,夜班,N12,EMPSX0169,SX-QC-QC-IP-CAN,CAN线品控,1,4,11.0,8.0,3.0,,FULL62-W1
SX,SX-QC,2026-07-10,夜班,N12,EMPSX0163,SX-QC-QC-IP-PET1,PET线品控1,1,3,11.0,8.0,3.0,,FULL62-W1
SX,SX-QC,2026-07-10,夜班,N12,EMPSX0165,SX-QC-QC-IP-PET2,PET线品控2,1,3,11.0,8.0,3.0,,FULL62-W1
SX,SX-QC,2026-07-10,夜班,N12,EMPSX0174,SX-QC-QC-IP-RB,RB线品控,1,3,11.0,8.0,3.0,,FULL62-W1
SX,SX-RB01,2026-07-10,夜班,N12,EMPSX0037,SX-RB01-FILL,灌注机岗,1,3,11.0,8.0,3.0,,FULL62-W1
SX,SX-RB01,2026-07-10,夜班,N12,EMPSX0080,SX-RB01-LOADER,装卸箱机岗,0,3,11.0,8.0,3.0,,FULL62-W1
SX,SX-RB01,2026-07-10,夜班,N12,EMPSX0098,SX-RB01-QC-BOTTLE,空瓶检测岗,1,3,11.0,8.0,3.0,,FULL62-W1
SX,SX-RB01,2026-07-10,夜班,N12,EMPSX0081,SX-RB01-WASHER,洗瓶机岗,0,4,11.0,8.0,3.0,,FULL62-W1
SX,SX-SYRUP,2026-07-10,夜班,N12,EMPSX0118,SX-SYRUP-SYRUP-POST1,后糖岗1,1,3,11.0,8.0,3.0,,FULL62-W1
SX,SX-SYRUP,2026-07-10,夜班,N12,EMPSX0123,SX-SYRUP-SYRUP-POST2,后糖岗2,1,3,11.0,8.0,3.0,,FULL62-W1
SX,SX-UTIL,2026-07-10,夜班,N12,EMPSX0127,SX-UTIL-WWTP,污水处理岗,0,4,11.0,8.0,3.0,,FULL62-W1
HB,HB-AS01,2026-07-11,白班,D12,EMPHB0306,HB-AS01-CARTON,上纸箱岗,0,4,11.0,8.0,3.0,,FULL62-W1
HB,HB-AS01,2026-07-11,白班,D12,EMPHB0281,HB-AS01-FILL,灌注机岗,1,4,11.0,8.0,3.0,,FULL62-W1
HB,HB-AS01,2026-07-11,白班,D12,EMPHB0249,HB-AS01-HANDLE-1,提扣机岗1,0,3,11.0,8.0,3.0,,FULL62-W1
HB,HB-AS01,2026-07-11,白班,D12,EMPHB0212,HB-AS01-HANDLE-2,提扣机岗2,0,3,11.0,8.0,3.0,,FULL62-W1
HB,HB-AS01,2026-07-11,白班,D12,EMPHB0196,HB-AS01-LABEL,贴标机岗,0,4,11.0,8.0,3.0,,FULL62-W1
HB,HB-AS01,2026-07-11,白班,D12,EMPHB0288,HB-AS01-PACK-SHRINK,膜包机岗,0,3,11.0,8.0,3.0,,FULL62-W1
HB,HB-AS01,2026-07-11,白班,D12,EMPHB0228,HB-AS01-PALLET,码垛机岗,0,3,11.0,8.0,3.0,,FULL62-W1
HB,HB-AS01,2026-07-11,白班,D12,EMPHB0274,HB-AS01-SHIFT-LEADER,生产领班,1,4,11.0,8.0,3.0,,FULL62-W1
HB,HB-AS01,2026-07-11,白班,D12,EMPHB0307,HB-AS01-UHT-1,UHT&调配&果肉操作1,1,4,11.0,8.0,3.0,,FULL62-W1
HB,HB-AS01,2026-07-11,白班,D12,EMPHB0311,HB-AS01-UHT-2,UHT&调配&果肉操作2,1,3,11.0,8.0,3.0,,FULL62-W1
HB,HB-AS01,2026-07-11,白班,D12,EMPHB0297,HB-AS01-UHT-AUX,辅助工,0,1,11.0,8.0,3.0,,FULL62-W1
HB,HB-ENG,2026-07-11,白班,D12,EMPHB0322,HB-ENG-ELEC-1,电气维修工程师1,1,4,11.0,8.0,3.0,,FULL62-W1
HB,HB-ENG2,2026-07-11,白班,D12,EMPHB0346,HB-ENG2-AIRCOMP,空压岗,1,3,11.0,8.0,3.0,,FULL62-W1
HB,HB-ENG2,2026-07-11,白班,D12,EMPHB0342,HB-ENG2-BOILER,锅炉岗,0,3,11.0,8.0,3.0,,FULL62-W1
HB,HB-ENG2,2026-07-11,白班,D12,EMPHB0337,HB-ENG2-ELEC-OUT1,外围电工1,1,4,11.0,8.0,3.0,,FULL62-W1
HB,HB-ENG2,2026-07-11,白班,D12,EMPHB0351,HB-ENG2-WWTP,污水岗,0,3,11.0,8.0,3.0,,FULL62-W1
HB,HB-PET01,2026-07-11,白班,D12,EMPHB0282,HB-PET01-FILL,灌注机岗,1,4,11.0,8.0,3.0,,FULL62-W1
HB,HB-PET01,2026-07-11,白班,D12,EMPHB0298,HB-PET01-HANDLE-1,提扣机岗1,0,3,11.0,8.0,3.0,,FULL62-W1
HB,HB-PET01,2026-07-11,白班,D12,EMPHB0256,HB-PET01-HANDLE-2,提扣机岗2,0,3,11.0,8.0,3.0,,FULL62-W1
HB,HB-PET01,2026-07-11,白班,D12,EMPHB0239,HB-PET01-LABEL,贴标机岗,0,3,11.0,8.0,3.0,,FULL62-W1
HB,HB-PET01,2026-07-11,白班,D12,EMPHB0241,HB-PET01-PACK-SHRINK,膜包机岗,0,4,11.0,8.0,3.0,,FULL62-W1
HB,HB-PET01,2026-07-11,白班,D12,EMPHB0246,HB-PET01-PALLET,码垛机岗,0,4,11.0,8.0,3.0,,FULL62-W1
HB,HB-PET01,2026-07-11,白班,D12,EMPHB0183,HB-PET01-SHIFT-ENG,倒班工程师,1,4,11.0,8.0,3.0,,FULL62-W1
HB,HB-PET02,2026-07-11,白班,D12,EMPHB0214,HB-PET02-BLOW-FILL,吹瓶、灌装岗位,1,3,11.0,8.0,3.0,,FULL62-W1
HB,HB-PET02,2026-07-11,白班,D12,EMPHB0283,HB-PET02-LABEL,贴标机岗,0,3,11.0,8.0,3.0,,FULL62-W1
HB,HB-PET02,2026-07-11,白班,D12,EMPHB0199,HB-PET02-PACK-SHRINK,膜包机岗,0,3,11.0,8.0,3.0,,FULL62-W1
HB,HB-PET02,2026-07-11,白班,D12,EMPHB0204,HB-PET02-PALLET,码垛机岗,0,3,11.0,8.0,3.0,,FULL62-W1
HB,HB-PET03,2026-07-11,白班,D12,EMPHB0185,HB-PET03-BLOW,吹瓶机岗,1,3,11.0,8.0,3.0,,FULL62-W1
HB,HB-PET03,2026-07-11,白班,D12,EMPHB0208,HB-PET03-HANDLE-1,提扣机岗1,0,4,11.0,8.0,3.0,,FULL62-W1
HB,HB-PET03,2026-07-11,白班,D12,EMPHB0302,HB-PET03-HANDLE-2,提扣机岗2,0,3,11.0,8.0,3.0,,FULL62-W1
HB,HB-PET03,2026-07-11,白班,D12,EMPHB0286,HB-PET03-LABEL,贴标机岗,0,3,11.0,8.0,3.0,,FULL62-W1
HB,HB-PET03,2026-07-11,白班,D12,EMPHB0242,HB-PET03-PACK-SHRINK,膜包机岗,0,3,11.0,8.0,3.0,,FULL62-W1
HB,HB-PET03,2026-07-11,白班,D12,EMPHB0292,HB-PET03-PALLET,码垛机岗,0,4,11.0,8.0,3.0,,FULL62-W1
HB,HB-QC,2026-07-11,白班,D12,EMPHB0359,HB-QC-QC-RM-AS,无菌线原物料品控,1,3,11.0,8.0,3.0,,FULL62-W1
HB,HB-QC,2026-07-11,白班,D12,EMPHB0355,HB-QC-QC-RM-SODA,汽水线原物料品控,1,4,11.0,8.0,3.0,,FULL62-W1
HB,HB-QC2,2026-07-11,白班,D12,EMPHB0361,HB-QC2-QC-BLOW,吹瓶品控,1,3,11.0,8.0,3.0,,FULL62-W1
HB,HB-QC2,2026-07-11,白班,D12,EMPHB0370,HB-QC2-QC-IP-PET01,PET01线制程品控,1,3,11.0,8.0,3.0,,FULL62-W1
HB,HB-QC2,2026-07-11,白班,D12,EMPHB0374,HB-QC2-QC-IP-PET02,PET02线制程品控,1,3,11.0,8.0,3.0,,FULL62-W1
HB,HB-QC2,2026-07-11,白班,D12,EMPHB0379,HB-QC2-QC-IP-PET03,PET03线制程品控,1,3,11.0,8.0,3.0,,FULL62-W1
HB,HB-SYRUP,2026-07-11,白班,D12,EMPHB0265,HB-SYRUP-SYRUP-POST1,后糖岗1,1,4,11.0,8.0,3.0,,FULL62-W1
HB,HB-SYRUP,2026-07-11,白班,D12,EMPHB0257,HB-SYRUP-WATER,水处理操作岗,1,3,11.0,8.0,3.0,,FULL62-W1
SX,SX-BIB01,2026-07-11,白班,D12,EMPSX0102,SX-BIB01-FILL,灌装岗,1,3,11.0,8.0,3.0,,FULL62-W1
SX,SX-BIB01,2026-07-11,白班,D12,EMPSX0105,SX-BIB01-PACK-1,包装岗1,0,3,11.0,8.0,3.0,,FULL62-W1
SX,SX-BIB01,2026-07-11,白班,D12,EMPSX0110,SX-BIB01-PACK-2,包装岗2,0,3,11.0,8.0,3.0,,FULL62-W1
SX,SX-BIB01,2026-07-11,白班,D12,EMPSX0114,SX-BIB01-PACK-3,包装岗3,0,3,11.0,8.0,3.0,,FULL62-W1
SX,SX-CAN01,2026-07-11,白班,D12,EMPSX0055,SX-CAN01-DEPAL-CAN,卸罐机岗,0,3,11.0,8.0,3.0,,FULL62-W1
SX,SX-CAN01,2026-07-11,白班,D12,EMPSX0088,SX-CAN01-FILL,灌注机岗,1,3,11.0,8.0,3.0,,FULL62-W1
SX,SX-CAN01,2026-07-11,白班,D12,EMPSX0071,SX-CAN01-PACK-MULTI,多包装机,0,4,11.0,8.0,3.0,,FULL62-W1
SX,SX-CAN01,2026-07-11,白班,D12,EMPSX0041,SX-CAN01-PACK-SHRINK,塑包机岗,0,3,11.0,8.0,3.0,,FULL62-W1
SX,SX-CAN01,2026-07-11,白班,D12,EMPSX0045,SX-CAN01-PALLET,码垛机岗,0,3,11.0,8.0,3.0,,FULL62-W1
SX,SX-ENG,2026-07-11,白班,D12,EMPSX0138,SX-ENG-AIRCOMP,制冷空压机岗,1,4,11.0,8.0,3.0,,FULL62-W1
SX,SX-ENG,2026-07-11,白班,D12,EMPSX0146,SX-ENG-MECH-LINE,生产线机修岗,0,3,11.0,8.0,3.0,,FULL62-W1
SX,SX-ENG,2026-07-11,白班,D12,EMPSX0147,SX-ENG-MECH-LINE,生产线机修岗,0,4,11.0,8.0,3.0,,FULL62-W1
SX,SX-ENG,2026-07-11,白班,D12,EMPSX0150,SX-ENG-MECH-LINE,生产线机修岗,0,3,11.0,8.0,3.0,,FULL62-W1
SX,SX-PET01,2026-07-11,白班,D12,EMPSX0004,SX-PET01-BLOW-LABEL,吹贴机岗,1,4,11.0,8.0,3.0,,FULL62-W1
SX,SX-PET01,2026-07-11,白班,D12,EMPSX0019,SX-PET01-FGI,FGI岗,0,3,11.0,8.0,3.0,,FULL62-W1
SX,SX-PET01,2026-07-11,白班,D12,EMPSX0007,SX-PET01-FILL,灌注机岗,1,3,11.0,8.0,3.0,,FULL62-W1
SX,SX-PET01,2026-07-11,白班,D12,EMPSX0028,SX-PET01-HANDLE,提扣机岗,0,4,11.0,8.0,3.0,,FULL62-W1
SX,SX-PET01,2026-07-11,白班,D12,EMPSX0061,SX-PET01-PACK-SHRINK,塑包机岗,0,3,11.0,8.0,3.0,,FULL62-W1
SX,SX-PET01,2026-07-11,白班,D12,EMPSX0066,SX-PET01-PALLET,码垛机岗,0,3,11.0,8.0,3.0,,FULL62-W1
SX,SX-PET01,2026-07-11,白班,D12,EMPSX0051,SX-PET01-PALLET-LABEL,垛贴码岗,0,3,11.0,8.0,3.0,,FULL62-W1
SX,SX-PET02,2026-07-11,白班,D12,EMPSX0030,SX-PET02-BLOW,吹瓶机岗,1,3,11.0,8.0,3.0,,FULL62-W1
SX,SX-PET02,2026-07-11,白班,D12,EMPSX0060,SX-PET02-FILL,灌注机岗,1,3,11.0,8.0,3.0,,FULL62-W1
SX,SX-PET02,2026-07-11,白班,D12,EMPSX0064,SX-PET02-PACK-SHRINK,塑包机岗,0,3,11.0,8.0,3.0,,FULL62-W1
SX,SX-PET02,2026-07-11,白班,D12,EMPSX0068,SX-PET02-PALLET,码垛机岗,0,3,11.0,8.0,3.0,,FULL62-W1
SX,SX-PET02,2026-07-11,白班,D12,EMPSX0049,SX-PET02-PALLET-LABEL,垛贴码岗,0,3,11.0,8.0,3.0,,FULL62-W1
SX,SX-QC,2026-07-11,白班,D12,EMPSX0172,SX-QC-QC-IP-CAN,CAN线品控,1,3,11.0,8.0,3.0,,FULL62-W1
SX,SX-QC,2026-07-11,白班,D12,EMPSX0161,SX-QC-QC-IP-PET1,PET线品控1,1,3,11.0,8.0,3.0,,FULL62-W1
SX,SX-QC,2026-07-11,白班,D12,EMPSX0166,SX-QC-QC-IP-PET2,PET线品控2,1,3,11.0,8.0,3.0,,FULL62-W1
SX,SX-QC,2026-07-11,白班,D12,EMPSX0173,SX-QC-QC-IP-RB,RB线品控,1,3,11.0,8.0,3.0,,FULL62-W1
SX,SX-RB01,2026-07-11,白班,D12,EMPSX0075,SX-RB01-DEPAL,码卸垛机岗,0,3,11.0,8.0,3.0,,FULL62-W1
SX,SX-RB01,2026-07-11,白班,D12,EMPSX0077,SX-RB01-LOADER,装卸箱机岗,0,3,11.0,8.0,3.0,,FULL62-W1
SX,SX-RB01,2026-07-11,白班,D12,EMPSX0099,SX-RB01-QC-BOTTLE,空瓶检测岗,1,3,11.0,8.0,3.0,,FULL62-W1
SX,SX-RB01,2026-07-11,白班,D12,EMPSX0092,SX-RB01-QC-FGI1,成品目检岗1,1,3,11.0,8.0,3.0,,FULL62-W1
SX,SX-RB01,2026-07-11,白班,D12,EMPSX0093,SX-RB01-QC-FGI2,成品目检岗2,1,3,11.0,8.0,3.0,,FULL62-W1
SX,SX-RB01,2026-07-11,白班,D12,EMPSX0083,SX-RB01-WASHER,洗瓶机岗,0,3,11.0,8.0,3.0,,FULL62-W1
SX,SX-SYRUP,2026-07-11,白班,D12,EMPSX0115,SX-SYRUP-SYRUP-POST1,后糖岗1,1,3,11.0,8.0,3.0,,FULL62-W1
SX,SX-SYRUP,2026-07-11,白班,D12,EMPSX0124,SX-SYRUP-SYRUP-POST2,后糖岗2,1,3,11.0,8.0,3.0,,FULL62-W1
HB,HB-ENG,2026-07-11,常白班,D8,EMPHB0323,HB-ENG-ELEC-2,电气维修工程师2,1,4,8.0,8.0,0.0,,FULL62-W1
HB,HB-ENG,2026-07-11,常白班,D8,EMPHB0325,HB-ENG-ENG-BLOW,吹瓶机工程师,1,3,8.0,8.0,0.0,,FULL62-W1
HB,HB-ENG,2026-07-11,常白班,D8,EMPHB0327,HB-ENG-ENG-FILL,灌装机工程师,1,3,8.0,8.0,0.0,,FULL62-W1
HB,HB-ENG,2026-07-11,常白班,D8,EMPHB0330,HB-ENG-ENG-LABEL,贴标机工程师,1,4,8.0,8.0,0.0,,FULL62-W1
HB,HB-ENG,2026-07-11,常白班,D8,EMPHB0332,HB-ENG-ENG-PACK,膜包机工程师,1,3,8.0,8.0,0.0,,FULL62-W1
HB,HB-ENG,2026-07-11,常白班,D8,EMPHB0334,HB-ENG-ENG-PALLET,码垛机工程师,1,3,8.0,8.0,0.0,,FULL62-W1
HB,HB-ENG2,2026-07-11,常白班,D8,EMPHB0339,HB-ENG2-ELEC-OUT2,外围电工2,1,3,8.0,8.0,0.0,,FULL62-W1
HB,HB-QC,2026-07-11,常白班,D8,EMPHB0364,HB-QC-QC-MICRO-AS1,无菌线微生物品控1,1,4,8.0,8.0,0.0,,FULL62-W1
HB,HB-QC,2026-07-11,常白班,D8,EMPHB0365,HB-QC-QC-MICRO-AS2,无菌线微生物品控2,1,3,8.0,8.0,0.0,,FULL62-W1
HB,HB-QC,2026-07-11,常白班,D8,EMPHB0368,HB-QC-QC-MICRO-AS3,无菌线微生物品控3,1,4,8.0,8.0,0.0,,FULL62-W1
HB,HB-QC,2026-07-11,常白班,D8,EMPHB0362,HB-QC-QC-MICRO-SODA,汽水线微生物品控,1,3,8.0,8.0,0.0,,FULL62-W1
HB,HB-SYRUP,2026-07-11,常白班,D8,EMPHB0261,HB-SYRUP-SYRUP-PRE,前糖岗,1,3,8.0,8.0,0.0,,FULL62-W1
SX,SX-ENG,2026-07-11,常白班,D8,EMPSX0134,SX-ENG-ELEC-LINE2,生产线电工2,1,3,8.0,8.0,0.0,,FULL62-W1
SX,SX-ENG,2026-07-11,常白班,D8,EMPSX0136,SX-ENG-ELEC-OUT,外围电工,1,4,8.0,8.0,0.0,,FULL62-W1
SX,SX-QC,2026-07-11,常白班,D8,EMPSX0159,SX-QC-QC-MICRO,微生物品控,1,3,8.0,8.0,0.0,,FULL62-W1
SX,SX-QC,2026-07-11,常白班,D8,EMPSX0158,SX-QC-QC-RM,原物料品控,1,4,8.0,8.0,0.0,,FULL62-W1
SX,SX-SYRUP,2026-07-11,常白班,D8,EMPSX0116,SX-SYRUP-SYRUP-PRE,前糖岗,1,3,8.0,8.0,0.0,,FULL62-W1
SX,SX-UTIL,2026-07-11,常白班,D8,EMPSX0125,SX-UTIL-WATER,水处理操作岗,1,3,8.0,8.0,0.0,,FULL62-W1
HB,HB-AS01,2026-07-11,夜班,N12,EMPHB0275,HB-AS01-BLOW,吹瓶机岗,1,3,11.0,8.0,3.0,,FULL62-W1
HB,HB-AS01,2026-07-11,夜班,N12,EMPHB0304,HB-AS01-CARTON,上纸箱岗,0,3,11.0,8.0,3.0,,FULL62-W1
HB,HB-AS01,2026-07-11,夜班,N12,EMPHB0189,HB-AS01-FILL,灌注机岗,1,4,11.0,8.0,3.0,,FULL62-W1
HB,HB-AS01,2026-07-11,夜班,N12,EMPHB0207,HB-AS01-HANDLE-1,提扣机岗1,0,3,11.0,8.0,3.0,,FULL62-W1
HB,HB-AS01,2026-07-11,夜班,N12,EMPHB0209,HB-AS01-HANDLE-2,提扣机岗2,0,4,11.0,8.0,3.0,,FULL62-W1
HB,HB-AS01,2026-07-11,夜班,N12,EMPHB0197,HB-AS01-LABEL,贴标机岗,0,3,11.0,8.0,3.0,,FULL62-W1
HB,HB-AS01,2026-07-11,夜班,N12,EMPHB0223,HB-AS01-PACK-SHRINK,膜包机岗,0,3,11.0,8.0,3.0,,FULL62-W1
HB,HB-AS01,2026-07-11,夜班,N12,EMPHB0248,HB-AS01-PALLET,码垛机岗,0,3,11.0,8.0,3.0,,FULL62-W1
HB,HB-AS01,2026-07-11,夜班,N12,EMPHB0273,HB-AS01-SHIFT-LEADER,生产领班,1,3,11.0,8.0,3.0,,FULL62-W1
HB,HB-AS01,2026-07-11,夜班,N12,EMPHB0314,HB-AS01-UHT-2,UHT&调配&果肉操作2,1,3,11.0,8.0,3.0,,FULL62-W1
HB,HB-AS01,2026-07-11,夜班,N12,EMPHB0317,HB-AS01-UHT-AUX,辅助工,0,3,11.0,8.0,3.0,,FULL62-W1
HB,HB-ENG,2026-07-11,夜班,N12,EMPHB0321,HB-ENG-ELEC-1,电气维修工程师1,1,4,11.0,8.0,3.0,,FULL62-W1
HB,HB-ENG2,2026-07-11,夜班,N12,EMPHB0341,HB-ENG2-AIRCOMP,空压岗,1,3,11.0,8.0,3.0,,FULL62-W1
HB,HB-ENG2,2026-07-11,夜班,N12,EMPHB0344,HB-ENG2-BOILER,锅炉岗,0,4,11.0,8.0,3.0,,FULL62-W1
HB,HB-ENG2,2026-07-11,夜班,N12,EMPHB0350,HB-ENG2-WWTP,污水岗,0,3,11.0,8.0,3.0,,FULL62-W1
HB,HB-PET01,2026-07-11,夜班,N12,EMPHB0232,HB-PET01-BLOW,吹瓶机岗,1,3,11.0,8.0,3.0,,FULL62-W1
HB,HB-PET01,2026-07-11,夜班,N12,EMPHB0296,HB-PET01-HANDLE-1,提扣机岗1,0,3,11.0,8.0,3.0,,FULL62-W1
HB,HB-PET01,2026-07-11,夜班,N12,EMPHB0301,HB-PET01-HANDLE-2,提扣机岗2,0,4,11.0,8.0,3.0,,FULL62-W1
HB,HB-PET01,2026-07-11,夜班,N12,EMPHB0193,HB-PET01-LABEL,贴标机岗,0,3,11.0,8.0,3.0,,FULL62-W1
HB,HB-PET01,2026-07-11,夜班,N12,EMPHB0224,HB-PET01-PACK-SHRINK,膜包机岗,0,4,11.0,8.0,3.0,,FULL62-W1
HB,HB-PET01,2026-07-11,夜班,N12,EMPHB0293,HB-PET01-PALLET,码垛机岗,0,4,11.0,8.0,3.0,,FULL62-W1
HB,HB-PET02,2026-07-11,夜班,N12,EMPHB0192,HB-PET02-BLOW-FILL,吹瓶、灌装岗位,1,3,11.0,8.0,3.0,,FULL62-W1
HB,HB-PET02,2026-07-11,夜班,N12,EMPHB0194,HB-PET02-LABEL,贴标机岗,0,4,11.0,8.0,3.0,,FULL62-W1
HB,HB-PET02,2026-07-11,夜班,N12,EMPHB0247,HB-PET02-PALLET,码垛机岗,0,3,11.0,8.0,3.0,,FULL62-W1
HB,HB-PET03,2026-07-11,夜班,N12,EMPHB0191,HB-PET03-FILL,灌注机岗,1,4,11.0,8.0,3.0,,FULL62-W1
HB,HB-PET03,2026-07-11,夜班,N12,EMPHB0205,HB-PET03-HANDLE-1,提扣机岗1,0,4,11.0,8.0,3.0,,FULL62-W1
HB,HB-PET03,2026-07-11,夜班,N12,EMPHB0220,HB-PET03-LABEL,贴标机岗,0,4,11.0,8.0,3.0,,FULL62-W1
HB,HB-PET03,2026-07-11,夜班,N12,EMPHB0200,HB-PET03-PACK-SHRINK,膜包机岗,0,3,11.0,8.0,3.0,,FULL62-W1
HB,HB-PET03,2026-07-11,夜班,N12,EMPHB0291,HB-PET03-PALLET,码垛机岗,0,3,11.0,8.0,3.0,,FULL62-W1
HB,HB-QC,2026-07-11,夜班,N12,EMPHB0360,HB-QC-QC-RM-AS,无菌线原物料品控,1,3,11.0,8.0,3.0,,FULL62-W1
HB,HB-QC,2026-07-11,夜班,N12,EMPHB0353,HB-QC-QC-RM-SODA,汽水线原物料品控,1,4,11.0,8.0,3.0,,FULL62-W1
HB,HB-QC2,2026-07-11,夜班,N12,EMPHB0384,HB-QC2-QC-BLOW,吹瓶品控,1,3,11.0,8.0,3.0,,FULL62-W1
HB,HB-QC2,2026-07-11,夜班,N12,EMPHB0392,HB-QC2-QC-IP-AS,无菌线制程品控,1,3,11.0,8.0,3.0,,FULL62-W1
HB,HB-QC2,2026-07-11,夜班,N12,EMPHB0369,HB-QC2-QC-IP-PET01,PET01线制程品控,1,3,11.0,8.0,3.0,,FULL62-W1
HB,HB-QC2,2026-07-11,夜班,N12,EMPHB0373,HB-QC2-QC-IP-PET02,PET02线制程品控,1,4,11.0,8.0,3.0,,FULL62-W1
HB,HB-QC2,2026-07-11,夜班,N12,EMPHB0377,HB-QC2-QC-IP-PET03,PET03线制程品控,1,3,11.0,8.0,3.0,,FULL62-W1
HB,HB-QC2,2026-07-11,夜班,N12,EMPHB0385,HB-QC2-QC-WATER,水糖品控,1,3,11.0,8.0,3.0,,FULL62-W1
HB,HB-SYRUP,2026-07-11,夜班,N12,EMPHB0266,HB-SYRUP-SYRUP-POST1,后糖岗1,1,4,11.0,8.0,3.0,,FULL62-W1
HB,HB-SYRUP,2026-07-11,夜班,N12,EMPHB0260,HB-SYRUP-WATER,水处理操作岗,1,3,11.0,8.0,3.0,,FULL62-W1
SX,SX-BIB01,2026-07-11,夜班,N12,EMPSX0104,SX-BIB01-FILL,灌装岗,1,3,11.0,8.0,3.0,,FULL62-W1
SX,SX-BIB01,2026-07-11,夜班,N12,EMPSX0107,SX-BIB01-PACK-1,包装岗1,0,3,11.0,8.0,3.0,,FULL62-W1
SX,SX-BIB01,2026-07-11,夜班,N12,EMPSX0112,SX-BIB01-PACK-2,包装岗2,0,3,11.0,8.0,3.0,,FULL62-W1
SX,SX-CAN01,2026-07-11,夜班,N12,EMPSX0079,SX-CAN01-DEPAL-CAN,卸罐机岗,0,2,11.0,8.0,3.0,,FULL62-W1
SX,SX-CAN01,2026-07-11,夜班,N12,EMPSX0070,SX-CAN01-PACK-MULTI,多包装机,0,4,11.0,8.0,3.0,,FULL62-W1
SX,SX-CAN01,2026-07-11,夜班,N12,EMPSX0043,SX-CAN01-PACK-SHRINK,塑包机岗,0,3,11.0,8.0,3.0,,FULL62-W1
SX,SX-CAN01,2026-07-11,夜班,N12,EMPSX0046,SX-CAN01-PALLET,码垛机岗,0,3,11.0,8.0,3.0,,FULL62-W1
SX,SX-ENG,2026-07-11,夜班,N12,EMPSX0140,SX-ENG-AIRCOMP,制冷空压机岗,1,4,11.0,8.0,3.0,,FULL62-W1
SX,SX-ENG,2026-07-11,夜班,N12,EMPSX0143,SX-ENG-BOILER,锅炉操作岗,0,3,11.0,8.0,3.0,,FULL62-W1
SX,SX-ENG,2026-07-11,夜班,N12,EMPSX0131,SX-ENG-ELEC-LINE1,生产线电工1,1,3,11.0,8.0,3.0,,FULL62-W1
SX,SX-ENG,2026-07-11,夜班,N12,EMPSX0149,SX-ENG-MECH-LINE,生产线机修岗,0,3,11.0,8.0,3.0,,FULL62-W1
SX,SX-PET01,2026-07-11,夜班,N12,EMPSX0003,SX-PET01-BLOW-LABEL,吹贴机岗,1,4,11.0,8.0,3.0,,FULL62-W1
SX,SX-PET01,2026-07-11,夜班,N12,EMPSX0020,SX-PET01-FGI,FGI岗,0,3,11.0,8.0,3.0,,FULL62-W1
SX,SX-PET01,2026-07-11,夜班,N12,EMPSX0040,SX-PET01-FILL,灌注机岗,1,3,11.0,8.0,3.0,,FULL62-W1
SX,SX-PET01,2026-07-11,夜班,N12,EMPSX0027,SX-PET01-HANDLE,提扣机岗,0,3,11.0,8.0,3.0,,FULL62-W1
SX,SX-PET01,2026-07-11,夜班,N12,EMPSX0011,SX-PET01-PACK-SHRINK,塑包机岗,0,3,11.0,8.0,3.0,,FULL62-W1
SX,SX-PET01,2026-07-11,夜班,N12,EMPSX0014,SX-PET01-PALLET,码垛机岗,0,3,11.0,8.0,3.0,,FULL62-W1
SX,SX-PET01,2026-07-11,夜班,N12,EMPSX0050,SX-PET01-PALLET-LABEL,垛贴码岗,0,3,11.0,8.0,3.0,,FULL62-W1
SX,SX-PET02,2026-07-11,夜班,N12,EMPSX0029,SX-PET02-BLOW,吹瓶机岗,1,3,11.0,8.0,3.0,,FULL62-W1
SX,SX-PET02,2026-07-11,夜班,N12,EMPSX0059,SX-PET02-FILL,灌注机岗,1,4,11.0,8.0,3.0,,FULL62-W1
SX,SX-PET02,2026-07-11,夜班,N12,EMPSX0035,SX-PET02-LABEL,贴标机岗,0,3,11.0,8.0,3.0,,FULL62-W1
SX,SX-PET02,2026-07-11,夜班,N12,EMPSX0012,SX-PET02-PACK-SHRINK,塑包机岗,0,4,11.0,8.0,3.0,,FULL62-W1
SX,SX-PET02,2026-07-11,夜班,N12,EMPSX0015,SX-PET02-PALLET,码垛机岗,0,3,11.0,8.0,3.0,,FULL62-W1
SX,SX-PET02,2026-07-11,夜班,N12,EMPSX0024,SX-PET02-PALLET-LABEL,垛贴码岗,0,3,11.0,8.0,3.0,,FULL62-W1
SX,SX-QC,2026-07-11,夜班,N12,EMPSX0155,SX-QC-QC-AUX,辅线品控（水、糖、BIB）,1,3,11.0,8.0,3.0,,FULL62-W1
SX,SX-QC,2026-07-11,夜班,N12,EMPSX0180,SX-QC-QC-BLOW,吹瓶品控,1,3,11.0,8.0,3.0,,FULL62-W1
SX,SX-QC,2026-07-11,夜班,N12,EMPSX0170,SX-QC-QC-IP-CAN,CAN线品控,1,3,11.0,8.0,3.0,,FULL62-W1
SX,SX-QC,2026-07-11,夜班,N12,EMPSX0174,SX-QC-QC-IP-RB,RB线品控,1,3,11.0,8.0,3.0,,FULL62-W1
SX,SX-RB01,2026-07-11,夜班,N12,EMPSX0008,SX-RB01-FILL,灌注机岗,1,4,11.0,8.0,3.0,,FULL62-W1
SX,SX-RB01,2026-07-11,夜班,N12,EMPSX0078,SX-RB01-LOADER,装卸箱机岗,0,4,11.0,8.0,3.0,,FULL62-W1
SX,SX-RB01,2026-07-11,夜班,N12,EMPSX0100,SX-RB01-QC-BOTTLE,空瓶检测岗,1,3,11.0,8.0,3.0,,FULL62-W1
SX,SX-RB01,2026-07-11,夜班,N12,EMPSX0096,SX-RB01-QC-FGI2,成品目检岗2,1,3,11.0,8.0,3.0,,FULL62-W1
SX,SX-RB01,2026-07-11,夜班,N12,EMPSX0082,SX-RB01-WASHER,洗瓶机岗,0,3,11.0,8.0,3.0,,FULL62-W1
SX,SX-SYRUP,2026-07-11,夜班,N12,EMPSX0117,SX-SYRUP-SYRUP-POST1,后糖岗1,1,3,11.0,8.0,3.0,,FULL62-W1
SX,SX-SYRUP,2026-07-11,夜班,N12,EMPSX0122,SX-SYRUP-SYRUP-POST2,后糖岗2,1,3,11.0,8.0,3.0,,FULL62-W1
SX,SX-UTIL,2026-07-11,夜班,N12,EMPSX0128,SX-UTIL-WWTP,污水处理岗,0,3,11.0,8.0,3.0,,FULL62-W1
HB,HB-AS01,2026-07-12,白班,D12,EMPHB0185,HB-AS01-BLOW,吹瓶机岗,1,3,11.0,8.0,3.0,,FULL62-W1
HB,HB-AS01,2026-07-12,白班,D12,EMPHB0306,HB-AS01-CARTON,上纸箱岗,0,4,11.0,8.0,3.0,,FULL62-W1
HB,HB-AS01,2026-07-12,白班,D12,EMPHB0279,HB-AS01-FILL,灌注机岗,1,3,11.0,8.0,3.0,,FULL62-W1
HB,HB-AS01,2026-07-12,白班,D12,EMPHB0252,HB-AS01-HANDLE-1,提扣机岗1,0,3,11.0,8.0,3.0,,FULL62-W1
HB,HB-AS01,2026-07-12,白班,D12,EMPHB0206,HB-AS01-HANDLE-2,提扣机岗2,0,2,11.0,8.0,3.0,,FULL62-W1
HB,HB-AS01,2026-07-12,白班,D12,EMPHB0240,HB-AS01-LABEL,贴标机岗,0,3,11.0,8.0,3.0,,FULL62-W1
HB,HB-AS01,2026-07-12,白班,D12,EMPHB0289,HB-AS01-PACK-SHRINK,膜包机岗,0,3,11.0,8.0,3.0,,FULL62-W1
HB,HB-AS01,2026-07-12,白班,D12,EMPHB0227,HB-AS01-PALLET,码垛机岗,0,4,11.0,8.0,3.0,,FULL62-W1
HB,HB-AS01,2026-07-12,白班,D12,EMPHB0272,HB-AS01-SHIFT-LEADER,生产领班,1,3,11.0,8.0,3.0,,FULL62-W1
HB,HB-AS01,2026-07-12,白班,D12,EMPHB0310,HB-AS01-UHT-1,UHT&调配&果肉操作1,1,3,11.0,8.0,3.0,,FULL62-W1
HB,HB-AS01,2026-07-12,白班,D12,EMPHB0312,HB-AS01-UHT-2,UHT&调配&果肉操作2,1,3,11.0,8.0,3.0,,FULL62-W1
HB,HB-AS01,2026-07-12,白班,D12,EMPHB0298,HB-AS01-UHT-AUX,辅助工,0,3,11.0,8.0,3.0,,FULL62-W1
HB,HB-ENG2,2026-07-12,白班,D12,EMPHB0347,HB-ENG2-AIRCOMP,空压岗,1,3,11.0,8.0,3.0,,FULL62-W1
HB,HB-ENG2,2026-07-12,白班,D12,EMPHB0336,HB-ENG2-ELEC-OUT1,外围电工1,1,3,11.0,8.0,3.0,,FULL62-W1
HB,HB-ENG2,2026-07-12,白班,D12,EMPHB0352,HB-ENG2-WWTP,污水岗,0,3,11.0,8.0,3.0,,FULL62-W1
HB,HB-PET01,2026-07-12,白班,D12,EMPHB0186,HB-PET01-BLOW,吹瓶机岗,1,3,11.0,8.0,3.0,,FULL62-W1
HB,HB-PET01,2026-07-12,白班,D12,EMPHB0234,HB-PET01-FILL,灌注机岗,1,4,11.0,8.0,3.0,,FULL62-W1
HB,HB-PET01,2026-07-12,白班,D12,EMPHB0251,HB-PET01-HANDLE-1,提扣机岗1,0,4,11.0,8.0,3.0,,FULL62-W1
HB,HB-PET01,2026-07-12,白班,D12,EMPHB0212,HB-PET01-HANDLE-2,提扣机岗2,0,3,11.0,8.0,3.0,,FULL62-W1
HB,HB-PET01,2026-07-12,白班,D12,EMPHB0196,HB-PET01-LABEL,贴标机岗,0,4,11.0,8.0,3.0,,FULL62-W1
HB,HB-PET01,2026-07-12,白班,D12,EMPHB0221,HB-PET01-PACK-SHRINK,膜包机岗,0,4,11.0,8.0,3.0,,FULL62-W1
HB,HB-PET01,2026-07-12,白班,D12,EMPHB0184,HB-PET01-SHIFT-ENG,倒班工程师,1,4,11.0,8.0,3.0,,FULL62-W1
HB,HB-PET02,2026-07-12,白班,D12,EMPHB0216,HB-PET02-BLOW-FILL,吹瓶、灌装岗位,1,3,11.0,8.0,3.0,,FULL62-W1
HB,HB-PET02,2026-07-12,白班,D12,EMPHB0241,HB-PET02-PACK-SHRINK,膜包机岗,0,4,11.0,8.0,3.0,,FULL62-W1
HB,HB-PET02,2026-07-12,白班,D12,EMPHB0245,HB-PET02-PALLET,码垛机岗,0,3,11.0,8.0,3.0,,FULL62-W1
HB,HB-PET03,2026-07-12,白班,D12,EMPHB0229,HB-PET03-BLOW,吹瓶机岗,1,4,11.0,8.0,3.0,,FULL62-W1
HB,HB-PET03,2026-07-12,白班,D12,EMPHB0190,HB-PET03-FILL,灌注机岗,1,4,11.0,8.0,3.0,,FULL62-W1
HB,HB-PET03,2026-07-12,白班,D12,EMPHB0295,HB-PET03-HANDLE-1,提扣机岗1,0,3,11.0,8.0,3.0,,FULL62-W1
HB,HB-PET03,2026-07-12,白班,D12,EMPHB0297,HB-PET03-HANDLE-2,提扣机岗2,0,1,11.0,8.0,3.0,,FULL62-W1
HB,HB-PET03,2026-07-12,白班,D12,EMPHB0195,HB-PET03-LABEL,贴标机岗,0,3,11.0,8.0,3.0,,FULL62-W1
HB,HB-PET03,2026-07-12,白班,D12,EMPHB0199,HB-PET03-PACK-SHRINK,膜包机岗,0,3,11.0,8.0,3.0,,FULL62-W1
HB,HB-PET03,2026-07-12,白班,D12,EMPHB0228,HB-PET03-PALLET,码垛机岗,0,3,11.0,8.0,3.0,,FULL62-W1
HB,HB-QC,2026-07-12,白班,D12,EMPHB0359,HB-QC-QC-RM-AS,无菌线原物料品控,1,3,11.0,8.0,3.0,,FULL62-W1
HB,HB-QC,2026-07-12,白班,D12,EMPHB0355,HB-QC-QC-RM-SODA,汽水线原物料品控,1,4,11.0,8.0,3.0,,FULL62-W1
HB,HB-QC2,2026-07-12,白班,D12,EMPHB0361,HB-QC2-QC-BLOW,吹瓶品控,1,3,11.0,8.0,3.0,,FULL62-W1
HB,HB-QC2,2026-07-12,白班,D12,EMPHB0389,HB-QC2-QC-IP-AS,无菌线制程品控,1,3,11.0,8.0,3.0,,FULL62-W1
HB,HB-QC2,2026-07-12,白班,D12,EMPHB0372,HB-QC2-QC-IP-PET01,PET01线制程品控,1,3,11.0,8.0,3.0,,FULL62-W1
HB,HB-QC2,2026-07-12,白班,D12,EMPHB0375,HB-QC2-QC-IP-PET02,PET02线制程品控,1,3,11.0,8.0,3.0,,FULL62-W1
HB,HB-QC2,2026-07-12,白班,D12,EMPHB0378,HB-QC2-QC-IP-PET03,PET03线制程品控,1,3,11.0,8.0,3.0,,FULL62-W1
HB,HB-QC2,2026-07-12,白班,D12,EMPHB0387,HB-QC2-QC-WATER,水糖品控,1,3,11.0,8.0,3.0,,FULL62-W1
HB,HB-SYRUP,2026-07-12,白班,D12,EMPHB0265,HB-SYRUP-SYRUP-POST1,后糖岗1,1,4,11.0,8.0,3.0,,FULL62-W1
HB,HB-SYRUP,2026-07-12,白班,D12,EMPHB0267,HB-SYRUP-SYRUP-POST2,后糖岗2,1,4,11.0,8.0,3.0,,FULL62-W1
HB,HB-SYRUP,2026-07-12,白班,D12,EMPHB0259,HB-SYRUP-WATER,水处理操作岗,1,4,11.0,8.0,3.0,,FULL62-W1
SX,SX-BIB01,2026-07-12,白班,D12,EMPSX0103,SX-BIB01-FILL,灌装岗,1,3,11.0,8.0,3.0,,FULL62-W1
SX,SX-BIB01,2026-07-12,白班,D12,EMPSX0106,SX-BIB01-PACK-1,包装岗1,0,3,11.0,8.0,3.0,,FULL62-W1
SX,SX-BIB01,2026-07-12,白班,D12,EMPSX0111,SX-BIB01-PACK-2,包装岗2,0,3,11.0,8.0,3.0,,FULL62-W1
SX,SX-BIB01,2026-07-12,白班,D12,EMPSX0114,SX-BIB01-PACK-3,包装岗3,0,3,11.0,8.0,3.0,,FULL62-W1
SX,SX-CAN01,2026-07-12,白班,D12,EMPSX0073,SX-CAN01-DEPAL-CAN,卸罐机岗,0,3,11.0,8.0,3.0,,FULL62-W1
SX,SX-CAN01,2026-07-12,白班,D12,EMPSX0071,SX-CAN01-PACK-MULTI,多包装机,0,4,11.0,8.0,3.0,,FULL62-W1
SX,SX-CAN01,2026-07-12,白班,D12,EMPSX0062,SX-CAN01-PACK-SHRINK,塑包机岗,0,3,11.0,8.0,3.0,,FULL62-W1
SX,SX-ENG,2026-07-12,白班,D12,EMPSX0142,SX-ENG-BOILER,锅炉操作岗,0,3,11.0,8.0,3.0,,FULL62-W1
SX,SX-ENG,2026-07-12,白班,D12,EMPSX0129,SX-ENG-ELEC-LINE1,生产线电工1,1,3,11.0,8.0,3.0,,FULL62-W1
SX,SX-ENG,2026-07-12,白班,D12,EMPSX0146,SX-ENG-MECH-LINE,生产线机修岗,0,3,11.0,8.0,3.0,,FULL62-W1
SX,SX-ENG,2026-07-12,白班,D12,EMPSX0147,SX-ENG-MECH-LINE,生产线机修岗,0,4,11.0,8.0,3.0,,FULL62-W1
SX,SX-ENG,2026-07-12,白班,D12,EMPSX0151,SX-ENG-MECH-LINE,生产线机修岗,0,3,11.0,8.0,3.0,,FULL62-W1
SX,SX-PET01,2026-07-12,白班,D12,EMPSX0001,SX-PET01-BLOW-LABEL,吹贴机岗,1,3,11.0,8.0,3.0,,FULL62-W1
SX,SX-PET01,2026-07-12,白班,D12,EMPSX0087,SX-PET01-FILL,灌注机岗,1,3,11.0,8.0,3.0,,FULL62-W1
SX,SX-PET01,2026-07-12,白班,D12,EMPSX0063,SX-PET01-PACK-SHRINK,塑包机岗,0,3,11.0,8.0,3.0,,FULL62-W1
SX,SX-PET01,2026-07-12,白班,D12,EMPSX0045,SX-PET01-PALLET,码垛机岗,0,3,11.0,8.0,3.0,,FULL62-W1
SX,SX-PET01,2026-07-12,白班,D12,EMPSX0022,SX-PET01-PALLET-LABEL,垛贴码岗,0,3,11.0,8.0,3.0,,FULL62-W1
SX,SX-PET02,2026-07-12,白班,D12,EMPSX0031,SX-PET02-BLOW,吹瓶机岗,1,3,11.0,8.0,3.0,A,FULL62-W1
SX,SX-PET02,2026-07-12,白班,D12,EMPSX0007,SX-PET02-FILL,灌注机岗,1,3,11.0,8.0,3.0,A,FULL62-W1
SX,SX-RB01,2026-07-12,白班,D12,EMPSX0013,SX-RB01-DEPAL,码卸垛机岗,0,2,11.0,8.0,3.0,,FULL62-W1
SX,SX-RB01,2026-07-12,白班,D12,EMPSX0057,SX-RB01-FILL,灌注机岗,1,3,11.0,8.0,3.0,,FULL62-W1
SX,SX-RB01,2026-07-12,白班,D12,EMPSX0068,SX-RB01-LOADER,装卸箱机岗,0,3,11.0,8.0,3.0,,FULL62-W1
SX,SX-RB01,2026-07-12,白班,D12,EMPSX0089,SX-RB01-QC-FGI1,成品目检岗1,1,3,11.0,8.0,3.0,,FULL62-W1
SX,SX-RB01,2026-07-12,白班,D12,EMPSX0094,SX-RB01-QC-FGI2,成品目检岗2,1,3,11.0,8.0,3.0,,FULL62-W1
SX,SX-RB01,2026-07-12,白班,D12,EMPSX0084,SX-RB01-WASHER,洗瓶机岗,0,3,11.0,8.0,3.0,,FULL62-W1
SX,SX-SYRUP,2026-07-12,白班,D12,EMPSX0120,SX-SYRUP-SYRUP-POST1,后糖岗1,1,3,11.0,8.0,3.0,,FULL62-W1
SX,SX-SYRUP,2026-07-12,白班,D12,EMPSX0124,SX-SYRUP-SYRUP-POST2,后糖岗2,1,3,11.0,8.0,3.0,,FULL62-W1
HB,HB-ENG,2026-07-12,常白班,D8,EMPHB0324,HB-ENG-ELEC-2,电气维修工程师2,1,4,8.0,8.0,0.0,,FULL62-W1
HB,HB-ENG,2026-07-12,常白班,D8,EMPHB0325,HB-ENG-ENG-BLOW,吹瓶机工程师,1,3,8.0,8.0,0.0,,FULL62-W1
HB,HB-ENG,2026-07-12,常白班,D8,EMPHB0327,HB-ENG-ENG-FILL,灌装机工程师,1,3,8.0,8.0,0.0,,FULL62-W1
HB,HB-ENG,2026-07-12,常白班,D8,EMPHB0330,HB-ENG-ENG-LABEL,贴标机工程师,1,4,8.0,8.0,0.0,,FULL62-W1
HB,HB-ENG,2026-07-12,常白班,D8,EMPHB0332,HB-ENG-ENG-PACK,膜包机工程师,1,3,8.0,8.0,0.0,,FULL62-W1
HB,HB-ENG,2026-07-12,常白班,D8,EMPHB0334,HB-ENG-ENG-PALLET,码垛机工程师,1,3,8.0,8.0,0.0,,FULL62-W1
HB,HB-ENG2,2026-07-12,常白班,D8,EMPHB0340,HB-ENG2-ELEC-OUT2,外围电工2,1,4,8.0,8.0,0.0,,FULL62-W1
HB,HB-QC,2026-07-12,常白班,D8,EMPHB0363,HB-QC-QC-MICRO-AS1,无菌线微生物品控1,1,3,8.0,8.0,0.0,F,FULL62-W1
HB,HB-QC,2026-07-12,常白班,D8,EMPHB0365,HB-QC-QC-MICRO-AS2,无菌线微生物品控2,1,3,8.0,8.0,0.0,F,FULL62-W1
HB,HB-QC,2026-07-12,常白班,D8,EMPHB0368,HB-QC-QC-MICRO-AS3,无菌线微生物品控3,1,4,8.0,8.0,0.0,F,FULL62-W1
HB,HB-QC,2026-07-12,常白班,D8,EMPHB0362,HB-QC-QC-MICRO-SODA,汽水线微生物品控,1,3,8.0,8.0,0.0,F,FULL62-W1
HB,HB-SYRUP,2026-07-12,常白班,D8,EMPHB0262,HB-SYRUP-SYRUP-PRE,前糖岗,1,3,8.0,8.0,0.0,,FULL62-W1
SX,SX-ENG,2026-07-12,常白班,D8,EMPSX0134,SX-ENG-ELEC-LINE2,生产线电工2,1,3,8.0,8.0,0.0,,FULL62-W1
SX,SX-ENG,2026-07-12,常白班,D8,EMPSX0135,SX-ENG-ELEC-OUT,外围电工,1,4,8.0,8.0,0.0,,FULL62-W1
SX,SX-QC,2026-07-12,常白班,D8,EMPSX0160,SX-QC-QC-MICRO,微生物品控,1,4,8.0,8.0,0.0,,FULL62-W1
SX,SX-QC,2026-07-12,常白班,D8,EMPSX0157,SX-QC-QC-RM,原物料品控,1,3,8.0,8.0,0.0,,FULL62-W1
SX,SX-SYRUP,2026-07-12,常白班,D8,EMPSX0116,SX-SYRUP-SYRUP-PRE,前糖岗,1,3,8.0,8.0,0.0,,FULL62-W1
SX,SX-UTIL,2026-07-12,常白班,D8,EMPSX0125,SX-UTIL-WATER,水处理操作岗,1,3,8.0,8.0,0.0,,FULL62-W1
HB,HB-AS01,2026-07-12,夜班,N12,EMPHB0230,HB-AS01-BLOW,吹瓶机岗,1,3,11.0,8.0,3.0,,FULL62-W1
HB,HB-AS01,2026-07-12,夜班,N12,EMPHB0254,HB-AS01-CARTON,上纸箱岗,0,3,11.0,8.0,3.0,,FULL62-W1
HB,HB-AS01,2026-07-12,夜班,N12,EMPHB0305,HB-AS01-HANDLE-1,提扣机岗1,0,3,11.0,8.0,3.0,,FULL62-W1
HB,HB-AS01,2026-07-12,夜班,N12,EMPHB0255,HB-AS01-HANDLE-2,提扣机岗2,0,3,11.0,8.0,3.0,,FULL62-W1
HB,HB-AS01,2026-07-12,夜班,N12,EMPHB0200,HB-AS01-PACK-SHRINK,膜包机岗,0,3,11.0,8.0,3.0,,FULL62-W1
HB,HB-AS01,2026-07-12,夜班,N12,EMPHB0247,HB-AS01-PALLET,码垛机岗,0,3,11.0,8.0,3.0,,FULL62-W1
HB,HB-AS01,2026-07-12,夜班,N12,EMPHB0181,HB-AS01-SHIFT-LEADER,生产领班,1,3,11.0,8.0,3.0,,FULL62-W1
HB,HB-AS01,2026-07-12,夜班,N12,EMPHB0308,HB-AS01-UHT-1,UHT&调配&果肉操作1,1,4,11.0,8.0,3.0,,FULL62-W1
HB,HB-AS01,2026-07-12,夜班,N12,EMPHB0311,HB-AS01-UHT-2,UHT&调配&果肉操作2,1,3,11.0,8.0,3.0,,FULL62-W1
HB,HB-AS01,2026-07-12,夜班,N12,EMPHB0318,HB-AS01-UHT-AUX,辅助工,0,3,11.0,8.0,3.0,,FULL62-W1
HB,HB-ENG2,2026-07-12,夜班,N12,EMPHB0348,HB-ENG2-AIRCOMP,空压岗,1,4,11.0,8.0,3.0,,FULL62-W1
HB,HB-ENG2,2026-07-12,夜班,N12,EMPHB0338,HB-ENG2-ELEC-OUT1,外围电工1,1,3,11.0,8.0,3.0,,FULL62-W1
HB,HB-ENG2,2026-07-12,夜班,N12,EMPHB0351,HB-ENG2-WWTP,污水岗,0,3,11.0,8.0,3.0,,FULL62-W1
HB,HB-PET01,2026-07-12,夜班,N12,EMPHB0296,HB-PET01-HANDLE-1,提扣机岗1,0,3,11.0,8.0,3.0,,FULL62-W1
HB,HB-PET01,2026-07-12,夜班,N12,EMPHB0300,HB-PET01-HANDLE-2,提扣机岗2,0,3,11.0,8.0,3.0,,FULL62-W1
HB,HB-PET01,2026-07-12,夜班,N12,EMPHB0220,HB-PET01-LABEL,贴标机岗,0,4,11.0,8.0,3.0,,FULL62-W1
HB,HB-PET01,2026-07-12,夜班,N12,EMPHB0288,HB-PET01-PACK-SHRINK,膜包机岗,0,3,11.0,8.0,3.0,,FULL62-W1
HB,HB-PET01,2026-07-12,夜班,N12,EMPHB0294,HB-PET01-PALLET,码垛机岗,0,3,11.0,8.0,3.0,,FULL62-W1
HB,HB-PET02,2026-07-12,夜班,N12,EMPHB0214,HB-PET02-BLOW-FILL,吹瓶、灌装岗位,1,3,11.0,8.0,3.0,,FULL62-W1
HB,HB-PET02,2026-07-12,夜班,N12,EMPHB0194,HB-PET02-LABEL,贴标机岗,0,4,11.0,8.0,3.0,,FULL62-W1
HB,HB-PET02,2026-07-12,夜班,N12,EMPHB0244,HB-PET02-PACK-SHRINK,膜包机岗,0,3,11.0,8.0,3.0,,FULL62-W1
HB,HB-PET02,2026-07-12,夜班,N12,EMPHB0226,HB-PET02-PALLET,码垛机岗,0,3,11.0,8.0,3.0,,FULL62-W1
HB,HB-PET03,2026-07-12,夜班,N12,EMPHB0278,HB-PET03-BLOW,吹瓶机岗,1,4,11.0,8.0,3.0,,FULL62-W1
HB,HB-PET03,2026-07-12,夜班,N12,EMPHB0281,HB-PET03-FILL,灌注机岗,1,4,11.0,8.0,3.0,,FULL62-W1
HB,HB-PET03,2026-07-12,夜班,N12,EMPHB0207,HB-PET03-HANDLE-1,提扣机岗1,0,3,11.0,8.0,3.0,,FULL62-W1
HB,HB-PET03,2026-07-12,夜班,N12,EMPHB0301,HB-PET03-HANDLE-2,提扣机岗2,0,4,11.0,8.0,3.0,,FULL62-W1
HB,HB-PET03,2026-07-12,夜班,N12,EMPHB0219,HB-PET03-LABEL,贴标机岗,0,4,11.0,8.0,3.0,,FULL62-W1
HB,HB-PET03,2026-07-12,夜班,N12,EMPHB0218,HB-PET03-PACK-SHRINK,膜包机岗,0,3,11.0,8.0,3.0,,FULL62-W1
HB,HB-PET03,2026-07-12,夜班,N12,EMPHB0203,HB-PET03-PALLET,码垛机岗,0,3,11.0,8.0,3.0,,FULL62-W1
HB,HB-QC,2026-07-12,夜班,N12,EMPHB0360,HB-QC-QC-RM-AS,无菌线原物料品控,1,3,11.0,8.0,3.0,,FULL62-W1
HB,HB-QC,2026-07-12,夜班,N12,EMPHB0354,HB-QC-QC-RM-SODA,汽水线原物料品控,1,3,11.0,8.0,3.0,,FULL62-W1
HB,HB-QC2,2026-07-12,夜班,N12,EMPHB0381,HB-QC2-QC-BLOW,吹瓶品控,1,3,11.0,8.0,3.0,,FULL62-W1
HB,HB-QC2,2026-07-12,夜班,N12,EMPHB0391,HB-QC2-QC-IP-AS,无菌线制程品控,1,3,11.0,8.0,3.0,,FULL62-W1
HB,HB-QC2,2026-07-12,夜班,N12,EMPHB0371,HB-QC2-QC-IP-PET01,PET01线制程品控,1,3,11.0,8.0,3.0,,FULL62-W1
HB,HB-QC2,2026-07-12,夜班,N12,EMPHB0373,HB-QC2-QC-IP-PET02,PET02线制程品控,1,4,11.0,8.0,3.0,,FULL62-W1
HB,HB-QC2,2026-07-12,夜班,N12,EMPHB0377,HB-QC2-QC-IP-PET03,PET03线制程品控,1,3,11.0,8.0,3.0,,FULL62-W1
HB,HB-QC2,2026-07-12,夜班,N12,EMPHB0386,HB-QC2-QC-WATER,水糖品控,1,3,11.0,8.0,3.0,,FULL62-W1
HB,HB-SYRUP,2026-07-12,夜班,N12,EMPHB0266,HB-SYRUP-SYRUP-POST1,后糖岗1,1,4,11.0,8.0,3.0,,FULL62-W1
HB,HB-SYRUP,2026-07-12,夜班,N12,EMPHB0268,HB-SYRUP-SYRUP-POST2,后糖岗2,1,3,11.0,8.0,3.0,,FULL62-W1
HB,HB-SYRUP,2026-07-12,夜班,N12,EMPHB0258,HB-SYRUP-WATER,水处理操作岗,1,3,11.0,8.0,3.0,,FULL62-W1
SX,SX-BIB01,2026-07-12,夜班,N12,EMPSX0101,SX-BIB01-FILL,灌装岗,1,4,11.0,8.0,3.0,,FULL62-W1
SX,SX-CAN01,2026-07-12,夜班,N12,EMPSX0055,SX-CAN01-DEPAL-CAN,卸罐机岗,0,3,11.0,8.0,3.0,,FULL62-W1
SX,SX-CAN01,2026-07-12,夜班,N12,EMPSX0088,SX-CAN01-FILL,灌注机岗,1,3,11.0,8.0,3.0,,FULL62-W1
SX,SX-CAN01,2026-07-12,夜班,N12,EMPSX0072,SX-CAN01-PACK-MULTI,多包装机,0,3,11.0,8.0,3.0,,FULL62-W1
SX,SX-CAN01,2026-07-12,夜班,N12,EMPSX0044,SX-CAN01-PACK-SHRINK,塑包机岗,0,4,11.0,8.0,3.0,,FULL62-W1
SX,SX-CAN01,2026-07-12,夜班,N12,EMPSX0065,SX-CAN01-PALLET,码垛机岗,0,3,11.0,8.0,3.0,,FULL62-W1
SX,SX-ENG,2026-07-12,夜班,N12,EMPSX0139,SX-ENG-AIRCOMP,制冷空压机岗,1,3,11.0,8.0,3.0,,FULL62-W1
SX,SX-ENG,2026-07-12,夜班,N12,EMPSX0144,SX-ENG-BOILER,锅炉操作岗,0,4,11.0,8.0,3.0,,FULL62-W1
SX,SX-ENG,2026-07-12,夜班,N12,EMPSX0130,SX-ENG-ELEC-LINE1,生产线电工1,1,3,11.0,8.0,3.0,,FULL62-W1
SX,SX-ENG,2026-07-12,夜班,N12,EMPSX0149,SX-ENG-MECH-LINE,生产线机修岗,0,3,11.0,8.0,3.0,,FULL62-W1
SX,SX-PET01,2026-07-12,夜班,N12,EMPSX0003,SX-PET01-BLOW-LABEL,吹贴机岗,1,4,11.0,8.0,3.0,,FULL62-W1
SX,SX-PET01,2026-07-12,夜班,N12,EMPSX0018,SX-PET01-FGI,FGI岗,0,4,11.0,8.0,3.0,,FULL62-W1
SX,SX-PET01,2026-07-12,夜班,N12,EMPSX0025,SX-PET01-HANDLE,提扣机岗,0,3,11.0,8.0,3.0,,FULL62-W1
SX,SX-PET01,2026-07-12,夜班,N12,EMPSX0016,SX-PET01-PALLET,码垛机岗,0,4,11.0,8.0,3.0,,FULL62-W1
SX,SX-PET01,2026-07-12,夜班,N12,EMPSX0049,SX-PET01-PALLET-LABEL,垛贴码岗,0,3,11.0,8.0,3.0,,FULL62-W1
SX,SX-PET02,2026-07-12,夜班,N12,EMPSX0030,SX-PET02-BLOW,吹瓶机岗,1,3,11.0,8.0,3.0,,FULL62-W1
SX,SX-PET02,2026-07-12,夜班,N12,EMPSX0006,SX-PET02-FILL,灌注机岗,1,4,11.0,8.0,3.0,,FULL62-W1
SX,SX-PET02,2026-07-12,夜班,N12,EMPSX0011,SX-PET02-LABEL,贴标机岗,0,3,11.0,8.0,3.0,,FULL62-W1
SX,SX-PET02,2026-07-12,夜班,N12,EMPSX0064,SX-PET02-PACK-SHRINK,塑包机岗,0,3,11.0,8.0,3.0,,FULL62-W1
SX,SX-PET02,2026-07-12,夜班,N12,EMPSX0047,SX-PET02-PALLET,码垛机岗,0,3,11.0,8.0,3.0,,FULL62-W1
SX,SX-PET02,2026-07-12,夜班,N12,EMPSX0015,SX-PET02-PALLET-LABEL,垛贴码岗,0,2,11.0,8.0,3.0,,FULL62-W1
SX,SX-QC,2026-07-12,夜班,N12,EMPSX0156,SX-QC-QC-AUX,辅线品控（水、糖、BIB）,1,3,11.0,8.0,3.0,,FULL62-W1
SX,SX-QC,2026-07-12,夜班,N12,EMPSX0178,SX-QC-QC-BLOW,吹瓶品控,1,4,11.0,8.0,3.0,,FULL62-W1
SX,SX-QC,2026-07-12,夜班,N12,EMPSX0171,SX-QC-QC-IP-CAN,CAN线品控,1,3,11.0,8.0,3.0,,FULL62-W1
SX,SX-QC,2026-07-12,夜班,N12,EMPSX0162,SX-QC-QC-IP-PET1,PET线品控1,1,4,11.0,8.0,3.0,,FULL62-W1
SX,SX-QC,2026-07-12,夜班,N12,EMPSX0175,SX-QC-QC-IP-RB,RB线品控,1,4,11.0,8.0,3.0,,FULL62-W1
SX,SX-RB01,2026-07-12,夜班,N12,EMPSX0005,SX-RB01-FILL,灌注机岗,1,3,11.0,8.0,3.0,,FULL62-W1
SX,SX-RB01,2026-07-12,夜班,N12,EMPSX0080,SX-RB01-LOADER,装卸箱机岗,0,3,11.0,8.0,3.0,,FULL62-W1
SX,SX-RB01,2026-07-12,夜班,N12,EMPSX0097,SX-RB01-QC-BOTTLE,空瓶检测岗,1,3,11.0,8.0,3.0,,FULL62-W1
SX,SX-RB01,2026-07-12,夜班,N12,EMPSX0092,SX-RB01-QC-FGI1,成品目检岗1,1,3,11.0,8.0,3.0,,FULL62-W1
SX,SX-SYRUP,2026-07-12,夜班,N12,EMPSX0119,SX-SYRUP-SYRUP-POST1,后糖岗1,1,3,11.0,8.0,3.0,,FULL62-W1
SX,SX-UTIL,2026-07-12,夜班,N12,EMPSX0128,SX-UTIL-WWTP,污水处理岗,0,3,11.0,8.0,3.0,,FULL62-W1
HB,HB-AS01,2026-07-13,白班,D12,EMPHB0212,HB-AS01-CARTON,上纸箱岗,0,3,11.0,8.0,3.0,,FULL62-W1
HB,HB-AS01,2026-07-13,白班,D12,EMPHB0210,HB-AS01-HANDLE-1,提扣机岗1,0,2,11.0,8.0,3.0,,FULL62-W1
HB,HB-AS01,2026-07-13,白班,D12,EMPHB0256,HB-AS01-HANDLE-2,提扣机岗2,0,3,11.0,8.0,3.0,,FULL62-W1
HB,HB-AS01,2026-07-13,白班,D12,EMPHB0283,HB-AS01-LABEL,贴标机岗,0,3,11.0,8.0,3.0,,FULL62-W1
HB,HB-AS01,2026-07-13,白班,D12,EMPHB0243,HB-AS01-PACK-SHRINK,膜包机岗,0,3,11.0,8.0,3.0,,FULL62-W1
HB,HB-AS01,2026-07-13,白班,D12,EMPHB0204,HB-AS01-PALLET,码垛机岗,0,3,11.0,8.0,3.0,,FULL62-W1
HB,HB-AS01,2026-07-13,白班,D12,EMPHB0271,HB-AS01-SHIFT-LEADER,生产领班,1,3,11.0,8.0,3.0,,FULL62-W1
HB,HB-AS01,2026-07-13,白班,D12,EMPHB0307,HB-AS01-UHT-1,UHT&调配&果肉操作1,1,4,11.0,8.0,3.0,,FULL62-W1
HB,HB-AS01,2026-07-13,白班,D12,EMPHB0316,HB-AS01-UHT-AUX,辅助工,0,3,11.0,8.0,3.0,,FULL62-W1
HB,HB-ENG,2026-07-13,白班,D12,EMPHB0320,HB-ENG-ELEC-1,电气维修工程师1,1,3,11.0,8.0,3.0,,FULL62-W1
HB,HB-ENG2,2026-07-13,白班,D12,EMPHB0346,HB-ENG2-AIRCOMP,空压岗,1,3,11.0,8.0,3.0,,FULL62-W1
HB,HB-ENG2,2026-07-13,白班,D12,EMPHB0344,HB-ENG2-BOILER,锅炉岗,0,4,11.0,8.0,3.0,,FULL62-W1
HB,HB-ENG2,2026-07-13,白班,D12,EMPHB0336,HB-ENG2-ELEC-OUT1,外围电工1,1,3,11.0,8.0,3.0,,FULL62-W1
HB,HB-ENG2,2026-07-13,白班,D12,EMPHB0349,HB-ENG2-WWTP,污水岗,0,3,11.0,8.0,3.0,,FULL62-W1
HB,HB-PET01,2026-07-13,白班,D12,EMPHB0188,HB-PET01-BLOW,吹瓶机岗,1,3,11.0,8.0,3.0,,FULL62-W1
HB,HB-PET01,2026-07-13,白班,D12,EMPHB0299,HB-PET01-HANDLE-1,提扣机岗1,0,2,11.0,8.0,3.0,,FULL62-W1
HB,HB-PET01,2026-07-13,白班,D12,EMPHB0253,HB-PET01-HANDLE-2,提扣机岗2,0,3,11.0,8.0,3.0,,FULL62-W1
HB,HB-PET01,2026-07-13,白班,D12,EMPHB0238,HB-PET01-LABEL,贴标机岗,0,3,11.0,8.0,3.0,,FULL62-W1
HB,HB-PET01,2026-07-13,白班,D12,EMPHB0221,HB-PET01-PACK-SHRINK,膜包机岗,0,4,11.0,8.0,3.0,,FULL62-W1
HB,HB-PET01,2026-07-13,白班,D12,EMPHB0292,HB-PET01-PALLET,码垛机岗,0,4,11.0,8.0,3.0,,FULL62-W1
HB,HB-PET02,2026-07-13,白班,D12,EMPHB0216,HB-PET02-BLOW-FILL,吹瓶、灌装岗位,1,3,11.0,8.0,3.0,,FULL62-W1
HB,HB-PET02,2026-07-13,白班,D12,EMPHB0196,HB-PET02-LABEL,贴标机岗,0,4,11.0,8.0,3.0,,FULL62-W1
HB,HB-PET03,2026-07-13,白班,D12,EMPHB0233,HB-PET03-FILL,灌注机岗,1,3,11.0,8.0,3.0,,FULL62-W1
HB,HB-PET03,2026-07-13,白班,D12,EMPHB0251,HB-PET03-HANDLE-1,提扣机岗1,0,4,11.0,8.0,3.0,,FULL62-W1
HB,HB-PET03,2026-07-13,白班,D12,EMPHB0285,HB-PET03-LABEL,贴标机岗,0,3,11.0,8.0,3.0,,FULL62-W1
HB,HB-PET03,2026-07-13,白班,D12,EMPHB0290,HB-PET03-PACK-SHRINK,膜包机岗,0,3,11.0,8.0,3.0,,FULL62-W1
HB,HB-QC,2026-07-13,白班,D12,EMPHB0357,HB-QC-QC-RM-AS,无菌线原物料品控,1,3,11.0,8.0,3.0,,FULL62-W1
HB,HB-QC,2026-07-13,白班,D12,EMPHB0355,HB-QC-QC-RM-SODA,汽水线原物料品控,1,4,11.0,8.0,3.0,,FULL62-W1
HB,HB-QC2,2026-07-13,白班,D12,EMPHB0384,HB-QC2-QC-BLOW,吹瓶品控,1,3,11.0,8.0,3.0,,FULL62-W1
HB,HB-QC2,2026-07-13,白班,D12,EMPHB0389,HB-QC2-QC-IP-AS,无菌线制程品控,1,3,11.0,8.0,3.0,,FULL62-W1
HB,HB-QC2,2026-07-13,白班,D12,EMPHB0369,HB-QC2-QC-IP-PET01,PET01线制程品控,1,3,11.0,8.0,3.0,,FULL62-W1
HB,HB-QC2,2026-07-13,白班,D12,EMPHB0376,HB-QC2-QC-IP-PET02,PET02线制程品控,1,3,11.0,8.0,3.0,,FULL62-W1
HB,HB-QC2,2026-07-13,白班,D12,EMPHB0379,HB-QC2-QC-IP-PET03,PET03线制程品控,1,3,11.0,8.0,3.0,,FULL62-W1
HB,HB-QC2,2026-07-13,白班,D12,EMPHB0385,HB-QC2-QC-WATER,水糖品控,1,3,11.0,8.0,3.0,,FULL62-W1
HB,HB-SYRUP,2026-07-13,白班,D12,EMPHB0264,HB-SYRUP-SYRUP-POST1,后糖岗1,1,4,11.0,8.0,3.0,F,FULL62-W1
HB,HB-SYRUP,2026-07-13,白班,D12,EMPHB0269,HB-SYRUP-SYRUP-POST2,后糖岗2,1,4,11.0,8.0,3.0,F,FULL62-W1
HB,HB-SYRUP,2026-07-13,白班,D12,EMPHB0257,HB-SYRUP-WATER,水处理操作岗,1,3,11.0,8.0,3.0,F,FULL62-W1
SX,SX-BIB01,2026-07-13,白班,D12,EMPSX0087,SX-BIB01-FILL,灌装岗,1,3,11.0,8.0,3.0,,FULL62-W1
SX,SX-BIB01,2026-07-13,白班,D12,EMPSX0106,SX-BIB01-PACK-1,包装岗1,0,3,11.0,8.0,3.0,,FULL62-W1
SX,SX-BIB01,2026-07-13,白班,D12,EMPSX0033,SX-BIB01-PACK-2,包装岗2,0,3,11.0,8.0,3.0,,FULL62-W1
SX,SX-CAN01,2026-07-13,白班,D12,EMPSX0053,SX-CAN01-DEPAL-CAN,卸罐机岗,0,3,11.0,8.0,3.0,,FULL62-W1
SX,SX-CAN01,2026-07-13,白班,D12,EMPSX0086,SX-CAN01-FILL,灌注机岗,1,3,11.0,8.0,3.0,,FULL62-W1
SX,SX-CAN01,2026-07-13,白班,D12,EMPSX0069,SX-CAN01-PACK-MULTI,多包装机,0,4,11.0,8.0,3.0,,FULL62-W1
SX,SX-CAN01,2026-07-13,白班,D12,EMPSX0009,SX-CAN01-PACK-SHRINK,塑包机岗,0,3,11.0,8.0,3.0,,FULL62-W1
SX,SX-CAN01,2026-07-13,白班,D12,EMPSX0021,SX-CAN01-PALLET,码垛机岗,0,3,11.0,8.0,3.0,,FULL62-W1
SX,SX-ENG,2026-07-13,白班,D12,EMPSX0140,SX-ENG-AIRCOMP,制冷空压机岗,1,4,11.0,8.0,3.0,,FULL62-W1
SX,SX-ENG,2026-07-13,白班,D12,EMPSX0142,SX-ENG-BOILER,锅炉操作岗,0,3,11.0,8.0,3.0,,FULL62-W1
SX,SX-PET01,2026-07-13,白班,D12,EMPSX0004,SX-PET01-BLOW-LABEL,吹贴机岗,1,4,11.0,8.0,3.0,,FULL62-W1
SX,SX-PET01,2026-07-13,白班,D12,EMPSX0020,SX-PET01-FGI,FGI岗,0,3,11.0,8.0,3.0,,FULL62-W1
SX,SX-PET01,2026-07-13,白班,D12,EMPSX0027,SX-PET01-HANDLE,提扣机岗,0,3,11.0,8.0,3.0,,FULL62-W1
SX,SX-PET01,2026-07-13,白班,D12,EMPSX0109,SX-PET01-PACK-SHRINK,塑包机岗,0,2,11.0,8.0,3.0,,FULL62-W1
SX,SX-PET01,2026-07-13,白班,D12,EMPSX0048,SX-PET01-PALLET,码垛机岗,0,3,11.0,8.0,3.0,,FULL62-W1
SX,SX-PET02,2026-07-13,白班,D12,EMPSX0031,SX-PET02-BLOW,吹瓶机岗,1,3,11.0,8.0,3.0,,FULL62-W1
SX,SX-PET02,2026-07-13,白班,D12,EMPSX0034,SX-PET02-LABEL,贴标机岗,0,3,11.0,8.0,3.0,,FULL62-W1
SX,SX-PET02,2026-07-13,白班,D12,EMPSX0068,SX-PET02-PALLET,码垛机岗,0,3,11.0,8.0,3.0,,FULL62-W1
SX,SX-PET02,2026-07-13,白班,D12,EMPSX0024,SX-PET02-PALLET-LABEL,垛贴码岗,0,3,11.0,8.0,3.0,,FULL62-W1
SX,SX-QC,2026-07-13,白班,D12,EMPSX0154,SX-QC-QC-AUX,辅线品控（水、糖、BIB）,1,3,11.0,8.0,3.0,,FULL62-W1
SX,SX-QC,2026-07-13,白班,D12,EMPSX0177,SX-QC-QC-BLOW,吹瓶品控,1,3,11.0,8.0,3.0,,FULL62-W1
SX,SX-QC,2026-07-13,白班,D12,EMPSX0170,SX-QC-QC-IP-CAN,CAN线品控,1,3,11.0,8.0,3.0,,FULL62-W1
SX,SX-QC,2026-07-13,白班,D12,EMPSX0163,SX-QC-QC-IP-PET1,PET线品控1,1,3,11.0,8.0,3.0,,FULL62-W1
SX,SX-QC,2026-07-13,白班,D12,EMPSX0167,SX-QC-QC-IP-PET2,PET线品控2,1,4,11.0,8.0,3.0,,FULL62-W1
SX,SX-RB01,2026-07-13,白班,D12,EMPSX0075,SX-RB01-DEPAL,码卸垛机岗,0,3,11.0,8.0,3.0,,FULL62-W1
SX,SX-RB01,2026-07-13,白班,D12,EMPSX0037,SX-RB01-FILL,灌注机岗,1,3,11.0,8.0,3.0,,FULL62-W1
SX,SX-RB01,2026-07-13,白班,D12,EMPSX0079,SX-RB01-LOADER,装卸箱机岗,0,4,11.0,8.0,3.0,,FULL62-W1
SX,SX-RB01,2026-07-13,白班,D12,EMPSX0098,SX-RB01-QC-BOTTLE,空瓶检测岗,1,3,11.0,8.0,3.0,,FULL62-W1
SX,SX-RB01,2026-07-13,白班,D12,EMPSX0089,SX-RB01-QC-FGI1,成品目检岗1,1,3,11.0,8.0,3.0,,FULL62-W1
SX,SX-RB01,2026-07-13,白班,D12,EMPSX0095,SX-RB01-QC-FGI2,成品目检岗2,1,3,11.0,8.0,3.0,,FULL62-W1
SX,SX-RB01,2026-07-13,白班,D12,EMPSX0084,SX-RB01-WASHER,洗瓶机岗,0,3,11.0,8.0,3.0,,FULL62-W1
SX,SX-SYRUP,2026-07-13,白班,D12,EMPSX0115,SX-SYRUP-SYRUP-POST1,后糖岗1,1,3,11.0,8.0,3.0,,FULL62-W1
SX,SX-SYRUP,2026-07-13,白班,D12,EMPSX0121,SX-SYRUP-SYRUP-POST2,后糖岗2,1,3,11.0,8.0,3.0,,FULL62-W1
HB,HB-ENG,2026-07-13,常白班,D8,EMPHB0324,HB-ENG-ELEC-2,电气维修工程师2,1,4,8.0,8.0,0.0,,FULL62-W1
HB,HB-ENG,2026-07-13,常白班,D8,EMPHB0326,HB-ENG-ENG-BLOW,吹瓶机工程师,1,4,8.0,8.0,0.0,,FULL62-W1
HB,HB-ENG,2026-07-13,常白班,D8,EMPHB0328,HB-ENG-ENG-FILL,灌装机工程师,1,3,8.0,8.0,0.0,,FULL62-W1
HB,HB-ENG,2026-07-13,常白班,D8,EMPHB0330,HB-ENG-ENG-LABEL,贴标机工程师,1,4,8.0,8.0,0.0,,FULL62-W1
HB,HB-ENG,2026-07-13,常白班,D8,EMPHB0332,HB-ENG-ENG-PACK,膜包机工程师,1,3,8.0,8.0,0.0,,FULL62-W1
HB,HB-ENG,2026-07-13,常白班,D8,EMPHB0334,HB-ENG-ENG-PALLET,码垛机工程师,1,3,8.0,8.0,0.0,,FULL62-W1
HB,HB-ENG2,2026-07-13,常白班,D8,EMPHB0340,HB-ENG2-ELEC-OUT2,外围电工2,1,4,8.0,8.0,0.0,,FULL62-W1
HB,HB-QC,2026-07-13,常白班,D8,EMPHB0363,HB-QC-QC-MICRO-AS1,无菌线微生物品控1,1,3,8.0,8.0,0.0,,FULL62-W1
HB,HB-QC,2026-07-13,常白班,D8,EMPHB0366,HB-QC-QC-MICRO-AS2,无菌线微生物品控2,1,3,8.0,8.0,0.0,,FULL62-W1
HB,HB-QC,2026-07-13,常白班,D8,EMPHB0367,HB-QC-QC-MICRO-AS3,无菌线微生物品控3,1,3,8.0,8.0,0.0,,FULL62-W1
HB,HB-QC,2026-07-13,常白班,D8,EMPHB0362,HB-QC-QC-MICRO-SODA,汽水线微生物品控,1,3,8.0,8.0,0.0,,FULL62-W1
HB,HB-SYRUP,2026-07-13,常白班,D8,EMPHB0261,HB-SYRUP-SYRUP-PRE,前糖岗,1,3,8.0,8.0,0.0,,FULL62-W1
SX,SX-ENG,2026-07-13,常白班,D8,EMPSX0133,SX-ENG-ELEC-LINE2,生产线电工2,1,3,8.0,8.0,0.0,,FULL62-W1
SX,SX-ENG,2026-07-13,常白班,D8,EMPSX0135,SX-ENG-ELEC-OUT,外围电工,1,4,8.0,8.0,0.0,,FULL62-W1
SX,SX-QC,2026-07-13,常白班,D8,EMPSX0159,SX-QC-QC-MICRO,微生物品控,1,3,8.0,8.0,0.0,,FULL62-W1
SX,SX-QC,2026-07-13,常白班,D8,EMPSX0158,SX-QC-QC-RM,原物料品控,1,4,8.0,8.0,0.0,,FULL62-W1
SX,SX-SYRUP,2026-07-13,常白班,D8,EMPSX0116,SX-SYRUP-SYRUP-PRE,前糖岗,1,3,8.0,8.0,0.0,,FULL62-W1
SX,SX-UTIL,2026-07-13,常白班,D8,EMPSX0125,SX-UTIL-WATER,水处理操作岗,1,3,8.0,8.0,0.0,,FULL62-W1
HB,HB-AS01,2026-07-13,夜班,N12,EMPHB0232,HB-AS01-BLOW,吹瓶机岗,1,3,11.0,8.0,3.0,,FULL62-W1
HB,HB-AS01,2026-07-13,夜班,N12,EMPHB0306,HB-AS01-CARTON,上纸箱岗,0,4,11.0,8.0,3.0,,FULL62-W1
HB,HB-AS01,2026-07-13,夜班,N12,EMPHB0279,HB-AS01-FILL,灌注机岗,1,3,11.0,8.0,3.0,,FULL62-W1
HB,HB-AS01,2026-07-13,夜班,N12,EMPHB0254,HB-AS01-HANDLE-1,提扣机岗1,0,3,11.0,8.0,3.0,,FULL62-W1
HB,HB-AS01,2026-07-13,夜班,N12,EMPHB0211,HB-AS01-HANDLE-2,提扣机岗2,0,4,11.0,8.0,3.0,,FULL62-W1
HB,HB-AS01,2026-07-13,夜班,N12,EMPHB0220,HB-AS01-LABEL,贴标机岗,0,4,11.0,8.0,3.0,,FULL62-W1
HB,HB-AS01,2026-07-13,夜班,N12,EMPHB0288,HB-AS01-PACK-SHRINK,膜包机岗,0,3,11.0,8.0,3.0,,FULL62-W1
HB,HB-AS01,2026-07-13,夜班,N12,EMPHB0228,HB-AS01-PALLET,码垛机岗,0,3,11.0,8.0,3.0,,FULL62-W1
HB,HB-AS01,2026-07-13,夜班,N12,EMPHB0272,HB-AS01-SHIFT-LEADER,生产领班,1,3,11.0,8.0,3.0,,FULL62-W1
HB,HB-AS01,2026-07-13,夜班,N12,EMPHB0308,HB-AS01-UHT-1,UHT&调配&果肉操作1,1,4,11.0,8.0,3.0,,FULL62-W1
HB,HB-AS01,2026-07-13,夜班,N12,EMPHB0312,HB-AS01-UHT-2,UHT&调配&果肉操作2,1,3,11.0,8.0,3.0,,FULL62-W1
HB,HB-AS01,2026-07-13,夜班,N12,EMPHB0315,HB-AS01-UHT-AUX,辅助工,0,3,11.0,8.0,3.0,,FULL62-W1
HB,HB-ENG2,2026-07-13,夜班,N12,EMPHB0345,HB-ENG2-AIRCOMP,空压岗,1,3,11.0,8.0,3.0,,FULL62-W1
HB,HB-ENG2,2026-07-13,夜班,N12,EMPHB0338,HB-ENG2-ELEC-OUT1,外围电工1,1,3,11.0,8.0,3.0,,FULL62-W1
HB,HB-ENG2,2026-07-13,夜班,N12,EMPHB0352,HB-ENG2-WWTP,污水岗,0,3,11.0,8.0,3.0,,FULL62-W1
HB,HB-PET01,2026-07-13,夜班,N12,EMPHB0229,HB-PET01-BLOW,吹瓶机岗,1,4,11.0,8.0,3.0,,FULL62-W1
HB,HB-PET01,2026-07-13,夜班,N12,EMPHB0236,HB-PET01-FILL,灌注机岗,1,3,11.0,8.0,3.0,,FULL62-W1
HB,HB-PET01,2026-07-13,夜班,N12,EMPHB0295,HB-PET01-HANDLE-1,提扣机岗1,0,3,11.0,8.0,3.0,,FULL62-W1
HB,HB-PET01,2026-07-13,夜班,N12,EMPHB0284,HB-PET01-LABEL,贴标机岗,0,3,11.0,8.0,3.0,,FULL62-W1
HB,HB-PET01,2026-07-13,夜班,N12,EMPHB0218,HB-PET01-PACK-SHRINK,膜包机岗,0,3,11.0,8.0,3.0,,FULL62-W1
HB,HB-PET01,2026-07-13,夜班,N12,EMPHB0201,HB-PET01-PALLET,码垛机岗,0,4,11.0,8.0,3.0,,FULL62-W1
HB,HB-PET01,2026-07-13,夜班,N12,EMPHB0184,HB-PET01-SHIFT-ENG,倒班工程师,1,4,11.0,8.0,3.0,,FULL62-W1
HB,HB-PET02,2026-07-13,夜班,N12,EMPHB0215,HB-PET02-BLOW-FILL,吹瓶、灌装岗位,1,3,11.0,8.0,3.0,,FULL62-W1
HB,HB-PET02,2026-07-13,夜班,N12,EMPHB0200,HB-PET02-PACK-SHRINK,膜包机岗,0,3,11.0,8.0,3.0,,FULL62-W1
HB,HB-PET02,2026-07-13,夜班,N12,EMPHB0247,HB-PET02-PALLET,码垛机岗,0,3,11.0,8.0,3.0,,FULL62-W1
HB,HB-PET03,2026-07-13,夜班,N12,EMPHB0277,HB-PET03-BLOW,吹瓶机岗,1,3,11.0,8.0,3.0,,FULL62-W1
HB,HB-PET03,2026-07-13,夜班,N12,EMPHB0189,HB-PET03-FILL,灌注机岗,1,4,11.0,8.0,3.0,,FULL62-W1
HB,HB-PET03,2026-07-13,夜班,N12,EMPHB0297,HB-PET03-HANDLE-1,提扣机岗1,0,3,11.0,8.0,3.0,,FULL62-W1
HB,HB-PET03,2026-07-13,夜班,N12,EMPHB0300,HB-PET03-HANDLE-2,提扣机岗2,0,3,11.0,8.0,3.0,,FULL62-W1
HB,HB-PET03,2026-07-13,夜班,N12,EMPHB0193,HB-PET03-LABEL,贴标机岗,0,3,11.0,8.0,3.0,,FULL62-W1
HB,HB-PET03,2026-07-13,夜班,N12,EMPHB0227,HB-PET03-PALLET,码垛机岗,0,4,11.0,8.0,3.0,,FULL62-W1
HB,HB-QC,2026-07-13,夜班,N12,EMPHB0358,HB-QC-QC-RM-AS,无菌线原物料品控,1,4,11.0,8.0,3.0,,FULL62-W1
HB,HB-QC,2026-07-13,夜班,N12,EMPHB0354,HB-QC-QC-RM-SODA,汽水线原物料品控,1,3,11.0,8.0,3.0,,FULL62-W1
HB,HB-QC2,2026-07-13,夜班,N12,EMPHB0382,HB-QC2-QC-BLOW,吹瓶品控,1,4,11.0,8.0,3.0,,FULL62-W1
HB,HB-QC2,2026-07-13,夜班,N12,EMPHB0391,HB-QC2-QC-IP-AS,无菌线制程品控,1,3,11.0,8.0,3.0,,FULL62-W1
HB,HB-QC2,2026-07-13,夜班,N12,EMPHB0370,HB-QC2-QC-IP-PET01,PET01线制程品控,1,3,11.0,8.0,3.0,,FULL62-W1
HB,HB-QC2,2026-07-13,夜班,N12,EMPHB0375,HB-QC2-QC-IP-PET02,PET02线制程品控,1,3,11.0,8.0,3.0,,FULL62-W1
HB,HB-QC2,2026-07-13,夜班,N12,EMPHB0378,HB-QC2-QC-IP-PET03,PET03线制程品控,1,3,11.0,8.0,3.0,,FULL62-W1
HB,HB-QC2,2026-07-13,夜班,N12,EMPHB0388,HB-QC2-QC-WATER,水糖品控,1,3,11.0,8.0,3.0,,FULL62-W1
HB,HB-SYRUP,2026-07-13,夜班,N12,EMPHB0266,HB-SYRUP-SYRUP-POST1,后糖岗1,1,4,11.0,8.0,3.0,,FULL62-W1
HB,HB-SYRUP,2026-07-13,夜班,N12,EMPHB0270,HB-SYRUP-SYRUP-POST2,后糖岗2,1,4,11.0,8.0,3.0,,FULL62-W1
HB,HB-SYRUP,2026-07-13,夜班,N12,EMPHB0259,HB-SYRUP-WATER,水处理操作岗,1,4,11.0,8.0,3.0,,FULL62-W1
SX,SX-BIB01,2026-07-13,夜班,N12,EMPSX0103,SX-BIB01-FILL,灌装岗,1,3,11.0,8.0,3.0,,FULL62-W1
SX,SX-BIB01,2026-07-13,夜班,N12,EMPSX0107,SX-BIB01-PACK-1,包装岗1,0,3,11.0,8.0,3.0,,FULL62-W1
SX,SX-BIB01,2026-07-13,夜班,N12,EMPSX0036,SX-BIB01-PACK-2,包装岗2,0,3,11.0,8.0,3.0,,FULL62-W1
SX,SX-CAN01,2026-07-13,夜班,N12,EMPSX0056,SX-CAN01-DEPAL-CAN,卸罐机岗,0,3,11.0,8.0,3.0,,FULL62-W1
SX,SX-CAN01,2026-07-13,夜班,N12,EMPSX0006,SX-CAN01-FILL,灌注机岗,1,4,11.0,8.0,3.0,,FULL62-W1
SX,SX-CAN01,2026-07-13,夜班,N12,EMPSX0072,SX-CAN01-PACK-MULTI,多包装机,0,3,11.0,8.0,3.0,,FULL62-W1
SX,SX-CAN01,2026-07-13,夜班,N12,EMPSX0047,SX-CAN01-PALLET,码垛机岗,0,3,11.0,8.0,3.0,,FULL62-W1
SX,SX-ENG,2026-07-13,夜班,N12,EMPSX0138,SX-ENG-AIRCOMP,制冷空压机岗,1,4,11.0,8.0,3.0,,FULL62-W1
SX,SX-ENG,2026-07-13,夜班,N12,EMPSX0144,SX-ENG-BOILER,锅炉操作岗,0,4,11.0,8.0,3.0,,FULL62-W1
SX,SX-ENG,2026-07-13,夜班,N12,EMPSX0131,SX-ENG-ELEC-LINE1,生产线电工1,1,3,11.0,8.0,3.0,,FULL62-W1
SX,SX-ENG,2026-07-13,夜班,N12,EMPSX0150,SX-ENG-MECH-LINE,生产线机修岗,0,3,11.0,8.0,3.0,,FULL62-W1
SX,SX-PET01,2026-07-13,夜班,N12,EMPSX0003,SX-PET01-BLOW-LABEL,吹贴机岗,1,4,11.0,8.0,3.0,,FULL62-W1
SX,SX-PET01,2026-07-13,夜班,N12,EMPSX0050,SX-PET01-FGI,FGI岗,0,3,11.0,8.0,3.0,,FULL62-W1
SX,SX-PET01,2026-07-13,夜班,N12,EMPSX0060,SX-PET01-FILL,灌注机岗,1,3,11.0,8.0,3.0,,FULL62-W1
SX,SX-PET01,2026-07-13,夜班,N12,EMPSX0028,SX-PET01-HANDLE,提扣机岗,0,4,11.0,8.0,3.0,,FULL62-W1
SX,SX-PET01,2026-07-13,夜班,N12,EMPSX0046,SX-PET01-PALLET,码垛机岗,0,3,11.0,8.0,3.0,,FULL62-W1
SX,SX-PET01,2026-07-13,夜班,N12,EMPSX0051,SX-PET01-PALLET-LABEL,垛贴码岗,0,3,11.0,8.0,3.0,,FULL62-W1
SX,SX-PET02,2026-07-13,夜班,N12,EMPSX0008,SX-PET02-FILL,灌注机岗,1,4,11.0,8.0,3.0,,FULL62-W1
SX,SX-PET02,2026-07-13,夜班,N12,EMPSX0035,SX-PET02-LABEL,贴标机岗,0,3,11.0,8.0,3.0,,FULL62-W1
SX,SX-PET02,2026-07-13,夜班,N12,EMPSX0010,SX-PET02-PACK-SHRINK,塑包机岗,0,3,11.0,8.0,3.0,,FULL62-W1
SX,SX-PET02,2026-07-13,夜班,N12,EMPSX0015,SX-PET02-PALLET,码垛机岗,0,3,11.0,8.0,3.0,,FULL62-W1
SX,SX-PET02,2026-07-13,夜班,N12,EMPSX0023,SX-PET02-PALLET-LABEL,垛贴码岗,0,3,11.0,8.0,3.0,,FULL62-W1
SX,SX-QC,2026-07-13,夜班,N12,EMPSX0153,SX-QC-QC-AUX,辅线品控（水、糖、BIB）,1,3,11.0,8.0,3.0,,FULL62-W1
SX,SX-QC,2026-07-13,夜班,N12,EMPSX0180,SX-QC-QC-BLOW,吹瓶品控,1,3,11.0,8.0,3.0,,FULL62-W1
SX,SX-QC,2026-07-13,夜班,N12,EMPSX0171,SX-QC-QC-IP-CAN,CAN线品控,1,3,11.0,8.0,3.0,,FULL62-W1
SX,SX-QC,2026-07-13,夜班,N12,EMPSX0161,SX-QC-QC-IP-PET1,PET线品控1,1,3,11.0,8.0,3.0,,FULL62-W1
SX,SX-QC,2026-07-13,夜班,N12,EMPSX0174,SX-QC-QC-IP-RB,RB线品控,1,3,11.0,8.0,3.0,,FULL62-W1
SX,SX-RB01,2026-07-13,夜班,N12,EMPSX0074,SX-RB01-DEPAL,码卸垛机岗,0,3,11.0,8.0,3.0,,FULL62-W1
SX,SX-RB01,2026-07-13,夜班,N12,EMPSX0005,SX-RB01-FILL,灌注机岗,1,3,11.0,8.0,3.0,,FULL62-W1
SX,SX-RB01,2026-07-13,夜班,N12,EMPSX0077,SX-RB01-LOADER,装卸箱机岗,0,3,11.0,8.0,3.0,,FULL62-W1
SX,SX-RB01,2026-07-13,夜班,N12,EMPSX0099,SX-RB01-QC-BOTTLE,空瓶检测岗,1,3,11.0,8.0,3.0,,FULL62-W1
SX,SX-RB01,2026-07-13,夜班,N12,EMPSX0090,SX-RB01-QC-FGI1,成品目检岗1,1,3,11.0,8.0,3.0,,FULL62-W1
SX,SX-RB01,2026-07-13,夜班,N12,EMPSX0096,SX-RB01-QC-FGI2,成品目检岗2,1,3,11.0,8.0,3.0,,FULL62-W1
SX,SX-RB01,2026-07-13,夜班,N12,EMPSX0081,SX-RB01-WASHER,洗瓶机岗,0,4,11.0,8.0,3.0,,FULL62-W1
SX,SX-SYRUP,2026-07-13,夜班,N12,EMPSX0118,SX-SYRUP-SYRUP-POST1,后糖岗1,1,3,11.0,8.0,3.0,,FULL62-W1
SX,SX-SYRUP,2026-07-13,夜班,N12,EMPSX0124,SX-SYRUP-SYRUP-POST2,后糖岗2,1,3,11.0,8.0,3.0,,FULL62-W1
SX,SX-UTIL,2026-07-13,夜班,N12,EMPSX0127,SX-UTIL-WWTP,污水处理岗,0,4,11.0,8.0,3.0,,FULL62-W1
HB,HB-AS01,2026-07-14,白班,D12,EMPHB0185,HB-AS01-BLOW,吹瓶机岗,1,3,11.0,8.0,3.0,,FULL62-W1
HB,HB-AS01,2026-07-14,白班,D12,EMPHB0304,HB-AS01-CARTON,上纸箱岗,0,3,11.0,8.0,3.0,,FULL62-W1
HB,HB-AS01,2026-07-14,白班,D12,EMPHB0233,HB-AS01-FILL,灌注机岗,1,3,11.0,8.0,3.0,,FULL62-W1
HB,HB-AS01,2026-07-14,白班,D12,EMPHB0209,HB-AS01-HANDLE-2,提扣机岗2,0,4,11.0,8.0,3.0,,FULL62-W1
HB,HB-AS01,2026-07-14,白班,D12,EMPHB0285,HB-AS01-LABEL,贴标机岗,0,3,11.0,8.0,3.0,,FULL62-W1
HB,HB-AS01,2026-07-14,白班,D12,EMPHB0290,HB-AS01-PACK-SHRINK,膜包机岗,0,3,11.0,8.0,3.0,,FULL62-W1
HB,HB-AS01,2026-07-14,白班,D12,EMPHB0245,HB-AS01-PALLET,码垛机岗,0,3,11.0,8.0,3.0,,FULL62-W1
HB,HB-AS01,2026-07-14,白班,D12,EMPHB0273,HB-AS01-SHIFT-LEADER,生产领班,1,3,11.0,8.0,3.0,,FULL62-W1
HB,HB-AS01,2026-07-14,白班,D12,EMPHB0309,HB-AS01-UHT-1,UHT&调配&果肉操作1,1,3,11.0,8.0,3.0,,FULL62-W1
HB,HB-AS01,2026-07-14,白班,D12,EMPHB0317,HB-AS01-UHT-AUX,辅助工,0,3,11.0,8.0,3.0,,FULL62-W1
HB,HB-ENG,2026-07-14,白班,D12,EMPHB0321,HB-ENG-ELEC-1,电气维修工程师1,1,4,11.0,8.0,3.0,,FULL62-W1
HB,HB-ENG2,2026-07-14,白班,D12,EMPHB0341,HB-ENG2-AIRCOMP,空压岗,1,3,11.0,8.0,3.0,,FULL62-W1
HB,HB-ENG2,2026-07-14,白班,D12,EMPHB0344,HB-ENG2-BOILER,锅炉岗,0,4,11.0,8.0,3.0,,FULL62-W1
HB,HB-ENG2,2026-07-14,白班,D12,EMPHB0336,HB-ENG2-ELEC-OUT1,外围电工1,1,3,11.0,8.0,3.0,,FULL62-W1
HB,HB-ENG2,2026-07-14,白班,D12,EMPHB0351,HB-ENG2-WWTP,污水岗,0,3,11.0,8.0,3.0,,FULL62-W1
HB,HB-PET01,2026-07-14,白班,D12,EMPHB0186,HB-PET01-BLOW,吹瓶机岗,1,3,11.0,8.0,3.0,,FULL62-W1
HB,HB-PET01,2026-07-14,白班,D12,EMPHB0282,HB-PET01-FILL,灌注机岗,1,4,11.0,8.0,3.0,,FULL62-W1
HB,HB-PET01,2026-07-14,白班,D12,EMPHB0208,HB-PET01-HANDLE-1,提扣机岗1,0,4,11.0,8.0,3.0,,FULL62-W1
HB,HB-PET01,2026-07-14,白班,D12,EMPHB0299,HB-PET01-HANDLE-2,提扣机岗2,0,3,11.0,8.0,3.0,,FULL62-W1
HB,HB-PET01,2026-07-14,白班,D12,EMPHB0286,HB-PET01-LABEL,贴标机岗,0,3,11.0,8.0,3.0,,FULL62-W1
HB,HB-PET01,2026-07-14,白班,D12,EMPHB0244,HB-PET01-PACK-SHRINK,膜包机岗,0,3,11.0,8.0,3.0,,FULL62-W1
HB,HB-PET01,2026-07-14,白班,D12,EMPHB0204,HB-PET01-PALLET,码垛机岗,0,3,11.0,8.0,3.0,,FULL62-W1
HB,HB-PET01,2026-07-14,白班,D12,EMPHB0182,HB-PET01-SHIFT-ENG,倒班工程师,1,3,11.0,8.0,3.0,,FULL62-W1
HB,HB-PET02,2026-07-14,白班,D12,EMPHB0192,HB-PET02-BLOW-FILL,吹瓶、灌装岗位,1,3,11.0,8.0,3.0,,FULL62-W1
HB,HB-PET02,2026-07-14,白班,D12,EMPHB0219,HB-PET02-LABEL,贴标机岗,0,4,11.0,8.0,3.0,,FULL62-W1
HB,HB-PET02,2026-07-14,白班,D12,EMPHB0242,HB-PET02-PACK-SHRINK,膜包机岗,0,3,11.0,8.0,3.0,,FULL62-W1
HB,HB-PET02,2026-07-14,白班,D12,EMPHB0202,HB-PET02-PALLET,码垛机岗,0,3,11.0,8.0,3.0,,FULL62-W1
HB,HB-PET03,2026-07-14,白班,D12,EMPHB0230,HB-PET03-BLOW,吹瓶机岗,1,3,11.0,8.0,3.0,,FULL62-W1
HB,HB-PET03,2026-07-14,白班,D12,EMPHB0305,HB-PET03-HANDLE-1,提扣机岗1,0,3,11.0,8.0,3.0,,FULL62-W1
HB,HB-PET03,2026-07-14,白班,D12,EMPHB0255,HB-PET03-HANDLE-2,提扣机岗2,0,3,11.0,8.0,3.0,,FULL62-W1
HB,HB-PET03,2026-07-14,白班,D12,EMPHB0196,HB-PET03-LABEL,贴标机岗,0,4,11.0,8.0,3.0,,FULL62-W1
HB,HB-PET03,2026-07-14,白班,D12,EMPHB0289,HB-PET03-PACK-SHRINK,膜包机岗,0,3,11.0,8.0,3.0,,FULL62-W1
HB,HB-PET03,2026-07-14,白班,D12,EMPHB0248,HB-PET03-PALLET,码垛机岗,0,3,11.0,8.0,3.0,,FULL62-W1
HB,HB-QC,2026-07-14,白班,D12,EMPHB0356,HB-QC-QC-RM-SODA,汽水线原物料品控,1,3,11.0,8.0,3.0,,FULL62-W1
HB,HB-QC2,2026-07-14,白班,D12,EMPHB0383,HB-QC2-QC-BLOW,吹瓶品控,1,4,11.0,8.0,3.0,,FULL62-W1
HB,HB-QC2,2026-07-14,白班,D12,EMPHB0390,HB-QC2-QC-IP-AS,无菌线制程品控,1,3,11.0,8.0,3.0,,FULL62-W1
HB,HB-QC2,2026-07-14,白班,D12,EMPHB0369,HB-QC2-QC-IP-PET01,PET01线制程品控,1,3,11.0,8.0,3.0,,FULL62-W1
HB,HB-QC2,2026-07-14,白班,D12,EMPHB0373,HB-QC2-QC-IP-PET02,PET02线制程品控,1,4,11.0,8.0,3.0,,FULL62-W1
HB,HB-QC2,2026-07-14,白班,D12,EMPHB0380,HB-QC2-QC-IP-PET03,PET03线制程品控,1,4,11.0,8.0,3.0,,FULL62-W1
HB,HB-QC2,2026-07-14,白班,D12,EMPHB0387,HB-QC2-QC-WATER,水糖品控,1,3,11.0,8.0,3.0,,FULL62-W1
HB,HB-SYRUP,2026-07-14,白班,D12,EMPHB0313,HB-SYRUP-SYRUP-POST1,后糖岗1,1,3,11.0,8.0,3.0,,FULL62-W1
HB,HB-SYRUP,2026-07-14,白班,D12,EMPHB0268,HB-SYRUP-SYRUP-POST2,后糖岗2,1,3,11.0,8.0,3.0,,FULL62-W1
SX,SX-BIB01,2026-07-14,白班,D12,EMPSX0062,SX-BIB01-PACK-1,包装岗1,0,1,11.0,8.0,3.0,,FULL62-W1
SX,SX-BIB01,2026-07-14,白班,D12,EMPSX0111,SX-BIB01-PACK-2,包装岗2,0,3,11.0,8.0,3.0,,FULL62-W1
SX,SX-BIB01,2026-07-14,白班,D12,EMPSX0113,SX-BIB01-PACK-3,包装岗3,0,4,11.0,8.0,3.0,,FULL62-W1
SX,SX-CAN01,2026-07-14,白班,D12,EMPSX0053,SX-CAN01-DEPAL-CAN,卸罐机岗,0,3,11.0,8.0,3.0,,FULL62-W1
SX,SX-CAN01,2026-07-14,白班,D12,EMPSX0038,SX-CAN01-FILL,灌注机岗,1,3,11.0,8.0,3.0,,FULL62-W1
SX,SX-CAN01,2026-07-14,白班,D12,EMPSX0069,SX-CAN01-PACK-MULTI,多包装机,0,4,11.0,8.0,3.0,,FULL62-W1
SX,SX-CAN01,2026-07-14,白班,D12,EMPSX0066,SX-CAN01-PALLET,码垛机岗,0,3,11.0,8.0,3.0,,FULL62-W1
SX,SX-ENG,2026-07-14,白班,D12,EMPSX0137,SX-ENG-AIRCOMP,制冷空压机岗,1,3,11.0,8.0,3.0,,FULL62-W1
SX,SX-ENG,2026-07-14,白班,D12,EMPSX0142,SX-ENG-BOILER,锅炉操作岗,0,3,11.0,8.0,3.0,,FULL62-W1
SX,SX-ENG,2026-07-14,白班,D12,EMPSX0130,SX-ENG-ELEC-LINE1,生产线电工1,1,3,11.0,8.0,3.0,,FULL62-W1
SX,SX-ENG,2026-07-14,白班,D12,EMPSX0145,SX-ENG-MECH-LINE,生产线机修岗,0,3,11.0,8.0,3.0,,FULL62-W1
SX,SX-ENG,2026-07-14,白班,D12,EMPSX0146,SX-ENG-MECH-LINE,生产线机修岗,0,3,11.0,8.0,3.0,,FULL62-W1
SX,SX-ENG,2026-07-14,白班,D12,EMPSX0149,SX-ENG-MECH-LINE,生产线机修岗,0,3,11.0,8.0,3.0,,FULL62-W1
SX,SX-PET01,2026-07-14,白班,D12,EMPSX0004,SX-PET01-BLOW-LABEL,吹贴机岗,1,4,11.0,8.0,3.0,,FULL62-W1
SX,SX-PET01,2026-07-14,白班,D12,EMPSX0019,SX-PET01-FGI,FGI岗,0,3,11.0,8.0,3.0,,FULL62-W1
SX,SX-PET01,2026-07-14,白班,D12,EMPSX0085,SX-PET01-FILL,灌注机岗,1,3,11.0,8.0,3.0,,FULL62-W1
SX,SX-PET01,2026-07-14,白班,D12,EMPSX0026,SX-PET01-HANDLE,提扣机岗,0,3,11.0,8.0,3.0,,FULL62-W1
SX,SX-PET01,2026-07-14,白班,D12,EMPSX0009,SX-PET01-PACK-SHRINK,塑包机岗,0,3,11.0,8.0,3.0,,FULL62-W1
SX,SX-PET01,2026-07-14,白班,D12,EMPSX0055,SX-PET01-PALLET-LABEL,垛贴码岗,0,3,11.0,8.0,3.0,,FULL62-W1
SX,SX-PET02,2026-07-14,白班,D12,EMPSX0029,SX-PET02-BLOW,吹瓶机岗,1,3,11.0,8.0,3.0,,FULL62-W1
SX,SX-PET02,2026-07-14,白班,D12,EMPSX0087,SX-PET02-FILL,灌注机岗,1,3,11.0,8.0,3.0,,FULL62-W1
SX,SX-PET02,2026-07-14,白班,D12,EMPSX0034,SX-PET02-LABEL,贴标机岗,0,3,11.0,8.0,3.0,,FULL62-W1
SX,SX-PET02,2026-07-14,白班,D12,EMPSX0061,SX-PET02-PACK-SHRINK,塑包机岗,0,3,11.0,8.0,3.0,,FULL62-W1
SX,SX-PET02,2026-07-14,白班,D12,EMPSX0049,SX-PET02-PALLET,码垛机岗,0,3,11.0,8.0,3.0,,FULL62-W1
SX,SX-QC,2026-07-14,白班,D12,EMPSX0156,SX-QC-QC-AUX,辅线品控（水、糖、BIB）,1,3,11.0,8.0,3.0,,FULL62-W1
SX,SX-QC,2026-07-14,白班,D12,EMPSX0178,SX-QC-QC-BLOW,吹瓶品控,1,4,11.0,8.0,3.0,,FULL62-W1
SX,SX-QC,2026-07-14,白班,D12,EMPSX0169,SX-QC-QC-IP-CAN,CAN线品控,1,4,11.0,8.0,3.0,,FULL62-W1
SX,SX-QC,2026-07-14,白班,D12,EMPSX0163,SX-QC-QC-IP-PET1,PET线品控1,1,3,11.0,8.0,3.0,,FULL62-W1
SX,SX-RB01,2026-07-14,白班,D12,EMPSX0075,SX-RB01-DEPAL,码卸垛机岗,0,3,11.0,8.0,3.0,,FULL62-W1
SX,SX-RB01,2026-07-14,白班,D12,EMPSX0078,SX-RB01-LOADER,装卸箱机岗,0,4,11.0,8.0,3.0,,FULL62-W1
SX,SX-RB01,2026-07-14,白班,D12,EMPSX0097,SX-RB01-QC-BOTTLE,空瓶检测岗,1,3,11.0,8.0,3.0,,FULL62-W1
SX,SX-RB01,2026-07-14,白班,D12,EMPSX0094,SX-RB01-QC-FGI2,成品目检岗2,1,3,11.0,8.0,3.0,,FULL62-W1
SX,SX-RB01,2026-07-14,白班,D12,EMPSX0082,SX-RB01-WASHER,洗瓶机岗,0,3,11.0,8.0,3.0,,FULL62-W1
SX,SX-SYRUP,2026-07-14,白班,D12,EMPSX0115,SX-SYRUP-SYRUP-POST1,后糖岗1,1,3,11.0,8.0,3.0,,FULL62-W1
SX,SX-SYRUP,2026-07-14,白班,D12,EMPSX0122,SX-SYRUP-SYRUP-POST2,后糖岗2,1,3,11.0,8.0,3.0,,FULL62-W1
HB,HB-ENG,2026-07-14,常白班,D8,EMPHB0323,HB-ENG-ELEC-2,电气维修工程师2,1,4,8.0,8.0,0.0,,FULL62-W1
HB,HB-ENG,2026-07-14,常白班,D8,EMPHB0326,HB-ENG-ENG-BLOW,吹瓶机工程师,1,4,8.0,8.0,0.0,,FULL62-W1
HB,HB-ENG,2026-07-14,常白班,D8,EMPHB0328,HB-ENG-ENG-FILL,灌装机工程师,1,3,8.0,8.0,0.0,,FULL62-W1
HB,HB-ENG,2026-07-14,常白班,D8,EMPHB0330,HB-ENG-ENG-LABEL,贴标机工程师,1,4,8.0,8.0,0.0,,FULL62-W1
HB,HB-ENG,2026-07-14,常白班,D8,EMPHB0331,HB-ENG-ENG-PACK,膜包机工程师,1,3,8.0,8.0,0.0,,FULL62-W1
HB,HB-ENG,2026-07-14,常白班,D8,EMPHB0333,HB-ENG-ENG-PALLET,码垛机工程师,1,4,8.0,8.0,0.0,,FULL62-W1
HB,HB-ENG2,2026-07-14,常白班,D8,EMPHB0339,HB-ENG2-ELEC-OUT2,外围电工2,1,3,8.0,8.0,0.0,,FULL62-W1
HB,HB-QC,2026-07-14,常白班,D8,EMPHB0363,HB-QC-QC-MICRO-AS1,无菌线微生物品控1,1,3,8.0,8.0,0.0,,FULL62-W1
HB,HB-QC,2026-07-14,常白班,D8,EMPHB0365,HB-QC-QC-MICRO-AS2,无菌线微生物品控2,1,3,8.0,8.0,0.0,,FULL62-W1
HB,HB-QC,2026-07-14,常白班,D8,EMPHB0368,HB-QC-QC-MICRO-AS3,无菌线微生物品控3,1,4,8.0,8.0,0.0,,FULL62-W1
HB,HB-QC,2026-07-14,常白班,D8,EMPHB0361,HB-QC-QC-MICRO-SODA,汽水线微生物品控,1,4,8.0,8.0,0.0,,FULL62-W1
HB,HB-SYRUP,2026-07-14,常白班,D8,EMPHB0262,HB-SYRUP-SYRUP-PRE,前糖岗,1,3,8.0,8.0,0.0,,FULL62-W1
SX,SX-ENG,2026-07-14,常白班,D8,EMPSX0133,SX-ENG-ELEC-LINE2,生产线电工2,1,3,8.0,8.0,0.0,,FULL62-W1
SX,SX-ENG,2026-07-14,常白班,D8,EMPSX0136,SX-ENG-ELEC-OUT,外围电工,1,4,8.0,8.0,0.0,,FULL62-W1
SX,SX-QC,2026-07-14,常白班,D8,EMPSX0159,SX-QC-QC-MICRO,微生物品控,1,3,8.0,8.0,0.0,,FULL62-W1
SX,SX-QC,2026-07-14,常白班,D8,EMPSX0157,SX-QC-QC-RM,原物料品控,1,3,8.0,8.0,0.0,,FULL62-W1
SX,SX-SYRUP,2026-07-14,常白班,D8,EMPSX0116,SX-SYRUP-SYRUP-PRE,前糖岗,1,3,8.0,8.0,0.0,,FULL62-W1
SX,SX-UTIL,2026-07-14,常白班,D8,EMPSX0125,SX-UTIL-WATER,水处理操作岗,1,3,8.0,8.0,0.0,,FULL62-W1
HB,HB-AS01,2026-07-14,夜班,N12,EMPHB0231,HB-AS01-BLOW,吹瓶机岗,1,4,11.0,8.0,3.0,,FULL62-W1
HB,HB-AS01,2026-07-14,夜班,N12,EMPHB0303,HB-AS01-CARTON,上纸箱岗,0,4,11.0,8.0,3.0,,FULL62-W1
HB,HB-AS01,2026-07-14,夜班,N12,EMPHB0214,HB-AS01-FILL,灌注机岗,1,3,11.0,8.0,3.0,,FULL62-W1
HB,HB-AS01,2026-07-14,夜班,N12,EMPHB0205,HB-AS01-HANDLE-1,提扣机岗1,0,4,11.0,8.0,3.0,,FULL62-W1
HB,HB-AS01,2026-07-14,夜班,N12,EMPHB0301,HB-AS01-HANDLE-2,提扣机岗2,0,4,11.0,8.0,3.0,,FULL62-W1
HB,HB-AS01,2026-07-14,夜班,N12,EMPHB0218,HB-AS01-LABEL,贴标机岗,0,3,11.0,8.0,3.0,,FULL62-W1
HB,HB-AS01,2026-07-14,夜班,N12,EMPHB0222,HB-AS01-PACK-SHRINK,膜包机岗,0,3,11.0,8.0,3.0,,FULL62-W1
HB,HB-AS01,2026-07-14,夜班,N12,EMPHB0294,HB-AS01-PALLET,码垛机岗,0,3,11.0,8.0,3.0,,FULL62-W1
HB,HB-AS01,2026-07-14,夜班,N12,EMPHB0307,HB-AS01-UHT-1,UHT&调配&果肉操作1,1,4,11.0,8.0,3.0,,FULL62-W1
HB,HB-AS01,2026-07-14,夜班,N12,EMPHB0314,HB-AS01-UHT-2,UHT&调配&果肉操作2,1,3,11.0,8.0,3.0,,FULL62-W1
HB,HB-AS01,2026-07-14,夜班,N12,EMPHB0249,HB-AS01-UHT-AUX,辅助工,0,3,11.0,8.0,3.0,,FULL62-W1
HB,HB-ENG,2026-07-14,夜班,N12,EMPHB0319,HB-ENG-ELEC-1,电气维修工程师1,1,3,11.0,8.0,3.0,,FULL62-W1
HB,HB-PET01,2026-07-14,夜班,N12,EMPHB0277,HB-PET01-BLOW,吹瓶机岗,1,3,11.0,8.0,3.0,B,FULL62-W1
HB,HB-PET01,2026-07-14,夜班,N12,EMPHB0213,HB-PET01-FILL,灌注机岗,1,3,11.0,8.0,3.0,B,FULL62-W1
HB,HB-PET01,2026-07-14,夜班,N12,EMPHB0181,HB-PET01-SHIFT-ENG,倒班工程师,1,4,11.0,8.0,3.0,B,FULL62-W1
HB,HB-PET02,2026-07-14,夜班,N12,EMPHB0216,HB-PET02-BLOW-FILL,吹瓶、灌装岗位,1,3,11.0,8.0,3.0,,FULL62-W1
HB,HB-PET02,2026-07-14,夜班,N12,EMPHB0217,HB-PET02-LABEL,贴标机岗,0,3,11.0,8.0,3.0,,FULL62-W1
HB,HB-PET02,2026-07-14,夜班,N12,EMPHB0243,HB-PET02-PACK-SHRINK,膜包机岗,0,3,11.0,8.0,3.0,,FULL62-W1
HB,HB-PET02,2026-07-14,夜班,N12,EMPHB0203,HB-PET02-PALLET,码垛机岗,0,3,11.0,8.0,3.0,,FULL62-W1
HB,HB-PET03,2026-07-14,夜班,N12,EMPHB0190,HB-PET03-FILL,灌注机岗,1,4,11.0,8.0,3.0,,FULL62-W1
HB,HB-PET03,2026-07-14,夜班,N12,EMPHB0302,HB-PET03-HANDLE-2,提扣机岗2,0,3,11.0,8.0,3.0,,FULL62-W1
HB,HB-PET03,2026-07-14,夜班,N12,EMPHB0240,HB-PET03-LABEL,贴标机岗,0,3,11.0,8.0,3.0,,FULL62-W1
HB,HB-PET03,2026-07-14,夜班,N12,EMPHB0226,HB-PET03-PALLET,码垛机岗,0,3,11.0,8.0,3.0,,FULL62-W1
HB,HB-QC,2026-07-14,夜班,N12,EMPHB0358,HB-QC-QC-RM-AS,无菌线原物料品控,1,4,11.0,8.0,3.0,,FULL62-W1
HB,HB-QC2,2026-07-14,夜班,N12,EMPHB0381,HB-QC2-QC-BLOW,吹瓶品控,1,3,11.0,8.0,3.0,,FULL62-W1
HB,HB-QC2,2026-07-14,夜班,N12,EMPHB0391,HB-QC2-QC-IP-AS,无菌线制程品控,1,3,11.0,8.0,3.0,,FULL62-W1
HB,HB-QC2,2026-07-14,夜班,N12,EMPHB0371,HB-QC2-QC-IP-PET01,PET01线制程品控,1,3,11.0,8.0,3.0,,FULL62-W1
HB,HB-QC2,2026-07-14,夜班,N12,EMPHB0357,HB-QC2-QC-IP-PET02,PET02线制程品控,1,3,11.0,8.0,3.0,,FULL62-W1
HB,HB-QC2,2026-07-14,夜班,N12,EMPHB0378,HB-QC2-QC-IP-PET03,PET03线制程品控,1,3,11.0,8.0,3.0,,FULL62-W1
HB,HB-QC2,2026-07-14,夜班,N12,EMPHB0385,HB-QC2-QC-WATER,水糖品控,1,3,11.0,8.0,3.0,,FULL62-W1
HB,HB-SYRUP,2026-07-14,夜班,N12,EMPHB0264,HB-SYRUP-SYRUP-POST1,后糖岗1,1,4,11.0,8.0,3.0,,FULL62-W1
HB,HB-SYRUP,2026-07-14,夜班,N12,EMPHB0259,HB-SYRUP-WATER,水处理操作岗,1,4,11.0,8.0,3.0,,FULL62-W1
SX,SX-BIB01,2026-07-14,夜班,N12,EMPSX0103,SX-BIB01-FILL,灌装岗,1,3,11.0,8.0,3.0,,FULL62-W1
SX,SX-BIB01,2026-07-14,夜班,N12,EMPSX0042,SX-BIB01-PACK-1,包装岗1,0,1,11.0,8.0,3.0,,FULL62-W1
SX,SX-BIB01,2026-07-14,夜班,N12,EMPSX0109,SX-BIB01-PACK-2,包装岗2,0,3,11.0,8.0,3.0,,FULL62-W1
SX,SX-CAN01,2026-07-14,夜班,N12,EMPSX0079,SX-CAN01-DEPAL-CAN,卸罐机岗,0,2,11.0,8.0,3.0,,FULL62-W1
SX,SX-CAN01,2026-07-14,夜班,N12,EMPSX0070,SX-CAN01-PACK-MULTI,多包装机,0,4,11.0,8.0,3.0,,FULL62-W1
SX,SX-ENG,2026-07-14,夜班,N12,EMPSX0139,SX-ENG-AIRCOMP,制冷空压机岗,1,3,11.0,8.0,3.0,,FULL62-W1
SX,SX-ENG,2026-07-14,夜班,N12,EMPSX0141,SX-ENG-BOILER,锅炉操作岗,0,3,11.0,8.0,3.0,,FULL62-W1
SX,SX-ENG,2026-07-14,夜班,N12,EMPSX0129,SX-ENG-ELEC-LINE1,生产线电工1,1,3,11.0,8.0,3.0,,FULL62-W1
SX,SX-ENG,2026-07-14,夜班,N12,EMPSX0148,SX-ENG-MECH-LINE,生产线机修岗,0,3,11.0,8.0,3.0,,FULL62-W1
SX,SX-PET01,2026-07-14,夜班,N12,EMPSX0002,SX-PET01-BLOW-LABEL,吹贴机岗,1,3,11.0,8.0,3.0,,FULL62-W1
SX,SX-PET01,2026-07-14,夜班,N12,EMPSX0017,SX-PET01-FGI,FGI岗,0,3,11.0,8.0,3.0,,FULL62-W1
SX,SX-PET01,2026-07-14,夜班,N12,EMPSX0007,SX-PET01-FILL,灌注机岗,1,3,11.0,8.0,3.0,,FULL62-W1
SX,SX-PET01,2026-07-14,夜班,N12,EMPSX0027,SX-PET01-HANDLE,提扣机岗,0,3,11.0,8.0,3.0,,FULL62-W1
SX,SX-PET01,2026-07-14,夜班,N12,EMPSX0051,SX-PET01-PALLET,码垛机岗,0,3,11.0,8.0,3.0,,FULL62-W1
SX,SX-PET01,2026-07-14,夜班,N12,EMPSX0023,SX-PET01-PALLET-LABEL,垛贴码岗,0,3,11.0,8.0,3.0,,FULL62-W1
SX,SX-PET02,2026-07-14,夜班,N12,EMPSX0031,SX-PET02-BLOW,吹瓶机岗,1,3,11.0,8.0,3.0,,FULL62-W1
SX,SX-PET02,2026-07-14,夜班,N12,EMPSX0036,SX-PET02-LABEL,贴标机岗,0,3,11.0,8.0,3.0,,FULL62-W1
SX,SX-PET02,2026-07-14,夜班,N12,EMPSX0041,SX-PET02-PACK-SHRINK,塑包机岗,0,3,11.0,8.0,3.0,,FULL62-W1
SX,SX-PET02,2026-07-14,夜班,N12,EMPSX0048,SX-PET02-PALLET,码垛机岗,0,3,11.0,8.0,3.0,,FULL62-W1
SX,SX-PET02,2026-07-14,夜班,N12,EMPSX0021,SX-PET02-PALLET-LABEL,垛贴码岗,0,4,11.0,8.0,3.0,,FULL62-W1
SX,SX-QC,2026-07-14,夜班,N12,EMPSX0155,SX-QC-QC-AUX,辅线品控（水、糖、BIB）,1,3,11.0,8.0,3.0,,FULL62-W1
SX,SX-QC,2026-07-14,夜班,N12,EMPSX0179,SX-QC-QC-BLOW,吹瓶品控,1,3,11.0,8.0,3.0,,FULL62-W1
SX,SX-QC,2026-07-14,夜班,N12,EMPSX0164,SX-QC-QC-IP-PET1,PET线品控1,1,3,11.0,8.0,3.0,,FULL62-W1
SX,SX-QC,2026-07-14,夜班,N12,EMPSX0166,SX-QC-QC-IP-PET2,PET线品控2,1,3,11.0,8.0,3.0,,FULL62-W1
SX,SX-QC,2026-07-14,夜班,N12,EMPSX0173,SX-QC-QC-IP-RB,RB线品控,1,3,11.0,8.0,3.0,,FULL62-W1
SX,SX-RB01,2026-07-14,夜班,N12,EMPSX0013,SX-RB01-DEPAL,码卸垛机岗,0,2,11.0,8.0,3.0,,FULL62-W1
SX,SX-RB01,2026-07-14,夜班,N12,EMPSX0080,SX-RB01-LOADER,装卸箱机岗,0,3,11.0,8.0,3.0,,FULL62-W1
SX,SX-RB01,2026-07-14,夜班,N12,EMPSX0098,SX-RB01-QC-BOTTLE,空瓶检测岗,1,3,11.0,8.0,3.0,,FULL62-W1
SX,SX-RB01,2026-07-14,夜班,N12,EMPSX0089,SX-RB01-QC-FGI1,成品目检岗1,1,3,11.0,8.0,3.0,,FULL62-W1
SX,SX-RB01,2026-07-14,夜班,N12,EMPSX0095,SX-RB01-QC-FGI2,成品目检岗2,1,3,11.0,8.0,3.0,,FULL62-W1
SX,SX-RB01,2026-07-14,夜班,N12,EMPSX0081,SX-RB01-WASHER,洗瓶机岗,0,4,11.0,8.0,3.0,,FULL62-W1
SX,SX-SYRUP,2026-07-14,夜班,N12,EMPSX0120,SX-SYRUP-SYRUP-POST1,后糖岗1,1,3,11.0,8.0,3.0,,FULL62-W1
SX,SX-UTIL,2026-07-14,夜班,N12,EMPSX0127,SX-UTIL-WWTP,污水处理岗,0,4,11.0,8.0,3.0,,FULL62-W1
HB,HB-AS01,2026-07-15,白班,D12,EMPHB0232,HB-AS01-BLOW,吹瓶机岗,1,3,11.0,8.0,3.0,,FULL62-W1
HB,HB-AS01,2026-07-15,白班,D12,EMPHB0304,HB-AS01-CARTON,上纸箱岗,0,3,11.0,8.0,3.0,,FULL62-W1
HB,HB-AS01,2026-07-15,白班,D12,EMPHB0280,HB-AS01-FILL,灌注机岗,1,3,11.0,8.0,3.0,,FULL62-W1
HB,HB-AS01,2026-07-15,白班,D12,EMPHB0252,HB-AS01-HANDLE-1,提扣机岗1,0,3,11.0,8.0,3.0,,FULL62-W1
HB,HB-AS01,2026-07-15,白班,D12,EMPHB0211,HB-AS01-HANDLE-2,提扣机岗2,0,4,11.0,8.0,3.0,,FULL62-W1
HB,HB-AS01,2026-07-15,白班,D12,EMPHB0197,HB-AS01-LABEL,贴标机岗,0,3,11.0,8.0,3.0,,FULL62-W1
HB,HB-AS01,2026-07-15,白班,D12,EMPHB0221,HB-AS01-PACK-SHRINK,膜包机岗,0,4,11.0,8.0,3.0,,FULL62-W1
HB,HB-AS01,2026-07-15,白班,D12,EMPHB0202,HB-AS01-PALLET,码垛机岗,0,3,11.0,8.0,3.0,,FULL62-W1
HB,HB-AS01,2026-07-15,白班,D12,EMPHB0272,HB-AS01-SHIFT-LEADER,生产领班,1,3,11.0,8.0,3.0,,FULL62-W1
HB,HB-AS01,2026-07-15,白班,D12,EMPHB0310,HB-AS01-UHT-1,UHT&调配&果肉操作1,1,3,11.0,8.0,3.0,,FULL62-W1
HB,HB-AS01,2026-07-15,白班,D12,EMPHB0305,HB-AS01-UHT-AUX,辅助工,0,2,11.0,8.0,3.0,,FULL62-W1
HB,HB-ENG,2026-07-15,白班,D12,EMPHB0320,HB-ENG-ELEC-1,电气维修工程师1,1,3,11.0,8.0,3.0,,FULL62-W1
HB,HB-ENG2,2026-07-15,白班,D12,EMPHB0348,HB-ENG2-AIRCOMP,空压岗,1,4,11.0,8.0,3.0,,FULL62-W1
HB,HB-ENG2,2026-07-15,白班,D12,EMPHB0343,HB-ENG2-BOILER,锅炉岗,0,3,11.0,8.0,3.0,,FULL62-W1
HB,HB-ENG2,2026-07-15,白班,D12,EMPHB0337,HB-ENG2-ELEC-OUT1,外围电工1,1,4,11.0,8.0,3.0,,FULL62-W1
HB,HB-ENG2,2026-07-15,白班,D12,EMPHB0351,HB-ENG2-WWTP,污水岗,0,3,11.0,8.0,3.0,,FULL62-W1
HB,HB-PET01,2026-07-15,白班,D12,EMPHB0295,HB-PET01-HANDLE-1,提扣机岗1,0,3,11.0,8.0,3.0,,FULL62-W1
HB,HB-PET01,2026-07-15,白班,D12,EMPHB0255,HB-PET01-HANDLE-2,提扣机岗2,0,3,11.0,8.0,3.0,,FULL62-W1
HB,HB-PET01,2026-07-15,白班,D12,EMPHB0237,HB-PET01-LABEL,贴标机岗,0,3,11.0,8.0,3.0,,FULL62-W1
HB,HB-PET01,2026-07-15,白班,D12,EMPHB0288,HB-PET01-PACK-SHRINK,膜包机岗,0,3,11.0,8.0,3.0,,FULL62-W1
HB,HB-PET01,2026-07-15,白班,D12,EMPHB0204,HB-PET01-PALLET,码垛机岗,0,3,11.0,8.0,3.0,,FULL62-W1
HB,HB-PET01,2026-07-15,白班,D12,EMPHB0182,HB-PET01-SHIFT-ENG,倒班工程师,1,3,11.0,8.0,3.0,,FULL62-W1
HB,HB-PET02,2026-07-15,白班,D12,EMPHB0285,HB-PET02-LABEL,贴标机岗,0,3,11.0,8.0,3.0,,FULL62-W1
HB,HB-PET02,2026-07-15,白班,D12,EMPHB0200,HB-PET02-PACK-SHRINK,膜包机岗,0,3,11.0,8.0,3.0,,FULL62-W1
HB,HB-PET02,2026-07-15,白班,D12,EMPHB0227,HB-PET02-PALLET,码垛机岗,0,4,11.0,8.0,3.0,,FULL62-W1
HB,HB-PET03,2026-07-15,白班,D12,EMPHB0278,HB-PET03-BLOW,吹瓶机岗,1,4,11.0,8.0,3.0,,FULL62-W1
HB,HB-PET03,2026-07-15,白班,D12,EMPHB0235,HB-PET03-FILL,灌注机岗,1,3,11.0,8.0,3.0,,FULL62-W1
HB,HB-PET03,2026-07-15,白班,D12,EMPHB0250,HB-PET03-HANDLE-1,提扣机岗1,0,3,11.0,8.0,3.0,,FULL62-W1
HB,HB-PET03,2026-07-15,白班,D12,EMPHB0206,HB-PET03-HANDLE-2,提扣机岗2,0,2,11.0,8.0,3.0,,FULL62-W1
HB,HB-PET03,2026-07-15,白班,D12,EMPHB0284,HB-PET03-LABEL,贴标机岗,0,3,11.0,8.0,3.0,,FULL62-W1
HB,HB-PET03,2026-07-15,白班,D12,EMPHB0241,HB-PET03-PACK-SHRINK,膜包机岗,0,4,11.0,8.0,3.0,,FULL62-W1
HB,HB-PET03,2026-07-15,白班,D12,EMPHB0293,HB-PET03-PALLET,码垛机岗,0,4,11.0,8.0,3.0,,FULL62-W1
HB,HB-QC,2026-07-15,白班,D12,EMPHB0359,HB-QC-QC-RM-AS,无菌线原物料品控,1,3,11.0,8.0,3.0,,FULL62-W1
HB,HB-QC,2026-07-15,白班,D12,EMPHB0353,HB-QC-QC-RM-SODA,汽水线原物料品控,1,4,11.0,8.0,3.0,,FULL62-W1
HB,HB-QC2,2026-07-15,白班,D12,EMPHB0382,HB-QC2-QC-BLOW,吹瓶品控,1,4,11.0,8.0,3.0,,FULL62-W1
HB,HB-QC2,2026-07-15,白班,D12,EMPHB0390,HB-QC2-QC-IP-AS,无菌线制程品控,1,3,11.0,8.0,3.0,,FULL62-W1
HB,HB-QC2,2026-07-15,白班,D12,EMPHB0375,HB-QC2-QC-IP-PET02,PET02线制程品控,1,3,11.0,8.0,3.0,,FULL62-W1
HB,HB-QC2,2026-07-15,白班,D12,EMPHB0377,HB-QC2-QC-IP-PET03,PET03线制程品控,1,3,11.0,8.0,3.0,,FULL62-W1
HB,HB-QC2,2026-07-15,白班,D12,EMPHB0387,HB-QC2-QC-WATER,水糖品控,1,3,11.0,8.0,3.0,,FULL62-W1
HB,HB-SYRUP,2026-07-15,白班,D12,EMPHB0270,HB-SYRUP-SYRUP-POST2,后糖岗2,1,4,11.0,8.0,3.0,,FULL62-W1
HB,HB-SYRUP,2026-07-15,白班,D12,EMPHB0258,HB-SYRUP-WATER,水处理操作岗,1,3,11.0,8.0,3.0,,FULL62-W1
SX,SX-BIB01,2026-07-15,白班,D12,EMPSX0104,SX-BIB01-FILL,灌装岗,1,3,11.0,8.0,3.0,,FULL62-W1
SX,SX-BIB01,2026-07-15,白班,D12,EMPSX0105,SX-BIB01-PACK-1,包装岗1,0,3,11.0,8.0,3.0,,FULL62-W1
SX,SX-BIB01,2026-07-15,白班,D12,EMPSX0110,SX-BIB01-PACK-2,包装岗2,0,3,11.0,8.0,3.0,,FULL62-W1
SX,SX-BIB01,2026-07-15,白班,D12,EMPSX0114,SX-BIB01-PACK-3,包装岗3,0,3,11.0,8.0,3.0,,FULL62-W1
SX,SX-CAN01,2026-07-15,白班,D12,EMPSX0053,SX-CAN01-DEPAL-CAN,卸罐机岗,0,3,11.0,8.0,3.0,,FULL62-W1
SX,SX-CAN01,2026-07-15,白班,D12,EMPSX0039,SX-CAN01-FILL,灌注机岗,1,4,11.0,8.0,3.0,,FULL62-W1
SX,SX-CAN01,2026-07-15,白班,D12,EMPSX0071,SX-CAN01-PACK-MULTI,多包装机,0,4,11.0,8.0,3.0,,FULL62-W1
SX,SX-CAN01,2026-07-15,白班,D12,EMPSX0009,SX-CAN01-PACK-SHRINK,塑包机岗,0,3,11.0,8.0,3.0,,FULL62-W1
SX,SX-ENG,2026-07-15,白班,D12,EMPSX0137,SX-ENG-AIRCOMP,制冷空压机岗,1,3,11.0,8.0,3.0,,FULL62-W1
SX,SX-ENG,2026-07-15,白班,D12,EMPSX0143,SX-ENG-BOILER,锅炉操作岗,0,3,11.0,8.0,3.0,,FULL62-W1
SX,SX-ENG,2026-07-15,白班,D12,EMPSX0145,SX-ENG-MECH-LINE,生产线机修岗,0,3,11.0,8.0,3.0,,FULL62-W1
SX,SX-ENG,2026-07-15,白班,D12,EMPSX0146,SX-ENG-MECH-LINE,生产线机修岗,0,3,11.0,8.0,3.0,,FULL62-W1
SX,SX-ENG,2026-07-15,白班,D12,EMPSX0152,SX-ENG-MECH-LINE,生产线机修岗,0,3,11.0,8.0,3.0,,FULL62-W1
SX,SX-PET01,2026-07-15,白班,D12,EMPSX0001,SX-PET01-BLOW-LABEL,吹贴机岗,1,3,11.0,8.0,3.0,,FULL62-W1
SX,SX-PET01,2026-07-15,白班,D12,EMPSX0020,SX-PET01-FGI,FGI岗,0,3,11.0,8.0,3.0,,FULL62-W1
SX,SX-PET01,2026-07-15,白班,D12,EMPSX0026,SX-PET01-HANDLE,提扣机岗,0,3,11.0,8.0,3.0,,FULL62-W1
SX,SX-PET01,2026-07-15,白班,D12,EMPSX0064,SX-PET01-PACK-SHRINK,塑包机岗,0,3,11.0,8.0,3.0,,FULL62-W1
SX,SX-PET01,2026-07-15,白班,D12,EMPSX0065,SX-PET01-PALLET,码垛机岗,0,3,11.0,8.0,3.0,,FULL62-W1
SX,SX-PET02,2026-07-15,白班,D12,EMPSX0029,SX-PET02-BLOW,吹瓶机岗,1,3,11.0,8.0,3.0,,FULL62-W1
SX,SX-PET02,2026-07-15,白班,D12,EMPSX0059,SX-PET02-FILL,灌注机岗,1,4,11.0,8.0,3.0,,FULL62-W1
SX,SX-PET02,2026-07-15,白班,D12,EMPSX0033,SX-PET02-LABEL,贴标机岗,0,3,11.0,8.0,3.0,,FULL62-W1
SX,SX-PET02,2026-07-15,白班,D12,EMPSX0044,SX-PET02-PACK-SHRINK,塑包机岗,0,4,11.0,8.0,3.0,,FULL62-W1
SX,SX-PET02,2026-07-15,白班,D12,EMPSX0067,SX-PET02-PALLET,码垛机岗,0,3,11.0,8.0,3.0,,FULL62-W1
SX,SX-PET02,2026-07-15,白班,D12,EMPSX0052,SX-PET02-PALLET-LABEL,垛贴码岗,0,3,11.0,8.0,3.0,,FULL62-W1
SX,SX-QC,2026-07-15,白班,D12,EMPSX0177,SX-QC-QC-BLOW,吹瓶品控,1,3,11.0,8.0,3.0,,FULL62-W1
SX,SX-QC,2026-07-15,白班,D12,EMPSX0161,SX-QC-QC-IP-PET1,PET线品控1,1,3,11.0,8.0,3.0,,FULL62-W1
SX,SX-QC,2026-07-15,白班,D12,EMPSX0165,SX-QC-QC-IP-PET2,PET线品控2,1,3,11.0,8.0,3.0,,FULL62-W1
SX,SX-RB01,2026-07-15,白班,D12,EMPSX0074,SX-RB01-DEPAL,码卸垛机岗,0,3,11.0,8.0,3.0,,FULL62-W1
SX,SX-RB01,2026-07-15,白班,D12,EMPSX0085,SX-RB01-FILL,灌注机岗,1,3,11.0,8.0,3.0,,FULL62-W1
SX,SX-RB01,2026-07-15,白班,D12,EMPSX0083,SX-RB01-LOADER,装卸箱机岗,0,2,11.0,8.0,3.0,,FULL62-W1
SX,SX-RB01,2026-07-15,白班,D12,EMPSX0073,SX-RB01-WASHER,洗瓶机岗,0,2,11.0,8.0,3.0,,FULL62-W1
SX,SX-SYRUP,2026-07-15,白班,D12,EMPSX0119,SX-SYRUP-SYRUP-POST1,后糖岗1,1,3,11.0,8.0,3.0,,FULL62-W1
SX,SX-SYRUP,2026-07-15,白班,D12,EMPSX0121,SX-SYRUP-SYRUP-POST2,后糖岗2,1,3,11.0,8.0,3.0,,FULL62-W1
HB,HB-ENG,2026-07-15,常白班,D8,EMPHB0324,HB-ENG-ELEC-2,电气维修工程师2,1,4,8.0,8.0,0.0,,FULL62-W1
HB,HB-ENG,2026-07-15,常白班,D8,EMPHB0326,HB-ENG-ENG-BLOW,吹瓶机工程师,1,4,8.0,8.0,0.0,,FULL62-W1
HB,HB-ENG,2026-07-15,常白班,D8,EMPHB0327,HB-ENG-ENG-FILL,灌装机工程师,1,3,8.0,8.0,0.0,,FULL62-W1
HB,HB-ENG,2026-07-15,常白班,D8,EMPHB0329,HB-ENG-ENG-LABEL,贴标机工程师,1,3,8.0,8.0,0.0,,FULL62-W1
HB,HB-ENG,2026-07-15,常白班,D8,EMPHB0332,HB-ENG-ENG-PACK,膜包机工程师,1,3,8.0,8.0,0.0,,FULL62-W1
HB,HB-ENG,2026-07-15,常白班,D8,EMPHB0333,HB-ENG-ENG-PALLET,码垛机工程师,1,4,8.0,8.0,0.0,,FULL62-W1
HB,HB-ENG2,2026-07-15,常白班,D8,EMPHB0340,HB-ENG2-ELEC-OUT2,外围电工2,1,4,8.0,8.0,0.0,,FULL62-W1
HB,HB-QC,2026-07-15,常白班,D8,EMPHB0363,HB-QC-QC-MICRO-AS1,无菌线微生物品控1,1,3,8.0,8.0,0.0,,FULL62-W1
HB,HB-QC,2026-07-15,常白班,D8,EMPHB0366,HB-QC-QC-MICRO-AS2,无菌线微生物品控2,1,3,8.0,8.0,0.0,,FULL62-W1
HB,HB-QC,2026-07-15,常白班,D8,EMPHB0368,HB-QC-QC-MICRO-AS3,无菌线微生物品控3,1,4,8.0,8.0,0.0,,FULL62-W1
HB,HB-QC,2026-07-15,常白班,D8,EMPHB0362,HB-QC-QC-MICRO-SODA,汽水线微生物品控,1,3,8.0,8.0,0.0,,FULL62-W1
HB,HB-SYRUP,2026-07-15,常白班,D8,EMPHB0261,HB-SYRUP-SYRUP-PRE,前糖岗,1,3,8.0,8.0,0.0,,FULL62-W1
SX,SX-ENG,2026-07-15,常白班,D8,EMPSX0134,SX-ENG-ELEC-LINE2,生产线电工2,1,3,8.0,8.0,0.0,,FULL62-W1
SX,SX-ENG,2026-07-15,常白班,D8,EMPSX0135,SX-ENG-ELEC-OUT,外围电工,1,4,8.0,8.0,0.0,,FULL62-W1
SX,SX-QC,2026-07-15,常白班,D8,EMPSX0160,SX-QC-QC-MICRO,微生物品控,1,4,8.0,8.0,0.0,,FULL62-W1
SX,SX-QC,2026-07-15,常白班,D8,EMPSX0158,SX-QC-QC-RM,原物料品控,1,4,8.0,8.0,0.0,,FULL62-W1
SX,SX-SYRUP,2026-07-15,常白班,D8,EMPSX0115,SX-SYRUP-SYRUP-PRE,前糖岗,1,3,8.0,8.0,0.0,C,FULL62-W1
SX,SX-UTIL,2026-07-15,常白班,D8,EMPSX0126,SX-UTIL-WATER,水处理操作岗,1,4,8.0,8.0,0.0,,FULL62-W1
HB,HB-AS01,2026-07-15,夜班,N12,EMPHB0276,HB-AS01-BLOW,吹瓶机岗,1,3,11.0,8.0,3.0,,FULL62-W1
HB,HB-AS01,2026-07-15,夜班,N12,EMPHB0303,HB-AS01-CARTON,上纸箱岗,0,4,11.0,8.0,3.0,,FULL62-W1
HB,HB-AS01,2026-07-15,夜班,N12,EMPHB0281,HB-AS01-FILL,灌注机岗,1,4,11.0,8.0,3.0,,FULL62-W1
HB,HB-AS01,2026-07-15,夜班,N12,EMPHB0251,HB-AS01-HANDLE-1,提扣机岗1,0,4,11.0,8.0,3.0,,FULL62-W1
HB,HB-AS01,2026-07-15,夜班,N12,EMPHB0302,HB-AS01-HANDLE-2,提扣机岗2,0,3,11.0,8.0,3.0,,FULL62-W1
HB,HB-AS01,2026-07-15,夜班,N12,EMPHB0286,HB-AS01-LABEL,贴标机岗,0,3,11.0,8.0,3.0,,FULL62-W1
HB,HB-AS01,2026-07-15,夜班,N12,EMPHB0244,HB-AS01-PACK-SHRINK,膜包机岗,0,3,11.0,8.0,3.0,,FULL62-W1
HB,HB-AS01,2026-07-15,夜班,N12,EMPHB0271,HB-AS01-SHIFT-LEADER,生产领班,1,3,11.0,8.0,3.0,,FULL62-W1
HB,HB-AS01,2026-07-15,夜班,N12,EMPHB0307,HB-AS01-UHT-1,UHT&调配&果肉操作1,1,4,11.0,8.0,3.0,,FULL62-W1
HB,HB-AS01,2026-07-15,夜班,N12,EMPHB0314,HB-AS01-UHT-2,UHT&调配&果肉操作2,1,3,11.0,8.0,3.0,,FULL62-W1
HB,HB-AS01,2026-07-15,夜班,N12,EMPHB0318,HB-AS01-UHT-AUX,辅助工,0,3,11.0,8.0,3.0,,FULL62-W1
HB,HB-ENG,2026-07-15,夜班,N12,EMPHB0319,HB-ENG-ELEC-1,电气维修工程师1,1,3,11.0,8.0,3.0,,FULL62-W1
HB,HB-ENG2,2026-07-15,夜班,N12,EMPHB0346,HB-ENG2-AIRCOMP,空压岗,1,3,11.0,8.0,3.0,,FULL62-W1
HB,HB-ENG2,2026-07-15,夜班,N12,EMPHB0342,HB-ENG2-BOILER,锅炉岗,0,3,11.0,8.0,3.0,,FULL62-W1
HB,HB-ENG2,2026-07-15,夜班,N12,EMPHB0350,HB-ENG2-WWTP,污水岗,0,3,11.0,8.0,3.0,,FULL62-W1
HB,HB-PET01,2026-07-15,夜班,N12,EMPHB0185,HB-PET01-BLOW,吹瓶机岗,1,3,11.0,8.0,3.0,,FULL62-W1
HB,HB-PET01,2026-07-15,夜班,N12,EMPHB0316,HB-PET01-HANDLE-1,提扣机岗1,0,3,11.0,8.0,3.0,,FULL62-W1
HB,HB-PET01,2026-07-15,夜班,N12,EMPHB0212,HB-PET01-HANDLE-2,提扣机岗2,0,3,11.0,8.0,3.0,,FULL62-W1
HB,HB-PET01,2026-07-15,夜班,N12,EMPHB0283,HB-PET01-LABEL,贴标机岗,0,3,11.0,8.0,3.0,,FULL62-W1
HB,HB-PET01,2026-07-15,夜班,N12,EMPHB0223,HB-PET01-PACK-SHRINK,膜包机岗,0,3,11.0,8.0,3.0,,FULL62-W1
HB,HB-PET01,2026-07-15,夜班,N12,EMPHB0245,HB-PET01-PALLET,码垛机岗,0,3,11.0,8.0,3.0,,FULL62-W1
HB,HB-PET01,2026-07-15,夜班,N12,EMPHB0184,HB-PET01-SHIFT-ENG,倒班工程师,1,4,11.0,8.0,3.0,,FULL62-W1
HB,HB-PET02,2026-07-15,夜班,N12,EMPHB0236,HB-PET02-BLOW-FILL,吹瓶、灌装岗位,1,3,11.0,8.0,3.0,,FULL62-W1
HB,HB-PET02,2026-07-15,夜班,N12,EMPHB0198,HB-PET02-PACK-SHRINK,膜包机岗,0,3,11.0,8.0,3.0,,FULL62-W1
HB,HB-PET03,2026-07-15,夜班,N12,EMPHB0279,HB-PET03-FILL,灌注机岗,1,3,11.0,8.0,3.0,,FULL62-W1
HB,HB-PET03,2026-07-15,夜班,N12,EMPHB0249,HB-PET03-HANDLE-1,提扣机岗1,0,3,11.0,8.0,3.0,,FULL62-W1
HB,HB-PET03,2026-07-15,夜班,N12,EMPHB0209,HB-PET03-HANDLE-2,提扣机岗2,0,4,11.0,8.0,3.0,,FULL62-W1
HB,HB-PET03,2026-07-15,夜班,N12,EMPHB0238,HB-PET03-LABEL,贴标机岗,0,3,11.0,8.0,3.0,,FULL62-W1
HB,HB-PET03,2026-07-15,夜班,N12,EMPHB0287,HB-PET03-PACK-SHRINK,膜包机岗,0,3,11.0,8.0,3.0,,FULL62-W1
HB,HB-PET03,2026-07-15,夜班,N12,EMPHB0246,HB-PET03-PALLET,码垛机岗,0,4,11.0,8.0,3.0,,FULL62-W1
HB,HB-QC,2026-07-15,夜班,N12,EMPHB0357,HB-QC-QC-RM-AS,无菌线原物料品控,1,3,11.0,8.0,3.0,,FULL62-W1
HB,HB-QC,2026-07-15,夜班,N12,EMPHB0356,HB-QC-QC-RM-SODA,汽水线原物料品控,1,3,11.0,8.0,3.0,,FULL62-W1
SX,SX-BIB01,2026-07-15,夜班,N12,EMPSX0108,SX-BIB01-PACK-1,包装岗1,0,3,11.0,8.0,3.0,,FULL62-W1
SX,SX-BIB01,2026-07-15,夜班,N12,EMPSX0112,SX-BIB01-PACK-2,包装岗2,0,3,11.0,8.0,3.0,,FULL62-W1
SX,SX-CAN01,2026-07-15,夜班,N12,EMPSX0054,SX-CAN01-DEPAL-CAN,卸罐机岗,0,4,11.0,8.0,3.0,,FULL62-W1
SX,SX-CAN01,2026-07-15,夜班,N12,EMPSX0037,SX-CAN01-FILL,灌注机岗,1,3,11.0,8.0,3.0,,FULL62-W1
SX,SX-CAN01,2026-07-15,夜班,N12,EMPSX0069,SX-CAN01-PACK-MULTI,多包装机,0,4,11.0,8.0,3.0,,FULL62-W1
SX,SX-CAN01,2026-07-15,夜班,N12,EMPSX0043,SX-CAN01-PACK-SHRINK,塑包机岗,0,3,11.0,8.0,3.0,,FULL62-W1
SX,SX-ENG,2026-07-15,夜班,N12,EMPSX0140,SX-ENG-AIRCOMP,制冷空压机岗,1,4,11.0,8.0,3.0,,FULL62-W1
SX,SX-ENG,2026-07-15,夜班,N12,EMPSX0142,SX-ENG-BOILER,锅炉操作岗,0,3,11.0,8.0,3.0,,FULL62-W1
SX,SX-ENG,2026-07-15,夜班,N12,EMPSX0132,SX-ENG-ELEC-LINE1,生产线电工1,1,3,11.0,8.0,3.0,,FULL62-W1
SX,SX-ENG,2026-07-15,夜班,N12,EMPSX0150,SX-ENG-MECH-LINE,生产线机修岗,0,3,11.0,8.0,3.0,,FULL62-W1
SX,SX-PET01,2026-07-15,夜班,N12,EMPSX0017,SX-PET01-FGI,FGI岗,0,3,11.0,8.0,3.0,,FULL62-W1
SX,SX-PET01,2026-07-15,夜班,N12,EMPSX0008,SX-PET01-FILL,灌注机岗,1,4,11.0,8.0,3.0,,FULL62-W1
SX,SX-PET01,2026-07-15,夜班,N12,EMPSX0027,SX-PET01-HANDLE,提扣机岗,0,3,11.0,8.0,3.0,,FULL62-W1
SX,SX-PET01,2026-07-15,夜班,N12,EMPSX0012,SX-PET01-PACK-SHRINK,塑包机岗,0,4,11.0,8.0,3.0,,FULL62-W1
SX,SX-PET01,2026-07-15,夜班,N12,EMPSX0049,SX-PET01-PALLET-LABEL,垛贴码岗,0,3,11.0,8.0,3.0,,FULL62-W1
SX,SX-PET02,2026-07-15,夜班,N12,EMPSX0031,SX-PET02-BLOW,吹瓶机岗,1,3,11.0,8.0,3.0,,FULL62-W1
SX,SX-PET02,2026-07-15,夜班,N12,EMPSX0038,SX-PET02-FILL,灌注机岗,1,3,11.0,8.0,3.0,,FULL62-W1
SX,SX-PET02,2026-07-15,夜班,N12,EMPSX0035,SX-PET02-LABEL,贴标机岗,0,3,11.0,8.0,3.0,,FULL62-W1
SX,SX-PET02,2026-07-15,夜班,N12,EMPSX0041,SX-PET02-PACK-SHRINK,塑包机岗,0,3,11.0,8.0,3.0,,FULL62-W1
SX,SX-PET02,2026-07-15,夜班,N12,EMPSX0068,SX-PET02-PALLET,码垛机岗,0,3,11.0,8.0,3.0,,FULL62-W1
SX,SX-PET02,2026-07-15,夜班,N12,EMPSX0050,SX-PET02-PALLET-LABEL,垛贴码岗,0,3,11.0,8.0,3.0,,FULL62-W1
SX,SX-QC,2026-07-15,夜班,N12,EMPSX0156,SX-QC-QC-AUX,辅线品控（水、糖、BIB）,1,3,11.0,8.0,3.0,,FULL62-W1
SX,SX-QC,2026-07-15,夜班,N12,EMPSX0172,SX-QC-QC-IP-CAN,CAN线品控,1,3,11.0,8.0,3.0,,FULL62-W1
SX,SX-QC,2026-07-15,夜班,N12,EMPSX0164,SX-QC-QC-IP-PET1,PET线品控1,1,3,11.0,8.0,3.0,,FULL62-W1
SX,SX-QC,2026-07-15,夜班,N12,EMPSX0168,SX-QC-QC-IP-PET2,PET线品控2,1,4,11.0,8.0,3.0,,FULL62-W1
SX,SX-QC,2026-07-15,夜班,N12,EMPSX0174,SX-QC-QC-IP-RB,RB线品控,1,3,11.0,8.0,3.0,,FULL62-W1
SX,SX-RB01,2026-07-15,夜班,N12,EMPSX0013,SX-RB01-DEPAL,码卸垛机岗,0,2,11.0,8.0,3.0,,FULL62-W1
SX,SX-RB01,2026-07-15,夜班,N12,EMPSX0086,SX-RB01-FILL,灌注机岗,1,3,11.0,8.0,3.0,,FULL62-W1
SX,SX-RB01,2026-07-15,夜班,N12,EMPSX0077,SX-RB01-LOADER,装卸箱机岗,0,3,11.0,8.0,3.0,,FULL62-W1
SX,SX-RB01,2026-07-15,夜班,N12,EMPSX0098,SX-RB01-QC-BOTTLE,空瓶检测岗,1,3,11.0,8.0,3.0,,FULL62-W1
SX,SX-RB01,2026-07-15,夜班,N12,EMPSX0095,SX-RB01-QC-FGI2,成品目检岗2,1,3,11.0,8.0,3.0,,FULL62-W1
SX,SX-SYRUP,2026-07-15,夜班,N12,EMPSX0120,SX-SYRUP-SYRUP-POST1,后糖岗1,1,3,11.0,8.0,3.0,,FULL62-W1
SX,SX-SYRUP,2026-07-15,夜班,N12,EMPSX0124,SX-SYRUP-SYRUP-POST2,后糖岗2,1,3,11.0,8.0,3.0,,FULL62-W1
SX,SX-UTIL,2026-07-15,夜班,N12,EMPSX0127,SX-UTIL-WWTP,污水处理岗,0,4,11.0,8.0,3.0,,FULL62-W1
HB,HB-AS01,2026-07-16,白班,D12,EMPHB0186,HB-AS01-BLOW,吹瓶机岗,1,3,11.0,8.0,3.0,,FULL62-W1
HB,HB-AS01,2026-07-16,白班,D12,EMPHB0304,HB-AS01-CARTON,上纸箱岗,0,3,11.0,8.0,3.0,,FULL62-W1
HB,HB-AS01,2026-07-16,白班,D12,EMPHB0189,HB-AS01-FILL,灌注机岗,1,4,11.0,8.0,3.0,,FULL62-W1
HB,HB-AS01,2026-07-16,白班,D12,EMPHB0208,HB-AS01-HANDLE-1,提扣机岗1,0,4,11.0,8.0,3.0,,FULL62-W1
HB,HB-AS01,2026-07-16,白班,D12,EMPHB0253,HB-AS01-HANDLE-2,提扣机岗2,0,3,11.0,8.0,3.0,,FULL62-W1
HB,HB-AS01,2026-07-16,白班,D12,EMPHB0220,HB-AS01-LABEL,贴标机岗,0,4,11.0,8.0,3.0,,FULL62-W1
HB,HB-AS01,2026-07-16,白班,D12,EMPHB0242,HB-AS01-PACK-SHRINK,膜包机岗,0,3,11.0,8.0,3.0,,FULL62-W1
HB,HB-AS01,2026-07-16,白班,D12,EMPHB0226,HB-AS01-PALLET,码垛机岗,0,3,11.0,8.0,3.0,,FULL62-W1
HB,HB-AS01,2026-07-16,白班,D12,EMPHB0183,HB-AS01-SHIFT-LEADER,生产领班,1,3,11.0,8.0,3.0,,FULL62-W1
HB,HB-AS01,2026-07-16,白班,D12,EMPHB0308,HB-AS01-UHT-1,UHT&调配&果肉操作1,1,4,11.0,8.0,3.0,,FULL62-W1
HB,HB-AS01,2026-07-16,白班,D12,EMPHB0313,HB-AS01-UHT-2,UHT&调配&果肉操作2,1,4,11.0,8.0,3.0,,FULL62-W1
HB,HB-AS01,2026-07-16,白班,D12,EMPHB0317,HB-AS01-UHT-AUX,辅助工,0,3,11.0,8.0,3.0,,FULL62-W1
HB,HB-ENG,2026-07-16,白班,D12,EMPHB0322,HB-ENG-ELEC-1,电气维修工程师1,1,4,11.0,8.0,3.0,,FULL62-W1
HB,HB-ENG2,2026-07-16,白班,D12,EMPHB0345,HB-ENG2-AIRCOMP,空压岗,1,3,11.0,8.0,3.0,,FULL62-W1
HB,HB-ENG2,2026-07-16,白班,D12,EMPHB0336,HB-ENG2-ELEC-OUT1,外围电工1,1,3,11.0,8.0,3.0,,FULL62-W1
HB,HB-ENG2,2026-07-16,白班,D12,EMPHB0349,HB-ENG2-WWTP,污水岗,0,3,11.0,8.0,3.0,,FULL62-W1
HB,HB-PET01,2026-07-16,白班,D12,EMPHB0275,HB-PET01-BLOW,吹瓶机岗,1,3,11.0,8.0,3.0,,FULL62-W1
HB,HB-PET01,2026-07-16,白班,D12,EMPHB0280,HB-PET01-FILL,灌注机岗,1,3,11.0,8.0,3.0,,FULL62-W1
HB,HB-PET01,2026-07-16,白班,D12,EMPHB0205,HB-PET01-HANDLE-1,提扣机岗1,0,4,11.0,8.0,3.0,,FULL62-W1
HB,HB-PET01,2026-07-16,白班,D12,EMPHB0217,HB-PET01-LABEL,贴标机岗,0,3,11.0,8.0,3.0,,FULL62-W1
HB,HB-PET01,2026-07-16,白班,D12,EMPHB0289,HB-PET01-PACK-SHRINK,膜包机岗,0,3,11.0,8.0,3.0,,FULL62-W1
HB,HB-PET01,2026-07-16,白班,D12,EMPHB0204,HB-PET01-PALLET,码垛机岗,0,3,11.0,8.0,3.0,,FULL62-W1
HB,HB-PET01,2026-07-16,白班,D12,EMPHB0274,HB-PET01-SHIFT-ENG,倒班工程师,1,3,11.0,8.0,3.0,,FULL62-W1
HB,HB-PET02,2026-07-16,白班,D12,EMPHB0216,HB-PET02-BLOW-FILL,吹瓶、灌装岗位,1,3,11.0,8.0,3.0,,FULL62-W1
HB,HB-PET02,2026-07-16,白班,D12,EMPHB0241,HB-PET02-PACK-SHRINK,膜包机岗,0,4,11.0,8.0,3.0,,FULL62-W1
HB,HB-PET02,2026-07-16,白班,D12,EMPHB0202,HB-PET02-PALLET,码垛机岗,0,3,11.0,8.0,3.0,,FULL62-W1
HB,HB-PET03,2026-07-16,白班,D12,EMPHB0278,HB-PET03-BLOW,吹瓶机岗,1,4,11.0,8.0,3.0,,FULL62-W1
HB,HB-PET03,2026-07-16,白班,D12,EMPHB0235,HB-PET03-FILL,灌注机岗,1,3,11.0,8.0,3.0,,FULL62-W1
HB,HB-PET03,2026-07-16,白班,D12,EMPHB0298,HB-PET03-HANDLE-1,提扣机岗1,0,3,11.0,8.0,3.0,,FULL62-W1
HB,HB-PET03,2026-07-16,白班,D12,EMPHB0210,HB-PET03-HANDLE-2,提扣机岗2,0,3,11.0,8.0,3.0,,FULL62-W1
HB,HB-PET03,2026-07-16,白班,D12,EMPHB0239,HB-PET03-LABEL,贴标机岗,0,3,11.0,8.0,3.0,,FULL62-W1
HB,HB-PET03,2026-07-16,白班,D12,EMPHB0197,HB-PET03-PACK-SHRINK,膜包机岗,0,4,11.0,8.0,3.0,,FULL62-W1
HB,HB-PET03,2026-07-16,白班,D12,EMPHB0248,HB-PET03-PALLET,码垛机岗,0,3,11.0,8.0,3.0,,FULL62-W1
HB,HB-QC,2026-07-16,白班,D12,EMPHB0360,HB-QC-QC-RM-AS,无菌线原物料品控,1,3,11.0,8.0,3.0,,FULL62-W1
HB,HB-QC2,2026-07-16,白班,D12,EMPHB0383,HB-QC2-QC-BLOW,吹瓶品控,1,4,11.0,8.0,3.0,,FULL62-W1
HB,HB-QC2,2026-07-16,白班,D12,EMPHB0391,HB-QC2-QC-IP-AS,无菌线制程品控,1,3,11.0,8.0,3.0,,FULL62-W1
HB,HB-QC2,2026-07-16,白班,D12,EMPHB0371,HB-QC2-QC-IP-PET01,PET01线制程品控,1,3,11.0,8.0,3.0,,FULL62-W1
HB,HB-QC2,2026-07-16,白班,D12,EMPHB0375,HB-QC2-QC-IP-PET02,PET02线制程品控,1,3,11.0,8.0,3.0,,FULL62-W1
HB,HB-QC2,2026-07-16,白班,D12,EMPHB0377,HB-QC2-QC-IP-PET03,PET03线制程品控,1,3,11.0,8.0,3.0,,FULL62-W1
HB,HB-QC2,2026-07-16,白班,D12,EMPHB0388,HB-QC2-QC-WATER,水糖品控,1,3,11.0,8.0,3.0,,FULL62-W1
HB,HB-SYRUP,2026-07-16,白班,D12,EMPHB0264,HB-SYRUP-SYRUP-POST1,后糖岗1,1,4,11.0,8.0,3.0,,FULL62-W1
HB,HB-SYRUP,2026-07-16,白班,D12,EMPHB0269,HB-SYRUP-SYRUP-POST2,后糖岗2,1,4,11.0,8.0,3.0,,FULL62-W1
HB,HB-SYRUP,2026-07-16,白班,D12,EMPHB0260,HB-SYRUP-WATER,水处理操作岗,1,3,11.0,8.0,3.0,,FULL62-W1
SX,SX-BIB01,2026-07-16,白班,D12,EMPSX0102,SX-BIB01-FILL,灌装岗,1,3,11.0,8.0,3.0,,FULL62-W1
SX,SX-BIB01,2026-07-16,白班,D12,EMPSX0042,SX-BIB01-PACK-1,包装岗1,0,1,11.0,8.0,3.0,,FULL62-W1
SX,SX-BIB01,2026-07-16,白班,D12,EMPSX0111,SX-BIB01-PACK-2,包装岗2,0,3,11.0,8.0,3.0,,FULL62-W1
SX,SX-BIB01,2026-07-16,白班,D12,EMPSX0113,SX-BIB01-PACK-3,包装岗3,0,4,11.0,8.0,3.0,,FULL62-W1
SX,SX-CAN01,2026-07-16,白班,D12,EMPSX0060,SX-CAN01-FILL,灌注机岗,1,3,11.0,8.0,3.0,F,FULL62-W1
SX,SX-ENG,2026-07-16,白班,D12,EMPSX0143,SX-ENG-BOILER,锅炉操作岗,0,3,11.0,8.0,3.0,,FULL62-W1
SX,SX-ENG,2026-07-16,白班,D12,EMPSX0130,SX-ENG-ELEC-LINE1,生产线电工1,1,3,11.0,8.0,3.0,,FULL62-W1
SX,SX-ENG,2026-07-16,白班,D12,EMPSX0146,SX-ENG-MECH-LINE,生产线机修岗,0,3,11.0,8.0,3.0,,FULL62-W1
SX,SX-ENG,2026-07-16,白班,D12,EMPSX0147,SX-ENG-MECH-LINE,生产线机修岗,0,4,11.0,8.0,3.0,,FULL62-W1
SX,SX-ENG,2026-07-16,白班,D12,EMPSX0151,SX-ENG-MECH-LINE,生产线机修岗,0,3,11.0,8.0,3.0,,FULL62-W1
SX,SX-PET01,2026-07-16,白班,D12,EMPSX0001,SX-PET01-BLOW-LABEL,吹贴机岗,1,3,11.0,8.0,3.0,,FULL62-W1
SX,SX-PET01,2026-07-16,白班,D12,EMPSX0020,SX-PET01-FGI,FGI岗,0,3,11.0,8.0,3.0,,FULL62-W1
SX,SX-PET01,2026-07-16,白班,D12,EMPSX0059,SX-PET01-FILL,灌注机岗,1,4,11.0,8.0,3.0,,FULL62-W1
SX,SX-PET01,2026-07-16,白班,D12,EMPSX0026,SX-PET01-HANDLE,提扣机岗,0,3,11.0,8.0,3.0,,FULL62-W1
SX,SX-PET01,2026-07-16,白班,D12,EMPSX0064,SX-PET01-PACK-SHRINK,塑包机岗,0,3,11.0,8.0,3.0,,FULL62-W1
SX,SX-PET01,2026-07-16,白班,D12,EMPSX0047,SX-PET01-PALLET,码垛机岗,0,3,11.0,8.0,3.0,,FULL62-W1
SX,SX-PET01,2026-07-16,白班,D12,EMPSX0055,SX-PET01-PALLET-LABEL,垛贴码岗,0,3,11.0,8.0,3.0,,FULL62-W1
SX,SX-PET02,2026-07-16,白班,D12,EMPSX0030,SX-PET02-BLOW,吹瓶机岗,1,3,11.0,8.0,3.0,,FULL62-W1
SX,SX-PET02,2026-07-16,白班,D12,EMPSX0006,SX-PET02-FILL,灌注机岗,1,4,11.0,8.0,3.0,,FULL62-W1
SX,SX-PET02,2026-07-16,白班,D12,EMPSX0010,SX-PET02-PACK-SHRINK,塑包机岗,0,3,11.0,8.0,3.0,,FULL62-W1
SX,SX-PET02,2026-07-16,白班,D12,EMPSX0021,SX-PET02-PALLET,码垛机岗,0,3,11.0,8.0,3.0,,FULL62-W1
SX,SX-PET02,2026-07-16,白班,D12,EMPSX0052,SX-PET02-PALLET-LABEL,垛贴码岗,0,3,11.0,8.0,3.0,,FULL62-W1
SX,SX-QC,2026-07-16,白班,D12,EMPSX0155,SX-QC-QC-AUX,辅线品控（水、糖、BIB）,1,3,11.0,8.0,3.0,,FULL62-W1
SX,SX-QC,2026-07-16,白班,D12,EMPSX0177,SX-QC-QC-BLOW,吹瓶品控,1,3,11.0,8.0,3.0,,FULL62-W1
SX,SX-QC,2026-07-16,白班,D12,EMPSX0169,SX-QC-QC-IP-CAN,CAN线品控,1,4,11.0,8.0,3.0,,FULL62-W1
SX,SX-QC,2026-07-16,白班,D12,EMPSX0162,SX-QC-QC-IP-PET1,PET线品控1,1,4,11.0,8.0,3.0,,FULL62-W1
SX,SX-QC,2026-07-16,白班,D12,EMPSX0176,SX-QC-QC-IP-RB,RB线品控,1,3,11.0,8.0,3.0,,FULL62-W1
SX,SX-RB01,2026-07-16,白班,D12,EMPSX0076,SX-RB01-DEPAL,码卸垛机岗,0,3,11.0,8.0,3.0,,FULL62-W1
SX,SX-RB01,2026-07-16,白班,D12,EMPSX0078,SX-RB01-LOADER,装卸箱机岗,0,4,11.0,8.0,3.0,,FULL62-W1
SX,SX-RB01,2026-07-16,白班,D12,EMPSX0097,SX-RB01-QC-BOTTLE,空瓶检测岗,1,3,11.0,8.0,3.0,,FULL62-W1
SX,SX-RB01,2026-07-16,白班,D12,EMPSX0090,SX-RB01-QC-FGI1,成品目检岗1,1,3,11.0,8.0,3.0,,FULL62-W1
SX,SX-RB01,2026-07-16,白班,D12,EMPSX0094,SX-RB01-QC-FGI2,成品目检岗2,1,3,11.0,8.0,3.0,,FULL62-W1
SX,SX-RB01,2026-07-16,白班,D12,EMPSX0084,SX-RB01-WASHER,洗瓶机岗,0,3,11.0,8.0,3.0,,FULL62-W1
SX,SX-SYRUP,2026-07-16,白班,D12,EMPSX0117,SX-SYRUP-SYRUP-POST1,后糖岗1,1,3,11.0,8.0,3.0,,FULL62-W1
SX,SX-SYRUP,2026-07-16,白班,D12,EMPSX0123,SX-SYRUP-SYRUP-POST2,后糖岗2,1,3,11.0,8.0,3.0,,FULL62-W1
HB,HB-ENG,2026-07-16,常白班,D8,EMPHB0323,HB-ENG-ELEC-2,电气维修工程师2,1,4,8.0,8.0,0.0,,FULL62-W1
HB,HB-ENG,2026-07-16,常白班,D8,EMPHB0325,HB-ENG-ENG-BLOW,吹瓶机工程师,1,3,8.0,8.0,0.0,,FULL62-W1
HB,HB-ENG,2026-07-16,常白班,D8,EMPHB0328,HB-ENG-ENG-FILL,灌装机工程师,1,3,8.0,8.0,0.0,,FULL62-W1
HB,HB-ENG,2026-07-16,常白班,D8,EMPHB0330,HB-ENG-ENG-LABEL,贴标机工程师,1,4,8.0,8.0,0.0,,FULL62-W1
HB,HB-ENG,2026-07-16,常白班,D8,EMPHB0331,HB-ENG-ENG-PACK,膜包机工程师,1,3,8.0,8.0,0.0,,FULL62-W1
HB,HB-ENG,2026-07-16,常白班,D8,EMPHB0333,HB-ENG-ENG-PALLET,码垛机工程师,1,4,8.0,8.0,0.0,,FULL62-W1
HB,HB-ENG2,2026-07-16,常白班,D8,EMPHB0340,HB-ENG2-ELEC-OUT2,外围电工2,1,4,8.0,8.0,0.0,,FULL62-W1
HB,HB-QC,2026-07-16,常白班,D8,EMPHB0363,HB-QC-QC-MICRO-AS1,无菌线微生物品控1,1,3,8.0,8.0,0.0,A,FULL62-W1
HB,HB-QC,2026-07-16,常白班,D8,EMPHB0365,HB-QC-QC-MICRO-AS2,无菌线微生物品控2,1,3,8.0,8.0,0.0,A,FULL62-W1
HB,HB-QC,2026-07-16,常白班,D8,EMPHB0367,HB-QC-QC-MICRO-AS3,无菌线微生物品控3,1,3,8.0,8.0,0.0,A,FULL62-W1
HB,HB-QC,2026-07-16,常白班,D8,EMPHB0361,HB-QC-QC-MICRO-SODA,汽水线微生物品控,1,4,8.0,8.0,0.0,A,FULL62-W1
HB,HB-SYRUP,2026-07-16,常白班,D8,EMPHB0262,HB-SYRUP-SYRUP-PRE,前糖岗,1,3,8.0,8.0,0.0,,FULL62-W1
SX,SX-ENG,2026-07-16,常白班,D8,EMPSX0134,SX-ENG-ELEC-LINE2,生产线电工2,1,3,8.0,8.0,0.0,,FULL62-W1
SX,SX-ENG,2026-07-16,常白班,D8,EMPSX0135,SX-ENG-ELEC-OUT,外围电工,1,4,8.0,8.0,0.0,,FULL62-W1
SX,SX-QC,2026-07-16,常白班,D8,EMPSX0160,SX-QC-QC-MICRO,微生物品控,1,4,8.0,8.0,0.0,,FULL62-W1
SX,SX-QC,2026-07-16,常白班,D8,EMPSX0158,SX-QC-QC-RM,原物料品控,1,4,8.0,8.0,0.0,,FULL62-W1
SX,SX-SYRUP,2026-07-16,常白班,D8,EMPSX0116,SX-SYRUP-SYRUP-PRE,前糖岗,1,3,8.0,8.0,0.0,,FULL62-W1
SX,SX-UTIL,2026-07-16,常白班,D8,EMPSX0125,SX-UTIL-WATER,水处理操作岗,1,3,8.0,8.0,0.0,,FULL62-W1
HB,HB-AS01,2026-07-16,夜班,N12,EMPHB0231,HB-AS01-BLOW,吹瓶机岗,1,4,11.0,8.0,3.0,,FULL62-W1
HB,HB-AS01,2026-07-16,夜班,N12,EMPHB0306,HB-AS01-CARTON,上纸箱岗,0,4,11.0,8.0,3.0,,FULL62-W1
HB,HB-AS01,2026-07-16,夜班,N12,EMPHB0282,HB-AS01-FILL,灌注机岗,1,4,11.0,8.0,3.0,,FULL62-W1
HB,HB-AS01,2026-07-16,夜班,N12,EMPHB0250,HB-AS01-HANDLE-1,提扣机岗1,0,3,11.0,8.0,3.0,,FULL62-W1
HB,HB-AS01,2026-07-16,夜班,N12,EMPHB0318,HB-AS01-HANDLE-2,提扣机岗2,0,2,11.0,8.0,3.0,,FULL62-W1
HB,HB-AS01,2026-07-16,夜班,N12,EMPHB0219,HB-AS01-LABEL,贴标机岗,0,4,11.0,8.0,3.0,,FULL62-W1
HB,HB-AS01,2026-07-16,夜班,N12,EMPHB0198,HB-AS01-PACK-SHRINK,膜包机岗,0,3,11.0,8.0,3.0,,FULL62-W1
HB,HB-AS01,2026-07-16,夜班,N12,EMPHB0245,HB-AS01-PALLET,码垛机岗,0,3,11.0,8.0,3.0,,FULL62-W1
HB,HB-AS01,2026-07-16,夜班,N12,EMPHB0271,HB-AS01-SHIFT-LEADER,生产领班,1,3,11.0,8.0,3.0,,FULL62-W1
HB,HB-AS01,2026-07-16,夜班,N12,EMPHB0311,HB-AS01-UHT-2,UHT&调配&果肉操作2,1,3,11.0,8.0,3.0,,FULL62-W1
HB,HB-AS01,2026-07-16,夜班,N12,EMPHB0315,HB-AS01-UHT-AUX,辅助工,0,3,11.0,8.0,3.0,,FULL62-W1
HB,HB-ENG,2026-07-16,夜班,N12,EMPHB0319,HB-ENG-ELEC-1,电气维修工程师1,1,3,11.0,8.0,3.0,,FULL62-W1
HB,HB-ENG2,2026-07-16,夜班,N12,EMPHB0346,HB-ENG2-AIRCOMP,空压岗,1,3,11.0,8.0,3.0,,FULL62-W1
HB,HB-ENG2,2026-07-16,夜班,N12,EMPHB0344,HB-ENG2-BOILER,锅炉岗,0,4,11.0,8.0,3.0,,FULL62-W1
HB,HB-ENG2,2026-07-16,夜班,N12,EMPHB0338,HB-ENG2-ELEC-OUT1,外围电工1,1,3,11.0,8.0,3.0,,FULL62-W1
HB,HB-ENG2,2026-07-16,夜班,N12,EMPHB0352,HB-ENG2-WWTP,污水岗,0,3,11.0,8.0,3.0,,FULL62-W1
HB,HB-PET01,2026-07-16,夜班,N12,EMPHB0230,HB-PET01-BLOW,吹瓶机岗,1,3,11.0,8.0,3.0,,FULL62-W1
HB,HB-PET01,2026-07-16,夜班,N12,EMPHB0234,HB-PET01-FILL,灌注机岗,1,4,11.0,8.0,3.0,,FULL62-W1
HB,HB-PET01,2026-07-16,夜班,N12,EMPHB0305,HB-PET01-HANDLE-1,提扣机岗1,0,3,11.0,8.0,3.0,,FULL62-W1
HB,HB-PET01,2026-07-16,夜班,N12,EMPHB0209,HB-PET01-HANDLE-2,提扣机岗2,0,4,11.0,8.0,3.0,,FULL62-W1
HB,HB-PET01,2026-07-16,夜班,N12,EMPHB0196,HB-PET01-LABEL,贴标机岗,0,4,11.0,8.0,3.0,,FULL62-W1
HB,HB-PET01,2026-07-16,夜班,N12,EMPHB0199,HB-PET01-PACK-SHRINK,膜包机岗,0,3,11.0,8.0,3.0,,FULL62-W1
HB,HB-PET01,2026-07-16,夜班,N12,EMPHB0182,HB-PET01-SHIFT-ENG,倒班工程师,1,3,11.0,8.0,3.0,,FULL62-W1
HB,HB-PET02,2026-07-16,夜班,N12,EMPHB0214,HB-PET02-BLOW-FILL,吹瓶、灌装岗位,1,3,11.0,8.0,3.0,,FULL62-W1
HB,HB-PET02,2026-07-16,夜班,N12,EMPHB0237,HB-PET02-LABEL,贴标机岗,0,3,11.0,8.0,3.0,,FULL62-W1
HB,HB-PET02,2026-07-16,夜班,N12,EMPHB0223,HB-PET02-PACK-SHRINK,膜包机岗,0,3,11.0,8.0,3.0,,FULL62-W1
HB,HB-PET02,2026-07-16,夜班,N12,EMPHB0294,HB-PET02-PALLET,码垛机岗,0,3,11.0,8.0,3.0,,FULL62-W1
HB,HB-PET03,2026-07-16,夜班,N12,EMPHB0187,HB-PET03-BLOW,吹瓶机岗,1,3,11.0,8.0,3.0,,FULL62-W1
HB,HB-PET03,2026-07-16,夜班,N12,EMPHB0316,HB-PET03-HANDLE-1,提扣机岗1,0,3,11.0,8.0,3.0,,FULL62-W1
HB,HB-PET03,2026-07-16,夜班,N12,EMPHB0255,HB-PET03-HANDLE-2,提扣机岗2,0,3,11.0,8.0,3.0,,FULL62-W1
HB,HB-PET03,2026-07-16,夜班,N12,EMPHB0228,HB-PET03-PALLET,码垛机岗,0,3,11.0,8.0,3.0,,FULL62-W1
HB,HB-QC,2026-07-16,夜班,N12,EMPHB0358,HB-QC-QC-RM-AS,无菌线原物料品控,1,4,11.0,8.0,3.0,,FULL62-W1
HB,HB-QC,2026-07-16,夜班,N12,EMPHB0354,HB-QC-QC-RM-SODA,汽水线原物料品控,1,3,11.0,8.0,3.0,,FULL62-W1
HB,HB-QC2,2026-07-16,夜班,N12,EMPHB0382,HB-QC2-QC-BLOW,吹瓶品控,1,4,11.0,8.0,3.0,,FULL62-W1
HB,HB-QC2,2026-07-16,夜班,N12,EMPHB0392,HB-QC2-QC-IP-AS,无菌线制程品控,1,3,11.0,8.0,3.0,,FULL62-W1
HB,HB-QC2,2026-07-16,夜班,N12,EMPHB0376,HB-QC2-QC-IP-PET02,PET02线制程品控,1,3,11.0,8.0,3.0,,FULL62-W1
HB,HB-QC2,2026-07-16,夜班,N12,EMPHB0380,HB-QC2-QC-IP-PET03,PET03线制程品控,1,4,11.0,8.0,3.0,,FULL62-W1
HB,HB-QC2,2026-07-16,夜班,N12,EMPHB0385,HB-QC2-QC-WATER,水糖品控,1,3,11.0,8.0,3.0,,FULL62-W1
HB,HB-SYRUP,2026-07-16,夜班,N12,EMPHB0263,HB-SYRUP-SYRUP-POST1,后糖岗1,1,4,11.0,8.0,3.0,,FULL62-W1
HB,HB-SYRUP,2026-07-16,夜班,N12,EMPHB0268,HB-SYRUP-SYRUP-POST2,后糖岗2,1,3,11.0,8.0,3.0,,FULL62-W1
HB,HB-SYRUP,2026-07-16,夜班,N12,EMPHB0258,HB-SYRUP-WATER,水处理操作岗,1,3,11.0,8.0,3.0,,FULL62-W1
SX,SX-BIB01,2026-07-16,夜班,N12,EMPSX0103,SX-BIB01-FILL,灌装岗,1,3,11.0,8.0,3.0,,FULL62-W1
SX,SX-BIB01,2026-07-16,夜班,N12,EMPSX0033,SX-BIB01-PACK-2,包装岗2,0,3,11.0,8.0,3.0,,FULL62-W1
SX,SX-CAN01,2026-07-16,夜班,N12,EMPSX0086,SX-CAN01-FILL,灌注机岗,1,3,11.0,8.0,3.0,C,FULL62-W1
SX,SX-ENG,2026-07-16,夜班,N12,EMPSX0138,SX-ENG-AIRCOMP,制冷空压机岗,1,4,11.0,8.0,3.0,,FULL62-W1
SX,SX-ENG,2026-07-16,夜班,N12,EMPSX0142,SX-ENG-BOILER,锅炉操作岗,0,3,11.0,8.0,3.0,,FULL62-W1
SX,SX-ENG,2026-07-16,夜班,N12,EMPSX0132,SX-ENG-ELEC-LINE1,生产线电工1,1,3,11.0,8.0,3.0,,FULL62-W1
SX,SX-ENG,2026-07-16,夜班,N12,EMPSX0152,SX-ENG-MECH-LINE,生产线机修岗,0,3,11.0,8.0,3.0,,FULL62-W1
SX,SX-PET01,2026-07-16,夜班,N12,EMPSX0002,SX-PET01-BLOW-LABEL,吹贴机岗,1,3,11.0,8.0,3.0,,FULL62-W1
SX,SX-PET01,2026-07-16,夜班,N12,EMPSX0019,SX-PET01-FGI,FGI岗,0,3,11.0,8.0,3.0,,FULL62-W1
SX,SX-PET01,2026-07-16,夜班,N12,EMPSX0025,SX-PET01-HANDLE,提扣机岗,0,3,11.0,8.0,3.0,,FULL62-W1
SX,SX-PET01,2026-07-16,夜班,N12,EMPSX0016,SX-PET01-PALLET,码垛机岗,0,4,11.0,8.0,3.0,,FULL62-W1
SX,SX-PET01,2026-07-16,夜班,N12,EMPSX0015,SX-PET01-PALLET-LABEL,垛贴码岗,0,2,11.0,8.0,3.0,,FULL62-W1
SX,SX-PET02,2026-07-16,夜班,N12,EMPSX0032,SX-PET02-BLOW,吹瓶机岗,1,3,11.0,8.0,3.0,,FULL62-W1
SX,SX-PET02,2026-07-16,夜班,N12,EMPSX0005,SX-PET02-FILL,灌注机岗,1,3,11.0,8.0,3.0,,FULL62-W1
SX,SX-PET02,2026-07-16,夜班,N12,EMPSX0011,SX-PET02-LABEL,贴标机岗,0,3,11.0,8.0,3.0,,FULL62-W1
SX,SX-PET02,2026-07-16,夜班,N12,EMPSX0049,SX-PET02-PALLET,码垛机岗,0,3,11.0,8.0,3.0,,FULL62-W1
SX,SX-PET02,2026-07-16,夜班,N12,EMPSX0022,SX-PET02-PALLET-LABEL,垛贴码岗,0,3,11.0,8.0,3.0,,FULL62-W1
SX,SX-QC,2026-07-16,夜班,N12,EMPSX0161,SX-QC-QC-IP-PET1,PET线品控1,1,3,11.0,8.0,3.0,,FULL62-W1
SX,SX-QC,2026-07-16,夜班,N12,EMPSX0166,SX-QC-QC-IP-PET2,PET线品控2,1,3,11.0,8.0,3.0,,FULL62-W1
SX,SX-QC,2026-07-16,夜班,N12,EMPSX0175,SX-QC-QC-IP-RB,RB线品控,1,4,11.0,8.0,3.0,,FULL62-W1
SX,SX-RB01,2026-07-16,夜班,N12,EMPSX0075,SX-RB01-DEPAL,码卸垛机岗,0,3,11.0,8.0,3.0,,FULL62-W1
SX,SX-RB01,2026-07-16,夜班,N12,EMPSX0038,SX-RB01-FILL,灌注机岗,1,3,11.0,8.0,3.0,,FULL62-W1
SX,SX-RB01,2026-07-16,夜班,N12,EMPSX0096,SX-RB01-QC-FGI2,成品目检岗2,1,3,11.0,8.0,3.0,,FULL62-W1
SX,SX-RB01,2026-07-16,夜班,N12,EMPSX0081,SX-RB01-WASHER,洗瓶机岗,0,4,11.0,8.0,3.0,,FULL62-W1
SX,SX-SYRUP,2026-07-16,夜班,N12,EMPSX0119,SX-SYRUP-SYRUP-POST1,后糖岗1,1,3,11.0,8.0,3.0,,FULL62-W1
SX,SX-SYRUP,2026-07-16,夜班,N12,EMPSX0121,SX-SYRUP-SYRUP-POST2,后糖岗2,1,3,11.0,8.0,3.0,,FULL62-W1
SX,SX-UTIL,2026-07-16,夜班,N12,EMPSX0127,SX-UTIL-WWTP,污水处理岗,0,4,11.0,8.0,3.0,,FULL62-W1
HB,HB-AS01,2026-07-17,白班,D12,EMPHB0232,HB-AS01-BLOW,吹瓶机岗,1,3,11.0,8.0,3.0,,FULL62-W1
HB,HB-AS01,2026-07-17,白班,D12,EMPHB0304,HB-AS01-CARTON,上纸箱岗,0,3,11.0,8.0,3.0,,FULL62-W1
HB,HB-AS01,2026-07-17,白班,D12,EMPHB0191,HB-AS01-FILL,灌注机岗,1,4,11.0,8.0,3.0,,FULL62-W1
HB,HB-AS01,2026-07-17,白班,D12,EMPHB0295,HB-AS01-HANDLE-1,提扣机岗1,0,3,11.0,8.0,3.0,,FULL62-W1
HB,HB-AS01,2026-07-17,白班,D12,EMPHB0206,HB-AS01-HANDLE-2,提扣机岗2,0,2,11.0,8.0,3.0,,FULL62-W1
HB,HB-AS01,2026-07-17,白班,D12,EMPHB0285,HB-AS01-LABEL,贴标机岗,0,3,11.0,8.0,3.0,,FULL62-W1
HB,HB-AS01,2026-07-17,白班,D12,EMPHB0200,HB-AS01-PACK-SHRINK,膜包机岗,0,3,11.0,8.0,3.0,,FULL62-W1
HB,HB-AS01,2026-07-17,白班,D12,EMPHB0291,HB-AS01-PALLET,码垛机岗,0,3,11.0,8.0,3.0,,FULL62-W1
HB,HB-AS01,2026-07-17,白班,D12,EMPHB0272,HB-AS01-SHIFT-LEADER,生产领班,1,3,11.0,8.0,3.0,,FULL62-W1
HB,HB-AS01,2026-07-17,白班,D12,EMPHB0309,HB-AS01-UHT-1,UHT&调配&果肉操作1,1,3,11.0,8.0,3.0,,FULL62-W1
HB,HB-AS01,2026-07-17,白班,D12,EMPHB0312,HB-AS01-UHT-2,UHT&调配&果肉操作2,1,3,11.0,8.0,3.0,,FULL62-W1
HB,HB-ENG,2026-07-17,白班,D12,EMPHB0321,HB-ENG-ELEC-1,电气维修工程师1,1,4,11.0,8.0,3.0,,FULL62-W1
HB,HB-ENG2,2026-07-17,白班,D12,EMPHB0348,HB-ENG2-AIRCOMP,空压岗,1,4,11.0,8.0,3.0,,FULL62-W1
HB,HB-ENG2,2026-07-17,白班,D12,EMPHB0343,HB-ENG2-BOILER,锅炉岗,0,3,11.0,8.0,3.0,,FULL62-W1
HB,HB-ENG2,2026-07-17,白班,D12,EMPHB0335,HB-ENG2-ELEC-OUT1,外围电工1,1,4,11.0,8.0,3.0,,FULL62-W1
HB,HB-ENG2,2026-07-17,白班,D12,EMPHB0349,HB-ENG2-WWTP,污水岗,0,3,11.0,8.0,3.0,,FULL62-W1
HB,HB-PET01,2026-07-17,白班,D12,EMPHB0280,HB-PET01-FILL,灌注机岗,1,3,11.0,8.0,3.0,,FULL62-W1
HB,HB-PET01,2026-07-17,白班,D12,EMPHB0238,HB-PET01-LABEL,贴标机岗,0,3,11.0,8.0,3.0,,FULL62-W1
HB,HB-PET01,2026-07-17,白班,D12,EMPHB0224,HB-PET01-PACK-SHRINK,膜包机岗,0,4,11.0,8.0,3.0,,FULL62-W1
HB,HB-PET01,2026-07-17,白班,D12,EMPHB0247,HB-PET01-PALLET,码垛机岗,0,3,11.0,8.0,3.0,,FULL62-W1
HB,HB-PET01,2026-07-17,白班,D12,EMPHB0183,HB-PET01-SHIFT-ENG,倒班工程师,1,4,11.0,8.0,3.0,,FULL62-W1
HB,HB-PET02,2026-07-17,白班,D12,EMPHB0213,HB-PET02-BLOW-FILL,吹瓶、灌装岗位,1,3,11.0,8.0,3.0,,FULL62-W1
HB,HB-PET02,2026-07-17,白班,D12,EMPHB0283,HB-PET02-LABEL,贴标机岗,0,3,11.0,8.0,3.0,,FULL62-W1
HB,HB-PET02,2026-07-17,白班,D12,EMPHB0222,HB-PET02-PACK-SHRINK,膜包机岗,0,3,11.0,8.0,3.0,,FULL62-W1
HB,HB-PET02,2026-07-17,白班,D12,EMPHB0293,HB-PET02-PALLET,码垛机岗,0,4,11.0,8.0,3.0,,FULL62-W1
HB,HB-PET03,2026-07-17,白班,D12,EMPHB0276,HB-PET03-BLOW,吹瓶机岗,1,3,11.0,8.0,3.0,,FULL62-W1
HB,HB-PET03,2026-07-17,白班,D12,EMPHB0233,HB-PET03-FILL,灌注机岗,1,3,11.0,8.0,3.0,,FULL62-W1
HB,HB-PET03,2026-07-17,白班,D12,EMPHB0205,HB-PET03-HANDLE-1,提扣机岗1,0,4,11.0,8.0,3.0,,FULL62-W1
HB,HB-PET03,2026-07-17,白班,D12,EMPHB0301,HB-PET03-HANDLE-2,提扣机岗2,0,4,11.0,8.0,3.0,,FULL62-W1
HB,HB-PET03,2026-07-17,白班,D12,EMPHB0240,HB-PET03-LABEL,贴标机岗,0,3,11.0,8.0,3.0,,FULL62-W1
HB,HB-PET03,2026-07-17,白班,D12,EMPHB0289,HB-PET03-PACK-SHRINK,膜包机岗,0,3,11.0,8.0,3.0,,FULL62-W1
HB,HB-PET03,2026-07-17,白班,D12,EMPHB0248,HB-PET03-PALLET,码垛机岗,0,3,11.0,8.0,3.0,,FULL62-W1
HB,HB-QC,2026-07-17,白班,D12,EMPHB0360,HB-QC-QC-RM-AS,无菌线原物料品控,1,3,11.0,8.0,3.0,,FULL62-W1
HB,HB-QC,2026-07-17,白班,D12,EMPHB0356,HB-QC-QC-RM-SODA,汽水线原物料品控,1,3,11.0,8.0,3.0,,FULL62-W1
HB,HB-QC2,2026-07-17,白班,D12,EMPHB0384,HB-QC2-QC-BLOW,吹瓶品控,1,3,11.0,8.0,3.0,,FULL62-W1
HB,HB-QC2,2026-07-17,白班,D12,EMPHB0389,HB-QC2-QC-IP-AS,无菌线制程品控,1,3,11.0,8.0,3.0,,FULL62-W1
HB,HB-QC2,2026-07-17,白班,D12,EMPHB0370,HB-QC2-QC-IP-PET01,PET01线制程品控,1,3,11.0,8.0,3.0,,FULL62-W1
HB,HB-QC2,2026-07-17,白班,D12,EMPHB0377,HB-QC2-QC-IP-PET03,PET03线制程品控,1,3,11.0,8.0,3.0,,FULL62-W1
HB,HB-QC2,2026-07-17,白班,D12,EMPHB0387,HB-QC2-QC-WATER,水糖品控,1,3,11.0,8.0,3.0,,FULL62-W1
HB,HB-SYRUP,2026-07-17,白班,D12,EMPHB0265,HB-SYRUP-SYRUP-POST1,后糖岗1,1,4,11.0,8.0,3.0,,FULL62-W1
HB,HB-SYRUP,2026-07-17,白班,D12,EMPHB0267,HB-SYRUP-SYRUP-POST2,后糖岗2,1,4,11.0,8.0,3.0,,FULL62-W1
SX,SX-BIB01,2026-07-17,白班,D12,EMPSX0102,SX-BIB01-FILL,灌装岗,1,3,11.0,8.0,3.0,,FULL62-W1
SX,SX-BIB01,2026-07-17,白班,D12,EMPSX0107,SX-BIB01-PACK-1,包装岗1,0,3,11.0,8.0,3.0,,FULL62-W1
SX,SX-BIB01,2026-07-17,白班,D12,EMPSX0110,SX-BIB01-PACK-2,包装岗2,0,3,11.0,8.0,3.0,,FULL62-W1
SX,SX-BIB01,2026-07-17,白班,D12,EMPSX0113,SX-BIB01-PACK-3,包装岗3,0,4,11.0,8.0,3.0,,FULL62-W1
SX,SX-CAN01,2026-07-17,白班,D12,EMPSX0056,SX-CAN01-DEPAL-CAN,卸罐机岗,0,3,11.0,8.0,3.0,,FULL62-W1
SX,SX-CAN01,2026-07-17,白班,D12,EMPSX0085,SX-CAN01-FILL,灌注机岗,1,3,11.0,8.0,3.0,,FULL62-W1
SX,SX-CAN01,2026-07-17,白班,D12,EMPSX0072,SX-CAN01-PACK-MULTI,多包装机,0,3,11.0,8.0,3.0,,FULL62-W1
SX,SX-CAN01,2026-07-17,白班,D12,EMPSX0012,SX-CAN01-PACK-SHRINK,塑包机岗,0,4,11.0,8.0,3.0,,FULL62-W1
SX,SX-CAN01,2026-07-17,白班,D12,EMPSX0014,SX-CAN01-PALLET,码垛机岗,0,3,11.0,8.0,3.0,,FULL62-W1
SX,SX-ENG,2026-07-17,白班,D12,EMPSX0141,SX-ENG-BOILER,锅炉操作岗,0,3,11.0,8.0,3.0,,FULL62-W1
SX,SX-ENG,2026-07-17,白班,D12,EMPSX0131,SX-ENG-ELEC-LINE1,生产线电工1,1,3,11.0,8.0,3.0,,FULL62-W1
SX,SX-PET01,2026-07-17,白班,D12,EMPSX0004,SX-PET01-BLOW-LABEL,吹贴机岗,1,4,11.0,8.0,3.0,,FULL62-W1
SX,SX-PET01,2026-07-17,白班,D12,EMPSX0018,SX-PET01-FGI,FGI岗,0,4,11.0,8.0,3.0,,FULL62-W1
SX,SX-PET01,2026-07-17,白班,D12,EMPSX0037,SX-PET01-FILL,灌注机岗,1,3,11.0,8.0,3.0,,FULL62-W1
SX,SX-PET01,2026-07-17,白班,D12,EMPSX0027,SX-PET01-HANDLE,提扣机岗,0,3,11.0,8.0,3.0,,FULL62-W1
SX,SX-PET01,2026-07-17,白班,D12,EMPSX0066,SX-PET01-PALLET,码垛机岗,0,3,11.0,8.0,3.0,,FULL62-W1
SX,SX-PET02,2026-07-17,白班,D12,EMPSX0007,SX-PET02-FILL,灌注机岗,1,3,11.0,8.0,3.0,,FULL62-W1
SX,SX-PET02,2026-07-17,白班,D12,EMPSX0035,SX-PET02-LABEL,贴标机岗,0,3,11.0,8.0,3.0,,FULL62-W1
SX,SX-PET02,2026-07-17,白班,D12,EMPSX0061,SX-PET02-PACK-SHRINK,塑包机岗,0,3,11.0,8.0,3.0,,FULL62-W1
SX,SX-PET02,2026-07-17,白班,D12,EMPSX0021,SX-PET02-PALLET,码垛机岗,0,3,11.0,8.0,3.0,,FULL62-W1
SX,SX-PET02,2026-07-17,白班,D12,EMPSX0023,SX-PET02-PALLET-LABEL,垛贴码岗,0,3,11.0,8.0,3.0,,FULL62-W1
SX,SX-QC,2026-07-17,白班,D12,EMPSX0179,SX-QC-QC-BLOW,吹瓶品控,1,3,11.0,8.0,3.0,,FULL62-W1
SX,SX-QC,2026-07-17,白班,D12,EMPSX0169,SX-QC-QC-IP-CAN,CAN线品控,1,4,11.0,8.0,3.0,,FULL62-W1
SX,SX-QC,2026-07-17,白班,D12,EMPSX0162,SX-QC-QC-IP-PET1,PET线品控1,1,4,11.0,8.0,3.0,,FULL62-W1
SX,SX-QC,2026-07-17,白班,D12,EMPSX0168,SX-QC-QC-IP-PET2,PET线品控2,1,4,11.0,8.0,3.0,,FULL62-W1
SX,SX-QC,2026-07-17,白班,D12,EMPSX0173,SX-QC-QC-IP-RB,RB线品控,1,3,11.0,8.0,3.0,,FULL62-W1
SX,SX-RB01,2026-07-17,白班,D12,EMPSX0076,SX-RB01-DEPAL,码卸垛机岗,0,3,11.0,8.0,3.0,,FULL62-W1
SX,SX-RB01,2026-07-17,白班,D12,EMPSX0087,SX-RB01-FILL,灌注机岗,1,3,11.0,8.0,3.0,,FULL62-W1
SX,SX-RB01,2026-07-17,白班,D12,EMPSX0083,SX-RB01-LOADER,装卸箱机岗,0,2,11.0,8.0,3.0,,FULL62-W1
SX,SX-RB01,2026-07-17,白班,D12,EMPSX0091,SX-RB01-QC-FGI1,成品目检岗1,1,3,11.0,8.0,3.0,,FULL62-W1
SX,SX-RB01,2026-07-17,白班,D12,EMPSX0093,SX-RB01-QC-FGI2,成品目检岗2,1,3,11.0,8.0,3.0,,FULL62-W1
SX,SX-RB01,2026-07-17,白班,D12,EMPSX0082,SX-RB01-WASHER,洗瓶机岗,0,3,11.0,8.0,3.0,,FULL62-W1
SX,SX-SYRUP,2026-07-17,白班,D12,EMPSX0115,SX-SYRUP-SYRUP-POST1,后糖岗1,1,3,11.0,8.0,3.0,,FULL62-W1
HB,HB-ENG,2026-07-17,常白班,D8,EMPHB0324,HB-ENG-ELEC-2,电气维修工程师2,1,4,8.0,8.0,0.0,,FULL62-W1
HB,HB-ENG,2026-07-17,常白班,D8,EMPHB0326,HB-ENG-ENG-BLOW,吹瓶机工程师,1,4,8.0,8.0,0.0,,FULL62-W1
HB,HB-ENG,2026-07-17,常白班,D8,EMPHB0327,HB-ENG-ENG-FILL,灌装机工程师,1,3,8.0,8.0,0.0,,FULL62-W1
HB,HB-ENG,2026-07-17,常白班,D8,EMPHB0329,HB-ENG-ENG-LABEL,贴标机工程师,1,3,8.0,8.0,0.0,,FULL62-W1
HB,HB-ENG,2026-07-17,常白班,D8,EMPHB0331,HB-ENG-ENG-PACK,膜包机工程师,1,3,8.0,8.0,0.0,,FULL62-W1
HB,HB-ENG,2026-07-17,常白班,D8,EMPHB0334,HB-ENG-ENG-PALLET,码垛机工程师,1,3,8.0,8.0,0.0,,FULL62-W1
HB,HB-ENG2,2026-07-17,常白班,D8,EMPHB0339,HB-ENG2-ELEC-OUT2,外围电工2,1,3,8.0,8.0,0.0,A,FULL62-W1
HB,HB-QC,2026-07-17,常白班,D8,EMPHB0364,HB-QC-QC-MICRO-AS1,无菌线微生物品控1,1,4,8.0,8.0,0.0,,FULL62-W1
HB,HB-QC,2026-07-17,常白班,D8,EMPHB0366,HB-QC-QC-MICRO-AS2,无菌线微生物品控2,1,3,8.0,8.0,0.0,,FULL62-W1
HB,HB-QC,2026-07-17,常白班,D8,EMPHB0367,HB-QC-QC-MICRO-AS3,无菌线微生物品控3,1,3,8.0,8.0,0.0,,FULL62-W1
HB,HB-QC,2026-07-17,常白班,D8,EMPHB0361,HB-QC-QC-MICRO-SODA,汽水线微生物品控,1,4,8.0,8.0,0.0,,FULL62-W1
HB,HB-SYRUP,2026-07-17,常白班,D8,EMPHB0262,HB-SYRUP-SYRUP-PRE,前糖岗,1,3,8.0,8.0,0.0,,FULL62-W1
SX,SX-ENG,2026-07-17,常白班,D8,EMPSX0134,SX-ENG-ELEC-LINE2,生产线电工2,1,3,8.0,8.0,0.0,,FULL62-W1
SX,SX-ENG,2026-07-17,常白班,D8,EMPSX0135,SX-ENG-ELEC-OUT,外围电工,1,4,8.0,8.0,0.0,,FULL62-W1
SX,SX-QC,2026-07-17,常白班,D8,EMPSX0159,SX-QC-QC-MICRO,微生物品控,1,3,8.0,8.0,0.0,,FULL62-W1
SX,SX-QC,2026-07-17,常白班,D8,EMPSX0158,SX-QC-QC-RM,原物料品控,1,4,8.0,8.0,0.0,,FULL62-W1
SX,SX-SYRUP,2026-07-17,常白班,D8,EMPSX0116,SX-SYRUP-SYRUP-PRE,前糖岗,1,3,8.0,8.0,0.0,,FULL62-W1
SX,SX-UTIL,2026-07-17,常白班,D8,EMPSX0125,SX-UTIL-WATER,水处理操作岗,1,3,8.0,8.0,0.0,,FULL62-W1
HB,HB-AS01,2026-07-17,夜班,N12,EMPHB0229,HB-AS01-BLOW,吹瓶机岗,1,4,11.0,8.0,3.0,,FULL62-W1
HB,HB-AS01,2026-07-17,夜班,N12,EMPHB0251,HB-AS01-CARTON,上纸箱岗,0,1,11.0,8.0,3.0,,FULL62-W1
HB,HB-AS01,2026-07-17,夜班,N12,EMPHB0207,HB-AS01-HANDLE-1,提扣机岗1,0,3,11.0,8.0,3.0,,FULL62-W1
HB,HB-AS01,2026-07-17,夜班,N12,EMPHB0253,HB-AS01-HANDLE-2,提扣机岗2,0,3,11.0,8.0,3.0,,FULL62-W1
HB,HB-AS01,2026-07-17,夜班,N12,EMPHB0239,HB-AS01-LABEL,贴标机岗,0,3,11.0,8.0,3.0,,FULL62-W1
HB,HB-AS01,2026-07-17,夜班,N12,EMPHB0199,HB-AS01-PACK-SHRINK,膜包机岗,0,3,11.0,8.0,3.0,,FULL62-W1
HB,HB-AS01,2026-07-17,夜班,N12,EMPHB0226,HB-AS01-PALLET,码垛机岗,0,3,11.0,8.0,3.0,,FULL62-W1
HB,HB-AS01,2026-07-17,夜班,N12,EMPHB0273,HB-AS01-SHIFT-LEADER,生产领班,1,3,11.0,8.0,3.0,,FULL62-W1
HB,HB-AS01,2026-07-17,夜班,N12,EMPHB0310,HB-AS01-UHT-1,UHT&调配&果肉操作1,1,3,11.0,8.0,3.0,,FULL62-W1
HB,HB-AS01,2026-07-17,夜班,N12,EMPHB0314,HB-AS01-UHT-2,UHT&调配&果肉操作2,1,3,11.0,8.0,3.0,,FULL62-W1
HB,HB-AS01,2026-07-17,夜班,N12,EMPHB0255,HB-AS01-UHT-AUX,辅助工,0,3,11.0,8.0,3.0,,FULL62-W1
HB,HB-ENG,2026-07-17,夜班,N12,EMPHB0320,HB-ENG-ELEC-1,电气维修工程师1,1,3,11.0,8.0,3.0,,FULL62-W1
HB,HB-ENG2,2026-07-17,夜班,N12,EMPHB0346,HB-ENG2-AIRCOMP,空压岗,1,3,11.0,8.0,3.0,,FULL62-W1
HB,HB-ENG2,2026-07-17,夜班,N12,EMPHB0338,HB-ENG2-ELEC-OUT1,外围电工1,1,3,11.0,8.0,3.0,,FULL62-W1
HB,HB-ENG2,2026-07-17,夜班,N12,EMPHB0351,HB-ENG2-WWTP,污水岗,0,3,11.0,8.0,3.0,,FULL62-W1
HB,HB-PET01,2026-07-17,夜班,N12,EMPHB0230,HB-PET01-BLOW,吹瓶机岗,1,3,11.0,8.0,3.0,,FULL62-W1
HB,HB-PET01,2026-07-17,夜班,N12,EMPHB0235,HB-PET01-FILL,灌注机岗,1,3,11.0,8.0,3.0,,FULL62-W1
HB,HB-PET01,2026-07-17,夜班,N12,EMPHB0252,HB-PET01-HANDLE-1,提扣机岗1,0,3,11.0,8.0,3.0,,FULL62-W1
HB,HB-PET01,2026-07-17,夜班,N12,EMPHB0195,HB-PET01-LABEL,贴标机岗,0,3,11.0,8.0,3.0,,FULL62-W1
HB,HB-PET01,2026-07-17,夜班,N12,EMPHB0198,HB-PET01-PACK-SHRINK,膜包机岗,0,3,11.0,8.0,3.0,,FULL62-W1
HB,HB-PET01,2026-07-17,夜班,N12,EMPHB0245,HB-PET01-PALLET,码垛机岗,0,3,11.0,8.0,3.0,,FULL62-W1
HB,HB-PET01,2026-07-17,夜班,N12,EMPHB0184,HB-PET01-SHIFT-ENG,倒班工程师,1,4,11.0,8.0,3.0,,FULL62-W1
HB,HB-PET02,2026-07-17,夜班,N12,EMPHB0236,HB-PET02-BLOW-FILL,吹瓶、灌装岗位,1,3,11.0,8.0,3.0,,FULL62-W1
HB,HB-PET02,2026-07-17,夜班,N12,EMPHB0194,HB-PET02-LABEL,贴标机岗,0,4,11.0,8.0,3.0,,FULL62-W1
HB,HB-PET02,2026-07-17,夜班,N12,EMPHB0246,HB-PET02-PALLET,码垛机岗,0,4,11.0,8.0,3.0,,FULL62-W1
HB,HB-PET03,2026-07-17,夜班,N12,EMPHB0186,HB-PET03-BLOW,吹瓶机岗,1,3,11.0,8.0,3.0,,FULL62-W1
HB,HB-PET03,2026-07-17,夜班,N12,EMPHB0316,HB-PET03-HANDLE-1,提扣机岗1,0,3,11.0,8.0,3.0,,FULL62-W1
HB,HB-PET03,2026-07-17,夜班,N12,EMPHB0256,HB-PET03-HANDLE-2,提扣机岗2,0,3,11.0,8.0,3.0,,FULL62-W1
HB,HB-PET03,2026-07-17,夜班,N12,EMPHB0284,HB-PET03-LABEL,贴标机岗,0,3,11.0,8.0,3.0,,FULL62-W1
HB,HB-PET03,2026-07-17,夜班,N12,EMPHB0221,HB-PET03-PACK-SHRINK,膜包机岗,0,4,11.0,8.0,3.0,,FULL62-W1
HB,HB-PET03,2026-07-17,夜班,N12,EMPHB0201,HB-PET03-PALLET,码垛机岗,0,4,11.0,8.0,3.0,,FULL62-W1
HB,HB-QC,2026-07-17,夜班,N12,EMPHB0358,HB-QC-QC-RM-AS,无菌线原物料品控,1,4,11.0,8.0,3.0,,FULL62-W1
HB,HB-QC2,2026-07-17,夜班,N12,EMPHB0381,HB-QC2-QC-BLOW,吹瓶品控,1,3,11.0,8.0,3.0,,FULL62-W1
HB,HB-QC2,2026-07-17,夜班,N12,EMPHB0390,HB-QC2-QC-IP-AS,无菌线制程品控,1,3,11.0,8.0,3.0,,FULL62-W1
HB,HB-QC2,2026-07-17,夜班,N12,EMPHB0371,HB-QC2-QC-IP-PET01,PET01线制程品控,1,3,11.0,8.0,3.0,,FULL62-W1
HB,HB-QC2,2026-07-17,夜班,N12,EMPHB0374,HB-QC2-QC-IP-PET02,PET02线制程品控,1,3,11.0,8.0,3.0,,FULL62-W1
HB,HB-QC2,2026-07-17,夜班,N12,EMPHB0379,HB-QC2-QC-IP-PET03,PET03线制程品控,1,3,11.0,8.0,3.0,,FULL62-W1
HB,HB-QC2,2026-07-17,夜班,N12,EMPHB0388,HB-QC2-QC-WATER,水糖品控,1,3,11.0,8.0,3.0,,FULL62-W1
HB,HB-SYRUP,2026-07-17,夜班,N12,EMPHB0263,HB-SYRUP-SYRUP-POST1,后糖岗1,1,4,11.0,8.0,3.0,,FULL62-W1
HB,HB-SYRUP,2026-07-17,夜班,N12,EMPHB0269,HB-SYRUP-SYRUP-POST2,后糖岗2,1,4,11.0,8.0,3.0,,FULL62-W1
HB,HB-SYRUP,2026-07-17,夜班,N12,EMPHB0259,HB-SYRUP-WATER,水处理操作岗,1,4,11.0,8.0,3.0,,FULL62-W1
SX,SX-BIB01,2026-07-17,夜班,N12,EMPSX0042,SX-BIB01-PACK-1,包装岗1,0,1,11.0,8.0,3.0,,FULL62-W1
SX,SX-BIB01,2026-07-17,夜班,N12,EMPSX0112,SX-BIB01-PACK-2,包装岗2,0,3,11.0,8.0,3.0,,FULL62-W1
SX,SX-CAN01,2026-07-17,夜班,N12,EMPSX0060,SX-CAN01-FILL,灌注机岗,1,3,11.0,8.0,3.0,C,FULL62-W1
SX,SX-ENG,2026-07-17,夜班,N12,EMPSX0139,SX-ENG-AIRCOMP,制冷空压机岗,1,3,11.0,8.0,3.0,C,FULL62-W1
SX,SX-ENG,2026-07-17,夜班,N12,EMPSX0132,SX-ENG-ELEC-LINE1,生产线电工1,1,3,11.0,8.0,3.0,C,FULL62-W1
SX,SX-PET01,2026-07-17,夜班,N12,EMPSX0003,SX-PET01-BLOW-LABEL,吹贴机岗,1,4,11.0,8.0,3.0,,FULL62-W1
SX,SX-PET01,2026-07-17,夜班,N12,EMPSX0019,SX-PET01-FGI,FGI岗,0,3,11.0,8.0,3.0,,FULL62-W1
SX,SX-PET01,2026-07-17,夜班,N12,EMPSX0086,SX-PET01-FILL,灌注机岗,1,3,11.0,8.0,3.0,,FULL62-W1
SX,SX-PET01,2026-07-17,夜班,N12,EMPSX0109,SX-PET01-PACK-SHRINK,塑包机岗,0,2,11.0,8.0,3.0,,FULL62-W1
SX,SX-PET01,2026-07-17,夜班,N12,EMPSX0013,SX-PET01-PALLET,码垛机岗,0,3,11.0,8.0,3.0,,FULL62-W1
SX,SX-PET01,2026-07-17,夜班,N12,EMPSX0015,SX-PET01-PALLET-LABEL,垛贴码岗,0,2,11.0,8.0,3.0,,FULL62-W1
SX,SX-PET02,2026-07-17,夜班,N12,EMPSX0058,SX-PET02-FILL,灌注机岗,1,4,11.0,8.0,3.0,,FULL62-W1
SX,SX-PET02,2026-07-17,夜班,N12,EMPSX0034,SX-PET02-LABEL,贴标机岗,0,3,11.0,8.0,3.0,,FULL62-W1
SX,SX-PET02,2026-07-17,夜班,N12,EMPSX0047,SX-PET02-PALLET,码垛机岗,0,3,11.0,8.0,3.0,,FULL62-W1
SX,SX-PET02,2026-07-17,夜班,N12,EMPSX0051,SX-PET02-PALLET-LABEL,垛贴码岗,0,3,11.0,8.0,3.0,,FULL62-W1
SX,SX-QC,2026-07-17,夜班,N12,EMPSX0156,SX-QC-QC-AUX,辅线品控（水、糖、BIB）,1,3,11.0,8.0,3.0,,FULL62-W1
SX,SX-QC,2026-07-17,夜班,N12,EMPSX0178,SX-QC-QC-BLOW,吹瓶品控,1,4,11.0,8.0,3.0,,FULL62-W1
SX,SX-QC,2026-07-17,夜班,N12,EMPSX0170,SX-QC-QC-IP-CAN,CAN线品控,1,3,11.0,8.0,3.0,,FULL62-W1
SX,SX-QC,2026-07-17,夜班,N12,EMPSX0167,SX-QC-QC-IP-PET2,PET线品控2,1,4,11.0,8.0,3.0,,FULL62-W1
SX,SX-QC,2026-07-17,夜班,N12,EMPSX0176,SX-QC-QC-IP-RB,RB线品控,1,3,11.0,8.0,3.0,,FULL62-W1
SX,SX-RB01,2026-07-17,夜班,N12,EMPSX0074,SX-RB01-DEPAL,码卸垛机岗,0,3,11.0,8.0,3.0,,FULL62-W1
SX,SX-RB01,2026-07-17,夜班,N12,EMPSX0008,SX-RB01-FILL,灌注机岗,1,4,11.0,8.0,3.0,,FULL62-W1
SX,SX-RB01,2026-07-17,夜班,N12,EMPSX0078,SX-RB01-LOADER,装卸箱机岗,0,4,11.0,8.0,3.0,,FULL62-W1
SX,SX-RB01,2026-07-17,夜班,N12,EMPSX0100,SX-RB01-QC-BOTTLE,空瓶检测岗,1,3,11.0,8.0,3.0,,FULL62-W1
SX,SX-RB01,2026-07-17,夜班,N12,EMPSX0092,SX-RB01-QC-FGI1,成品目检岗1,1,3,11.0,8.0,3.0,,FULL62-W1
SX,SX-RB01,2026-07-17,夜班,N12,EMPSX0172,SX-RB01-QC-FGI2,成品目检岗2,1,3,11.0,8.0,3.0,,FULL62-W1
SX,SX-RB01,2026-07-17,夜班,N12,EMPSX0084,SX-RB01-WASHER,洗瓶机岗,0,3,11.0,8.0,3.0,,FULL62-W1
SX,SX-SYRUP,2026-07-17,夜班,N12,EMPSX0117,SX-SYRUP-SYRUP-POST1,后糖岗1,1,3,11.0,8.0,3.0,,FULL62-W1
SX,SX-SYRUP,2026-07-17,夜班,N12,EMPSX0123,SX-SYRUP-SYRUP-POST2,后糖岗2,1,3,11.0,8.0,3.0,,FULL62-W1
HB,HB-AS01,2026-07-18,白班,D12,EMPHB0188,HB-AS01-BLOW,吹瓶机岗,1,3,11.0,8.0,3.0,,FULL62-W1
HB,HB-AS01,2026-07-18,白班,D12,EMPHB0304,HB-AS01-CARTON,上纸箱岗,0,3,11.0,8.0,3.0,,FULL62-W1
HB,HB-AS01,2026-07-18,白班,D12,EMPHB0279,HB-AS01-FILL,灌注机岗,1,3,11.0,8.0,3.0,,FULL62-W1
HB,HB-AS01,2026-07-18,白班,D12,EMPHB0210,HB-AS01-HANDLE-1,提扣机岗1,0,2,11.0,8.0,3.0,,FULL62-W1
HB,HB-AS01,2026-07-18,白班,D12,EMPHB0300,HB-AS01-HANDLE-2,提扣机岗2,0,3,11.0,8.0,3.0,,FULL62-W1
HB,HB-AS01,2026-07-18,白班,D12,EMPHB0288,HB-AS01-PACK-SHRINK,膜包机岗,0,3,11.0,8.0,3.0,,FULL62-W1
HB,HB-AS01,2026-07-18,白班,D12,EMPHB0228,HB-AS01-PALLET,码垛机岗,0,3,11.0,8.0,3.0,,FULL62-W1
HB,HB-AS01,2026-07-18,白班,D12,EMPHB0272,HB-AS01-SHIFT-LEADER,生产领班,1,3,11.0,8.0,3.0,,FULL62-W1
HB,HB-AS01,2026-07-18,白班,D12,EMPHB0308,HB-AS01-UHT-1,UHT&调配&果肉操作1,1,4,11.0,8.0,3.0,,FULL62-W1
HB,HB-AS01,2026-07-18,白班,D12,EMPHB0305,HB-AS01-UHT-AUX,辅助工,0,2,11.0,8.0,3.0,,FULL62-W1
HB,HB-ENG,2026-07-18,白班,D12,EMPHB0322,HB-ENG-ELEC-1,电气维修工程师1,1,4,11.0,8.0,3.0,,FULL62-W1
HB,HB-ENG2,2026-07-18,白班,D12,EMPHB0341,HB-ENG2-AIRCOMP,空压岗,1,3,11.0,8.0,3.0,,FULL62-W1
HB,HB-ENG2,2026-07-18,白班,D12,EMPHB0337,HB-ENG2-ELEC-OUT1,外围电工1,1,4,11.0,8.0,3.0,,FULL62-W1
HB,HB-ENG2,2026-07-18,白班,D12,EMPHB0350,HB-ENG2-WWTP,污水岗,0,3,11.0,8.0,3.0,,FULL62-W1
HB,HB-PET01,2026-07-18,白班,D12,EMPHB0277,HB-PET01-BLOW,吹瓶机岗,1,3,11.0,8.0,3.0,,FULL62-W1
HB,HB-PET01,2026-07-18,白班,D12,EMPHB0282,HB-PET01-FILL,灌注机岗,1,4,11.0,8.0,3.0,,FULL62-W1
HB,HB-PET01,2026-07-18,白班,D12,EMPHB0295,HB-PET01-HANDLE-1,提扣机岗1,0,3,11.0,8.0,3.0,,FULL62-W1
HB,HB-PET01,2026-07-18,白班,D12,EMPHB0301,HB-PET01-HANDLE-2,提扣机岗2,0,4,11.0,8.0,3.0,,FULL62-W1
HB,HB-PET01,2026-07-18,白班,D12,EMPHB0196,HB-PET01-LABEL,贴标机岗,0,4,11.0,8.0,3.0,,FULL62-W1
HB,HB-PET01,2026-07-18,白班,D12,EMPHB0223,HB-PET01-PACK-SHRINK,膜包机岗,0,3,11.0,8.0,3.0,,FULL62-W1
HB,HB-PET01,2026-07-18,白班,D12,EMPHB0182,HB-PET01-SHIFT-ENG,倒班工程师,1,3,11.0,8.0,3.0,,FULL62-W1
HB,HB-PET02,2026-07-18,白班,D12,EMPHB0192,HB-PET02-BLOW-FILL,吹瓶、灌装岗位,1,3,11.0,8.0,3.0,B,FULL62-W1
HB,HB-PET03,2026-07-18,白班,D12,EMPHB0231,HB-PET03-BLOW,吹瓶机岗,1,4,11.0,8.0,3.0,B,FULL62-W1
HB,HB-PET03,2026-07-18,白班,D12,EMPHB0280,HB-PET03-FILL,灌注机岗,1,3,11.0,8.0,3.0,B,FULL62-W1
HB,HB-QC2,2026-07-18,白班,D12,EMPHB0361,HB-QC2-QC-BLOW,吹瓶品控,1,3,11.0,8.0,3.0,,FULL62-W1
HB,HB-QC2,2026-07-18,白班,D12,EMPHB0389,HB-QC2-QC-IP-AS,无菌线制程品控,1,3,11.0,8.0,3.0,,FULL62-W1
HB,HB-QC2,2026-07-18,白班,D12,EMPHB0372,HB-QC2-QC-IP-PET01,PET01线制程品控,1,3,11.0,8.0,3.0,,FULL62-W1
HB,HB-QC2,2026-07-18,白班,D12,EMPHB0375,HB-QC2-QC-IP-PET02,PET02线制程品控,1,3,11.0,8.0,3.0,,FULL62-W1
HB,HB-QC2,2026-07-18,白班,D12,EMPHB0377,HB-QC2-QC-IP-PET03,PET03线制程品控,1,3,11.0,8.0,3.0,,FULL62-W1
HB,HB-QC2,2026-07-18,白班,D12,EMPHB0386,HB-QC2-QC-WATER,水糖品控,1,3,11.0,8.0,3.0,,FULL62-W1
HB,HB-SYRUP,2026-07-18,白班,D12,EMPHB0267,HB-SYRUP-SYRUP-POST2,后糖岗2,1,4,11.0,8.0,3.0,,FULL62-W1
SX,SX-BIB01,2026-07-18,白班,D12,EMPSX0102,SX-BIB01-FILL,灌装岗,1,3,11.0,8.0,3.0,,FULL62-W1
SX,SX-BIB01,2026-07-18,白班,D12,EMPSX0108,SX-BIB01-PACK-1,包装岗1,0,3,11.0,8.0,3.0,,FULL62-W1
SX,SX-BIB01,2026-07-18,白班,D12,EMPSX0110,SX-BIB01-PACK-2,包装岗2,0,3,11.0,8.0,3.0,,FULL62-W1
SX,SX-BIB01,2026-07-18,白班,D12,EMPSX0114,SX-BIB01-PACK-3,包装岗3,0,3,11.0,8.0,3.0,,FULL62-W1
SX,SX-CAN01,2026-07-18,白班,D12,EMPSX0056,SX-CAN01-DEPAL-CAN,卸罐机岗,0,3,11.0,8.0,3.0,,FULL62-W1
SX,SX-CAN01,2026-07-18,白班,D12,EMPSX0037,SX-CAN01-FILL,灌注机岗,1,3,11.0,8.0,3.0,,FULL62-W1
SX,SX-CAN01,2026-07-18,白班,D12,EMPSX0070,SX-CAN01-PACK-MULTI,多包装机,0,4,11.0,8.0,3.0,,FULL62-W1
SX,SX-CAN01,2026-07-18,白班,D12,EMPSX0021,SX-CAN01-PALLET,码垛机岗,0,3,11.0,8.0,3.0,,FULL62-W1
SX,SX-ENG,2026-07-18,白班,D12,EMPSX0137,SX-ENG-AIRCOMP,制冷空压机岗,1,3,11.0,8.0,3.0,,FULL62-W1
SX,SX-ENG,2026-07-18,白班,D12,EMPSX0143,SX-ENG-BOILER,锅炉操作岗,0,3,11.0,8.0,3.0,,FULL62-W1
SX,SX-ENG,2026-07-18,白班,D12,EMPSX0131,SX-ENG-ELEC-LINE1,生产线电工1,1,3,11.0,8.0,3.0,,FULL62-W1
SX,SX-ENG,2026-07-18,白班,D12,EMPSX0147,SX-ENG-MECH-LINE,生产线机修岗,0,4,11.0,8.0,3.0,,FULL62-W1
SX,SX-ENG,2026-07-18,白班,D12,EMPSX0150,SX-ENG-MECH-LINE,生产线机修岗,0,3,11.0,8.0,3.0,,FULL62-W1
SX,SX-ENG,2026-07-18,白班,D12,EMPSX0152,SX-ENG-MECH-LINE,生产线机修岗,0,3,11.0,8.0,3.0,,FULL62-W1
SX,SX-PET01,2026-07-18,白班,D12,EMPSX0002,SX-PET01-BLOW-LABEL,吹贴机岗,1,3,11.0,8.0,3.0,,FULL62-W1
SX,SX-PET01,2026-07-18,白班,D12,EMPSX0017,SX-PET01-FGI,FGI岗,0,3,11.0,8.0,3.0,,FULL62-W1
SX,SX-PET01,2026-07-18,白班,D12,EMPSX0040,SX-PET01-FILL,灌注机岗,1,3,11.0,8.0,3.0,,FULL62-W1
SX,SX-PET01,2026-07-18,白班,D12,EMPSX0028,SX-PET01-HANDLE,提扣机岗,0,4,11.0,8.0,3.0,,FULL62-W1
SX,SX-PET01,2026-07-18,白班,D12,EMPSX0044,SX-PET01-PACK-SHRINK,塑包机岗,0,4,11.0,8.0,3.0,,FULL62-W1
SX,SX-PET01,2026-07-18,白班,D12,EMPSX0048,SX-PET01-PALLET,码垛机岗,0,3,11.0,8.0,3.0,,FULL62-W1
SX,SX-PET02,2026-07-18,白班,D12,EMPSX0029,SX-PET02-BLOW,吹瓶机岗,1,3,11.0,8.0,3.0,,FULL62-W1
SX,SX-PET02,2026-07-18,白班,D12,EMPSX0088,SX-PET02-FILL,灌注机岗,1,3,11.0,8.0,3.0,,FULL62-W1
SX,SX-PET02,2026-07-18,白班,D12,EMPSX0033,SX-PET02-LABEL,贴标机岗,0,3,11.0,8.0,3.0,,FULL62-W1
SX,SX-PET02,2026-07-18,白班,D12,EMPSX0043,SX-PET02-PACK-SHRINK,塑包机岗,0,3,11.0,8.0,3.0,,FULL62-W1
SX,SX-PET02,2026-07-18,白班,D12,EMPSX0052,SX-PET02-PALLET-LABEL,垛贴码岗,0,3,11.0,8.0,3.0,,FULL62-W1
SX,SX-QC,2026-07-18,白班,D12,EMPSX0155,SX-QC-QC-AUX,辅线品控（水、糖、BIB）,1,3,11.0,8.0,3.0,,FULL62-W1
SX,SX-QC,2026-07-18,白班,D12,EMPSX0179,SX-QC-QC-BLOW,吹瓶品控,1,3,11.0,8.0,3.0,,FULL62-W1
SX,SX-QC,2026-07-18,白班,D12,EMPSX0169,SX-QC-QC-IP-CAN,CAN线品控,1,4,11.0,8.0,3.0,,FULL62-W1
SX,SX-QC,2026-07-18,白班,D12,EMPSX0163,SX-QC-QC-IP-PET1,PET线品控1,1,3,11.0,8.0,3.0,,FULL62-W1
SX,SX-QC,2026-07-18,白班,D12,EMPSX0166,SX-QC-QC-IP-PET2,PET线品控2,1,3,11.0,8.0,3.0,,FULL62-W1
SX,SX-QC,2026-07-18,白班,D12,EMPSX0175,SX-QC-QC-IP-RB,RB线品控,1,4,11.0,8.0,3.0,,FULL62-W1
SX,SX-RB01,2026-07-18,白班,D12,EMPSX0075,SX-RB01-DEPAL,码卸垛机岗,0,3,11.0,8.0,3.0,,FULL62-W1
SX,SX-RB01,2026-07-18,白班,D12,EMPSX0006,SX-RB01-FILL,灌注机岗,1,4,11.0,8.0,3.0,,FULL62-W1
SX,SX-RB01,2026-07-18,白班,D12,EMPSX0080,SX-RB01-LOADER,装卸箱机岗,0,3,11.0,8.0,3.0,,FULL62-W1
SX,SX-RB01,2026-07-18,白班,D12,EMPSX0097,SX-RB01-QC-BOTTLE,空瓶检测岗,1,3,11.0,8.0,3.0,,FULL62-W1
SX,SX-RB01,2026-07-18,白班,D12,EMPSX0089,SX-RB01-QC-FGI1,成品目检岗1,1,3,11.0,8.0,3.0,,FULL62-W1
SX,SX-RB01,2026-07-18,白班,D12,EMPSX0095,SX-RB01-QC-FGI2,成品目检岗2,1,3,11.0,8.0,3.0,,FULL62-W1
SX,SX-RB01,2026-07-18,白班,D12,EMPSX0073,SX-RB01-WASHER,洗瓶机岗,0,2,11.0,8.0,3.0,,FULL62-W1
SX,SX-SYRUP,2026-07-18,白班,D12,EMPSX0119,SX-SYRUP-SYRUP-POST1,后糖岗1,1,3,11.0,8.0,3.0,,FULL62-W1
SX,SX-SYRUP,2026-07-18,白班,D12,EMPSX0124,SX-SYRUP-SYRUP-POST2,后糖岗2,1,3,11.0,8.0,3.0,,FULL62-W1
HB,HB-ENG,2026-07-18,常白班,D8,EMPHB0323,HB-ENG-ELEC-2,电气维修工程师2,1,4,8.0,8.0,0.0,,FULL62-W1
HB,HB-ENG,2026-07-18,常白班,D8,EMPHB0325,HB-ENG-ENG-BLOW,吹瓶机工程师,1,3,8.0,8.0,0.0,,FULL62-W1
HB,HB-ENG,2026-07-18,常白班,D8,EMPHB0327,HB-ENG-ENG-FILL,灌装机工程师,1,3,8.0,8.0,0.0,,FULL62-W1
HB,HB-ENG,2026-07-18,常白班,D8,EMPHB0330,HB-ENG-ENG-LABEL,贴标机工程师,1,4,8.0,8.0,0.0,,FULL62-W1
HB,HB-ENG,2026-07-18,常白班,D8,EMPHB0332,HB-ENG-ENG-PACK,膜包机工程师,1,3,8.0,8.0,0.0,,FULL62-W1
HB,HB-ENG,2026-07-18,常白班,D8,EMPHB0333,HB-ENG-ENG-PALLET,码垛机工程师,1,4,8.0,8.0,0.0,,FULL62-W1
HB,HB-ENG2,2026-07-18,常白班,D8,EMPHB0340,HB-ENG2-ELEC-OUT2,外围电工2,1,4,8.0,8.0,0.0,,FULL62-W1
HB,HB-QC,2026-07-18,常白班,D8,EMPHB0364,HB-QC-QC-MICRO-AS1,无菌线微生物品控1,1,4,8.0,8.0,0.0,,FULL62-W1
HB,HB-QC,2026-07-18,常白班,D8,EMPHB0366,HB-QC-QC-MICRO-AS2,无菌线微生物品控2,1,3,8.0,8.0,0.0,,FULL62-W1
HB,HB-QC,2026-07-18,常白班,D8,EMPHB0367,HB-QC-QC-MICRO-AS3,无菌线微生物品控3,1,3,8.0,8.0,0.0,,FULL62-W1
HB,HB-QC,2026-07-18,常白班,D8,EMPHB0362,HB-QC-QC-MICRO-SODA,汽水线微生物品控,1,3,8.0,8.0,0.0,,FULL62-W1
HB,HB-SYRUP,2026-07-18,常白班,D8,EMPHB0261,HB-SYRUP-SYRUP-PRE,前糖岗,1,3,8.0,8.0,0.0,,FULL62-W1
SX,SX-ENG,2026-07-18,常白班,D8,EMPSX0133,SX-ENG-ELEC-LINE2,生产线电工2,1,3,8.0,8.0,0.0,,FULL62-W1
SX,SX-ENG,2026-07-18,常白班,D8,EMPSX0136,SX-ENG-ELEC-OUT,外围电工,1,4,8.0,8.0,0.0,,FULL62-W1
SX,SX-QC,2026-07-18,常白班,D8,EMPSX0159,SX-QC-QC-MICRO,微生物品控,1,3,8.0,8.0,0.0,,FULL62-W1
SX,SX-QC,2026-07-18,常白班,D8,EMPSX0158,SX-QC-QC-RM,原物料品控,1,4,8.0,8.0,0.0,,FULL62-W1
SX,SX-SYRUP,2026-07-18,常白班,D8,EMPSX0116,SX-SYRUP-SYRUP-PRE,前糖岗,1,3,8.0,8.0,0.0,,FULL62-W1
SX,SX-UTIL,2026-07-18,常白班,D8,EMPSX0126,SX-UTIL-WATER,水处理操作岗,1,4,8.0,8.0,0.0,,FULL62-W1
HB,HB-AS01,2026-07-18,夜班,N12,EMPHB0278,HB-AS01-BLOW,吹瓶机岗,1,4,11.0,8.0,3.0,,FULL62-W1
HB,HB-AS01,2026-07-18,夜班,N12,EMPHB0306,HB-AS01-CARTON,上纸箱岗,0,4,11.0,8.0,3.0,,FULL62-W1
HB,HB-AS01,2026-07-18,夜班,N12,EMPHB0281,HB-AS01-FILL,灌注机岗,1,4,11.0,8.0,3.0,,FULL62-W1
HB,HB-AS01,2026-07-18,夜班,N12,EMPHB0296,HB-AS01-HANDLE-1,提扣机岗1,0,3,11.0,8.0,3.0,,FULL62-W1
HB,HB-AS01,2026-07-18,夜班,N12,EMPHB0209,HB-AS01-HANDLE-2,提扣机岗2,0,4,11.0,8.0,3.0,,FULL62-W1
HB,HB-AS01,2026-07-18,夜班,N12,EMPHB0242,HB-AS01-PACK-SHRINK,膜包机岗,0,3,11.0,8.0,3.0,,FULL62-W1
HB,HB-AS01,2026-07-18,夜班,N12,EMPHB0201,HB-AS01-PALLET,码垛机岗,0,4,11.0,8.0,3.0,,FULL62-W1
HB,HB-AS01,2026-07-18,夜班,N12,EMPHB0183,HB-AS01-SHIFT-LEADER,生产领班,1,3,11.0,8.0,3.0,,FULL62-W1
HB,HB-AS01,2026-07-18,夜班,N12,EMPHB0310,HB-AS01-UHT-1,UHT&调配&果肉操作1,1,3,11.0,8.0,3.0,,FULL62-W1
HB,HB-AS01,2026-07-18,夜班,N12,EMPHB0313,HB-AS01-UHT-2,UHT&调配&果肉操作2,1,4,11.0,8.0,3.0,,FULL62-W1
HB,HB-AS01,2026-07-18,夜班,N12,EMPHB0317,HB-AS01-UHT-AUX,辅助工,0,3,11.0,8.0,3.0,,FULL62-W1
HB,HB-ENG,2026-07-18,夜班,N12,EMPHB0319,HB-ENG-ELEC-1,电气维修工程师1,1,3,11.0,8.0,3.0,,FULL62-W1
HB,HB-ENG2,2026-07-18,夜班,N12,EMPHB0347,HB-ENG2-AIRCOMP,空压岗,1,3,11.0,8.0,3.0,,FULL62-W1
HB,HB-ENG2,2026-07-18,夜班,N12,EMPHB0342,HB-ENG2-BOILER,锅炉岗,0,3,11.0,8.0,3.0,,FULL62-W1
HB,HB-ENG2,2026-07-18,夜班,N12,EMPHB0352,HB-ENG2-WWTP,污水岗,0,3,11.0,8.0,3.0,,FULL62-W1
HB,HB-PET01,2026-07-18,夜班,N12,EMPHB0189,HB-PET01-FILL,灌注机岗,1,4,11.0,8.0,3.0,,FULL62-W1
HB,HB-PET01,2026-07-18,夜班,N12,EMPHB0207,HB-PET01-HANDLE-1,提扣机岗1,0,3,11.0,8.0,3.0,,FULL62-W1
HB,HB-PET01,2026-07-18,夜班,N12,EMPHB0254,HB-PET01-HANDLE-2,提扣机岗2,0,4,11.0,8.0,3.0,,FULL62-W1
HB,HB-PET01,2026-07-18,夜班,N12,EMPHB0238,HB-PET01-LABEL,贴标机岗,0,3,11.0,8.0,3.0,,FULL62-W1
HB,HB-PET01,2026-07-18,夜班,N12,EMPHB0241,HB-PET01-PACK-SHRINK,膜包机岗,0,4,11.0,8.0,3.0,,FULL62-W1
HB,HB-PET01,2026-07-18,夜班,N12,EMPHB0294,HB-PET01-PALLET,码垛机岗,0,3,11.0,8.0,3.0,,FULL62-W1
HB,HB-PET01,2026-07-18,夜班,N12,EMPHB0274,HB-PET01-SHIFT-ENG,倒班工程师,1,3,11.0,8.0,3.0,,FULL62-W1
HB,HB-PET02,2026-07-18,夜班,N12,EMPHB0216,HB-PET02-BLOW-FILL,吹瓶、灌装岗位,1,3,11.0,8.0,3.0,,FULL62-W1
HB,HB-PET02,2026-07-18,夜班,N12,EMPHB0239,HB-PET02-LABEL,贴标机岗,0,3,11.0,8.0,3.0,,FULL62-W1
HB,HB-PET02,2026-07-18,夜班,N12,EMPHB0222,HB-PET02-PACK-SHRINK,膜包机岗,0,3,11.0,8.0,3.0,,FULL62-W1
HB,HB-PET02,2026-07-18,夜班,N12,EMPHB0225,HB-PET02-PALLET,码垛机岗,0,3,11.0,8.0,3.0,,FULL62-W1
HB,HB-PET03,2026-07-18,夜班,N12,EMPHB0186,HB-PET03-BLOW,吹瓶机岗,1,3,11.0,8.0,3.0,F,FULL62-W1
HB,HB-PET03,2026-07-18,夜班,N12,EMPHB0235,HB-PET03-FILL,灌注机岗,1,3,11.0,8.0,3.0,F,FULL62-W1
HB,HB-QC,2026-07-18,夜班,N12,EMPHB0358,HB-QC-QC-RM-AS,无菌线原物料品控,1,4,11.0,8.0,3.0,,FULL62-W1
HB,HB-QC,2026-07-18,夜班,N12,EMPHB0355,HB-QC-QC-RM-SODA,汽水线原物料品控,1,4,11.0,8.0,3.0,,FULL62-W1
HB,HB-QC2,2026-07-18,夜班,N12,EMPHB0384,HB-QC2-QC-BLOW,吹瓶品控,1,3,11.0,8.0,3.0,,FULL62-W1
HB,HB-QC2,2026-07-18,夜班,N12,EMPHB0392,HB-QC2-QC-IP-AS,无菌线制程品控,1,3,11.0,8.0,3.0,,FULL62-W1
HB,HB-QC2,2026-07-18,夜班,N12,EMPHB0369,HB-QC2-QC-IP-PET01,PET01线制程品控,1,3,11.0,8.0,3.0,,FULL62-W1
HB,HB-QC2,2026-07-18,夜班,N12,EMPHB0376,HB-QC2-QC-IP-PET02,PET02线制程品控,1,3,11.0,8.0,3.0,,FULL62-W1
HB,HB-QC2,2026-07-18,夜班,N12,EMPHB0388,HB-QC2-QC-WATER,水糖品控,1,3,11.0,8.0,3.0,,FULL62-W1
SX,SX-BIB01,2026-07-18,夜班,N12,EMPSX0103,SX-BIB01-FILL,灌装岗,1,3,11.0,8.0,3.0,,FULL62-W1
SX,SX-BIB01,2026-07-18,夜班,N12,EMPSX0106,SX-BIB01-PACK-1,包装岗1,0,3,11.0,8.0,3.0,,FULL62-W1
SX,SX-BIB01,2026-07-18,夜班,N12,EMPSX0036,SX-BIB01-PACK-2,包装岗2,0,3,11.0,8.0,3.0,,FULL62-W1
SX,SX-CAN01,2026-07-18,夜班,N12,EMPSX0086,SX-CAN01-FILL,灌注机岗,1,3,11.0,8.0,3.0,C,FULL62-W1
SX,SX-ENG,2026-07-18,夜班,N12,EMPSX0140,SX-ENG-AIRCOMP,制冷空压机岗,1,4,11.0,8.0,3.0,,FULL62-W1
SX,SX-ENG,2026-07-18,夜班,N12,EMPSX0142,SX-ENG-BOILER,锅炉操作岗,0,3,11.0,8.0,3.0,,FULL62-W1
SX,SX-ENG,2026-07-18,夜班,N12,EMPSX0129,SX-ENG-ELEC-LINE1,生产线电工1,1,3,11.0,8.0,3.0,,FULL62-W1
SX,SX-ENG,2026-07-18,夜班,N12,EMPSX0145,SX-ENG-MECH-LINE,生产线机修岗,0,3,11.0,8.0,3.0,,FULL62-W1
SX,SX-PET01,2026-07-18,夜班,N12,EMPSX0058,SX-PET01-FILL,灌注机岗,1,4,11.0,8.0,3.0,,FULL62-W1
SX,SX-PET01,2026-07-18,夜班,N12,EMPSX0025,SX-PET01-HANDLE,提扣机岗,0,3,11.0,8.0,3.0,,FULL62-W1
SX,SX-PET01,2026-07-18,夜班,N12,EMPSX0061,SX-PET01-PACK-SHRINK,塑包机岗,0,3,11.0,8.0,3.0,,FULL62-W1
SX,SX-PET01,2026-07-18,夜班,N12,EMPSX0016,SX-PET01-PALLET,码垛机岗,0,4,11.0,8.0,3.0,,FULL62-W1
SX,SX-PET02,2026-07-18,夜班,N12,EMPSX0034,SX-PET02-LABEL,贴标机岗,0,3,11.0,8.0,3.0,,FULL62-W1
SX,SX-PET02,2026-07-18,夜班,N12,EMPSX0012,SX-PET02-PACK-SHRINK,塑包机岗,0,4,11.0,8.0,3.0,,FULL62-W1
SX,SX-PET02,2026-07-18,夜班,N12,EMPSX0051,SX-PET02-PALLET,码垛机岗,0,3,11.0,8.0,3.0,,FULL62-W1
SX,SX-PET02,2026-07-18,夜班,N12,EMPSX0024,SX-PET02-PALLET-LABEL,垛贴码岗,0,3,11.0,8.0,3.0,,FULL62-W1
SX,SX-QC,2026-07-18,夜班,N12,EMPSX0153,SX-QC-QC-AUX,辅线品控（水、糖、BIB）,1,3,11.0,8.0,3.0,,FULL62-W1
SX,SX-QC,2026-07-18,夜班,N12,EMPSX0171,SX-QC-QC-IP-CAN,CAN线品控,1,3,11.0,8.0,3.0,,FULL62-W1
SX,SX-QC,2026-07-18,夜班,N12,EMPSX0173,SX-QC-QC-IP-RB,RB线品控,1,3,11.0,8.0,3.0,,FULL62-W1
SX,SX-RB01,2026-07-18,夜班,N12,EMPSX0074,SX-RB01-DEPAL,码卸垛机岗,0,3,11.0,8.0,3.0,,FULL62-W1
SX,SX-RB01,2026-07-18,夜班,N12,EMPSX0038,SX-RB01-FILL,灌注机岗,1,3,11.0,8.0,3.0,,FULL62-W1
SX,SX-RB01,2026-07-18,夜班,N12,EMPSX0079,SX-RB01-LOADER,装卸箱机岗,0,4,11.0,8.0,3.0,,FULL62-W1
SX,SX-RB01,2026-07-18,夜班,N12,EMPSX0098,SX-RB01-QC-BOTTLE,空瓶检测岗,1,3,11.0,8.0,3.0,,FULL62-W1
SX,SX-RB01,2026-07-18,夜班,N12,EMPSX0091,SX-RB01-QC-FGI1,成品目检岗1,1,3,11.0,8.0,3.0,,FULL62-W1
SX,SX-RB01,2026-07-18,夜班,N12,EMPSX0172,SX-RB01-QC-FGI2,成品目检岗2,1,3,11.0,8.0,3.0,,FULL62-W1
SX,SX-RB01,2026-07-18,夜班,N12,EMPSX0081,SX-RB01-WASHER,洗瓶机岗,0,4,11.0,8.0,3.0,,FULL62-W1
SX,SX-SYRUP,2026-07-18,夜班,N12,EMPSX0120,SX-SYRUP-SYRUP-POST1,后糖岗1,1,3,11.0,8.0,3.0,,FULL62-W1
SX,SX-UTIL,2026-07-18,夜班,N12,EMPSX0128,SX-UTIL-WWTP,污水处理岗,0,3,11.0,8.0,3.0,,FULL62-W1
HB,HB-AS01,2026-07-19,白班,D12,EMPHB0205,HB-AS01-CARTON,上纸箱岗,0,3,11.0,8.0,3.0,,FULL62-W1
HB,HB-AS01,2026-07-19,白班,D12,EMPHB0282,HB-AS01-FILL,灌注机岗,1,4,11.0,8.0,3.0,,FULL62-W1
HB,HB-AS01,2026-07-19,白班,D12,EMPHB0295,HB-AS01-HANDLE-1,提扣机岗1,0,3,11.0,8.0,3.0,,FULL62-W1
HB,HB-AS01,2026-07-19,白班,D12,EMPHB0210,HB-AS01-HANDLE-2,提扣机岗2,0,3,11.0,8.0,3.0,,FULL62-W1
HB,HB-AS01,2026-07-19,白班,D12,EMPHB0283,HB-AS01-LABEL,贴标机岗,0,3,11.0,8.0,3.0,,FULL62-W1
HB,HB-AS01,2026-07-19,白班,D12,EMPHB0243,HB-AS01-PACK-SHRINK,膜包机岗,0,3,11.0,8.0,3.0,,FULL62-W1
HB,HB-AS01,2026-07-19,白班,D12,EMPHB0202,HB-AS01-PALLET,码垛机岗,0,3,11.0,8.0,3.0,,FULL62-W1
HB,HB-AS01,2026-07-19,白班,D12,EMPHB0181,HB-AS01-SHIFT-LEADER,生产领班,1,3,11.0,8.0,3.0,,FULL62-W1
HB,HB-AS01,2026-07-19,白班,D12,EMPHB0308,HB-AS01-UHT-1,UHT&调配&果肉操作1,1,4,11.0,8.0,3.0,,FULL62-W1
HB,HB-AS01,2026-07-19,白班,D12,EMPHB0311,HB-AS01-UHT-2,UHT&调配&果肉操作2,1,3,11.0,8.0,3.0,,FULL62-W1
HB,HB-ENG,2026-07-19,白班,D12,EMPHB0321,HB-ENG-ELEC-1,电气维修工程师1,1,4,11.0,8.0,3.0,,FULL62-W1
HB,HB-PET01,2026-07-19,白班,D12,EMPHB0187,HB-PET01-BLOW,吹瓶机岗,1,3,11.0,8.0,3.0,,FULL62-W1
HB,HB-PET01,2026-07-19,白班,D12,EMPHB0190,HB-PET01-FILL,灌注机岗,1,4,11.0,8.0,3.0,,FULL62-W1
HB,HB-PET01,2026-07-19,白班,D12,EMPHB0256,HB-PET01-HANDLE-1,提扣机岗1,0,2,11.0,8.0,3.0,,FULL62-W1
HB,HB-PET01,2026-07-19,白班,D12,EMPHB0240,HB-PET01-LABEL,贴标机岗,0,3,11.0,8.0,3.0,,FULL62-W1
HB,HB-PET01,2026-07-19,白班,D12,EMPHB0290,HB-PET01-PACK-SHRINK,膜包机岗,0,3,11.0,8.0,3.0,,FULL62-W1
HB,HB-PET01,2026-07-19,白班,D12,EMPHB0248,HB-PET01-PALLET,码垛机岗,0,3,11.0,8.0,3.0,,FULL62-W1
HB,HB-PET01,2026-07-19,白班,D12,EMPHB0184,HB-PET01-SHIFT-ENG,倒班工程师,1,4,11.0,8.0,3.0,,FULL62-W1
HB,HB-PET02,2026-07-19,白班,D12,EMPHB0215,HB-PET02-BLOW-FILL,吹瓶、灌装岗位,1,3,11.0,8.0,3.0,,FULL62-W1
HB,HB-PET02,2026-07-19,白班,D12,EMPHB0196,HB-PET02-LABEL,贴标机岗,0,4,11.0,8.0,3.0,,FULL62-W1
HB,HB-PET02,2026-07-19,白班,D12,EMPHB0199,HB-PET02-PACK-SHRINK,膜包机岗,0,3,11.0,8.0,3.0,,FULL62-W1
HB,HB-PET03,2026-07-19,白班,D12,EMPHB0231,HB-PET03-BLOW,吹瓶机岗,1,4,11.0,8.0,3.0,,FULL62-W1
HB,HB-PET03,2026-07-19,白班,D12,EMPHB0214,HB-PET03-FILL,灌注机岗,1,3,11.0,8.0,3.0,,FULL62-W1
HB,HB-PET03,2026-07-19,白班,D12,EMPHB0251,HB-PET03-HANDLE-1,提扣机岗1,0,4,11.0,8.0,3.0,,FULL62-W1
HB,HB-PET03,2026-07-19,白班,D12,EMPHB0211,HB-PET03-HANDLE-2,提扣机岗2,0,4,11.0,8.0,3.0,,FULL62-W1
HB,HB-PET03,2026-07-19,白班,D12,EMPHB0197,HB-PET03-LABEL,贴标机岗,0,3,11.0,8.0,3.0,,FULL62-W1
HB,HB-PET03,2026-07-19,白班,D12,EMPHB0221,HB-PET03-PACK-SHRINK,膜包机岗,0,4,11.0,8.0,3.0,,FULL62-W1
HB,HB-PET03,2026-07-19,白班,D12,EMPHB0227,HB-PET03-PALLET,码垛机岗,0,4,11.0,8.0,3.0,,FULL62-W1
HB,HB-QC,2026-07-19,白班,D12,EMPHB0360,HB-QC-QC-RM-AS,无菌线原物料品控,1,3,11.0,8.0,3.0,,FULL62-W1
HB,HB-QC,2026-07-19,白班,D12,EMPHB0353,HB-QC-QC-RM-SODA,汽水线原物料品控,1,4,11.0,8.0,3.0,,FULL62-W1
HB,HB-QC2,2026-07-19,白班,D12,EMPHB0383,HB-QC2-QC-BLOW,吹瓶品控,1,4,11.0,8.0,3.0,,FULL62-W1
HB,HB-QC2,2026-07-19,白班,D12,EMPHB0373,HB-QC2-QC-IP-PET02,PET02线制程品控,1,4,11.0,8.0,3.0,,FULL62-W1
HB,HB-QC2,2026-07-19,白班,D12,EMPHB0378,HB-QC2-QC-IP-PET03,PET03线制程品控,1,3,11.0,8.0,3.0,,FULL62-W1
HB,HB-QC2,2026-07-19,白班,D12,EMPHB0386,HB-QC2-QC-WATER,水糖品控,1,3,11.0,8.0,3.0,,FULL62-W1
HB,HB-SYRUP,2026-07-19,白班,D12,EMPHB0260,HB-SYRUP-WATER,水处理操作岗,1,3,11.0,8.0,3.0,,FULL62-W1
SX,SX-BIB01,2026-07-19,白班,D12,EMPSX0087,SX-BIB01-FILL,灌装岗,1,3,11.0,8.0,3.0,,FULL62-W1
SX,SX-BIB01,2026-07-19,白班,D12,EMPSX0042,SX-BIB01-PACK-1,包装岗1,0,1,11.0,8.0,3.0,,FULL62-W1
SX,SX-BIB01,2026-07-19,白班,D12,EMPSX0111,SX-BIB01-PACK-2,包装岗2,0,3,11.0,8.0,3.0,,FULL62-W1
SX,SX-BIB01,2026-07-19,白班,D12,EMPSX0010,SX-BIB01-PACK-3,包装岗3,0,3,11.0,8.0,3.0,,FULL62-W1
SX,SX-CAN01,2026-07-19,白班,D12,EMPSX0007,SX-CAN01-FILL,灌注机岗,1,3,11.0,8.0,3.0,A,FULL62-W1
SX,SX-ENG,2026-07-19,白班,D12,EMPSX0137,SX-ENG-AIRCOMP,制冷空压机岗,1,3,11.0,8.0,3.0,,FULL62-W1
SX,SX-ENG,2026-07-19,白班,D12,EMPSX0143,SX-ENG-BOILER,锅炉操作岗,0,3,11.0,8.0,3.0,,FULL62-W1
SX,SX-ENG,2026-07-19,白班,D12,EMPSX0132,SX-ENG-ELEC-LINE1,生产线电工1,1,3,11.0,8.0,3.0,,FULL62-W1
SX,SX-ENG,2026-07-19,白班,D12,EMPSX0146,SX-ENG-MECH-LINE,生产线机修岗,0,3,11.0,8.0,3.0,,FULL62-W1
SX,SX-ENG,2026-07-19,白班,D12,EMPSX0148,SX-ENG-MECH-LINE,生产线机修岗,0,3,11.0,8.0,3.0,,FULL62-W1
SX,SX-ENG,2026-07-19,白班,D12,EMPSX0150,SX-ENG-MECH-LINE,生产线机修岗,0,3,11.0,8.0,3.0,,FULL62-W1
SX,SX-PET01,2026-07-19,白班,D12,EMPSX0027,SX-PET01-HANDLE,提扣机岗,0,3,11.0,8.0,3.0,,FULL62-W1
SX,SX-PET01,2026-07-19,白班,D12,EMPSX0063,SX-PET01-PACK-SHRINK,塑包机岗,0,3,11.0,8.0,3.0,,FULL62-W1
SX,SX-PET01,2026-07-19,白班,D12,EMPSX0049,SX-PET01-PALLET,码垛机岗,0,3,11.0,8.0,3.0,,FULL62-W1
SX,SX-PET02,2026-07-19,白班,D12,EMPSX0032,SX-PET02-BLOW,吹瓶机岗,1,3,11.0,8.0,3.0,C,FULL62-W1
SX,SX-PET02,2026-07-19,白班,D12,EMPSX0006,SX-PET02-FILL,灌注机岗,1,4,11.0,8.0,3.0,C,FULL62-W1
SX,SX-QC,2026-07-19,白班,D12,EMPSX0155,SX-QC-QC-AUX,辅线品控（水、糖、BIB）,1,3,11.0,8.0,3.0,,FULL62-W1
SX,SX-QC,2026-07-19,白班,D12,EMPSX0179,SX-QC-QC-BLOW,吹瓶品控,1,3,11.0,8.0,3.0,,FULL62-W1
SX,SX-QC,2026-07-19,白班,D12,EMPSX0161,SX-QC-QC-IP-PET1,PET线品控1,1,3,11.0,8.0,3.0,,FULL62-W1
SX,SX-QC,2026-07-19,白班,D12,EMPSX0168,SX-QC-QC-IP-PET2,PET线品控2,1,4,11.0,8.0,3.0,,FULL62-W1
SX,SX-QC,2026-07-19,白班,D12,EMPSX0176,SX-QC-QC-IP-RB,RB线品控,1,3,11.0,8.0,3.0,,FULL62-W1
SX,SX-RB01,2026-07-19,白班,D12,EMPSX0076,SX-RB01-DEPAL,码卸垛机岗,0,3,11.0,8.0,3.0,,FULL62-W1
SX,SX-RB01,2026-07-19,白班,D12,EMPSX0057,SX-RB01-FILL,灌注机岗,1,3,11.0,8.0,3.0,,FULL62-W1
SX,SX-RB01,2026-07-19,白班,D12,EMPSX0077,SX-RB01-LOADER,装卸箱机岗,0,3,11.0,8.0,3.0,,FULL62-W1
SX,SX-RB01,2026-07-19,白班,D12,EMPSX0089,SX-RB01-QC-FGI1,成品目检岗1,1,3,11.0,8.0,3.0,,FULL62-W1
SX,SX-RB01,2026-07-19,白班,D12,EMPSX0094,SX-RB01-QC-FGI2,成品目检岗2,1,3,11.0,8.0,3.0,,FULL62-W1
SX,SX-RB01,2026-07-19,白班,D12,EMPSX0021,SX-RB01-WASHER,洗瓶机岗,0,3,11.0,8.0,3.0,,FULL62-W1
SX,SX-SYRUP,2026-07-19,白班,D12,EMPSX0117,SX-SYRUP-SYRUP-POST1,后糖岗1,1,3,11.0,8.0,3.0,,FULL62-W1
SX,SX-SYRUP,2026-07-19,白班,D12,EMPSX0121,SX-SYRUP-SYRUP-POST2,后糖岗2,1,3,11.0,8.0,3.0,,FULL62-W1
HB,HB-ENG,2026-07-19,常白班,D8,EMPHB0323,HB-ENG-ELEC-2,电气维修工程师2,1,4,8.0,8.0,0.0,,FULL62-W1
HB,HB-ENG,2026-07-19,常白班,D8,EMPHB0326,HB-ENG-ENG-BLOW,吹瓶机工程师,1,4,8.0,8.0,0.0,,FULL62-W1
HB,HB-ENG,2026-07-19,常白班,D8,EMPHB0328,HB-ENG-ENG-FILL,灌装机工程师,1,3,8.0,8.0,0.0,,FULL62-W1
HB,HB-ENG,2026-07-19,常白班,D8,EMPHB0329,HB-ENG-ENG-LABEL,贴标机工程师,1,3,8.0,8.0,0.0,,FULL62-W1
HB,HB-ENG,2026-07-19,常白班,D8,EMPHB0331,HB-ENG-ENG-PACK,膜包机工程师,1,3,8.0,8.0,0.0,,FULL62-W1
HB,HB-ENG,2026-07-19,常白班,D8,EMPHB0334,HB-ENG-ENG-PALLET,码垛机工程师,1,3,8.0,8.0,0.0,,FULL62-W1
HB,HB-ENG2,2026-07-19,常白班,D8,EMPHB0339,HB-ENG2-ELEC-OUT2,外围电工2,1,3,8.0,8.0,0.0,,FULL62-W1
HB,HB-QC,2026-07-19,常白班,D8,EMPHB0364,HB-QC-QC-MICRO-AS1,无菌线微生物品控1,1,4,8.0,8.0,0.0,,FULL62-W1
HB,HB-QC,2026-07-19,常白班,D8,EMPHB0365,HB-QC-QC-MICRO-AS2,无菌线微生物品控2,1,3,8.0,8.0,0.0,,FULL62-W1
HB,HB-QC,2026-07-19,常白班,D8,EMPHB0367,HB-QC-QC-MICRO-AS3,无菌线微生物品控3,1,3,8.0,8.0,0.0,,FULL62-W1
HB,HB-QC,2026-07-19,常白班,D8,EMPHB0361,HB-QC-QC-MICRO-SODA,汽水线微生物品控,1,4,8.0,8.0,0.0,,FULL62-W1
HB,HB-SYRUP,2026-07-19,常白班,D8,EMPHB0261,HB-SYRUP-SYRUP-PRE,前糖岗,1,3,8.0,8.0,0.0,,FULL62-W1
SX,SX-ENG,2026-07-19,常白班,D8,EMPSX0134,SX-ENG-ELEC-LINE2,生产线电工2,1,3,8.0,8.0,0.0,,FULL62-W1
SX,SX-ENG,2026-07-19,常白班,D8,EMPSX0135,SX-ENG-ELEC-OUT,外围电工,1,4,8.0,8.0,0.0,,FULL62-W1
SX,SX-QC,2026-07-19,常白班,D8,EMPSX0160,SX-QC-QC-MICRO,微生物品控,1,4,8.0,8.0,0.0,,FULL62-W1
SX,SX-QC,2026-07-19,常白班,D8,EMPSX0157,SX-QC-QC-RM,原物料品控,1,3,8.0,8.0,0.0,,FULL62-W1
SX,SX-SYRUP,2026-07-19,常白班,D8,EMPSX0115,SX-SYRUP-SYRUP-PRE,前糖岗,1,3,8.0,8.0,0.0,,FULL62-W1
SX,SX-UTIL,2026-07-19,常白班,D8,EMPSX0125,SX-UTIL-WATER,水处理操作岗,1,3,8.0,8.0,0.0,,FULL62-W1
HB,HB-AS01,2026-07-19,夜班,N12,EMPHB0229,HB-AS01-BLOW,吹瓶机岗,1,4,11.0,8.0,3.0,,FULL62-W1
HB,HB-AS01,2026-07-19,夜班,N12,EMPHB0303,HB-AS01-CARTON,上纸箱岗,0,4,11.0,8.0,3.0,,FULL62-W1
HB,HB-AS01,2026-07-19,夜班,N12,EMPHB0280,HB-AS01-FILL,灌注机岗,1,3,11.0,8.0,3.0,,FULL62-W1
HB,HB-AS01,2026-07-19,夜班,N12,EMPHB0206,HB-AS01-HANDLE-1,提扣机岗1,0,4,11.0,8.0,3.0,,FULL62-W1
HB,HB-AS01,2026-07-19,夜班,N12,EMPHB0254,HB-AS01-HANDLE-2,提扣机岗2,0,4,11.0,8.0,3.0,,FULL62-W1
HB,HB-AS01,2026-07-19,夜班,N12,EMPHB0286,HB-AS01-LABEL,贴标机岗,0,3,11.0,8.0,3.0,,FULL62-W1
HB,HB-AS01,2026-07-19,夜班,N12,EMPHB0287,HB-AS01-PACK-SHRINK,膜包机岗,0,3,11.0,8.0,3.0,,FULL62-W1
HB,HB-AS01,2026-07-19,夜班,N12,EMPHB0201,HB-AS01-PALLET,码垛机岗,0,4,11.0,8.0,3.0,,FULL62-W1
HB,HB-AS01,2026-07-19,夜班,N12,EMPHB0273,HB-AS01-SHIFT-LEADER,生产领班,1,3,11.0,8.0,3.0,,FULL62-W1
HB,HB-AS01,2026-07-19,夜班,N12,EMPHB0310,HB-AS01-UHT-1,UHT&调配&果肉操作1,1,3,11.0,8.0,3.0,,FULL62-W1
HB,HB-AS01,2026-07-19,夜班,N12,EMPHB0312,HB-AS01-UHT-2,UHT&调配&果肉操作2,1,3,11.0,8.0,3.0,,FULL62-W1
HB,HB-AS01,2026-07-19,夜班,N12,EMPHB0318,HB-AS01-UHT-AUX,辅助工,0,3,11.0,8.0,3.0,,FULL62-W1
HB,HB-ENG2,2026-07-19,夜班,N12,EMPHB0346,HB-ENG2-AIRCOMP,空压岗,1,3,11.0,8.0,3.0,,FULL62-W1
HB,HB-ENG2,2026-07-19,夜班,N12,EMPHB0343,HB-ENG2-BOILER,锅炉岗,0,3,11.0,8.0,3.0,,FULL62-W1
HB,HB-PET01,2026-07-19,夜班,N12,EMPHB0275,HB-PET01-BLOW,吹瓶机岗,1,3,11.0,8.0,3.0,,FULL62-W1
HB,HB-PET01,2026-07-19,夜班,N12,EMPHB0207,HB-PET01-HANDLE-1,提扣机岗1,0,3,11.0,8.0,3.0,,FULL62-W1
HB,HB-PET01,2026-07-19,夜班,N12,EMPHB0209,HB-PET01-HANDLE-2,提扣机岗2,0,4,11.0,8.0,3.0,,FULL62-W1
HB,HB-PET01,2026-07-19,夜班,N12,EMPHB0193,HB-PET01-LABEL,贴标机岗,0,3,11.0,8.0,3.0,,FULL62-W1
HB,HB-PET01,2026-07-19,夜班,N12,EMPHB0289,HB-PET01-PACK-SHRINK,膜包机岗,0,3,11.0,8.0,3.0,,FULL62-W1
HB,HB-PET01,2026-07-19,夜班,N12,EMPHB0203,HB-PET01-PALLET,码垛机岗,0,3,11.0,8.0,3.0,,FULL62-W1
HB,HB-PET01,2026-07-19,夜班,N12,EMPHB0182,HB-PET01-SHIFT-ENG,倒班工程师,1,3,11.0,8.0,3.0,,FULL62-W1
HB,HB-PET02,2026-07-19,夜班,N12,EMPHB0216,HB-PET02-BLOW-FILL,吹瓶、灌装岗位,1,3,11.0,8.0,3.0,F,FULL62-W1
HB,HB-PET03,2026-07-19,夜班,N12,EMPHB0234,HB-PET03-FILL,灌注机岗,1,4,11.0,8.0,3.0,,FULL62-W1
HB,HB-PET03,2026-07-19,夜班,N12,EMPHB0220,HB-PET03-LABEL,贴标机岗,0,4,11.0,8.0,3.0,,FULL62-W1
HB,HB-PET03,2026-07-19,夜班,N12,EMPHB0224,HB-PET03-PACK-SHRINK,膜包机岗,0,4,11.0,8.0,3.0,,FULL62-W1
HB,HB-PET03,2026-07-19,夜班,N12,EMPHB0294,HB-PET03-PALLET,码垛机岗,0,3,11.0,8.0,3.0,,FULL62-W1
HB,HB-QC,2026-07-19,夜班,N12,EMPHB0358,HB-QC-QC-RM-AS,无菌线原物料品控,1,4,11.0,8.0,3.0,,FULL62-W1
HB,HB-QC2,2026-07-19,夜班,N12,EMPHB0382,HB-QC2-QC-BLOW,吹瓶品控,1,4,11.0,8.0,3.0,,FULL62-W1
HB,HB-QC2,2026-07-19,夜班,N12,EMPHB0391,HB-QC2-QC-IP-AS,无菌线制程品控,1,3,11.0,8.0,3.0,,FULL62-W1
HB,HB-QC2,2026-07-19,夜班,N12,EMPHB0371,HB-QC2-QC-IP-PET01,PET01线制程品控,1,3,11.0,8.0,3.0,,FULL62-W1
HB,HB-QC2,2026-07-19,夜班,N12,EMPHB0375,HB-QC2-QC-IP-PET02,PET02线制程品控,1,3,11.0,8.0,3.0,,FULL62-W1
HB,HB-QC2,2026-07-19,夜班,N12,EMPHB0380,HB-QC2-QC-IP-PET03,PET03线制程品控,1,4,11.0,8.0,3.0,,FULL62-W1
HB,HB-QC2,2026-07-19,夜班,N12,EMPHB0388,HB-QC2-QC-WATER,水糖品控,1,3,11.0,8.0,3.0,,FULL62-W1
HB,HB-SYRUP,2026-07-19,夜班,N12,EMPHB0267,HB-SYRUP-SYRUP-POST2,后糖岗2,1,4,11.0,8.0,3.0,,FULL62-W1
HB,HB-SYRUP,2026-07-19,夜班,N12,EMPHB0259,HB-SYRUP-WATER,水处理操作岗,1,4,11.0,8.0,3.0,,FULL62-W1
SX,SX-BIB01,2026-07-19,夜班,N12,EMPSX0101,SX-BIB01-FILL,灌装岗,1,4,11.0,8.0,3.0,,FULL62-W1
SX,SX-BIB01,2026-07-19,夜班,N12,EMPSX0107,SX-BIB01-PACK-1,包装岗1,0,3,11.0,8.0,3.0,,FULL62-W1
SX,SX-BIB01,2026-07-19,夜班,N12,EMPSX0112,SX-BIB01-PACK-2,包装岗2,0,3,11.0,8.0,3.0,,FULL62-W1
SX,SX-CAN01,2026-07-19,夜班,N12,EMPSX0053,SX-CAN01-DEPAL-CAN,卸罐机岗,0,3,11.0,8.0,3.0,,FULL62-W1
SX,SX-CAN01,2026-07-19,夜班,N12,EMPSX0059,SX-CAN01-FILL,灌注机岗,1,4,11.0,8.0,3.0,,FULL62-W1
SX,SX-CAN01,2026-07-19,夜班,N12,EMPSX0071,SX-CAN01-PACK-MULTI,多包装机,0,4,11.0,8.0,3.0,,FULL62-W1
SX,SX-CAN01,2026-07-19,夜班,N12,EMPSX0041,SX-CAN01-PACK-SHRINK,塑包机岗,0,3,11.0,8.0,3.0,,FULL62-W1
SX,SX-CAN01,2026-07-19,夜班,N12,EMPSX0046,SX-CAN01-PALLET,码垛机岗,0,3,11.0,8.0,3.0,,FULL62-W1
SX,SX-ENG,2026-07-19,夜班,N12,EMPSX0138,SX-ENG-AIRCOMP,制冷空压机岗,1,4,11.0,8.0,3.0,,FULL62-W1
SX,SX-ENG,2026-07-19,夜班,N12,EMPSX0141,SX-ENG-BOILER,锅炉操作岗,0,3,11.0,8.0,3.0,,FULL62-W1
SX,SX-ENG,2026-07-19,夜班,N12,EMPSX0129,SX-ENG-ELEC-LINE1,生产线电工1,1,3,11.0,8.0,3.0,,FULL62-W1
SX,SX-ENG,2026-07-19,夜班,N12,EMPSX0145,SX-ENG-MECH-LINE,生产线机修岗,0,3,11.0,8.0,3.0,,FULL62-W1
SX,SX-PET01,2026-07-19,夜班,N12,EMPSX0017,SX-PET01-FGI,FGI岗,0,3,11.0,8.0,3.0,,FULL62-W1
SX,SX-PET01,2026-07-19,夜班,N12,EMPSX0026,SX-PET01-HANDLE,提扣机岗,0,3,11.0,8.0,3.0,,FULL62-W1
SX,SX-PET01,2026-07-19,夜班,N12,EMPSX0044,SX-PET01-PACK-SHRINK,塑包机岗,0,4,11.0,8.0,3.0,,FULL62-W1
SX,SX-PET01,2026-07-19,夜班,N12,EMPSX0052,SX-PET01-PALLET-LABEL,垛贴码岗,0,3,11.0,8.0,3.0,,FULL62-W1
SX,SX-PET02,2026-07-19,夜班,N12,EMPSX0031,SX-PET02-BLOW,吹瓶机岗,1,3,11.0,8.0,3.0,,FULL62-W1
SX,SX-PET02,2026-07-19,夜班,N12,EMPSX0033,SX-PET02-LABEL,贴标机岗,0,3,11.0,8.0,3.0,,FULL62-W1
SX,SX-PET02,2026-07-19,夜班,N12,EMPSX0009,SX-PET02-PACK-SHRINK,塑包机岗,0,3,11.0,8.0,3.0,,FULL62-W1
SX,SX-PET02,2026-07-19,夜班,N12,EMPSX0016,SX-PET02-PALLET,码垛机岗,0,4,11.0,8.0,3.0,,FULL62-W1
SX,SX-QC,2026-07-19,夜班,N12,EMPSX0156,SX-QC-QC-AUX,辅线品控（水、糖、BIB）,1,3,11.0,8.0,3.0,,FULL62-W1
SX,SX-QC,2026-07-19,夜班,N12,EMPSX0178,SX-QC-QC-BLOW,吹瓶品控,1,4,11.0,8.0,3.0,,FULL62-W1
SX,SX-QC,2026-07-19,夜班,N12,EMPSX0171,SX-QC-QC-IP-CAN,CAN线品控,1,3,11.0,8.0,3.0,,FULL62-W1
SX,SX-QC,2026-07-19,夜班,N12,EMPSX0162,SX-QC-QC-IP-PET1,PET线品控1,1,4,11.0,8.0,3.0,,FULL62-W1
SX,SX-QC,2026-07-19,夜班,N12,EMPSX0165,SX-QC-QC-IP-PET2,PET线品控2,1,3,11.0,8.0,3.0,,FULL62-W1
SX,SX-QC,2026-07-19,夜班,N12,EMPSX0175,SX-QC-QC-IP-RB,RB线品控,1,4,11.0,8.0,3.0,,FULL62-W1
SX,SX-RB01,2026-07-19,夜班,N12,EMPSX0086,SX-RB01-FILL,灌注机岗,1,3,11.0,8.0,3.0,B,FULL62-W1
SX,SX-RB01,2026-07-19,夜班,N12,EMPSX0097,SX-RB01-QC-BOTTLE,空瓶检测岗,1,3,11.0,8.0,3.0,B,FULL62-W1
SX,SX-RB01,2026-07-19,夜班,N12,EMPSX0090,SX-RB01-QC-FGI1,成品目检岗1,1,3,11.0,8.0,3.0,B,FULL62-W1
SX,SX-RB01,2026-07-19,夜班,N12,EMPSX0096,SX-RB01-QC-FGI2,成品目检岗2,1,3,11.0,8.0,3.0,B,FULL62-W1
SX,SX-SYRUP,2026-07-19,夜班,N12,EMPSX0120,SX-SYRUP-SYRUP-POST1,后糖岗1,1,3,11.0,8.0,3.0,,FULL62-W1
SX,SX-SYRUP,2026-07-19,夜班,N12,EMPSX0123,SX-SYRUP-SYRUP-POST2,后糖岗2,1,3,11.0,8.0,3.0,,FULL62-W1
SX,SX-UTIL,2026-07-19,夜班,N12,EMPSX0127,SX-UTIL-WWTP,污水处理岗,0,4,11.0,8.0,3.0,,FULL62-W1
HB,HB-AS01,2026-07-20,白班,D12,EMPHB0230,HB-AS01-BLOW,吹瓶机岗,1,3,11.0,8.0,3.0,,FULL62-W1
HB,HB-AS01,2026-07-20,白班,D12,EMPHB0304,HB-AS01-CARTON,上纸箱岗,0,3,11.0,8.0,3.0,,FULL62-W1
HB,HB-AS01,2026-07-20,白班,D12,EMPHB0208,HB-AS01-HANDLE-1,提扣机岗1,0,4,11.0,8.0,3.0,,FULL62-W1
HB,HB-AS01,2026-07-20,白班,D12,EMPHB0299,HB-AS01-HANDLE-2,提扣机岗2,0,3,11.0,8.0,3.0,,FULL62-W1
HB,HB-AS01,2026-07-20,白班,D12,EMPHB0195,HB-AS01-LABEL,贴标机岗,0,3,11.0,8.0,3.0,,FULL62-W1
HB,HB-AS01,2026-07-20,白班,D12,EMPHB0242,HB-AS01-PACK-SHRINK,膜包机岗,0,3,11.0,8.0,3.0,,FULL62-W1
HB,HB-AS01,2026-07-20,白班,D12,EMPHB0227,HB-AS01-PALLET,码垛机岗,0,4,11.0,8.0,3.0,,FULL62-W1
HB,HB-AS01,2026-07-20,白班,D12,EMPHB0274,HB-AS01-SHIFT-LEADER,生产领班,1,4,11.0,8.0,3.0,,FULL62-W1
HB,HB-AS01,2026-07-20,白班,D12,EMPHB0309,HB-AS01-UHT-1,UHT&调配&果肉操作1,1,3,11.0,8.0,3.0,,FULL62-W1
HB,HB-AS01,2026-07-20,白班,D12,EMPHB0314,HB-AS01-UHT-2,UHT&调配&果肉操作2,1,3,11.0,8.0,3.0,,FULL62-W1
HB,HB-AS01,2026-07-20,白班,D12,EMPHB0315,HB-AS01-UHT-AUX,辅助工,0,3,11.0,8.0,3.0,,FULL62-W1
HB,HB-ENG,2026-07-20,白班,D12,EMPHB0321,HB-ENG-ELEC-1,电气维修工程师1,1,4,11.0,8.0,3.0,,FULL62-W1
HB,HB-ENG2,2026-07-20,白班,D12,EMPHB0341,HB-ENG2-AIRCOMP,空压岗,1,3,11.0,8.0,3.0,,FULL62-W1
HB,HB-ENG2,2026-07-20,白班,D12,EMPHB0347,HB-ENG2-BOILER,锅炉岗,0,3,11.0,8.0,3.0,,FULL62-W1
HB,HB-ENG2,2026-07-20,白班,D12,EMPHB0349,HB-ENG2-WWTP,污水岗,0,3,11.0,8.0,3.0,,FULL62-W1
HB,HB-PET01,2026-07-20,白班,D12,EMPHB0276,HB-PET01-BLOW,吹瓶机岗,1,3,11.0,8.0,3.0,,FULL62-W1
HB,HB-PET01,2026-07-20,白班,D12,EMPHB0205,HB-PET01-HANDLE-1,提扣机岗1,0,4,11.0,8.0,3.0,,FULL62-W1
HB,HB-PET01,2026-07-20,白班,D12,EMPHB0211,HB-PET01-HANDLE-2,提扣机岗2,0,4,11.0,8.0,3.0,,FULL62-W1
HB,HB-PET01,2026-07-20,白班,D12,EMPHB0237,HB-PET01-LABEL,贴标机岗,0,3,11.0,8.0,3.0,,FULL62-W1
HB,HB-PET01,2026-07-20,白班,D12,EMPHB0218,HB-PET01-PACK-SHRINK,膜包机岗,0,3,11.0,8.0,3.0,,FULL62-W1
HB,HB-PET01,2026-07-20,白班,D12,EMPHB0228,HB-PET01-PALLET,码垛机岗,0,3,11.0,8.0,3.0,,FULL62-W1
HB,HB-PET01,2026-07-20,白班,D12,EMPHB0183,HB-PET01-SHIFT-ENG,倒班工程师,1,4,11.0,8.0,3.0,,FULL62-W1
HB,HB-PET02,2026-07-20,白班,D12,EMPHB0214,HB-PET02-BLOW-FILL,吹瓶、灌装岗位,1,3,11.0,8.0,3.0,,FULL62-W1
HB,HB-PET02,2026-07-20,白班,D12,EMPHB0199,HB-PET02-PACK-SHRINK,膜包机岗,0,3,11.0,8.0,3.0,,FULL62-W1
HB,HB-PET03,2026-07-20,白班,D12,EMPHB0277,HB-PET03-BLOW,吹瓶机岗,1,3,11.0,8.0,3.0,,FULL62-W1
HB,HB-PET03,2026-07-20,白班,D12,EMPHB0189,HB-PET03-FILL,灌注机岗,1,4,11.0,8.0,3.0,,FULL62-W1
HB,HB-PET03,2026-07-20,白班,D12,EMPHB0316,HB-PET03-HANDLE-1,提扣机岗1,0,3,11.0,8.0,3.0,,FULL62-W1
HB,HB-PET03,2026-07-20,白班,D12,EMPHB0300,HB-PET03-HANDLE-2,提扣机岗2,0,3,11.0,8.0,3.0,,FULL62-W1
HB,HB-PET03,2026-07-20,白班,D12,EMPHB0284,HB-PET03-LABEL,贴标机岗,0,3,11.0,8.0,3.0,,FULL62-W1
HB,HB-PET03,2026-07-20,白班,D12,EMPHB0243,HB-PET03-PACK-SHRINK,膜包机岗,0,3,11.0,8.0,3.0,,FULL62-W1
HB,HB-PET03,2026-07-20,白班,D12,EMPHB0293,HB-PET03-PALLET,码垛机岗,0,4,11.0,8.0,3.0,,FULL62-W1
HB,HB-QC,2026-07-20,白班,D12,EMPHB0359,HB-QC-QC-RM-AS,无菌线原物料品控,1,3,11.0,8.0,3.0,,FULL62-W1
HB,HB-QC,2026-07-20,白班,D12,EMPHB0356,HB-QC-QC-RM-SODA,汽水线原物料品控,1,3,11.0,8.0,3.0,,FULL62-W1
HB,HB-QC2,2026-07-20,白班,D12,EMPHB0384,HB-QC2-QC-BLOW,吹瓶品控,1,3,11.0,8.0,3.0,,FULL62-W1
HB,HB-QC2,2026-07-20,白班,D12,EMPHB0390,HB-QC2-QC-IP-AS,无菌线制程品控,1,3,11.0,8.0,3.0,,FULL62-W1
HB,HB-QC2,2026-07-20,白班,D12,EMPHB0369,HB-QC2-QC-IP-PET01,PET01线制程品控,1,3,11.0,8.0,3.0,,FULL62-W1
HB,HB-QC2,2026-07-20,白班,D12,EMPHB0376,HB-QC2-QC-IP-PET02,PET02线制程品控,1,3,11.0,8.0,3.0,,FULL62-W1
HB,HB-QC2,2026-07-20,白班,D12,EMPHB0378,HB-QC2-QC-IP-PET03,PET03线制程品控,1,3,11.0,8.0,3.0,,FULL62-W1
HB,HB-QC2,2026-07-20,白班,D12,EMPHB0386,HB-QC2-QC-WATER,水糖品控,1,3,11.0,8.0,3.0,,FULL62-W1
HB,HB-SYRUP,2026-07-20,白班,D12,EMPHB0265,HB-SYRUP-SYRUP-POST1,后糖岗1,1,4,11.0,8.0,3.0,,FULL62-W1
HB,HB-SYRUP,2026-07-20,白班,D12,EMPHB0260,HB-SYRUP-WATER,水处理操作岗,1,3,11.0,8.0,3.0,,FULL62-W1
SX,SX-BIB01,2026-07-20,白班,D12,EMPSX0102,SX-BIB01-FILL,灌装岗,1,3,11.0,8.0,3.0,,FULL62-W1
SX,SX-BIB01,2026-07-20,白班,D12,EMPSX0105,SX-BIB01-PACK-1,包装岗1,0,3,11.0,8.0,3.0,,FULL62-W1
SX,SX-BIB01,2026-07-20,白班,D12,EMPSX0043,SX-BIB01-PACK-2,包装岗2,0,2,11.0,8.0,3.0,,FULL62-W1
SX,SX-BIB01,2026-07-20,白班,D12,EMPSX0113,SX-BIB01-PACK-3,包装岗3,0,4,11.0,8.0,3.0,,FULL62-W1
SX,SX-CAN01,2026-07-20,白班,D12,EMPSX0085,SX-CAN01-FILL,灌注机岗,1,3,11.0,8.0,3.0,,FULL62-W1
SX,SX-CAN01,2026-07-20,白班,D12,EMPSX0069,SX-CAN01-PACK-MULTI,多包装机,0,4,11.0,8.0,3.0,,FULL62-W1
SX,SX-CAN01,2026-07-20,白班,D12,EMPSX0063,SX-CAN01-PACK-SHRINK,塑包机岗,0,3,11.0,8.0,3.0,,FULL62-W1
SX,SX-CAN01,2026-07-20,白班,D12,EMPSX0045,SX-CAN01-PALLET,码垛机岗,0,3,11.0,8.0,3.0,,FULL62-W1
SX,SX-ENG,2026-07-20,白班,D12,EMPSX0137,SX-ENG-AIRCOMP,制冷空压机岗,1,3,11.0,8.0,3.0,,FULL62-W1
SX,SX-ENG,2026-07-20,白班,D12,EMPSX0132,SX-ENG-ELEC-LINE1,生产线电工1,1,3,11.0,8.0,3.0,,FULL62-W1
SX,SX-ENG,2026-07-20,白班,D12,EMPSX0146,SX-ENG-MECH-LINE,生产线机修岗,0,3,11.0,8.0,3.0,,FULL62-W1
SX,SX-ENG,2026-07-20,白班,D12,EMPSX0147,SX-ENG-MECH-LINE,生产线机修岗,0,4,11.0,8.0,3.0,,FULL62-W1
SX,SX-ENG,2026-07-20,白班,D12,EMPSX0149,SX-ENG-MECH-LINE,生产线机修岗,0,3,11.0,8.0,3.0,,FULL62-W1
SX,SX-PET01,2026-07-20,白班,D12,EMPSX0004,SX-PET01-BLOW-LABEL,吹贴机岗,1,4,11.0,8.0,3.0,,FULL62-W1
SX,SX-PET01,2026-07-20,白班,D12,EMPSX0020,SX-PET01-FGI,FGI岗,0,3,11.0,8.0,3.0,,FULL62-W1
SX,SX-PET01,2026-07-20,白班,D12,EMPSX0005,SX-PET01-FILL,灌注机岗,1,3,11.0,8.0,3.0,,FULL62-W1
SX,SX-PET01,2026-07-20,白班,D12,EMPSX0028,SX-PET01-HANDLE,提扣机岗,0,4,11.0,8.0,3.0,,FULL62-W1
SX,SX-PET01,2026-07-20,白班,D12,EMPSX0061,SX-PET01-PACK-SHRINK,塑包机岗,0,3,11.0,8.0,3.0,,FULL62-W1
SX,SX-PET01,2026-07-20,白班,D12,EMPSX0066,SX-PET01-PALLET,码垛机岗,0,3,11.0,8.0,3.0,,FULL62-W1
SX,SX-PET01,2026-07-20,白班,D12,EMPSX0055,SX-PET01-PALLET-LABEL,垛贴码岗,0,3,11.0,8.0,3.0,,FULL62-W1
SX,SX-PET02,2026-07-20,白班,D12,EMPSX0029,SX-PET02-BLOW,吹瓶机岗,1,3,11.0,8.0,3.0,,FULL62-W1
SX,SX-PET02,2026-07-20,白班,D12,EMPSX0087,SX-PET02-FILL,灌注机岗,1,3,11.0,8.0,3.0,,FULL62-W1
SX,SX-PET02,2026-07-20,白班,D12,EMPSX0034,SX-PET02-LABEL,贴标机岗,0,3,11.0,8.0,3.0,,FULL62-W1
SX,SX-PET02,2026-07-20,白班,D12,EMPSX0010,SX-PET02-PACK-SHRINK,塑包机岗,0,3,11.0,8.0,3.0,,FULL62-W1
SX,SX-PET02,2026-07-20,白班,D12,EMPSX0022,SX-PET02-PALLET-LABEL,垛贴码岗,0,3,11.0,8.0,3.0,,FULL62-W1
SX,SX-QC,2026-07-20,白班,D12,EMPSX0154,SX-QC-QC-AUX,辅线品控（水、糖、BIB）,1,3,11.0,8.0,3.0,,FULL62-W1
SX,SX-QC,2026-07-20,白班,D12,EMPSX0170,SX-QC-QC-IP-CAN,CAN线品控,1,3,11.0,8.0,3.0,,FULL62-W1
SX,SX-QC,2026-07-20,白班,D12,EMPSX0176,SX-QC-QC-IP-RB,RB线品控,1,3,11.0,8.0,3.0,,FULL62-W1
SX,SX-RB01,2026-07-20,白班,D12,EMPSX0065,SX-RB01-DEPAL,码卸垛机岗,0,2,11.0,8.0,3.0,,FULL62-W1
SX,SX-RB01,2026-07-20,白班,D12,EMPSX0080,SX-RB01-LOADER,装卸箱机岗,0,3,11.0,8.0,3.0,,FULL62-W1
SX,SX-RB01,2026-07-20,白班,D12,EMPSX0100,SX-RB01-QC-BOTTLE,空瓶检测岗,1,3,11.0,8.0,3.0,,FULL62-W1
SX,SX-RB01,2026-07-20,白班,D12,EMPSX0094,SX-RB01-QC-FGI2,成品目检岗2,1,3,11.0,8.0,3.0,,FULL62-W1
SX,SX-RB01,2026-07-20,白班,D12,EMPSX0082,SX-RB01-WASHER,洗瓶机岗,0,3,11.0,8.0,3.0,,FULL62-W1
SX,SX-SYRUP,2026-07-20,白班,D12,EMPSX0119,SX-SYRUP-SYRUP-POST1,后糖岗1,1,3,11.0,8.0,3.0,,FULL62-W1
SX,SX-SYRUP,2026-07-20,白班,D12,EMPSX0124,SX-SYRUP-SYRUP-POST2,后糖岗2,1,3,11.0,8.0,3.0,,FULL62-W1
HB,HB-ENG,2026-07-20,常白班,D8,EMPHB0324,HB-ENG-ELEC-2,电气维修工程师2,1,4,8.0,8.0,0.0,,FULL62-W1
HB,HB-ENG,2026-07-20,常白班,D8,EMPHB0325,HB-ENG-ENG-BLOW,吹瓶机工程师,1,3,8.0,8.0,0.0,,FULL62-W1
HB,HB-ENG,2026-07-20,常白班,D8,EMPHB0327,HB-ENG-ENG-FILL,灌装机工程师,1,3,8.0,8.0,0.0,,FULL62-W1
HB,HB-ENG,2026-07-20,常白班,D8,EMPHB0329,HB-ENG-ENG-LABEL,贴标机工程师,1,3,8.0,8.0,0.0,,FULL62-W1
HB,HB-ENG,2026-07-20,常白班,D8,EMPHB0332,HB-ENG-ENG-PACK,膜包机工程师,1,3,8.0,8.0,0.0,,FULL62-W1
HB,HB-ENG,2026-07-20,常白班,D8,EMPHB0334,HB-ENG-ENG-PALLET,码垛机工程师,1,3,8.0,8.0,0.0,,FULL62-W1
HB,HB-ENG2,2026-07-20,常白班,D8,EMPHB0339,HB-ENG2-ELEC-OUT2,外围电工2,1,3,8.0,8.0,0.0,,FULL62-W1
HB,HB-QC,2026-07-20,常白班,D8,EMPHB0363,HB-QC-QC-MICRO-AS1,无菌线微生物品控1,1,3,8.0,8.0,0.0,,FULL62-W1
HB,HB-QC,2026-07-20,常白班,D8,EMPHB0365,HB-QC-QC-MICRO-AS2,无菌线微生物品控2,1,3,8.0,8.0,0.0,,FULL62-W1
HB,HB-QC,2026-07-20,常白班,D8,EMPHB0367,HB-QC-QC-MICRO-AS3,无菌线微生物品控3,1,3,8.0,8.0,0.0,,FULL62-W1
HB,HB-QC,2026-07-20,常白班,D8,EMPHB0362,HB-QC-QC-MICRO-SODA,汽水线微生物品控,1,3,8.0,8.0,0.0,,FULL62-W1
HB,HB-SYRUP,2026-07-20,常白班,D8,EMPHB0261,HB-SYRUP-SYRUP-PRE,前糖岗,1,3,8.0,8.0,0.0,,FULL62-W1
SX,SX-ENG,2026-07-20,常白班,D8,EMPSX0134,SX-ENG-ELEC-LINE2,生产线电工2,1,3,8.0,8.0,0.0,,FULL62-W1
SX,SX-ENG,2026-07-20,常白班,D8,EMPSX0136,SX-ENG-ELEC-OUT,外围电工,1,4,8.0,8.0,0.0,,FULL62-W1
SX,SX-QC,2026-07-20,常白班,D8,EMPSX0160,SX-QC-QC-MICRO,微生物品控,1,4,8.0,8.0,0.0,,FULL62-W1
SX,SX-QC,2026-07-20,常白班,D8,EMPSX0158,SX-QC-QC-RM,原物料品控,1,4,8.0,8.0,0.0,,FULL62-W1
SX,SX-SYRUP,2026-07-20,常白班,D8,EMPSX0115,SX-SYRUP-SYRUP-PRE,前糖岗,1,3,8.0,8.0,0.0,,FULL62-W1
SX,SX-UTIL,2026-07-20,常白班,D8,EMPSX0126,SX-UTIL-WATER,水处理操作岗,1,4,8.0,8.0,0.0,,FULL62-W1
HB,HB-AS01,2026-07-20,夜班,N12,EMPHB0303,HB-AS01-CARTON,上纸箱岗,0,4,11.0,8.0,3.0,,FULL62-W1
HB,HB-AS01,2026-07-20,夜班,N12,EMPHB0190,HB-AS01-FILL,灌注机岗,1,4,11.0,8.0,3.0,,FULL62-W1
HB,HB-AS01,2026-07-20,夜班,N12,EMPHB0206,HB-AS01-HANDLE-2,提扣机岗2,0,2,11.0,8.0,3.0,,FULL62-W1
HB,HB-AS01,2026-07-20,夜班,N12,EMPHB0193,HB-AS01-LABEL,贴标机岗,0,3,11.0,8.0,3.0,,FULL62-W1
HB,HB-AS01,2026-07-20,夜班,N12,EMPHB0221,HB-AS01-PACK-SHRINK,膜包机岗,0,4,11.0,8.0,3.0,,FULL62-W1
HB,HB-AS01,2026-07-20,夜班,N12,EMPHB0201,HB-AS01-PALLET,码垛机岗,0,4,11.0,8.0,3.0,,FULL62-W1
HB,HB-AS01,2026-07-20,夜班,N12,EMPHB0272,HB-AS01-SHIFT-LEADER,生产领班,1,3,11.0,8.0,3.0,,FULL62-W1
HB,HB-AS01,2026-07-20,夜班,N12,EMPHB0270,HB-AS01-UHT-2,UHT&调配&果肉操作2,1,3,11.0,8.0,3.0,,FULL62-W1
HB,HB-AS01,2026-07-20,夜班,N12,EMPHB0298,HB-AS01-UHT-AUX,辅助工,0,3,11.0,8.0,3.0,,FULL62-W1
HB,HB-ENG,2026-07-20,夜班,N12,EMPHB0319,HB-ENG-ELEC-1,电气维修工程师1,1,3,11.0,8.0,3.0,,FULL62-W1
HB,HB-ENG2,2026-07-20,夜班,N12,EMPHB0348,HB-ENG2-AIRCOMP,空压岗,1,4,11.0,8.0,3.0,,FULL62-W1
HB,HB-ENG2,2026-07-20,夜班,N12,EMPHB0335,HB-ENG2-ELEC-OUT1,外围电工1,1,4,11.0,8.0,3.0,,FULL62-W1
HB,HB-ENG2,2026-07-20,夜班,N12,EMPHB0350,HB-ENG2-WWTP,污水岗,0,3,11.0,8.0,3.0,,FULL62-W1
HB,HB-PET01,2026-07-20,夜班,N12,EMPHB0185,HB-PET01-BLOW,吹瓶机岗,1,3,11.0,8.0,3.0,,FULL62-W1
HB,HB-PET01,2026-07-20,夜班,N12,EMPHB0249,HB-PET01-HANDLE-1,提扣机岗1,0,3,11.0,8.0,3.0,,FULL62-W1
HB,HB-PET01,2026-07-20,夜班,N12,EMPHB0253,HB-PET01-HANDLE-2,提扣机岗2,0,3,11.0,8.0,3.0,,FULL62-W1
HB,HB-PET01,2026-07-20,夜班,N12,EMPHB0217,HB-PET01-LABEL,贴标机岗,0,3,11.0,8.0,3.0,,FULL62-W1
HB,HB-PET01,2026-07-20,夜班,N12,EMPHB0224,HB-PET01-PACK-SHRINK,膜包机岗,0,4,11.0,8.0,3.0,,FULL62-W1
HB,HB-PET02,2026-07-20,夜班,N12,EMPHB0215,HB-PET02-BLOW-FILL,吹瓶、灌装岗位,1,3,11.0,8.0,3.0,,FULL62-W1
HB,HB-PET02,2026-07-20,夜班,N12,EMPHB0285,HB-PET02-LABEL,贴标机岗,0,3,11.0,8.0,3.0,,FULL62-W1
HB,HB-PET02,2026-07-20,夜班,N12,EMPHB0289,HB-PET02-PACK-SHRINK,膜包机岗,0,3,11.0,8.0,3.0,,FULL62-W1
HB,HB-PET02,2026-07-20,夜班,N12,EMPHB0245,HB-PET02-PALLET,码垛机岗,0,3,11.0,8.0,3.0,,FULL62-W1
HB,HB-PET03,2026-07-20,夜班,N12,EMPHB0187,HB-PET03-BLOW,吹瓶机岗,1,3,11.0,8.0,3.0,,FULL62-W1
HB,HB-PET03,2026-07-20,夜班,N12,EMPHB0281,HB-PET03-FILL,灌注机岗,1,4,11.0,8.0,3.0,,FULL62-W1
HB,HB-PET03,2026-07-20,夜班,N12,EMPHB0207,HB-PET03-HANDLE-1,提扣机岗1,0,3,11.0,8.0,3.0,,FULL62-W1
HB,HB-PET03,2026-07-20,夜班,N12,EMPHB0286,HB-PET03-LABEL,贴标机岗,0,3,11.0,8.0,3.0,,FULL62-W1
HB,HB-PET03,2026-07-20,夜班,N12,EMPHB0222,HB-PET03-PACK-SHRINK,膜包机岗,0,3,11.0,8.0,3.0,,FULL62-W1
HB,HB-QC,2026-07-20,夜班,N12,EMPHB0360,HB-QC-QC-RM-AS,无菌线原物料品控,1,3,11.0,8.0,3.0,,FULL62-W1
HB,HB-QC,2026-07-20,夜班,N12,EMPHB0354,HB-QC-QC-RM-SODA,汽水线原物料品控,1,3,11.0,8.0,3.0,,FULL62-W1
HB,HB-QC2,2026-07-20,夜班,N12,EMPHB0382,HB-QC2-QC-BLOW,吹瓶品控,1,4,11.0,8.0,3.0,,FULL62-W1
HB,HB-QC2,2026-07-20,夜班,N12,EMPHB0392,HB-QC2-QC-IP-AS,无菌线制程品控,1,3,11.0,8.0,3.0,,FULL62-W1
HB,HB-QC2,2026-07-20,夜班,N12,EMPHB0371,HB-QC2-QC-IP-PET01,PET01线制程品控,1,3,11.0,8.0,3.0,,FULL62-W1
HB,HB-QC2,2026-07-20,夜班,N12,EMPHB0373,HB-QC2-QC-IP-PET02,PET02线制程品控,1,4,11.0,8.0,3.0,,FULL62-W1
HB,HB-QC2,2026-07-20,夜班,N12,EMPHB0380,HB-QC2-QC-IP-PET03,PET03线制程品控,1,4,11.0,8.0,3.0,,FULL62-W1
HB,HB-QC2,2026-07-20,夜班,N12,EMPHB0387,HB-QC2-QC-WATER,水糖品控,1,3,11.0,8.0,3.0,,FULL62-W1
HB,HB-SYRUP,2026-07-20,夜班,N12,EMPHB0264,HB-SYRUP-SYRUP-POST1,后糖岗1,1,4,11.0,8.0,3.0,,FULL62-W1
HB,HB-SYRUP,2026-07-20,夜班,N12,EMPHB0268,HB-SYRUP-SYRUP-POST2,后糖岗2,1,3,11.0,8.0,3.0,,FULL62-W1
SX,SX-BIB01,2026-07-20,夜班,N12,EMPSX0104,SX-BIB01-FILL,灌装岗,1,3,11.0,8.0,3.0,,FULL62-W1
SX,SX-BIB01,2026-07-20,夜班,N12,EMPSX0062,SX-BIB01-PACK-1,包装岗1,0,1,11.0,8.0,3.0,,FULL62-W1
SX,SX-BIB01,2026-07-20,夜班,N12,EMPSX0110,SX-BIB01-PACK-2,包装岗2,0,3,11.0,8.0,3.0,,FULL62-W1
SX,SX-CAN01,2026-07-20,夜班,N12,EMPSX0053,SX-CAN01-DEPAL-CAN,卸罐机岗,0,3,11.0,8.0,3.0,,FULL62-W1
SX,SX-CAN01,2026-07-20,夜班,N12,EMPSX0007,SX-CAN01-FILL,灌注机岗,1,3,11.0,8.0,3.0,,FULL62-W1
SX,SX-CAN01,2026-07-20,夜班,N12,EMPSX0072,SX-CAN01-PACK-MULTI,多包装机,0,3,11.0,8.0,3.0,,FULL62-W1
SX,SX-CAN01,2026-07-20,夜班,N12,EMPSX0064,SX-CAN01-PACK-SHRINK,塑包机岗,0,3,11.0,8.0,3.0,,FULL62-W1
SX,SX-CAN01,2026-07-20,夜班,N12,EMPSX0067,SX-CAN01-PALLET,码垛机岗,0,3,11.0,8.0,3.0,,FULL62-W1
SX,SX-ENG,2026-07-20,夜班,N12,EMPSX0140,SX-ENG-AIRCOMP,制冷空压机岗,1,4,11.0,8.0,3.0,,FULL62-W1
SX,SX-ENG,2026-07-20,夜班,N12,EMPSX0143,SX-ENG-BOILER,锅炉操作岗,0,3,11.0,8.0,3.0,,FULL62-W1
SX,SX-ENG,2026-07-20,夜班,N12,EMPSX0129,SX-ENG-ELEC-LINE1,生产线电工1,1,3,11.0,8.0,3.0,,FULL62-W1
SX,SX-PET01,2026-07-20,夜班,N12,EMPSX0001,SX-PET01-BLOW-LABEL,吹贴机岗,1,3,11.0,8.0,3.0,,FULL62-W1
SX,SX-PET01,2026-07-20,夜班,N12,EMPSX0050,SX-PET01-FGI,FGI岗,0,3,11.0,8.0,3.0,,FULL62-W1
SX,SX-PET01,2026-07-20,夜班,N12,EMPSX0060,SX-PET01-FILL,灌注机岗,1,3,11.0,8.0,3.0,,FULL62-W1
SX,SX-PET01,2026-07-20,夜班,N12,EMPSX0044,SX-PET01-PACK-SHRINK,塑包机岗,0,4,11.0,8.0,3.0,,FULL62-W1
SX,SX-PET02,2026-07-20,夜班,N12,EMPSX0031,SX-PET02-BLOW,吹瓶机岗,1,3,11.0,8.0,3.0,,FULL62-W1
SX,SX-PET02,2026-07-20,夜班,N12,EMPSX0038,SX-PET02-FILL,灌注机岗,1,3,11.0,8.0,3.0,,FULL62-W1
SX,SX-PET02,2026-07-20,夜班,N12,EMPSX0011,SX-PET02-LABEL,贴标机岗,0,3,11.0,8.0,3.0,,FULL62-W1
SX,SX-PET02,2026-07-20,夜班,N12,EMPSX0109,SX-PET02-PACK-SHRINK,塑包机岗,0,2,11.0,8.0,3.0,,FULL62-W1
SX,SX-PET02,2026-07-20,夜班,N12,EMPSX0046,SX-PET02-PALLET,码垛机岗,0,3,11.0,8.0,3.0,,FULL62-W1
SX,SX-PET02,2026-07-20,夜班,N12,EMPSX0023,SX-PET02-PALLET-LABEL,垛贴码岗,0,3,11.0,8.0,3.0,,FULL62-W1
SX,SX-QC,2026-07-20,夜班,N12,EMPSX0155,SX-QC-QC-AUX,辅线品控（水、糖、BIB）,1,3,11.0,8.0,3.0,,FULL62-W1
SX,SX-QC,2026-07-20,夜班,N12,EMPSX0172,SX-QC-QC-IP-CAN,CAN线品控,1,3,11.0,8.0,3.0,,FULL62-W1
SX,SX-QC,2026-07-20,夜班,N12,EMPSX0161,SX-QC-QC-IP-PET1,PET线品控1,1,3,11.0,8.0,3.0,,FULL62-W1
SX,SX-QC,2026-07-20,夜班,N12,EMPSX0174,SX-QC-QC-IP-RB,RB线品控,1,3,11.0,8.0,3.0,,FULL62-W1
SX,SX-RB01,2026-07-20,夜班,N12,EMPSX0076,SX-RB01-DEPAL,码卸垛机岗,0,3,11.0,8.0,3.0,,FULL62-W1
SX,SX-RB01,2026-07-20,夜班,N12,EMPSX0006,SX-RB01-FILL,灌注机岗,1,4,11.0,8.0,3.0,,FULL62-W1
SX,SX-RB01,2026-07-20,夜班,N12,EMPSX0078,SX-RB01-LOADER,装卸箱机岗,0,4,11.0,8.0,3.0,,FULL62-W1
SX,SX-RB01,2026-07-20,夜班,N12,EMPSX0099,SX-RB01-QC-BOTTLE,空瓶检测岗,1,3,11.0,8.0,3.0,,FULL62-W1
SX,SX-RB01,2026-07-20,夜班,N12,EMPSX0089,SX-RB01-QC-FGI1,成品目检岗1,1,3,11.0,8.0,3.0,,FULL62-W1
SX,SX-RB01,2026-07-20,夜班,N12,EMPSX0084,SX-RB01-WASHER,洗瓶机岗,0,3,11.0,8.0,3.0,,FULL62-W1
SX,SX-SYRUP,2026-07-20,夜班,N12,EMPSX0123,SX-SYRUP-SYRUP-POST2,后糖岗2,1,3,11.0,8.0,3.0,,FULL62-W1
SX,SX-UTIL,2026-07-20,夜班,N12,EMPSX0128,SX-UTIL-WWTP,污水处理岗,0,3,11.0,8.0,3.0,,FULL62-W1
HB,HB-AS01,2026-07-21,白班,D12,EMPHB0188,HB-AS01-BLOW,吹瓶机岗,1,3,11.0,8.0,3.0,,FULL62-W1
HB,HB-AS01,2026-07-21,白班,D12,EMPHB0318,HB-AS01-CARTON,上纸箱岗,0,1,11.0,8.0,3.0,,FULL62-W1
HB,HB-AS01,2026-07-21,白班,D12,EMPHB0189,HB-AS01-FILL,灌注机岗,1,4,11.0,8.0,3.0,,FULL62-W1
HB,HB-AS01,2026-07-21,白班,D12,EMPHB0316,HB-AS01-HANDLE-1,提扣机岗1,0,3,11.0,8.0,3.0,,FULL62-W1
HB,HB-AS01,2026-07-21,白班,D12,EMPHB0297,HB-AS01-HANDLE-2,提扣机岗2,0,1,11.0,8.0,3.0,,FULL62-W1
HB,HB-AS01,2026-07-21,白班,D12,EMPHB0200,HB-AS01-PACK-SHRINK,膜包机岗,0,3,11.0,8.0,3.0,,FULL62-W1
HB,HB-AS01,2026-07-21,白班,D12,EMPHB0181,HB-AS01-SHIFT-LEADER,生产领班,1,3,11.0,8.0,3.0,,FULL62-W1
HB,HB-AS01,2026-07-21,白班,D12,EMPHB0310,HB-AS01-UHT-1,UHT&调配&果肉操作1,1,3,11.0,8.0,3.0,,FULL62-W1
HB,HB-AS01,2026-07-21,白班,D12,EMPHB0314,HB-AS01-UHT-2,UHT&调配&果肉操作2,1,3,11.0,8.0,3.0,,FULL62-W1
HB,HB-ENG2,2026-07-21,白班,D12,EMPHB0347,HB-ENG2-AIRCOMP,空压岗,1,3,11.0,8.0,3.0,,FULL62-W1
HB,HB-ENG2,2026-07-21,白班,D12,EMPHB0351,HB-ENG2-WWTP,污水岗,0,3,11.0,8.0,3.0,,FULL62-W1
HB,HB-PET01,2026-07-21,白班,D12,EMPHB0275,HB-PET01-BLOW,吹瓶机岗,1,3,11.0,8.0,3.0,,FULL62-W1
HB,HB-PET01,2026-07-21,白班,D12,EMPHB0250,HB-PET01-HANDLE-1,提扣机岗1,0,3,11.0,8.0,3.0,,FULL62-W1
HB,HB-PET01,2026-07-21,白班,D12,EMPHB0210,HB-PET01-HANDLE-2,提扣机岗2,0,3,11.0,8.0,3.0,,FULL62-W1
HB,HB-PET01,2026-07-21,白班,D12,EMPHB0290,HB-PET01-PACK-SHRINK,膜包机岗,0,3,11.0,8.0,3.0,,FULL62-W1
HB,HB-PET01,2026-07-21,白班,D12,EMPHB0225,HB-PET01-PALLET,码垛机岗,0,3,11.0,8.0,3.0,,FULL62-W1
HB,HB-PET01,2026-07-21,白班,D12,EMPHB0274,HB-PET01-SHIFT-ENG,倒班工程师,1,3,11.0,8.0,3.0,,FULL62-W1
HB,HB-PET02,2026-07-21,白班,D12,EMPHB0192,HB-PET02-BLOW-FILL,吹瓶、灌装岗位,1,3,11.0,8.0,3.0,,FULL62-W1
HB,HB-PET02,2026-07-21,白班,D12,EMPHB0220,HB-PET02-LABEL,贴标机岗,0,4,11.0,8.0,3.0,,FULL62-W1
HB,HB-PET02,2026-07-21,白班,D12,EMPHB0287,HB-PET02-PACK-SHRINK,膜包机岗,0,3,11.0,8.0,3.0,,FULL62-W1
HB,HB-PET02,2026-07-21,白班,D12,EMPHB0226,HB-PET02-PALLET,码垛机岗,0,3,11.0,8.0,3.0,,FULL62-W1
HB,HB-PET03,2026-07-21,白班,D12,EMPHB0277,HB-PET03-BLOW,吹瓶机岗,1,3,11.0,8.0,3.0,,FULL62-W1
HB,HB-PET03,2026-07-21,白班,D12,EMPHB0191,HB-PET03-FILL,灌注机岗,1,4,11.0,8.0,3.0,,FULL62-W1
HB,HB-PET03,2026-07-21,白班,D12,EMPHB0256,HB-PET03-HANDLE-1,提扣机岗1,0,2,11.0,8.0,3.0,,FULL62-W1
HB,HB-PET03,2026-07-21,白班,D12,EMPHB0211,HB-PET03-HANDLE-2,提扣机岗2,0,4,11.0,8.0,3.0,,FULL62-W1
HB,HB-PET03,2026-07-21,白班,D12,EMPHB0239,HB-PET03-LABEL,贴标机岗,0,3,11.0,8.0,3.0,,FULL62-W1
HB,HB-PET03,2026-07-21,白班,D12,EMPHB0197,HB-PET03-PACK-SHRINK,膜包机岗,0,4,11.0,8.0,3.0,,FULL62-W1
HB,HB-PET03,2026-07-21,白班,D12,EMPHB0203,HB-PET03-PALLET,码垛机岗,0,3,11.0,8.0,3.0,,FULL62-W1
HB,HB-QC,2026-07-21,白班,D12,EMPHB0372,HB-QC-QC-RM-AS,无菌线原物料品控,1,3,11.0,8.0,3.0,,FULL62-W1
HB,HB-SYRUP,2026-07-21,白班,D12,EMPHB0263,HB-SYRUP-SYRUP-POST1,后糖岗1,1,4,11.0,8.0,3.0,,FULL62-W1
HB,HB-SYRUP,2026-07-21,白班,D12,EMPHB0269,HB-SYRUP-SYRUP-POST2,后糖岗2,1,4,11.0,8.0,3.0,,FULL62-W1
HB,HB-SYRUP,2026-07-21,白班,D12,EMPHB0260,HB-SYRUP-WATER,水处理操作岗,1,3,11.0,8.0,3.0,,FULL62-W1
SX,SX-BIB01,2026-07-21,白班,D12,EMPSX0108,SX-BIB01-PACK-1,包装岗1,0,3,11.0,8.0,3.0,,FULL62-W1
SX,SX-BIB01,2026-07-21,白班,D12,EMPSX0111,SX-BIB01-PACK-2,包装岗2,0,3,11.0,8.0,3.0,,FULL62-W1
SX,SX-BIB01,2026-07-21,白班,D12,EMPSX0113,SX-BIB01-PACK-3,包装岗3,0,4,11.0,8.0,3.0,,FULL62-W1
SX,SX-CAN01,2026-07-21,白班,D12,EMPSX0073,SX-CAN01-DEPAL-CAN,卸罐机岗,0,3,11.0,8.0,3.0,,FULL62-W1
SX,SX-CAN01,2026-07-21,白班,D12,EMPSX0071,SX-CAN01-PACK-MULTI,多包装机,0,4,11.0,8.0,3.0,,FULL62-W1
SX,SX-CAN01,2026-07-21,白班,D12,EMPSX0012,SX-CAN01-PACK-SHRINK,塑包机岗,0,4,11.0,8.0,3.0,,FULL62-W1
SX,SX-ENG,2026-07-21,白班,D12,EMPSX0144,SX-ENG-BOILER,锅炉操作岗,0,4,11.0,8.0,3.0,,FULL62-W1
SX,SX-ENG,2026-07-21,白班,D12,EMPSX0132,SX-ENG-ELEC-LINE1,生产线电工1,1,3,11.0,8.0,3.0,,FULL62-W1
SX,SX-ENG,2026-07-21,白班,D12,EMPSX0147,SX-ENG-MECH-LINE,生产线机修岗,0,4,11.0,8.0,3.0,,FULL62-W1
SX,SX-ENG,2026-07-21,白班,D12,EMPSX0148,SX-ENG-MECH-LINE,生产线机修岗,0,3,11.0,8.0,3.0,,FULL62-W1
SX,SX-ENG,2026-07-21,白班,D12,EMPSX0152,SX-ENG-MECH-LINE,生产线机修岗,0,3,11.0,8.0,3.0,,FULL62-W1
SX,SX-PET01,2026-07-21,白班,D12,EMPSX0003,SX-PET01-BLOW-LABEL,吹贴机岗,1,4,11.0,8.0,3.0,,FULL62-W1
SX,SX-PET01,2026-07-21,白班,D12,EMPSX0017,SX-PET01-FGI,FGI岗,0,3,11.0,8.0,3.0,,FULL62-W1
SX,SX-PET01,2026-07-21,白班,D12,EMPSX0059,SX-PET01-FILL,灌注机岗,1,4,11.0,8.0,3.0,,FULL62-W1
SX,SX-PET01,2026-07-21,白班,D12,EMPSX0027,SX-PET01-HANDLE,提扣机岗,0,3,11.0,8.0,3.0,,FULL62-W1
SX,SX-PET01,2026-07-21,白班,D12,EMPSX0047,SX-PET01-PALLET,码垛机岗,0,3,11.0,8.0,3.0,,FULL62-W1
SX,SX-PET01,2026-07-21,白班,D12,EMPSX0021,SX-PET01-PALLET-LABEL,垛贴码岗,0,4,11.0,8.0,3.0,,FULL62-W1
SX,SX-PET02,2026-07-21,白班,D12,EMPSX0058,SX-PET02-FILL,灌注机岗,1,4,11.0,8.0,3.0,,FULL62-W1
SX,SX-PET02,2026-07-21,白班,D12,EMPSX0034,SX-PET02-LABEL,贴标机岗,0,3,11.0,8.0,3.0,,FULL62-W1
SX,SX-PET02,2026-07-21,白班,D12,EMPSX0013,SX-PET02-PALLET,码垛机岗,0,3,11.0,8.0,3.0,,FULL62-W1
SX,SX-PET02,2026-07-21,白班,D12,EMPSX0024,SX-PET02-PALLET-LABEL,垛贴码岗,0,3,11.0,8.0,3.0,,FULL62-W1
SX,SX-QC,2026-07-21,白班,D12,EMPSX0156,SX-QC-QC-AUX,辅线品控（水、糖、BIB）,1,3,11.0,8.0,3.0,B,FULL62-W1
SX,SX-QC,2026-07-21,白班,D12,EMPSX0180,SX-QC-QC-BLOW,吹瓶品控,1,3,11.0,8.0,3.0,B,FULL62-W1
SX,SX-QC,2026-07-21,白班,D12,EMPSX0171,SX-QC-QC-IP-CAN,CAN线品控,1,3,11.0,8.0,3.0,B,FULL62-W1
SX,SX-QC,2026-07-21,白班,D12,EMPSX0163,SX-QC-QC-IP-PET1,PET线品控1,1,3,11.0,8.0,3.0,B,FULL62-W1
SX,SX-QC,2026-07-21,白班,D12,EMPSX0168,SX-QC-QC-IP-PET2,PET线品控2,1,4,11.0,8.0,3.0,B,FULL62-W1
SX,SX-QC,2026-07-21,白班,D12,EMPSX0173,SX-QC-QC-IP-RB,RB线品控,1,3,11.0,8.0,3.0,B,FULL62-W1
SX,SX-RB01,2026-07-21,白班,D12,EMPSX0074,SX-RB01-DEPAL,码卸垛机岗,0,3,11.0,8.0,3.0,,FULL62-W1
SX,SX-RB01,2026-07-21,白班,D12,EMPSX0086,SX-RB01-FILL,灌注机岗,1,3,11.0,8.0,3.0,,FULL62-W1
SX,SX-RB01,2026-07-21,白班,D12,EMPSX0080,SX-RB01-LOADER,装卸箱机岗,0,3,11.0,8.0,3.0,,FULL62-W1
SX,SX-RB01,2026-07-21,白班,D12,EMPSX0100,SX-RB01-QC-BOTTLE,空瓶检测岗,1,3,11.0,8.0,3.0,,FULL62-W1
SX,SX-RB01,2026-07-21,白班,D12,EMPSX0092,SX-RB01-QC-FGI1,成品目检岗1,1,3,11.0,8.0,3.0,,FULL62-W1
SX,SX-RB01,2026-07-21,白班,D12,EMPSX0081,SX-RB01-WASHER,洗瓶机岗,0,4,11.0,8.0,3.0,,FULL62-W1
SX,SX-SYRUP,2026-07-21,白班,D12,EMPSX0115,SX-SYRUP-SYRUP-POST1,后糖岗1,1,3,11.0,8.0,3.0,,FULL62-W1
SX,SX-SYRUP,2026-07-21,白班,D12,EMPSX0122,SX-SYRUP-SYRUP-POST2,后糖岗2,1,3,11.0,8.0,3.0,,FULL62-W1
HB,HB-ENG,2026-07-21,常白班,D8,EMPHB0323,HB-ENG-ELEC-2,电气维修工程师2,1,4,8.0,8.0,0.0,C,FULL62-W1
HB,HB-ENG,2026-07-21,常白班,D8,EMPHB0325,HB-ENG-ENG-BLOW,吹瓶机工程师,1,3,8.0,8.0,0.0,C,FULL62-W1
HB,HB-ENG,2026-07-21,常白班,D8,EMPHB0328,HB-ENG-ENG-FILL,灌装机工程师,1,3,8.0,8.0,0.0,C,FULL62-W1
HB,HB-ENG,2026-07-21,常白班,D8,EMPHB0330,HB-ENG-ENG-LABEL,贴标机工程师,1,4,8.0,8.0,0.0,C,FULL62-W1
HB,HB-ENG,2026-07-21,常白班,D8,EMPHB0331,HB-ENG-ENG-PACK,膜包机工程师,1,3,8.0,8.0,0.0,C,FULL62-W1
HB,HB-ENG,2026-07-21,常白班,D8,EMPHB0333,HB-ENG-ENG-PALLET,码垛机工程师,1,4,8.0,8.0,0.0,C,FULL62-W1
HB,HB-ENG2,2026-07-21,常白班,D8,EMPHB0340,HB-ENG2-ELEC-OUT2,外围电工2,1,4,8.0,8.0,0.0,,FULL62-W1
HB,HB-QC,2026-07-21,常白班,D8,EMPHB0364,HB-QC-QC-MICRO-AS1,无菌线微生物品控1,1,4,8.0,8.0,0.0,,FULL62-W1
HB,HB-QC,2026-07-21,常白班,D8,EMPHB0365,HB-QC-QC-MICRO-AS2,无菌线微生物品控2,1,3,8.0,8.0,0.0,,FULL62-W1
HB,HB-QC,2026-07-21,常白班,D8,EMPHB0367,HB-QC-QC-MICRO-AS3,无菌线微生物品控3,1,3,8.0,8.0,0.0,,FULL62-W1
HB,HB-QC,2026-07-21,常白班,D8,EMPHB0361,HB-QC-QC-MICRO-SODA,汽水线微生物品控,1,4,8.0,8.0,0.0,,FULL62-W1
HB,HB-SYRUP,2026-07-21,常白班,D8,EMPHB0262,HB-SYRUP-SYRUP-PRE,前糖岗,1,3,8.0,8.0,0.0,,FULL62-W1
SX,SX-ENG,2026-07-21,常白班,D8,EMPSX0133,SX-ENG-ELEC-LINE2,生产线电工2,1,3,8.0,8.0,0.0,,FULL62-W1
SX,SX-ENG,2026-07-21,常白班,D8,EMPSX0136,SX-ENG-ELEC-OUT,外围电工,1,4,8.0,8.0,0.0,,FULL62-W1
SX,SX-QC,2026-07-21,常白班,D8,EMPSX0159,SX-QC-QC-MICRO,微生物品控,1,3,8.0,8.0,0.0,,FULL62-W1
SX,SX-QC,2026-07-21,常白班,D8,EMPSX0157,SX-QC-QC-RM,原物料品控,1,3,8.0,8.0,0.0,,FULL62-W1
SX,SX-SYRUP,2026-07-21,常白班,D8,EMPSX0116,SX-SYRUP-SYRUP-PRE,前糖岗,1,3,8.0,8.0,0.0,,FULL62-W1
SX,SX-UTIL,2026-07-21,常白班,D8,EMPSX0126,SX-UTIL-WATER,水处理操作岗,1,4,8.0,8.0,0.0,,FULL62-W1
HB,HB-AS01,2026-07-21,夜班,N12,EMPHB0276,HB-AS01-BLOW,吹瓶机岗,1,3,11.0,8.0,3.0,,FULL62-W1
HB,HB-AS01,2026-07-21,夜班,N12,EMPHB0255,HB-AS01-HANDLE-2,提扣机岗2,0,3,11.0,8.0,3.0,,FULL62-W1
HB,HB-AS01,2026-07-21,夜班,N12,EMPHB0240,HB-AS01-LABEL,贴标机岗,0,3,11.0,8.0,3.0,,FULL62-W1
HB,HB-AS01,2026-07-21,夜班,N12,EMPHB0243,HB-AS01-PACK-SHRINK,膜包机岗,0,3,11.0,8.0,3.0,,FULL62-W1
HB,HB-AS01,2026-07-21,夜班,N12,EMPHB0245,HB-AS01-PALLET,码垛机岗,0,3,11.0,8.0,3.0,,FULL62-W1
HB,HB-AS01,2026-07-21,夜班,N12,EMPHB0271,HB-AS01-SHIFT-LEADER,生产领班,1,3,11.0,8.0,3.0,,FULL62-W1
HB,HB-AS01,2026-07-21,夜班,N12,EMPHB0308,HB-AS01-UHT-1,UHT&调配&果肉操作1,1,4,11.0,8.0,3.0,,FULL62-W1
HB,HB-AS01,2026-07-21,夜班,N12,EMPHB0313,HB-AS01-UHT-2,UHT&调配&果肉操作2,1,4,11.0,8.0,3.0,,FULL62-W1
HB,HB-AS01,2026-07-21,夜班,N12,EMPHB0317,HB-AS01-UHT-AUX,辅助工,0,3,11.0,8.0,3.0,,FULL62-W1
HB,HB-ENG,2026-07-21,夜班,N12,EMPHB0322,HB-ENG-ELEC-1,电气维修工程师1,1,4,11.0,8.0,3.0,,FULL62-W1
HB,HB-ENG2,2026-07-21,夜班,N12,EMPHB0348,HB-ENG2-AIRCOMP,空压岗,1,4,11.0,8.0,3.0,,FULL62-W1
HB,HB-ENG2,2026-07-21,夜班,N12,EMPHB0344,HB-ENG2-BOILER,锅炉岗,0,4,11.0,8.0,3.0,,FULL62-W1
HB,HB-ENG2,2026-07-21,夜班,N12,EMPHB0338,HB-ENG2-ELEC-OUT1,外围电工1,1,3,11.0,8.0,3.0,,FULL62-W1
HB,HB-PET01,2026-07-21,夜班,N12,EMPHB0233,HB-PET01-FILL,灌注机岗,1,3,11.0,8.0,3.0,,FULL62-W1
HB,HB-PET01,2026-07-21,夜班,N12,EMPHB0295,HB-PET01-HANDLE-1,提扣机岗1,0,3,11.0,8.0,3.0,,FULL62-W1
HB,HB-PET01,2026-07-21,夜班,N12,EMPHB0302,HB-PET01-HANDLE-2,提扣机岗2,0,3,11.0,8.0,3.0,,FULL62-W1
HB,HB-PET01,2026-07-21,夜班,N12,EMPHB0285,HB-PET01-LABEL,贴标机岗,0,3,11.0,8.0,3.0,,FULL62-W1
HB,HB-PET01,2026-07-21,夜班,N12,EMPHB0292,HB-PET01-PALLET,码垛机岗,0,4,11.0,8.0,3.0,,FULL62-W1
HB,HB-PET02,2026-07-21,夜班,N12,EMPHB0238,HB-PET02-LABEL,贴标机岗,0,3,11.0,8.0,3.0,,FULL62-W1
HB,HB-PET02,2026-07-21,夜班,N12,EMPHB0242,HB-PET02-PACK-SHRINK,膜包机岗,0,3,11.0,8.0,3.0,,FULL62-W1
HB,HB-PET02,2026-07-21,夜班,N12,EMPHB0248,HB-PET02-PALLET,码垛机岗,0,3,11.0,8.0,3.0,,FULL62-W1
HB,HB-PET03,2026-07-21,夜班,N12,EMPHB0230,HB-PET03-BLOW,吹瓶机岗,1,3,11.0,8.0,3.0,,FULL62-W1
HB,HB-PET03,2026-07-21,夜班,N12,EMPHB0207,HB-PET03-HANDLE-1,提扣机岗1,0,3,11.0,8.0,3.0,,FULL62-W1
HB,HB-PET03,2026-07-21,夜班,N12,EMPHB0219,HB-PET03-LABEL,贴标机岗,0,4,11.0,8.0,3.0,,FULL62-W1
HB,HB-PET03,2026-07-21,夜班,N12,EMPHB0288,HB-PET03-PACK-SHRINK,膜包机岗,0,3,11.0,8.0,3.0,,FULL62-W1
HB,HB-PET03,2026-07-21,夜班,N12,EMPHB0247,HB-PET03-PALLET,码垛机岗,0,3,11.0,8.0,3.0,,FULL62-W1
HB,HB-QC,2026-07-21,夜班,N12,EMPHB0353,HB-QC-QC-RM-SODA,汽水线原物料品控,1,4,11.0,8.0,3.0,,FULL62-W1
HB,HB-SYRUP,2026-07-21,夜班,N12,EMPHB0257,HB-SYRUP-WATER,水处理操作岗,1,3,11.0,8.0,3.0,,FULL62-W1
SX,SX-BIB01,2026-07-21,夜班,N12,EMPSX0103,SX-BIB01-FILL,灌装岗,1,3,11.0,8.0,3.0,,FULL62-W1
SX,SX-BIB01,2026-07-21,夜班,N12,EMPSX0106,SX-BIB01-PACK-1,包装岗1,0,3,11.0,8.0,3.0,,FULL62-W1
SX,SX-BIB01,2026-07-21,夜班,N12,EMPSX0112,SX-BIB01-PACK-2,包装岗2,0,3,11.0,8.0,3.0,,FULL62-W1
SX,SX-CAN01,2026-07-21,夜班,N12,EMPSX0087,SX-CAN01-FILL,灌注机岗,1,3,11.0,8.0,3.0,,FULL62-W1
SX,SX-CAN01,2026-07-21,夜班,N12,EMPSX0069,SX-CAN01-PACK-MULTI,多包装机,0,4,11.0,8.0,3.0,,FULL62-W1
SX,SX-CAN01,2026-07-21,夜班,N12,EMPSX0043,SX-CAN01-PACK-SHRINK,塑包机岗,0,3,11.0,8.0,3.0,,FULL62-W1
SX,SX-CAN01,2026-07-21,夜班,N12,EMPSX0016,SX-CAN01-PALLET,码垛机岗,0,4,11.0,8.0,3.0,,FULL62-W1
SX,SX-ENG,2026-07-21,夜班,N12,EMPSX0138,SX-ENG-AIRCOMP,制冷空压机岗,1,4,11.0,8.0,3.0,,FULL62-W1
SX,SX-ENG,2026-07-21,夜班,N12,EMPSX0143,SX-ENG-BOILER,锅炉操作岗,0,3,11.0,8.0,3.0,,FULL62-W1
SX,SX-ENG,2026-07-21,夜班,N12,EMPSX0129,SX-ENG-ELEC-LINE1,生产线电工1,1,3,11.0,8.0,3.0,,FULL62-W1
SX,SX-ENG,2026-07-21,夜班,N12,EMPSX0150,SX-ENG-MECH-LINE,生产线机修岗,0,3,11.0,8.0,3.0,,FULL62-W1
SX,SX-PET01,2026-07-21,夜班,N12,EMPSX0002,SX-PET01-BLOW-LABEL,吹贴机岗,1,3,11.0,8.0,3.0,,FULL62-W1
SX,SX-PET01,2026-07-21,夜班,N12,EMPSX0019,SX-PET01-FGI,FGI岗,0,3,11.0,8.0,3.0,,FULL62-W1
SX,SX-PET01,2026-07-21,夜班,N12,EMPSX0057,SX-PET01-FILL,灌注机岗,1,3,11.0,8.0,3.0,,FULL62-W1
SX,SX-PET01,2026-07-21,夜班,N12,EMPSX0026,SX-PET01-HANDLE,提扣机岗,0,3,11.0,8.0,3.0,,FULL62-W1
SX,SX-PET01,2026-07-21,夜班,N12,EMPSX0041,SX-PET01-PACK-SHRINK,塑包机岗,0,3,11.0,8.0,3.0,,FULL62-W1
SX,SX-PET01,2026-07-21,夜班,N12,EMPSX0055,SX-PET01-PALLET-LABEL,垛贴码岗,0,3,11.0,8.0,3.0,,FULL62-W1
SX,SX-PET02,2026-07-21,夜班,N12,EMPSX0032,SX-PET02-BLOW,吹瓶机岗,1,3,11.0,8.0,3.0,,FULL62-W1
SX,SX-PET02,2026-07-21,夜班,N12,EMPSX0039,SX-PET02-FILL,灌注机岗,1,4,11.0,8.0,3.0,,FULL62-W1
SX,SX-PET02,2026-07-21,夜班,N12,EMPSX0036,SX-PET02-LABEL,贴标机岗,0,3,11.0,8.0,3.0,,FULL62-W1
SX,SX-PET02,2026-07-21,夜班,N12,EMPSX0009,SX-PET02-PACK-SHRINK,塑包机岗,0,3,11.0,8.0,3.0,,FULL62-W1
SX,SX-QC,2026-07-21,夜班,N12,EMPSX0154,SX-QC-QC-AUX,辅线品控（水、糖、BIB）,1,3,11.0,8.0,3.0,,FULL62-W1
SX,SX-QC,2026-07-21,夜班,N12,EMPSX0179,SX-QC-QC-BLOW,吹瓶品控,1,3,11.0,8.0,3.0,,FULL62-W1
SX,SX-QC,2026-07-21,夜班,N12,EMPSX0170,SX-QC-QC-IP-CAN,CAN线品控,1,3,11.0,8.0,3.0,,FULL62-W1
SX,SX-QC,2026-07-21,夜班,N12,EMPSX0162,SX-QC-QC-IP-PET1,PET线品控1,1,4,11.0,8.0,3.0,,FULL62-W1
SX,SX-QC,2026-07-21,夜班,N12,EMPSX0166,SX-QC-QC-IP-PET2,PET线品控2,1,3,11.0,8.0,3.0,,FULL62-W1
SX,SX-RB01,2026-07-21,夜班,N12,EMPSX0076,SX-RB01-DEPAL,码卸垛机岗,0,3,11.0,8.0,3.0,,FULL62-W1
SX,SX-RB01,2026-07-21,夜班,N12,EMPSX0083,SX-RB01-LOADER,装卸箱机岗,0,2,11.0,8.0,3.0,,FULL62-W1
SX,SX-RB01,2026-07-21,夜班,N12,EMPSX0098,SX-RB01-QC-BOTTLE,空瓶检测岗,1,3,11.0,8.0,3.0,,FULL62-W1
SX,SX-RB01,2026-07-21,夜班,N12,EMPSX0089,SX-RB01-QC-FGI1,成品目检岗1,1,3,11.0,8.0,3.0,,FULL62-W1
SX,SX-RB01,2026-07-21,夜班,N12,EMPSX0096,SX-RB01-QC-FGI2,成品目检岗2,1,3,11.0,8.0,3.0,,FULL62-W1
SX,SX-RB01,2026-07-21,夜班,N12,EMPSX0084,SX-RB01-WASHER,洗瓶机岗,0,3,11.0,8.0,3.0,,FULL62-W1
SX,SX-SYRUP,2026-07-21,夜班,N12,EMPSX0119,SX-SYRUP-SYRUP-POST1,后糖岗1,1,3,11.0,8.0,3.0,,FULL62-W1
SX,SX-SYRUP,2026-07-21,夜班,N12,EMPSX0121,SX-SYRUP-SYRUP-POST2,后糖岗2,1,3,11.0,8.0,3.0,,FULL62-W1
SX,SX-UTIL,2026-07-21,夜班,N12,EMPSX0128,SX-UTIL-WWTP,污水处理岗,0,3,11.0,8.0,3.0,,FULL62-W1
HB,HB-AS01,2026-07-22,白班,D12,EMPHB0232,HB-AS01-BLOW,吹瓶机岗,1,3,11.0,8.0,3.0,,FULL62-W1
HB,HB-AS01,2026-07-22,白班,D12,EMPHB0304,HB-AS01-CARTON,上纸箱岗,0,3,11.0,8.0,3.0,,FULL62-W1
HB,HB-AS01,2026-07-22,白班,D12,EMPHB0300,HB-AS01-HANDLE-2,提扣机岗2,0,3,11.0,8.0,3.0,,FULL62-W1
HB,HB-AS01,2026-07-22,白班,D12,EMPHB0217,HB-AS01-LABEL,贴标机岗,0,3,11.0,8.0,3.0,,FULL62-W1
HB,HB-AS01,2026-07-22,白班,D12,EMPHB0222,HB-AS01-PACK-SHRINK,膜包机岗,0,3,11.0,8.0,3.0,,FULL62-W1
HB,HB-AS01,2026-07-22,白班,D12,EMPHB0226,HB-AS01-PALLET,码垛机岗,0,3,11.0,8.0,3.0,,FULL62-W1
HB,HB-AS01,2026-07-22,白班,D12,EMPHB0183,HB-AS01-SHIFT-LEADER,生产领班,1,3,11.0,8.0,3.0,,FULL62-W1
HB,HB-AS01,2026-07-22,白班,D12,EMPHB0310,HB-AS01-UHT-1,UHT&调配&果肉操作1,1,3,11.0,8.0,3.0,,FULL62-W1
HB,HB-AS01,2026-07-22,白班,D12,EMPHB0311,HB-AS01-UHT-2,UHT&调配&果肉操作2,1,3,11.0,8.0,3.0,,FULL62-W1
HB,HB-AS01,2026-07-22,白班,D12,EMPHB0315,HB-AS01-UHT-AUX,辅助工,0,3,11.0,8.0,3.0,,FULL62-W1
HB,HB-ENG,2026-07-22,白班,D12,EMPHB0321,HB-ENG-ELEC-1,电气维修工程师1,1,4,11.0,8.0,3.0,,FULL62-W1
HB,HB-ENG2,2026-07-22,白班,D12,EMPHB0345,HB-ENG2-AIRCOMP,空压岗,1,3,11.0,8.0,3.0,,FULL62-W1
HB,HB-ENG2,2026-07-22,白班,D12,EMPHB0342,HB-ENG2-BOILER,锅炉岗,0,3,11.0,8.0,3.0,,FULL62-W1
HB,HB-ENG2,2026-07-22,白班,D12,EMPHB0336,HB-ENG2-ELEC-OUT1,外围电工1,1,3,11.0,8.0,3.0,,FULL62-W1
HB,HB-ENG2,2026-07-22,白班,D12,EMPHB0351,HB-ENG2-WWTP,污水岗,0,3,11.0,8.0,3.0,,FULL62-W1
HB,HB-PET01,2026-07-22,白班,D12,EMPHB0275,HB-PET01-BLOW,吹瓶机岗,1,3,11.0,8.0,3.0,A,FULL62-W1
HB,HB-PET01,2026-07-22,白班,D12,EMPHB0191,HB-PET01-FILL,灌注机岗,1,4,11.0,8.0,3.0,A,FULL62-W1
HB,HB-PET01,2026-07-22,白班,D12,EMPHB0274,HB-PET01-SHIFT-ENG,倒班工程师,1,3,11.0,8.0,3.0,A,FULL62-W1
HB,HB-PET02,2026-07-22,白班,D12,EMPHB0236,HB-PET02-BLOW-FILL,吹瓶、灌装岗位,1,3,11.0,8.0,3.0,,FULL62-W1
HB,HB-PET02,2026-07-22,白班,D12,EMPHB0218,HB-PET02-LABEL,贴标机岗,0,3,11.0,8.0,3.0,,FULL62-W1
HB,HB-PET02,2026-07-22,白班,D12,EMPHB0200,HB-PET02-PACK-SHRINK,膜包机岗,0,3,11.0,8.0,3.0,,FULL62-W1
HB,HB-PET02,2026-07-22,白班,D12,EMPHB0246,HB-PET02-PALLET,码垛机岗,0,4,11.0,8.0,3.0,,FULL62-W1
HB,HB-PET03,2026-07-22,白班,D12,EMPHB0187,HB-PET03-BLOW,吹瓶机岗,1,3,11.0,8.0,3.0,,FULL62-W1
HB,HB-PET03,2026-07-22,白班,D12,EMPHB0279,HB-PET03-FILL,灌注机岗,1,3,11.0,8.0,3.0,,FULL62-W1
HB,HB-PET03,2026-07-22,白班,D12,EMPHB0252,HB-PET03-HANDLE-1,提扣机岗1,0,3,11.0,8.0,3.0,,FULL62-W1
HB,HB-PET03,2026-07-22,白班,D12,EMPHB0206,HB-PET03-HANDLE-2,提扣机岗2,0,2,11.0,8.0,3.0,,FULL62-W1
HB,HB-PET03,2026-07-22,白班,D12,EMPHB0194,HB-PET03-LABEL,贴标机岗,0,4,11.0,8.0,3.0,,FULL62-W1
HB,HB-PET03,2026-07-22,白班,D12,EMPHB0290,HB-PET03-PACK-SHRINK,膜包机岗,0,3,11.0,8.0,3.0,,FULL62-W1
HB,HB-PET03,2026-07-22,白班,D12,EMPHB0291,HB-PET03-PALLET,码垛机岗,0,3,11.0,8.0,3.0,,FULL62-W1
HB,HB-QC,2026-07-22,白班,D12,EMPHB0359,HB-QC-QC-RM-AS,无菌线原物料品控,1,3,11.0,8.0,3.0,,FULL62-W1
HB,HB-QC,2026-07-22,白班,D12,EMPHB0355,HB-QC-QC-RM-SODA,汽水线原物料品控,1,4,11.0,8.0,3.0,,FULL62-W1
HB,HB-QC2,2026-07-22,白班,D12,EMPHB0361,HB-QC2-QC-BLOW,吹瓶品控,1,3,11.0,8.0,3.0,,FULL62-W1
HB,HB-QC2,2026-07-22,白班,D12,EMPHB0389,HB-QC2-QC-IP-AS,无菌线制程品控,1,3,11.0,8.0,3.0,,FULL62-W1
HB,HB-QC2,2026-07-22,白班,D12,EMPHB0369,HB-QC2-QC-IP-PET01,PET01线制程品控,1,3,11.0,8.0,3.0,,FULL62-W1
HB,HB-QC2,2026-07-22,白班,D12,EMPHB0374,HB-QC2-QC-IP-PET02,PET02线制程品控,1,3,11.0,8.0,3.0,,FULL62-W1
HB,HB-QC2,2026-07-22,白班,D12,EMPHB0378,HB-QC2-QC-IP-PET03,PET03线制程品控,1,3,11.0,8.0,3.0,,FULL62-W1
HB,HB-QC2,2026-07-22,白班,D12,EMPHB0388,HB-QC2-QC-WATER,水糖品控,1,3,11.0,8.0,3.0,,FULL62-W1
HB,HB-SYRUP,2026-07-22,白班,D12,EMPHB0266,HB-SYRUP-SYRUP-POST1,后糖岗1,1,4,11.0,8.0,3.0,,FULL62-W1
HB,HB-SYRUP,2026-07-22,白班,D12,EMPHB0267,HB-SYRUP-SYRUP-POST2,后糖岗2,1,4,11.0,8.0,3.0,,FULL62-W1
HB,HB-SYRUP,2026-07-22,白班,D12,EMPHB0260,HB-SYRUP-WATER,水处理操作岗,1,3,11.0,8.0,3.0,,FULL62-W1
SX,SX-BIB01,2026-07-22,白班,D12,EMPSX0102,SX-BIB01-FILL,灌装岗,1,3,11.0,8.0,3.0,,FULL62-W1
SX,SX-BIB01,2026-07-22,白班,D12,EMPSX0107,SX-BIB01-PACK-1,包装岗1,0,3,11.0,8.0,3.0,,FULL62-W1
SX,SX-BIB01,2026-07-22,白班,D12,EMPSX0111,SX-BIB01-PACK-2,包装岗2,0,3,11.0,8.0,3.0,,FULL62-W1
SX,SX-BIB01,2026-07-22,白班,D12,EMPSX0062,SX-BIB01-PACK-3,包装岗3,0,2,11.0,8.0,3.0,,FULL62-W1
SX,SX-CAN01,2026-07-22,白班,D12,EMPSX0056,SX-CAN01-DEPAL-CAN,卸罐机岗,0,3,11.0,8.0,3.0,,FULL62-W1
SX,SX-CAN01,2026-07-22,白班,D12,EMPSX0058,SX-CAN01-FILL,灌注机岗,1,4,11.0,8.0,3.0,,FULL62-W1
SX,SX-CAN01,2026-07-22,白班,D12,EMPSX0072,SX-CAN01-PACK-MULTI,多包装机,0,3,11.0,8.0,3.0,,FULL62-W1
SX,SX-CAN01,2026-07-22,白班,D12,EMPSX0048,SX-CAN01-PALLET,码垛机岗,0,3,11.0,8.0,3.0,,FULL62-W1
SX,SX-ENG,2026-07-22,白班,D12,EMPSX0137,SX-ENG-AIRCOMP,制冷空压机岗,1,3,11.0,8.0,3.0,,FULL62-W1
SX,SX-ENG,2026-07-22,白班,D12,EMPSX0141,SX-ENG-BOILER,锅炉操作岗,0,3,11.0,8.0,3.0,,FULL62-W1
SX,SX-ENG,2026-07-22,白班,D12,EMPSX0130,SX-ENG-ELEC-LINE1,生产线电工1,1,3,11.0,8.0,3.0,,FULL62-W1
SX,SX-ENG,2026-07-22,白班,D12,EMPSX0152,SX-ENG-MECH-LINE,生产线机修岗,0,3,11.0,8.0,3.0,,FULL62-W1
SX,SX-PET01,2026-07-22,白班,D12,EMPSX0001,SX-PET01-BLOW-LABEL,吹贴机岗,1,3,11.0,8.0,3.0,,FULL62-W1
SX,SX-PET01,2026-07-22,白班,D12,EMPSX0020,SX-PET01-FGI,FGI岗,0,3,11.0,8.0,3.0,,FULL62-W1
SX,SX-PET01,2026-07-22,白班,D12,EMPSX0006,SX-PET01-FILL,灌注机岗,1,4,11.0,8.0,3.0,,FULL62-W1
SX,SX-PET01,2026-07-22,白班,D12,EMPSX0028,SX-PET01-HANDLE,提扣机岗,0,4,11.0,8.0,3.0,,FULL62-W1
SX,SX-PET01,2026-07-22,白班,D12,EMPSX0042,SX-PET01-PACK-SHRINK,塑包机岗,0,3,11.0,8.0,3.0,,FULL62-W1
SX,SX-PET01,2026-07-22,白班,D12,EMPSX0065,SX-PET01-PALLET,码垛机岗,0,3,11.0,8.0,3.0,,FULL62-W1
SX,SX-PET01,2026-07-22,白班,D12,EMPSX0024,SX-PET01-PALLET-LABEL,垛贴码岗,0,3,11.0,8.0,3.0,,FULL62-W1
SX,SX-PET02,2026-07-22,白班,D12,EMPSX0029,SX-PET02-BLOW,吹瓶机岗,1,3,11.0,8.0,3.0,,FULL62-W1
SX,SX-PET02,2026-07-22,白班,D12,EMPSX0005,SX-PET02-FILL,灌注机岗,1,3,11.0,8.0,3.0,,FULL62-W1
SX,SX-PET02,2026-07-22,白班,D12,EMPSX0061,SX-PET02-PACK-SHRINK,塑包机岗,0,3,11.0,8.0,3.0,,FULL62-W1
SX,SX-PET02,2026-07-22,白班,D12,EMPSX0067,SX-PET02-PALLET,码垛机岗,0,3,11.0,8.0,3.0,,FULL62-W1
SX,SX-PET02,2026-07-22,白班,D12,EMPSX0050,SX-PET02-PALLET-LABEL,垛贴码岗,0,3,11.0,8.0,3.0,,FULL62-W1
SX,SX-QC,2026-07-22,白班,D12,EMPSX0153,SX-QC-QC-AUX,辅线品控（水、糖、BIB）,1,3,11.0,8.0,3.0,C,FULL62-W1
SX,SX-QC,2026-07-22,白班,D12,EMPSX0180,SX-QC-QC-BLOW,吹瓶品控,1,3,11.0,8.0,3.0,C,FULL62-W1
SX,SX-QC,2026-07-22,白班,D12,EMPSX0169,SX-QC-QC-IP-CAN,CAN线品控,1,4,11.0,8.0,3.0,C,FULL62-W1
SX,SX-QC,2026-07-22,白班,D12,EMPSX0163,SX-QC-QC-IP-PET1,PET线品控1,1,3,11.0,8.0,3.0,C,FULL62-W1
SX,SX-QC,2026-07-22,白班,D12,EMPSX0165,SX-QC-QC-IP-PET2,PET线品控2,1,3,11.0,8.0,3.0,C,FULL62-W1
SX,SX-QC,2026-07-22,白班,D12,EMPSX0174,SX-QC-QC-IP-RB,RB线品控,1,3,11.0,8.0,3.0,C,FULL62-W1
SX,SX-RB01,2026-07-22,白班,D12,EMPSX0075,SX-RB01-DEPAL,码卸垛机岗,0,3,11.0,8.0,3.0,,FULL62-W1
SX,SX-RB01,2026-07-22,白班,D12,EMPSX0088,SX-RB01-FILL,灌注机岗,1,3,11.0,8.0,3.0,,FULL62-W1
SX,SX-RB01,2026-07-22,白班,D12,EMPSX0078,SX-RB01-LOADER,装卸箱机岗,0,4,11.0,8.0,3.0,,FULL62-W1
SX,SX-RB01,2026-07-22,白班,D12,EMPSX0091,SX-RB01-QC-FGI1,成品目检岗1,1,3,11.0,8.0,3.0,,FULL62-W1
SX,SX-SYRUP,2026-07-22,白班,D12,EMPSX0115,SX-SYRUP-SYRUP-POST1,后糖岗1,1,3,11.0,8.0,3.0,,FULL62-W1
SX,SX-SYRUP,2026-07-22,白班,D12,EMPSX0123,SX-SYRUP-SYRUP-POST2,后糖岗2,1,3,11.0,8.0,3.0,,FULL62-W1
HB,HB-ENG,2026-07-22,常白班,D8,EMPHB0323,HB-ENG-ELEC-2,电气维修工程师2,1,4,8.0,8.0,0.0,,FULL62-W1
HB,HB-ENG,2026-07-22,常白班,D8,EMPHB0325,HB-ENG-ENG-BLOW,吹瓶机工程师,1,3,8.0,8.0,0.0,,FULL62-W1
HB,HB-ENG,2026-07-22,常白班,D8,EMPHB0327,HB-ENG-ENG-FILL,灌装机工程师,1,3,8.0,8.0,0.0,,FULL62-W1
HB,HB-ENG,2026-07-22,常白班,D8,EMPHB0329,HB-ENG-ENG-LABEL,贴标机工程师,1,3,8.0,8.0,0.0,,FULL62-W1
HB,HB-ENG,2026-07-22,常白班,D8,EMPHB0332,HB-ENG-ENG-PACK,膜包机工程师,1,3,8.0,8.0,0.0,,FULL62-W1
HB,HB-ENG,2026-07-22,常白班,D8,EMPHB0333,HB-ENG-ENG-PALLET,码垛机工程师,1,4,8.0,8.0,0.0,,FULL62-W1
HB,HB-ENG2,2026-07-22,常白班,D8,EMPHB0340,HB-ENG2-ELEC-OUT2,外围电工2,1,4,8.0,8.0,0.0,,FULL62-W1
HB,HB-QC,2026-07-22,常白班,D8,EMPHB0363,HB-QC-QC-MICRO-AS1,无菌线微生物品控1,1,3,8.0,8.0,0.0,,FULL62-W1
HB,HB-QC,2026-07-22,常白班,D8,EMPHB0366,HB-QC-QC-MICRO-AS2,无菌线微生物品控2,1,3,8.0,8.0,0.0,,FULL62-W1
HB,HB-QC,2026-07-22,常白班,D8,EMPHB0368,HB-QC-QC-MICRO-AS3,无菌线微生物品控3,1,4,8.0,8.0,0.0,,FULL62-W1
HB,HB-QC,2026-07-22,常白班,D8,EMPHB0382,HB-QC-QC-MICRO-SODA,汽水线微生物品控,1,3,8.0,8.0,0.0,,FULL62-W1
HB,HB-SYRUP,2026-07-22,常白班,D8,EMPHB0262,HB-SYRUP-SYRUP-PRE,前糖岗,1,3,8.0,8.0,0.0,,FULL62-W1
SX,SX-ENG,2026-07-22,常白班,D8,EMPSX0133,SX-ENG-ELEC-LINE2,生产线电工2,1,3,8.0,8.0,0.0,,FULL62-W1
SX,SX-ENG,2026-07-22,常白班,D8,EMPSX0135,SX-ENG-ELEC-OUT,外围电工,1,4,8.0,8.0,0.0,,FULL62-W1
SX,SX-QC,2026-07-22,常白班,D8,EMPSX0159,SX-QC-QC-MICRO,微生物品控,1,3,8.0,8.0,0.0,,FULL62-W1
SX,SX-QC,2026-07-22,常白班,D8,EMPSX0158,SX-QC-QC-RM,原物料品控,1,4,8.0,8.0,0.0,,FULL62-W1
SX,SX-SYRUP,2026-07-22,常白班,D8,EMPSX0116,SX-SYRUP-SYRUP-PRE,前糖岗,1,3,8.0,8.0,0.0,,FULL62-W1
SX,SX-UTIL,2026-07-22,常白班,D8,EMPSX0126,SX-UTIL-WATER,水处理操作岗,1,4,8.0,8.0,0.0,,FULL62-W1
HB,HB-AS01,2026-07-22,夜班,N12,EMPHB0229,HB-AS01-BLOW,吹瓶机岗,1,4,11.0,8.0,3.0,A,FULL62-W1
HB,HB-AS01,2026-07-22,夜班,N12,EMPHB0234,HB-AS01-FILL,灌注机岗,1,4,11.0,8.0,3.0,A,FULL62-W1
HB,HB-AS01,2026-07-22,夜班,N12,EMPHB0272,HB-AS01-SHIFT-LEADER,生产领班,1,3,11.0,8.0,3.0,A,FULL62-W1
HB,HB-AS01,2026-07-22,夜班,N12,EMPHB0309,HB-AS01-UHT-1,UHT&调配&果肉操作1,1,3,11.0,8.0,3.0,A,FULL62-W1
HB,HB-AS01,2026-07-22,夜班,N12,EMPHB0312,HB-AS01-UHT-2,UHT&调配&果肉操作2,1,3,11.0,8.0,3.0,A,FULL62-W1
HB,HB-ENG,2026-07-22,夜班,N12,EMPHB0320,HB-ENG-ELEC-1,电气维修工程师1,1,3,11.0,8.0,3.0,,FULL62-W1
HB,HB-ENG2,2026-07-22,夜班,N12,EMPHB0346,HB-ENG2-AIRCOMP,空压岗,1,3,11.0,8.0,3.0,C,FULL62-W1
HB,HB-ENG2,2026-07-22,夜班,N12,EMPHB0337,HB-ENG2-ELEC-OUT1,外围电工1,1,4,11.0,8.0,3.0,C,FULL62-W1
HB,HB-PET01,2026-07-22,夜班,N12,EMPHB0186,HB-PET01-BLOW,吹瓶机岗,1,3,11.0,8.0,3.0,F,FULL62-W1
HB,HB-PET01,2026-07-22,夜班,N12,EMPHB0281,HB-PET01-FILL,灌注机岗,1,4,11.0,8.0,3.0,F,FULL62-W1
HB,HB-PET01,2026-07-22,夜班,N12,EMPHB0184,HB-PET01-SHIFT-ENG,倒班工程师,1,4,11.0,8.0,3.0,F,FULL62-W1
HB,HB-PET02,2026-07-22,夜班,N12,EMPHB0237,HB-PET02-LABEL,贴标机岗,0,3,11.0,8.0,3.0,,FULL62-W1
HB,HB-PET02,2026-07-22,夜班,N12,EMPHB0224,HB-PET02-PACK-SHRINK,膜包机岗,0,4,11.0,8.0,3.0,,FULL62-W1
HB,HB-PET02,2026-07-22,夜班,N12,EMPHB0293,HB-PET02-PALLET,码垛机岗,0,4,11.0,8.0,3.0,,FULL62-W1
HB,HB-PET03,2026-07-22,夜班,N12,EMPHB0214,HB-PET03-FILL,灌注机岗,1,3,11.0,8.0,3.0,,FULL62-W1
HB,HB-PET03,2026-07-22,夜班,N12,EMPHB0305,HB-PET03-HANDLE-1,提扣机岗1,0,3,11.0,8.0,3.0,,FULL62-W1
HB,HB-PET03,2026-07-22,夜班,N12,EMPHB0299,HB-PET03-HANDLE-2,提扣机岗2,0,3,11.0,8.0,3.0,,FULL62-W1
HB,HB-PET03,2026-07-22,夜班,N12,EMPHB0286,HB-PET03-LABEL,贴标机岗,0,3,11.0,8.0,3.0,,FULL62-W1
HB,HB-PET03,2026-07-22,夜班,N12,EMPHB0287,HB-PET03-PACK-SHRINK,膜包机岗,0,3,11.0,8.0,3.0,,FULL62-W1
HB,HB-PET03,2026-07-22,夜班,N12,EMPHB0245,HB-PET03-PALLET,码垛机岗,0,3,11.0,8.0,3.0,,FULL62-W1
HB,HB-QC,2026-07-22,夜班,N12,EMPHB0360,HB-QC-QC-RM-AS,无菌线原物料品控,1,3,11.0,8.0,3.0,,FULL62-W1
HB,HB-QC,2026-07-22,夜班,N12,EMPHB0356,HB-QC-QC-RM-SODA,汽水线原物料品控,1,3,11.0,8.0,3.0,,FULL62-W1
HB,HB-QC2,2026-07-22,夜班,N12,EMPHB0381,HB-QC2-QC-BLOW,吹瓶品控,1,3,11.0,8.0,3.0,,FULL62-W1
HB,HB-QC2,2026-07-22,夜班,N12,EMPHB0392,HB-QC2-QC-IP-AS,无菌线制程品控,1,3,11.0,8.0,3.0,,FULL62-W1
HB,HB-QC2,2026-07-22,夜班,N12,EMPHB0370,HB-QC2-QC-IP-PET01,PET01线制程品控,1,3,11.0,8.0,3.0,,FULL62-W1
HB,HB-QC2,2026-07-22,夜班,N12,EMPHB0373,HB-QC2-QC-IP-PET02,PET02线制程品控,1,4,11.0,8.0,3.0,,FULL62-W1
HB,HB-QC2,2026-07-22,夜班,N12,EMPHB0377,HB-QC2-QC-IP-PET03,PET03线制程品控,1,3,11.0,8.0,3.0,,FULL62-W1
HB,HB-SYRUP,2026-07-22,夜班,N12,EMPHB0265,HB-SYRUP-SYRUP-POST1,后糖岗1,1,4,11.0,8.0,3.0,,FULL62-W1
HB,HB-SYRUP,2026-07-22,夜班,N12,EMPHB0268,HB-SYRUP-SYRUP-POST2,后糖岗2,1,3,11.0,8.0,3.0,,FULL62-W1
HB,HB-SYRUP,2026-07-22,夜班,N12,EMPHB0258,HB-SYRUP-WATER,水处理操作岗,1,3,11.0,8.0,3.0,,FULL62-W1
SX,SX-BIB01,2026-07-22,夜班,N12,EMPSX0101,SX-BIB01-FILL,灌装岗,1,4,11.0,8.0,3.0,,FULL62-W1
SX,SX-BIB01,2026-07-22,夜班,N12,EMPSX0105,SX-BIB01-PACK-1,包装岗1,0,3,11.0,8.0,3.0,,FULL62-W1
SX,SX-BIB01,2026-07-22,夜班,N12,EMPSX0109,SX-BIB01-PACK-2,包装岗2,0,3,11.0,8.0,3.0,,FULL62-W1
SX,SX-CAN01,2026-07-22,夜班,N12,EMPSX0054,SX-CAN01-DEPAL-CAN,卸罐机岗,0,4,11.0,8.0,3.0,,FULL62-W1
SX,SX-CAN01,2026-07-22,夜班,N12,EMPSX0014,SX-CAN01-PALLET,码垛机岗,0,3,11.0,8.0,3.0,,FULL62-W1
SX,SX-ENG,2026-07-22,夜班,N12,EMPSX0138,SX-ENG-AIRCOMP,制冷空压机岗,1,4,11.0,8.0,3.0,,FULL62-W1
SX,SX-ENG,2026-07-22,夜班,N12,EMPSX0143,SX-ENG-BOILER,锅炉操作岗,0,3,11.0,8.0,3.0,,FULL62-W1
SX,SX-ENG,2026-07-22,夜班,N12,EMPSX0132,SX-ENG-ELEC-LINE1,生产线电工1,1,3,11.0,8.0,3.0,,FULL62-W1
SX,SX-ENG,2026-07-22,夜班,N12,EMPSX0149,SX-ENG-MECH-LINE,生产线机修岗,0,3,11.0,8.0,3.0,,FULL62-W1
SX,SX-PET01,2026-07-22,夜班,N12,EMPSX0003,SX-PET01-BLOW-LABEL,吹贴机岗,1,4,11.0,8.0,3.0,,FULL62-W1
SX,SX-PET01,2026-07-22,夜班,N12,EMPSX0019,SX-PET01-FGI,FGI岗,0,3,11.0,8.0,3.0,,FULL62-W1
SX,SX-PET01,2026-07-22,夜班,N12,EMPSX0087,SX-PET01-FILL,灌注机岗,1,3,11.0,8.0,3.0,,FULL62-W1
SX,SX-PET01,2026-07-22,夜班,N12,EMPSX0027,SX-PET01-HANDLE,提扣机岗,0,3,11.0,8.0,3.0,,FULL62-W1
SX,SX-PET01,2026-07-22,夜班,N12,EMPSX0009,SX-PET01-PACK-SHRINK,塑包机岗,0,3,11.0,8.0,3.0,,FULL62-W1
SX,SX-PET01,2026-07-22,夜班,N12,EMPSX0046,SX-PET01-PALLET,码垛机岗,0,3,11.0,8.0,3.0,,FULL62-W1
SX,SX-PET01,2026-07-22,夜班,N12,EMPSX0022,SX-PET01-PALLET-LABEL,垛贴码岗,0,3,11.0,8.0,3.0,,FULL62-W1
SX,SX-PET02,2026-07-22,夜班,N12,EMPSX0030,SX-PET02-BLOW,吹瓶机岗,1,3,11.0,8.0,3.0,,FULL62-W1
SX,SX-PET02,2026-07-22,夜班,N12,EMPSX0039,SX-PET02-FILL,灌注机岗,1,4,11.0,8.0,3.0,,FULL62-W1
SX,SX-PET02,2026-07-22,夜班,N12,EMPSX0034,SX-PET02-LABEL,贴标机岗,0,3,11.0,8.0,3.0,,FULL62-W1
SX,SX-PET02,2026-07-22,夜班,N12,EMPSX0064,SX-PET02-PACK-SHRINK,塑包机岗,0,3,11.0,8.0,3.0,,FULL62-W1
SX,SX-PET02,2026-07-22,夜班,N12,EMPSX0068,SX-PET02-PALLET,码垛机岗,0,3,11.0,8.0,3.0,,FULL62-W1
SX,SX-PET02,2026-07-22,夜班,N12,EMPSX0023,SX-PET02-PALLET-LABEL,垛贴码岗,0,3,11.0,8.0,3.0,,FULL62-W1
SX,SX-QC,2026-07-22,夜班,N12,EMPSX0154,SX-QC-QC-AUX,辅线品控（水、糖、BIB）,1,3,11.0,8.0,3.0,A,FULL62-W1
SX,SX-QC,2026-07-22,夜班,N12,EMPSX0179,SX-QC-QC-BLOW,吹瓶品控,1,3,11.0,8.0,3.0,A,FULL62-W1
SX,SX-QC,2026-07-22,夜班,N12,EMPSX0170,SX-QC-QC-IP-CAN,CAN线品控,1,3,11.0,8.0,3.0,A,FULL62-W1
SX,SX-QC,2026-07-22,夜班,N12,EMPSX0164,SX-QC-QC-IP-PET1,PET线品控1,1,3,11.0,8.0,3.0,A,FULL62-W1
SX,SX-QC,2026-07-22,夜班,N12,EMPSX0167,SX-QC-QC-IP-PET2,PET线品控2,1,4,11.0,8.0,3.0,A,FULL62-W1
SX,SX-QC,2026-07-22,夜班,N12,EMPSX0176,SX-QC-QC-IP-RB,RB线品控,1,3,11.0,8.0,3.0,A,FULL62-W1
SX,SX-RB01,2026-07-22,夜班,N12,EMPSX0074,SX-RB01-DEPAL,码卸垛机岗,0,3,11.0,8.0,3.0,,FULL62-W1
SX,SX-RB01,2026-07-22,夜班,N12,EMPSX0057,SX-RB01-FILL,灌注机岗,1,3,11.0,8.0,3.0,,FULL62-W1
SX,SX-RB01,2026-07-22,夜班,N12,EMPSX0077,SX-RB01-LOADER,装卸箱机岗,0,3,11.0,8.0,3.0,,FULL62-W1
SX,SX-RB01,2026-07-22,夜班,N12,EMPSX0100,SX-RB01-QC-BOTTLE,空瓶检测岗,1,3,11.0,8.0,3.0,,FULL62-W1
SX,SX-RB01,2026-07-22,夜班,N12,EMPSX0092,SX-RB01-QC-FGI1,成品目检岗1,1,3,11.0,8.0,3.0,,FULL62-W1
SX,SX-RB01,2026-07-22,夜班,N12,EMPSX0094,SX-RB01-QC-FGI2,成品目检岗2,1,3,11.0,8.0,3.0,,FULL62-W1
SX,SX-RB01,2026-07-22,夜班,N12,EMPSX0084,SX-RB01-WASHER,洗瓶机岗,0,3,11.0,8.0,3.0,,FULL62-W1
SX,SX-SYRUP,2026-07-22,夜班,N12,EMPSX0120,SX-SYRUP-SYRUP-POST1,后糖岗1,1,3,11.0,8.0,3.0,,FULL62-W1
SX,SX-SYRUP,2026-07-22,夜班,N12,EMPSX0122,SX-SYRUP-SYRUP-POST2,后糖岗2,1,3,11.0,8.0,3.0,,FULL62-W1
SX,SX-UTIL,2026-07-22,夜班,N12,EMPSX0127,SX-UTIL-WWTP,污水处理岗,0,4,11.0,8.0,3.0,,FULL62-W1
HB,HB-AS01,2026-07-23,白班,D12,EMPHB0306,HB-AS01-CARTON,上纸箱岗,0,4,11.0,8.0,3.0,,FULL62-W1
HB,HB-AS01,2026-07-23,白班,D12,EMPHB0282,HB-AS01-FILL,灌注机岗,1,4,11.0,8.0,3.0,,FULL62-W1
HB,HB-AS01,2026-07-23,白班,D12,EMPHB0254,HB-AS01-HANDLE-1,提扣机岗1,0,3,11.0,8.0,3.0,,FULL62-W1
HB,HB-AS01,2026-07-23,白班,D12,EMPHB0301,HB-AS01-HANDLE-2,提扣机岗2,0,4,11.0,8.0,3.0,,FULL62-W1
HB,HB-AS01,2026-07-23,白班,D12,EMPHB0240,HB-AS01-LABEL,贴标机岗,0,3,11.0,8.0,3.0,,FULL62-W1
HB,HB-AS01,2026-07-23,白班,D12,EMPHB0223,HB-AS01-PACK-SHRINK,膜包机岗,0,3,11.0,8.0,3.0,,FULL62-W1
HB,HB-AS01,2026-07-23,白班,D12,EMPHB0226,HB-AS01-PALLET,码垛机岗,0,3,11.0,8.0,3.0,,FULL62-W1
HB,HB-AS01,2026-07-23,白班,D12,EMPHB0273,HB-AS01-SHIFT-LEADER,生产领班,1,3,11.0,8.0,3.0,,FULL62-W1
HB,HB-AS01,2026-07-23,白班,D12,EMPHB0311,HB-AS01-UHT-2,UHT&调配&果肉操作2,1,3,11.0,8.0,3.0,,FULL62-W1
HB,HB-AS01,2026-07-23,白班,D12,EMPHB0255,HB-AS01-UHT-AUX,辅助工,0,3,11.0,8.0,3.0,,FULL62-W1
HB,HB-ENG,2026-07-23,白班,D12,EMPHB0322,HB-ENG-ELEC-1,电气维修工程师1,1,4,11.0,8.0,3.0,,FULL62-W1
HB,HB-ENG2,2026-07-23,白班,D12,EMPHB0345,HB-ENG2-AIRCOMP,空压岗,1,3,11.0,8.0,3.0,,FULL62-W1
HB,HB-ENG2,2026-07-23,白班,D12,EMPHB0343,HB-ENG2-BOILER,锅炉岗,0,3,11.0,8.0,3.0,,FULL62-W1
HB,HB-ENG2,2026-07-23,白班,D12,EMPHB0335,HB-ENG2-ELEC-OUT1,外围电工1,1,4,11.0,8.0,3.0,,FULL62-W1
HB,HB-ENG2,2026-07-23,白班,D12,EMPHB0352,HB-ENG2-WWTP,污水岗,0,3,11.0,8.0,3.0,,FULL62-W1
HB,HB-PET01,2026-07-23,白班,D12,EMPHB0277,HB-PET01-BLOW,吹瓶机岗,1,3,11.0,8.0,3.0,,FULL62-W1
HB,HB-PET01,2026-07-23,白班,D12,EMPHB0279,HB-PET01-FILL,灌注机岗,1,3,11.0,8.0,3.0,,FULL62-W1
HB,HB-PET01,2026-07-23,白班,D12,EMPHB0250,HB-PET01-HANDLE-1,提扣机岗1,0,3,11.0,8.0,3.0,,FULL62-W1
HB,HB-PET01,2026-07-23,白班,D12,EMPHB0211,HB-PET01-HANDLE-2,提扣机岗2,0,4,11.0,8.0,3.0,,FULL62-W1
HB,HB-PET01,2026-07-23,白班,D12,EMPHB0241,HB-PET01-PACK-SHRINK,膜包机岗,0,4,11.0,8.0,3.0,,FULL62-W1
HB,HB-PET01,2026-07-23,白班,D12,EMPHB0202,HB-PET01-PALLET,码垛机岗,0,3,11.0,8.0,3.0,,FULL62-W1
HB,HB-PET01,2026-07-23,白班,D12,EMPHB0274,HB-PET01-SHIFT-ENG,倒班工程师,1,3,11.0,8.0,3.0,,FULL62-W1
HB,HB-PET02,2026-07-23,白班,D12,EMPHB0216,HB-PET02-BLOW-FILL,吹瓶、灌装岗位,1,3,11.0,8.0,3.0,,FULL62-W1
HB,HB-PET02,2026-07-23,白班,D12,EMPHB0284,HB-PET02-LABEL,贴标机岗,0,3,11.0,8.0,3.0,,FULL62-W1
HB,HB-PET02,2026-07-23,白班,D12,EMPHB0218,HB-PET02-PACK-SHRINK,膜包机岗,0,3,11.0,8.0,3.0,,FULL62-W1
HB,HB-PET02,2026-07-23,白班,D12,EMPHB0247,HB-PET02-PALLET,码垛机岗,0,3,11.0,8.0,3.0,,FULL62-W1
HB,HB-PET03,2026-07-23,白班,D12,EMPHB0188,HB-PET03-BLOW,吹瓶机岗,1,3,11.0,8.0,3.0,,FULL62-W1
HB,HB-PET03,2026-07-23,白班,D12,EMPHB0206,HB-PET03-HANDLE-1,提扣机岗1,0,4,11.0,8.0,3.0,,FULL62-W1
HB,HB-PET03,2026-07-23,白班,D12,EMPHB0300,HB-PET03-HANDLE-2,提扣机岗2,0,3,11.0,8.0,3.0,,FULL62-W1
HB,HB-PET03,2026-07-23,白班,D12,EMPHB0200,HB-PET03-PACK-SHRINK,膜包机岗,0,3,11.0,8.0,3.0,,FULL62-W1
HB,HB-PET03,2026-07-23,白班,D12,EMPHB0204,HB-PET03-PALLET,码垛机岗,0,3,11.0,8.0,3.0,,FULL62-W1
HB,HB-QC,2026-07-23,白班,D12,EMPHB0357,HB-QC-QC-RM-AS,无菌线原物料品控,1,3,11.0,8.0,3.0,,FULL62-W1
HB,HB-QC,2026-07-23,白班,D12,EMPHB0354,HB-QC-QC-RM-SODA,汽水线原物料品控,1,3,11.0,8.0,3.0,,FULL62-W1
HB,HB-SYRUP,2026-07-23,白班,D12,EMPHB0266,HB-SYRUP-SYRUP-POST1,后糖岗1,1,4,11.0,8.0,3.0,,FULL62-W1
HB,HB-SYRUP,2026-07-23,白班,D12,EMPHB0269,HB-SYRUP-SYRUP-POST2,后糖岗2,1,4,11.0,8.0,3.0,,FULL62-W1
HB,HB-SYRUP,2026-07-23,白班,D12,EMPHB0260,HB-SYRUP-WATER,水处理操作岗,1,3,11.0,8.0,3.0,,FULL62-W1
SX,SX-BIB01,2026-07-23,白班,D12,EMPSX0103,SX-BIB01-FILL,灌装岗,1,3,11.0,8.0,3.0,,FULL62-W1
SX,SX-BIB01,2026-07-23,白班,D12,EMPSX0113,SX-BIB01-PACK-3,包装岗3,0,4,11.0,8.0,3.0,,FULL62-W1
SX,SX-CAN01,2026-07-23,白班,D12,EMPSX0056,SX-CAN01-DEPAL-CAN,卸罐机岗,0,3,11.0,8.0,3.0,,FULL62-W1
SX,SX-CAN01,2026-07-23,白班,D12,EMPSX0070,SX-CAN01-PACK-MULTI,多包装机,0,4,11.0,8.0,3.0,,FULL62-W1
SX,SX-CAN01,2026-07-23,白班,D12,EMPSX0010,SX-CAN01-PACK-SHRINK,塑包机岗,0,3,11.0,8.0,3.0,,FULL62-W1
SX,SX-CAN01,2026-07-23,白班,D12,EMPSX0067,SX-CAN01-PALLET,码垛机岗,0,3,11.0,8.0,3.0,,FULL62-W1
SX,SX-PET01,2026-07-23,白班,D12,EMPSX0001,SX-PET01-BLOW-LABEL,吹贴机岗,1,3,11.0,8.0,3.0,,FULL62-W1
SX,SX-PET01,2026-07-23,白班,D12,EMPSX0018,SX-PET01-FGI,FGI岗,0,4,11.0,8.0,3.0,,FULL62-W1
SX,SX-PET01,2026-07-23,白班,D12,EMPSX0013,SX-PET01-PALLET,码垛机岗,0,3,11.0,8.0,3.0,,FULL62-W1
SX,SX-PET01,2026-07-23,白班,D12,EMPSX0050,SX-PET01-PALLET-LABEL,垛贴码岗,0,3,11.0,8.0,3.0,,FULL62-W1
SX,SX-PET02,2026-07-23,白班,D12,EMPSX0033,SX-PET02-LABEL,贴标机岗,0,3,11.0,8.0,3.0,,FULL62-W1
SX,SX-PET02,2026-07-23,白班,D12,EMPSX0011,SX-PET02-PACK-SHRINK,塑包机岗,0,3,11.0,8.0,3.0,,FULL62-W1
SX,SX-PET02,2026-07-23,白班,D12,EMPSX0045,SX-PET02-PALLET,码垛机岗,0,3,11.0,8.0,3.0,,FULL62-W1
SX,SX-PET02,2026-07-23,白班,D12,EMPSX0024,SX-PET02-PALLET-LABEL,垛贴码岗,0,3,11.0,8.0,3.0,,FULL62-W1
SX,SX-QC,2026-07-23,白班,D12,EMPSX0153,SX-QC-QC-AUX,辅线品控（水、糖、BIB）,1,3,11.0,8.0,3.0,,FULL62-W1
SX,SX-QC,2026-07-23,白班,D12,EMPSX0180,SX-QC-QC-BLOW,吹瓶品控,1,3,11.0,8.0,3.0,,FULL62-W1
SX,SX-QC,2026-07-23,白班,D12,EMPSX0169,SX-QC-QC-IP-CAN,CAN线品控,1,4,11.0,8.0,3.0,,FULL62-W1
SX,SX-QC,2026-07-23,白班,D12,EMPSX0163,SX-QC-QC-IP-PET1,PET线品控1,1,3,11.0,8.0,3.0,,FULL62-W1
SX,SX-QC,2026-07-23,白班,D12,EMPSX0168,SX-QC-QC-IP-PET2,PET线品控2,1,4,11.0,8.0,3.0,,FULL62-W1
SX,SX-QC,2026-07-23,白班,D12,EMPSX0173,SX-QC-QC-IP-RB,RB线品控,1,3,11.0,8.0,3.0,,FULL62-W1
SX,SX-RB01,2026-07-23,白班,D12,EMPSX0075,SX-RB01-DEPAL,码卸垛机岗,0,3,11.0,8.0,3.0,,FULL62-W1
SX,SX-RB01,2026-07-23,白班,D12,EMPSX0088,SX-RB01-FILL,灌注机岗,1,3,11.0,8.0,3.0,,FULL62-W1
SX,SX-RB01,2026-07-23,白班,D12,EMPSX0089,SX-RB01-QC-FGI1,成品目检岗1,1,3,11.0,8.0,3.0,,FULL62-W1
SX,SX-RB01,2026-07-23,白班,D12,EMPSX0082,SX-RB01-WASHER,洗瓶机岗,0,3,11.0,8.0,3.0,,FULL62-W1
SX,SX-SYRUP,2026-07-23,白班,D12,EMPSX0118,SX-SYRUP-SYRUP-POST1,后糖岗1,1,3,11.0,8.0,3.0,,FULL62-W1
SX,SX-SYRUP,2026-07-23,白班,D12,EMPSX0123,SX-SYRUP-SYRUP-POST2,后糖岗2,1,3,11.0,8.0,3.0,,FULL62-W1
HB,HB-ENG,2026-07-23,常白班,D8,EMPHB0323,HB-ENG-ELEC-2,电气维修工程师2,1,4,8.0,8.0,0.0,,FULL62-W1
HB,HB-ENG,2026-07-23,常白班,D8,EMPHB0325,HB-ENG-ENG-BLOW,吹瓶机工程师,1,3,8.0,8.0,0.0,,FULL62-W1
HB,HB-ENG,2026-07-23,常白班,D8,EMPHB0328,HB-ENG-ENG-FILL,灌装机工程师,1,3,8.0,8.0,0.0,,FULL62-W1
HB,HB-ENG,2026-07-23,常白班,D8,EMPHB0329,HB-ENG-ENG-LABEL,贴标机工程师,1,3,8.0,8.0,0.0,,FULL62-W1
HB,HB-ENG,2026-07-23,常白班,D8,EMPHB0332,HB-ENG-ENG-PACK,膜包机工程师,1,3,8.0,8.0,0.0,,FULL62-W1
HB,HB-ENG,2026-07-23,常白班,D8,EMPHB0334,HB-ENG-ENG-PALLET,码垛机工程师,1,3,8.0,8.0,0.0,,FULL62-W1
HB,HB-ENG2,2026-07-23,常白班,D8,EMPHB0340,HB-ENG2-ELEC-OUT2,外围电工2,1,4,8.0,8.0,0.0,,FULL62-W1
HB,HB-QC,2026-07-23,常白班,D8,EMPHB0363,HB-QC-QC-MICRO-AS1,无菌线微生物品控1,1,3,8.0,8.0,0.0,,FULL62-W1
HB,HB-QC,2026-07-23,常白班,D8,EMPHB0365,HB-QC-QC-MICRO-AS2,无菌线微生物品控2,1,3,8.0,8.0,0.0,,FULL62-W1
HB,HB-QC,2026-07-23,常白班,D8,EMPHB0367,HB-QC-QC-MICRO-AS3,无菌线微生物品控3,1,3,8.0,8.0,0.0,,FULL62-W1
HB,HB-QC,2026-07-23,常白班,D8,EMPHB0362,HB-QC-QC-MICRO-SODA,汽水线微生物品控,1,3,8.0,8.0,0.0,,FULL62-W1
HB,HB-SYRUP,2026-07-23,常白班,D8,EMPHB0261,HB-SYRUP-SYRUP-PRE,前糖岗,1,3,8.0,8.0,0.0,,FULL62-W1
SX,SX-ENG,2026-07-23,常白班,D8,EMPSX0134,SX-ENG-ELEC-LINE2,生产线电工2,1,3,8.0,8.0,0.0,,FULL62-W1
SX,SX-ENG,2026-07-23,常白班,D8,EMPSX0136,SX-ENG-ELEC-OUT,外围电工,1,4,8.0,8.0,0.0,,FULL62-W1
SX,SX-QC,2026-07-23,常白班,D8,EMPSX0160,SX-QC-QC-MICRO,微生物品控,1,4,8.0,8.0,0.0,,FULL62-W1
SX,SX-QC,2026-07-23,常白班,D8,EMPSX0157,SX-QC-QC-RM,原物料品控,1,3,8.0,8.0,0.0,,FULL62-W1
SX,SX-SYRUP,2026-07-23,常白班,D8,EMPSX0116,SX-SYRUP-SYRUP-PRE,前糖岗,1,3,8.0,8.0,0.0,,FULL62-W1
SX,SX-UTIL,2026-07-23,常白班,D8,EMPSX0125,SX-UTIL-WATER,水处理操作岗,1,3,8.0,8.0,0.0,,FULL62-W1
HB,HB-AS01,2026-07-23,夜班,N12,EMPHB0315,HB-AS01-CARTON,上纸箱岗,0,2,11.0,8.0,3.0,,FULL62-W1
HB,HB-AS01,2026-07-23,夜班,N12,EMPHB0192,HB-AS01-FILL,灌注机岗,1,3,11.0,8.0,3.0,,FULL62-W1
HB,HB-AS01,2026-07-23,夜班,N12,EMPHB0295,HB-AS01-HANDLE-1,提扣机岗1,0,3,11.0,8.0,3.0,,FULL62-W1
HB,HB-AS01,2026-07-23,夜班,N12,EMPHB0302,HB-AS01-HANDLE-2,提扣机岗2,0,3,11.0,8.0,3.0,,FULL62-W1
HB,HB-AS01,2026-07-23,夜班,N12,EMPHB0194,HB-AS01-LABEL,贴标机岗,0,4,11.0,8.0,3.0,,FULL62-W1
HB,HB-AS01,2026-07-23,夜班,N12,EMPHB0198,HB-AS01-PACK-SHRINK,膜包机岗,0,3,11.0,8.0,3.0,,FULL62-W1
HB,HB-AS01,2026-07-23,夜班,N12,EMPHB0272,HB-AS01-SHIFT-LEADER,生产领班,1,3,11.0,8.0,3.0,,FULL62-W1
HB,HB-AS01,2026-07-23,夜班,N12,EMPHB0309,HB-AS01-UHT-1,UHT&调配&果肉操作1,1,3,11.0,8.0,3.0,,FULL62-W1
HB,HB-AS01,2026-07-23,夜班,N12,EMPHB0312,HB-AS01-UHT-2,UHT&调配&果肉操作2,1,3,11.0,8.0,3.0,,FULL62-W1
HB,HB-AS01,2026-07-23,夜班,N12,EMPHB0316,HB-AS01-UHT-AUX,辅助工,0,3,11.0,8.0,3.0,,FULL62-W1
HB,HB-ENG,2026-07-23,夜班,N12,EMPHB0319,HB-ENG-ELEC-1,电气维修工程师1,1,3,11.0,8.0,3.0,,FULL62-W1
HB,HB-ENG2,2026-07-23,夜班,N12,EMPHB0348,HB-ENG2-AIRCOMP,空压岗,1,4,11.0,8.0,3.0,F,FULL62-W1
HB,HB-ENG2,2026-07-23,夜班,N12,EMPHB0336,HB-ENG2-ELEC-OUT1,外围电工1,1,3,11.0,8.0,3.0,F,FULL62-W1
HB,HB-PET01,2026-07-23,夜班,N12,EMPHB0281,HB-PET01-FILL,灌注机岗,1,4,11.0,8.0,3.0,,FULL62-W1
HB,HB-PET01,2026-07-23,夜班,N12,EMPHB0297,HB-PET01-HANDLE-2,提扣机岗2,0,1,11.0,8.0,3.0,,FULL62-W1
HB,HB-PET01,2026-07-23,夜班,N12,EMPHB0193,HB-PET01-LABEL,贴标机岗,0,3,11.0,8.0,3.0,,FULL62-W1
HB,HB-PET01,2026-07-23,夜班,N12,EMPHB0290,HB-PET01-PACK-SHRINK,膜包机岗,0,3,11.0,8.0,3.0,,FULL62-W1
HB,HB-PET01,2026-07-23,夜班,N12,EMPHB0246,HB-PET01-PALLET,码垛机岗,0,4,11.0,8.0,3.0,,FULL62-W1
HB,HB-PET01,2026-07-23,夜班,N12,EMPHB0184,HB-PET01-SHIFT-ENG,倒班工程师,1,4,11.0,8.0,3.0,,FULL62-W1
HB,HB-PET02,2026-07-23,夜班,N12,EMPHB0213,HB-PET02-BLOW-FILL,吹瓶、灌装岗位,1,3,11.0,8.0,3.0,,FULL62-W1
HB,HB-PET02,2026-07-23,夜班,N12,EMPHB0195,HB-PET02-LABEL,贴标机岗,0,3,11.0,8.0,3.0,,FULL62-W1
HB,HB-PET02,2026-07-23,夜班,N12,EMPHB0287,HB-PET02-PACK-SHRINK,膜包机岗,0,3,11.0,8.0,3.0,,FULL62-W1
HB,HB-PET02,2026-07-23,夜班,N12,EMPHB0248,HB-PET02-PALLET,码垛机岗,0,3,11.0,8.0,3.0,,FULL62-W1
HB,HB-PET03,2026-07-23,夜班,N12,EMPHB0229,HB-PET03-BLOW,吹瓶机岗,1,4,11.0,8.0,3.0,,FULL62-W1
HB,HB-PET03,2026-07-23,夜班,N12,EMPHB0236,HB-PET03-FILL,灌注机岗,1,3,11.0,8.0,3.0,,FULL62-W1
HB,HB-PET03,2026-07-23,夜班,N12,EMPHB0298,HB-PET03-HANDLE-1,提扣机岗1,0,3,11.0,8.0,3.0,,FULL62-W1
HB,HB-PET03,2026-07-23,夜班,N12,EMPHB0253,HB-PET03-HANDLE-2,提扣机岗2,0,3,11.0,8.0,3.0,,FULL62-W1
HB,HB-PET03,2026-07-23,夜班,N12,EMPHB0238,HB-PET03-LABEL,贴标机岗,0,3,11.0,8.0,3.0,,FULL62-W1
HB,HB-PET03,2026-07-23,夜班,N12,EMPHB0203,HB-PET03-PALLET,码垛机岗,0,3,11.0,8.0,3.0,,FULL62-W1
HB,HB-QC,2026-07-23,夜班,N12,EMPHB0360,HB-QC-QC-RM-AS,无菌线原物料品控,1,3,11.0,8.0,3.0,,FULL62-W1
HB,HB-QC,2026-07-23,夜班,N12,EMPHB0355,HB-QC-QC-RM-SODA,汽水线原物料品控,1,4,11.0,8.0,3.0,,FULL62-W1
HB,HB-QC2,2026-07-23,夜班,N12,EMPHB0384,HB-QC2-QC-BLOW,吹瓶品控,1,3,11.0,8.0,3.0,,FULL62-W1
HB,HB-QC2,2026-07-23,夜班,N12,EMPHB0389,HB-QC2-QC-IP-AS,无菌线制程品控,1,3,11.0,8.0,3.0,,FULL62-W1
HB,HB-QC2,2026-07-23,夜班,N12,EMPHB0371,HB-QC2-QC-IP-PET01,PET01线制程品控,1,3,11.0,8.0,3.0,,FULL62-W1
HB,HB-QC2,2026-07-23,夜班,N12,EMPHB0376,HB-QC2-QC-IP-PET02,PET02线制程品控,1,3,11.0,8.0,3.0,,FULL62-W1
HB,HB-QC2,2026-07-23,夜班,N12,EMPHB0377,HB-QC2-QC-IP-PET03,PET03线制程品控,1,3,11.0,8.0,3.0,,FULL62-W1
HB,HB-QC2,2026-07-23,夜班,N12,EMPHB0386,HB-QC2-QC-WATER,水糖品控,1,3,11.0,8.0,3.0,,FULL62-W1
HB,HB-SYRUP,2026-07-23,夜班,N12,EMPHB0264,HB-SYRUP-SYRUP-POST1,后糖岗1,1,4,11.0,8.0,3.0,,FULL62-W1
HB,HB-SYRUP,2026-07-23,夜班,N12,EMPHB0267,HB-SYRUP-SYRUP-POST2,后糖岗2,1,4,11.0,8.0,3.0,,FULL62-W1
HB,HB-SYRUP,2026-07-23,夜班,N12,EMPHB0259,HB-SYRUP-WATER,水处理操作岗,1,4,11.0,8.0,3.0,,FULL62-W1
SX,SX-BIB01,2026-07-23,夜班,N12,EMPSX0102,SX-BIB01-FILL,灌装岗,1,3,11.0,8.0,3.0,,FULL62-W1
SX,SX-BIB01,2026-07-23,夜班,N12,EMPSX0107,SX-BIB01-PACK-1,包装岗1,0,3,11.0,8.0,3.0,,FULL62-W1
SX,SX-BIB01,2026-07-23,夜班,N12,EMPSX0112,SX-BIB01-PACK-2,包装岗2,0,3,11.0,8.0,3.0,,FULL62-W1
SX,SX-CAN01,2026-07-23,夜班,N12,EMPSX0054,SX-CAN01-DEPAL-CAN,卸罐机岗,0,4,11.0,8.0,3.0,,FULL62-W1
SX,SX-CAN01,2026-07-23,夜班,N12,EMPSX0040,SX-CAN01-FILL,灌注机岗,1,3,11.0,8.0,3.0,,FULL62-W1
SX,SX-CAN01,2026-07-23,夜班,N12,EMPSX0071,SX-CAN01-PACK-MULTI,多包装机,0,4,11.0,8.0,3.0,,FULL62-W1
SX,SX-PET01,2026-07-23,夜班,N12,EMPSX0003,SX-PET01-BLOW-LABEL,吹贴机岗,1,4,11.0,8.0,3.0,,FULL62-W1
SX,SX-PET01,2026-07-23,夜班,N12,EMPSX0019,SX-PET01-FGI,FGI岗,0,3,11.0,8.0,3.0,,FULL62-W1
SX,SX-PET01,2026-07-23,夜班,N12,EMPSX0086,SX-PET01-FILL,灌注机岗,1,3,11.0,8.0,3.0,,FULL62-W1
SX,SX-PET01,2026-07-23,夜班,N12,EMPSX0041,SX-PET01-PACK-SHRINK,塑包机岗,0,3,11.0,8.0,3.0,,FULL62-W1
SX,SX-PET01,2026-07-23,夜班,N12,EMPSX0068,SX-PET01-PALLET,码垛机岗,0,3,11.0,8.0,3.0,,FULL62-W1
SX,SX-PET01,2026-07-23,夜班,N12,EMPSX0051,SX-PET01-PALLET-LABEL,垛贴码岗,0,3,11.0,8.0,3.0,,FULL62-W1
SX,SX-PET02,2026-07-23,夜班,N12,EMPSX0038,SX-PET02-FILL,灌注机岗,1,3,11.0,8.0,3.0,,FULL62-W1
SX,SX-PET02,2026-07-23,夜班,N12,EMPSX0044,SX-PET02-PACK-SHRINK,塑包机岗,0,4,11.0,8.0,3.0,,FULL62-W1
SX,SX-PET02,2026-07-23,夜班,N12,EMPSX0021,SX-PET02-PALLET,码垛机岗,0,3,11.0,8.0,3.0,,FULL62-W1
SX,SX-PET02,2026-07-23,夜班,N12,EMPSX0015,SX-PET02-PALLET-LABEL,垛贴码岗,0,2,11.0,8.0,3.0,,FULL62-W1
SX,SX-QC,2026-07-23,夜班,N12,EMPSX0155,SX-QC-QC-AUX,辅线品控（水、糖、BIB）,1,3,11.0,8.0,3.0,B,FULL62-W1
SX,SX-QC,2026-07-23,夜班,N12,EMPSX0178,SX-QC-QC-BLOW,吹瓶品控,1,4,11.0,8.0,3.0,B,FULL62-W1
SX,SX-QC,2026-07-23,夜班,N12,EMPSX0171,SX-QC-QC-IP-CAN,CAN线品控,1,3,11.0,8.0,3.0,B,FULL62-W1
SX,SX-QC,2026-07-23,夜班,N12,EMPSX0161,SX-QC-QC-IP-PET1,PET线品控1,1,3,11.0,8.0,3.0,B,FULL62-W1
SX,SX-QC,2026-07-23,夜班,N12,EMPSX0167,SX-QC-QC-IP-PET2,PET线品控2,1,4,11.0,8.0,3.0,B,FULL62-W1
SX,SX-QC,2026-07-23,夜班,N12,EMPSX0176,SX-QC-QC-IP-RB,RB线品控,1,3,11.0,8.0,3.0,B,FULL62-W1
SX,SX-RB01,2026-07-23,夜班,N12,EMPSX0074,SX-RB01-DEPAL,码卸垛机岗,0,3,11.0,8.0,3.0,,FULL62-W1
SX,SX-RB01,2026-07-23,夜班,N12,EMPSX0077,SX-RB01-LOADER,装卸箱机岗,0,3,11.0,8.0,3.0,,FULL62-W1
SX,SX-RB01,2026-07-23,夜班,N12,EMPSX0097,SX-RB01-QC-BOTTLE,空瓶检测岗,1,3,11.0,8.0,3.0,,FULL62-W1
SX,SX-RB01,2026-07-23,夜班,N12,EMPSX0090,SX-RB01-QC-FGI1,成品目检岗1,1,3,11.0,8.0,3.0,,FULL62-W1
SX,SX-RB01,2026-07-23,夜班,N12,EMPSX0093,SX-RB01-QC-FGI2,成品目检岗2,1,3,11.0,8.0,3.0,,FULL62-W1
SX,SX-RB01,2026-07-23,夜班,N12,EMPSX0083,SX-RB01-WASHER,洗瓶机岗,0,3,11.0,8.0,3.0,,FULL62-W1
SX,SX-SYRUP,2026-07-23,夜班,N12,EMPSX0119,SX-SYRUP-SYRUP-POST1,后糖岗1,1,3,11.0,8.0,3.0,,FULL62-W1
SX,SX-UTIL,2026-07-23,夜班,N12,EMPSX0127,SX-UTIL-WWTP,污水处理岗,0,4,11.0,8.0,3.0,,FULL62-W1
HB,HB-AS01,2026-07-24,白班,D12,EMPHB0187,HB-AS01-BLOW,吹瓶机岗,1,3,11.0,8.0,3.0,,FULL62-W1
HB,HB-AS01,2026-07-24,白班,D12,EMPHB0304,HB-AS01-CARTON,上纸箱岗,0,3,11.0,8.0,3.0,,FULL62-W1
HB,HB-AS01,2026-07-24,白班,D12,EMPHB0190,HB-AS01-FILL,灌注机岗,1,4,11.0,8.0,3.0,,FULL62-W1
HB,HB-AS01,2026-07-24,白班,D12,EMPHB0206,HB-AS01-HANDLE-1,提扣机岗1,0,4,11.0,8.0,3.0,,FULL62-W1
HB,HB-AS01,2026-07-24,白班,D12,EMPHB0284,HB-AS01-LABEL,贴标机岗,0,3,11.0,8.0,3.0,,FULL62-W1
HB,HB-AS01,2026-07-24,白班,D12,EMPHB0224,HB-AS01-PACK-SHRINK,膜包机岗,0,4,11.0,8.0,3.0,,FULL62-W1
HB,HB-AS01,2026-07-24,白班,D12,EMPHB0247,HB-AS01-PALLET,码垛机岗,0,3,11.0,8.0,3.0,,FULL62-W1
HB,HB-AS01,2026-07-24,白班,D12,EMPHB0307,HB-AS01-UHT-1,UHT&调配&果肉操作1,1,4,11.0,8.0,3.0,,FULL62-W1
HB,HB-AS01,2026-07-24,白班,D12,EMPHB0311,HB-AS01-UHT-2,UHT&调配&果肉操作2,1,3,11.0,8.0,3.0,,FULL62-W1
HB,HB-AS01,2026-07-24,白班,D12,EMPHB0255,HB-AS01-UHT-AUX,辅助工,0,3,11.0,8.0,3.0,,FULL62-W1
HB,HB-ENG,2026-07-24,白班,D12,EMPHB0322,HB-ENG-ELEC-1,电气维修工程师1,1,4,11.0,8.0,3.0,,FULL62-W1
HB,HB-ENG2,2026-07-24,白班,D12,EMPHB0346,HB-ENG2-AIRCOMP,空压岗,1,3,11.0,8.0,3.0,,FULL62-W1
HB,HB-ENG2,2026-07-24,白班,D12,EMPHB0343,HB-ENG2-BOILER,锅炉岗,0,3,11.0,8.0,3.0,,FULL62-W1
HB,HB-ENG2,2026-07-24,白班,D12,EMPHB0335,HB-ENG2-ELEC-OUT1,外围电工1,1,4,11.0,8.0,3.0,,FULL62-W1
HB,HB-PET01,2026-07-24,白班,D12,EMPHB0185,HB-PET01-BLOW,吹瓶机岗,1,3,11.0,8.0,3.0,,FULL62-W1
HB,HB-PET01,2026-07-24,白班,D12,EMPHB0282,HB-PET01-FILL,灌注机岗,1,4,11.0,8.0,3.0,,FULL62-W1
HB,HB-PET01,2026-07-24,白班,D12,EMPHB0296,HB-PET01-HANDLE-1,提扣机岗1,0,3,11.0,8.0,3.0,,FULL62-W1
HB,HB-PET01,2026-07-24,白班,D12,EMPHB0237,HB-PET01-LABEL,贴标机岗,0,3,11.0,8.0,3.0,,FULL62-W1
HB,HB-PET01,2026-07-24,白班,D12,EMPHB0242,HB-PET01-PACK-SHRINK,膜包机岗,0,3,11.0,8.0,3.0,,FULL62-W1
HB,HB-PET01,2026-07-24,白班,D12,EMPHB0291,HB-PET01-PALLET,码垛机岗,0,3,11.0,8.0,3.0,,FULL62-W1
HB,HB-PET01,2026-07-24,白班,D12,EMPHB0274,HB-PET01-SHIFT-ENG,倒班工程师,1,3,11.0,8.0,3.0,,FULL62-W1
HB,HB-PET02,2026-07-24,白班,D12,EMPHB0215,HB-PET02-BLOW-FILL,吹瓶、灌装岗位,1,3,11.0,8.0,3.0,,FULL62-W1
HB,HB-PET02,2026-07-24,白班,D12,EMPHB0288,HB-PET02-PACK-SHRINK,膜包机岗,0,3,11.0,8.0,3.0,,FULL62-W1
HB,HB-PET02,2026-07-24,白班,D12,EMPHB0227,HB-PET02-PALLET,码垛机岗,0,4,11.0,8.0,3.0,,FULL62-W1
HB,HB-PET03,2026-07-24,白班,D12,EMPHB0186,HB-PET03-BLOW,吹瓶机岗,1,3,11.0,8.0,3.0,,FULL62-W1
HB,HB-PET03,2026-07-24,白班,D12,EMPHB0208,HB-PET03-HANDLE-1,提扣机岗1,0,4,11.0,8.0,3.0,,FULL62-W1
HB,HB-PET03,2026-07-24,白班,D12,EMPHB0211,HB-PET03-HANDLE-2,提扣机岗2,0,4,11.0,8.0,3.0,,FULL62-W1
HB,HB-PET03,2026-07-24,白班,D12,EMPHB0289,HB-PET03-PACK-SHRINK,膜包机岗,0,3,11.0,8.0,3.0,,FULL62-W1
HB,HB-PET03,2026-07-24,白班,D12,EMPHB0225,HB-PET03-PALLET,码垛机岗,0,3,11.0,8.0,3.0,,FULL62-W1
HB,HB-QC,2026-07-24,白班,D12,EMPHB0357,HB-QC-QC-RM-AS,无菌线原物料品控,1,3,11.0,8.0,3.0,,FULL62-W1
HB,HB-QC,2026-07-24,白班,D12,EMPHB0356,HB-QC-QC-RM-SODA,汽水线原物料品控,1,3,11.0,8.0,3.0,,FULL62-W1
HB,HB-QC2,2026-07-24,白班,D12,EMPHB0381,HB-QC2-QC-BLOW,吹瓶品控,1,3,11.0,8.0,3.0,,FULL62-W1
HB,HB-QC2,2026-07-24,白班,D12,EMPHB0392,HB-QC2-QC-IP-AS,无菌线制程品控,1,3,11.0,8.0,3.0,,FULL62-W1
HB,HB-QC2,2026-07-24,白班,D12,EMPHB0369,HB-QC2-QC-IP-PET01,PET01线制程品控,1,3,11.0,8.0,3.0,,FULL62-W1
HB,HB-QC2,2026-07-24,白班,D12,EMPHB0375,HB-QC2-QC-IP-PET02,PET02线制程品控,1,3,11.0,8.0,3.0,,FULL62-W1
HB,HB-QC2,2026-07-24,白班,D12,EMPHB0379,HB-QC2-QC-IP-PET03,PET03线制程品控,1,3,11.0,8.0,3.0,,FULL62-W1
HB,HB-QC2,2026-07-24,白班,D12,EMPHB0387,HB-QC2-QC-WATER,水糖品控,1,3,11.0,8.0,3.0,,FULL62-W1
HB,HB-SYRUP,2026-07-24,白班,D12,EMPHB0263,HB-SYRUP-SYRUP-POST1,后糖岗1,1,4,11.0,8.0,3.0,,FULL62-W1
HB,HB-SYRUP,2026-07-24,白班,D12,EMPHB0257,HB-SYRUP-WATER,水处理操作岗,1,3,11.0,8.0,3.0,,FULL62-W1
SX,SX-BIB01,2026-07-24,白班,D12,EMPSX0101,SX-BIB01-FILL,灌装岗,1,4,11.0,8.0,3.0,,FULL62-W1
SX,SX-BIB01,2026-07-24,白班,D12,EMPSX0106,SX-BIB01-PACK-1,包装岗1,0,3,11.0,8.0,3.0,,FULL62-W1
SX,SX-BIB01,2026-07-24,白班,D12,EMPSX0036,SX-BIB01-PACK-2,包装岗2,0,3,11.0,8.0,3.0,,FULL62-W1
SX,SX-BIB01,2026-07-24,白班,D12,EMPSX0113,SX-BIB01-PACK-3,包装岗3,0,4,11.0,8.0,3.0,,FULL62-W1
SX,SX-CAN01,2026-07-24,白班,D12,EMPSX0056,SX-CAN01-DEPAL-CAN,卸罐机岗,0,3,11.0,8.0,3.0,,FULL62-W1
SX,SX-CAN01,2026-07-24,白班,D12,EMPSX0059,SX-CAN01-FILL,灌注机岗,1,4,11.0,8.0,3.0,,FULL62-W1
SX,SX-CAN01,2026-07-24,白班,D12,EMPSX0070,SX-CAN01-PACK-MULTI,多包装机,0,4,11.0,8.0,3.0,,FULL62-W1
SX,SX-CAN01,2026-07-24,白班,D12,EMPSX0046,SX-CAN01-PALLET,码垛机岗,0,3,11.0,8.0,3.0,,FULL62-W1
SX,SX-ENG,2026-07-24,白班,D12,EMPSX0138,SX-ENG-AIRCOMP,制冷空压机岗,1,4,11.0,8.0,3.0,,FULL62-W1
SX,SX-ENG,2026-07-24,白班,D12,EMPSX0144,SX-ENG-BOILER,锅炉操作岗,0,4,11.0,8.0,3.0,,FULL62-W1
SX,SX-ENG,2026-07-24,白班,D12,EMPSX0130,SX-ENG-ELEC-LINE1,生产线电工1,1,3,11.0,8.0,3.0,,FULL62-W1
SX,SX-ENG,2026-07-24,白班,D12,EMPSX0145,SX-ENG-MECH-LINE,生产线机修岗,0,3,11.0,8.0,3.0,,FULL62-W1
SX,SX-ENG,2026-07-24,白班,D12,EMPSX0148,SX-ENG-MECH-LINE,生产线机修岗,0,3,11.0,8.0,3.0,,FULL62-W1
SX,SX-ENG,2026-07-24,白班,D12,EMPSX0151,SX-ENG-MECH-LINE,生产线机修岗,0,3,11.0,8.0,3.0,,FULL62-W1
SX,SX-PET01,2026-07-24,白班,D12,EMPSX0018,SX-PET01-FGI,FGI岗,0,4,11.0,8.0,3.0,,FULL62-W1
SX,SX-PET01,2026-07-24,白班,D12,EMPSX0007,SX-PET01-FILL,灌注机岗,1,3,11.0,8.0,3.0,,FULL62-W1
SX,SX-PET01,2026-07-24,白班,D12,EMPSX0061,SX-PET01-PACK-SHRINK,塑包机岗,0,3,11.0,8.0,3.0,,FULL62-W1
SX,SX-PET01,2026-07-24,白班,D12,EMPSX0045,SX-PET01-PALLET,码垛机岗,0,3,11.0,8.0,3.0,,FULL62-W1
SX,SX-PET01,2026-07-24,白班,D12,EMPSX0055,SX-PET01-PALLET-LABEL,垛贴码岗,0,3,11.0,8.0,3.0,,FULL62-W1
SX,SX-PET02,2026-07-24,白班,D12,EMPSX0032,SX-PET02-BLOW,吹瓶机岗,1,3,11.0,8.0,3.0,,FULL62-W1
SX,SX-PET02,2026-07-24,白班,D12,EMPSX0011,SX-PET02-LABEL,贴标机岗,0,3,11.0,8.0,3.0,,FULL62-W1
SX,SX-PET02,2026-07-24,白班,D12,EMPSX0009,SX-PET02-PACK-SHRINK,塑包机岗,0,3,11.0,8.0,3.0,,FULL62-W1
SX,SX-PET02,2026-07-24,白班,D12,EMPSX0014,SX-PET02-PALLET,码垛机岗,0,3,11.0,8.0,3.0,,FULL62-W1
SX,SX-PET02,2026-07-24,白班,D12,EMPSX0049,SX-PET02-PALLET-LABEL,垛贴码岗,0,3,11.0,8.0,3.0,,FULL62-W1
SX,SX-QC,2026-07-24,白班,D12,EMPSX0156,SX-QC-QC-AUX,辅线品控（水、糖、BIB）,1,3,11.0,8.0,3.0,,FULL62-W1
SX,SX-QC,2026-07-24,白班,D12,EMPSX0170,SX-QC-QC-IP-CAN,CAN线品控,1,3,11.0,8.0,3.0,,FULL62-W1
SX,SX-QC,2026-07-24,白班,D12,EMPSX0162,SX-QC-QC-IP-PET1,PET线品控1,1,4,11.0,8.0,3.0,,FULL62-W1
SX,SX-QC,2026-07-24,白班,D12,EMPSX0165,SX-QC-QC-IP-PET2,PET线品控2,1,3,11.0,8.0,3.0,,FULL62-W1
SX,SX-QC,2026-07-24,白班,D12,EMPSX0174,SX-QC-QC-IP-RB,RB线品控,1,3,11.0,8.0,3.0,,FULL62-W1
SX,SX-RB01,2026-07-24,白班,D12,EMPSX0073,SX-RB01-DEPAL,码卸垛机岗,0,3,11.0,8.0,3.0,,FULL62-W1
SX,SX-RB01,2026-07-24,白班,D12,EMPSX0078,SX-RB01-LOADER,装卸箱机岗,0,4,11.0,8.0,3.0,,FULL62-W1
SX,SX-RB01,2026-07-24,白班,D12,EMPSX0099,SX-RB01-QC-BOTTLE,空瓶检测岗,1,3,11.0,8.0,3.0,,FULL62-W1
SX,SX-RB01,2026-07-24,白班,D12,EMPSX0091,SX-RB01-QC-FGI1,成品目检岗1,1,3,11.0,8.0,3.0,,FULL62-W1
SX,SX-RB01,2026-07-24,白班,D12,EMPSX0096,SX-RB01-QC-FGI2,成品目检岗2,1,3,11.0,8.0,3.0,,FULL62-W1
SX,SX-RB01,2026-07-24,白班,D12,EMPSX0082,SX-RB01-WASHER,洗瓶机岗,0,3,11.0,8.0,3.0,,FULL62-W1
SX,SX-SYRUP,2026-07-24,白班,D12,EMPSX0118,SX-SYRUP-SYRUP-POST1,后糖岗1,1,3,11.0,8.0,3.0,,FULL62-W1
HB,HB-ENG,2026-07-24,常白班,D8,EMPHB0323,HB-ENG-ELEC-2,电气维修工程师2,1,4,8.0,8.0,0.0,,FULL62-W1
HB,HB-ENG,2026-07-24,常白班,D8,EMPHB0325,HB-ENG-ENG-BLOW,吹瓶机工程师,1,3,8.0,8.0,0.0,,FULL62-W1
HB,HB-ENG,2026-07-24,常白班,D8,EMPHB0328,HB-ENG-ENG-FILL,灌装机工程师,1,3,8.0,8.0,0.0,,FULL62-W1
HB,HB-ENG,2026-07-24,常白班,D8,EMPHB0330,HB-ENG-ENG-LABEL,贴标机工程师,1,4,8.0,8.0,0.0,,FULL62-W1
HB,HB-ENG,2026-07-24,常白班,D8,EMPHB0332,HB-ENG-ENG-PACK,膜包机工程师,1,3,8.0,8.0,0.0,,FULL62-W1
HB,HB-ENG,2026-07-24,常白班,D8,EMPHB0333,HB-ENG-ENG-PALLET,码垛机工程师,1,4,8.0,8.0,0.0,,FULL62-W1
HB,HB-ENG2,2026-07-24,常白班,D8,EMPHB0340,HB-ENG2-ELEC-OUT2,外围电工2,1,4,8.0,8.0,0.0,,FULL62-W1
HB,HB-QC,2026-07-24,常白班,D8,EMPHB0364,HB-QC-QC-MICRO-AS1,无菌线微生物品控1,1,4,8.0,8.0,0.0,,FULL62-W1
HB,HB-QC,2026-07-24,常白班,D8,EMPHB0365,HB-QC-QC-MICRO-AS2,无菌线微生物品控2,1,3,8.0,8.0,0.0,,FULL62-W1
HB,HB-QC,2026-07-24,常白班,D8,EMPHB0367,HB-QC-QC-MICRO-AS3,无菌线微生物品控3,1,3,8.0,8.0,0.0,,FULL62-W1
HB,HB-QC,2026-07-24,常白班,D8,EMPHB0362,HB-QC-QC-MICRO-SODA,汽水线微生物品控,1,3,8.0,8.0,0.0,,FULL62-W1
HB,HB-SYRUP,2026-07-24,常白班,D8,EMPHB0261,HB-SYRUP-SYRUP-PRE,前糖岗,1,3,8.0,8.0,0.0,,FULL62-W1
SX,SX-ENG,2026-07-24,常白班,D8,EMPSX0134,SX-ENG-ELEC-LINE2,生产线电工2,1,3,8.0,8.0,0.0,,FULL62-W1
SX,SX-ENG,2026-07-24,常白班,D8,EMPSX0135,SX-ENG-ELEC-OUT,外围电工,1,4,8.0,8.0,0.0,,FULL62-W1
SX,SX-QC,2026-07-24,常白班,D8,EMPSX0159,SX-QC-QC-MICRO,微生物品控,1,3,8.0,8.0,0.0,,FULL62-W1
SX,SX-QC,2026-07-24,常白班,D8,EMPSX0157,SX-QC-QC-RM,原物料品控,1,3,8.0,8.0,0.0,,FULL62-W1
SX,SX-SYRUP,2026-07-24,常白班,D8,EMPSX0116,SX-SYRUP-SYRUP-PRE,前糖岗,1,3,8.0,8.0,0.0,,FULL62-W1
SX,SX-UTIL,2026-07-24,常白班,D8,EMPSX0126,SX-UTIL-WATER,水处理操作岗,1,4,8.0,8.0,0.0,,FULL62-W1
HB,HB-AS01,2026-07-24,夜班,N12,EMPHB0303,HB-AS01-CARTON,上纸箱岗,0,4,11.0,8.0,3.0,,FULL62-W1
HB,HB-AS01,2026-07-24,夜班,N12,EMPHB0234,HB-AS01-FILL,灌注机岗,1,4,11.0,8.0,3.0,,FULL62-W1
HB,HB-AS01,2026-07-24,夜班,N12,EMPHB0207,HB-AS01-HANDLE-1,提扣机岗1,0,3,11.0,8.0,3.0,,FULL62-W1
HB,HB-AS01,2026-07-24,夜班,N12,EMPHB0210,HB-AS01-HANDLE-2,提扣机岗2,0,3,11.0,8.0,3.0,,FULL62-W1
HB,HB-AS01,2026-07-24,夜班,N12,EMPHB0241,HB-AS01-PACK-SHRINK,膜包机岗,0,4,11.0,8.0,3.0,,FULL62-W1
HB,HB-AS01,2026-07-24,夜班,N12,EMPHB0226,HB-AS01-PALLET,码垛机岗,0,3,11.0,8.0,3.0,,FULL62-W1
HB,HB-AS01,2026-07-24,夜班,N12,EMPHB0271,HB-AS01-SHIFT-LEADER,生产领班,1,3,11.0,8.0,3.0,,FULL62-W1
HB,HB-AS01,2026-07-24,夜班,N12,EMPHB0310,HB-AS01-UHT-1,UHT&调配&果肉操作1,1,3,11.0,8.0,3.0,,FULL62-W1
HB,HB-AS01,2026-07-24,夜班,N12,EMPHB0298,HB-AS01-UHT-AUX,辅助工,0,3,11.0,8.0,3.0,,FULL62-W1
HB,HB-ENG,2026-07-24,夜班,N12,EMPHB0319,HB-ENG-ELEC-1,电气维修工程师1,1,3,11.0,8.0,3.0,,FULL62-W1
HB,HB-ENG2,2026-07-24,夜班,N12,EMPHB0345,HB-ENG2-AIRCOMP,空压岗,1,3,11.0,8.0,3.0,,FULL62-W1
HB,HB-ENG2,2026-07-24,夜班,N12,EMPHB0342,HB-ENG2-BOILER,锅炉岗,0,3,11.0,8.0,3.0,,FULL62-W1
HB,HB-ENG2,2026-07-24,夜班,N12,EMPHB0337,HB-ENG2-ELEC-OUT1,外围电工1,1,4,11.0,8.0,3.0,,FULL62-W1
HB,HB-ENG2,2026-07-24,夜班,N12,EMPHB0351,HB-ENG2-WWTP,污水岗,0,3,11.0,8.0,3.0,,FULL62-W1
HB,HB-PET01,2026-07-24,夜班,N12,EMPHB0280,HB-PET01-FILL,灌注机岗,1,3,11.0,8.0,3.0,,FULL62-W1
HB,HB-PET01,2026-07-24,夜班,N12,EMPHB0305,HB-PET01-HANDLE-1,提扣机岗1,0,3,11.0,8.0,3.0,,FULL62-W1
HB,HB-PET01,2026-07-24,夜班,N12,EMPHB0301,HB-PET01-HANDLE-2,提扣机岗2,0,4,11.0,8.0,3.0,,FULL62-W1
HB,HB-PET01,2026-07-24,夜班,N12,EMPHB0243,HB-PET01-PACK-SHRINK,膜包机岗,0,3,11.0,8.0,3.0,,FULL62-W1
HB,HB-PET01,2026-07-24,夜班,N12,EMPHB0202,HB-PET01-PALLET,码垛机岗,0,3,11.0,8.0,3.0,,FULL62-W1
HB,HB-PET02,2026-07-24,夜班,N12,EMPHB0217,HB-PET02-LABEL,贴标机岗,0,3,11.0,8.0,3.0,,FULL62-W1
HB,HB-PET02,2026-07-24,夜班,N12,EMPHB0197,HB-PET02-PACK-SHRINK,膜包机岗,0,4,11.0,8.0,3.0,,FULL62-W1
HB,HB-PET02,2026-07-24,夜班,N12,EMPHB0292,HB-PET02-PALLET,码垛机岗,0,4,11.0,8.0,3.0,,FULL62-W1
HB,HB-PET03,2026-07-24,夜班,N12,EMPHB0231,HB-PET03-BLOW,吹瓶机岗,1,4,11.0,8.0,3.0,,FULL62-W1
HB,HB-PET03,2026-07-24,夜班,N12,EMPHB0233,HB-PET03-FILL,灌注机岗,1,3,11.0,8.0,3.0,,FULL62-W1
HB,HB-PET03,2026-07-24,夜班,N12,EMPHB0254,HB-PET03-HANDLE-1,提扣机岗1,0,3,11.0,8.0,3.0,,FULL62-W1
HB,HB-PET03,2026-07-24,夜班,N12,EMPHB0285,HB-PET03-LABEL,贴标机岗,0,3,11.0,8.0,3.0,,FULL62-W1
HB,HB-PET03,2026-07-24,夜班,N12,EMPHB0244,HB-PET03-PACK-SHRINK,膜包机岗,0,3,11.0,8.0,3.0,,FULL62-W1
HB,HB-PET03,2026-07-24,夜班,N12,EMPHB0248,HB-PET03-PALLET,码垛机岗,0,3,11.0,8.0,3.0,,FULL62-W1
HB,HB-QC,2026-07-24,夜班,N12,EMPHB0353,HB-QC-QC-RM-SODA,汽水线原物料品控,1,4,11.0,8.0,3.0,,FULL62-W1
HB,HB-QC2,2026-07-24,夜班,N12,EMPHB0382,HB-QC2-QC-BLOW,吹瓶品控,1,4,11.0,8.0,3.0,,FULL62-W1
HB,HB-QC2,2026-07-24,夜班,N12,EMPHB0390,HB-QC2-QC-IP-AS,无菌线制程品控,1,3,11.0,8.0,3.0,,FULL62-W1
HB,HB-QC2,2026-07-24,夜班,N12,EMPHB0372,HB-QC2-QC-IP-PET01,PET01线制程品控,1,3,11.0,8.0,3.0,,FULL62-W1
HB,HB-QC2,2026-07-24,夜班,N12,EMPHB0376,HB-QC2-QC-IP-PET02,PET02线制程品控,1,3,11.0,8.0,3.0,,FULL62-W1
HB,HB-QC2,2026-07-24,夜班,N12,EMPHB0380,HB-QC2-QC-IP-PET03,PET03线制程品控,1,4,11.0,8.0,3.0,,FULL62-W1
HB,HB-QC2,2026-07-24,夜班,N12,EMPHB0386,HB-QC2-QC-WATER,水糖品控,1,3,11.0,8.0,3.0,,FULL62-W1
HB,HB-SYRUP,2026-07-24,夜班,N12,EMPHB0269,HB-SYRUP-SYRUP-POST2,后糖岗2,1,4,11.0,8.0,3.0,,FULL62-W1
HB,HB-SYRUP,2026-07-24,夜班,N12,EMPHB0259,HB-SYRUP-WATER,水处理操作岗,1,4,11.0,8.0,3.0,,FULL62-W1
SX,SX-BIB01,2026-07-24,夜班,N12,EMPSX0103,SX-BIB01-FILL,灌装岗,1,3,11.0,8.0,3.0,,FULL62-W1
SX,SX-BIB01,2026-07-24,夜班,N12,EMPSX0108,SX-BIB01-PACK-1,包装岗1,0,3,11.0,8.0,3.0,,FULL62-W1
SX,SX-BIB01,2026-07-24,夜班,N12,EMPSX0110,SX-BIB01-PACK-2,包装岗2,0,3,11.0,8.0,3.0,,FULL62-W1
SX,SX-CAN01,2026-07-24,夜班,N12,EMPSX0053,SX-CAN01-DEPAL-CAN,卸罐机岗,0,3,11.0,8.0,3.0,,FULL62-W1
SX,SX-CAN01,2026-07-24,夜班,N12,EMPSX0058,SX-CAN01-FILL,灌注机岗,1,4,11.0,8.0,3.0,,FULL62-W1
SX,SX-CAN01,2026-07-24,夜班,N12,EMPSX0072,SX-CAN01-PACK-MULTI,多包装机,0,3,11.0,8.0,3.0,,FULL62-W1
SX,SX-CAN01,2026-07-24,夜班,N12,EMPSX0016,SX-CAN01-PALLET,码垛机岗,0,4,11.0,8.0,3.0,,FULL62-W1
SX,SX-ENG,2026-07-24,夜班,N12,EMPSX0137,SX-ENG-AIRCOMP,制冷空压机岗,1,3,11.0,8.0,3.0,,FULL62-W1
SX,SX-ENG,2026-07-24,夜班,N12,EMPSX0141,SX-ENG-BOILER,锅炉操作岗,0,3,11.0,8.0,3.0,,FULL62-W1
SX,SX-ENG,2026-07-24,夜班,N12,EMPSX0132,SX-ENG-ELEC-LINE1,生产线电工1,1,3,11.0,8.0,3.0,,FULL62-W1
SX,SX-ENG,2026-07-24,夜班,N12,EMPSX0149,SX-ENG-MECH-LINE,生产线机修岗,0,3,11.0,8.0,3.0,,FULL62-W1
SX,SX-PET01,2026-07-24,夜班,N12,EMPSX0019,SX-PET01-FGI,FGI岗,0,3,11.0,8.0,3.0,,FULL62-W1
SX,SX-PET01,2026-07-24,夜班,N12,EMPSX0005,SX-PET01-FILL,灌注机岗,1,3,11.0,8.0,3.0,,FULL62-W1
SX,SX-PET01,2026-07-24,夜班,N12,EMPSX0064,SX-PET01-PACK-SHRINK,塑包机岗,0,3,11.0,8.0,3.0,,FULL62-W1
SX,SX-PET01,2026-07-24,夜班,N12,EMPSX0067,SX-PET01-PALLET,码垛机岗,0,3,11.0,8.0,3.0,,FULL62-W1
SX,SX-PET01,2026-07-24,夜班,N12,EMPSX0023,SX-PET01-PALLET-LABEL,垛贴码岗,0,3,11.0,8.0,3.0,,FULL62-W1
SX,SX-PET02,2026-07-24,夜班,N12,EMPSX0030,SX-PET02-BLOW,吹瓶机岗,1,3,11.0,8.0,3.0,,FULL62-W1
SX,SX-PET02,2026-07-24,夜班,N12,EMPSX0040,SX-PET02-FILL,灌注机岗,1,3,11.0,8.0,3.0,,FULL62-W1
SX,SX-PET02,2026-07-24,夜班,N12,EMPSX0035,SX-PET02-LABEL,贴标机岗,0,3,11.0,8.0,3.0,,FULL62-W1
SX,SX-PET02,2026-07-24,夜班,N12,EMPSX0109,SX-PET02-PACK-SHRINK,塑包机岗,0,2,11.0,8.0,3.0,,FULL62-W1
SX,SX-PET02,2026-07-24,夜班,N12,EMPSX0013,SX-PET02-PALLET,码垛机岗,0,3,11.0,8.0,3.0,,FULL62-W1
SX,SX-QC,2026-07-24,夜班,N12,EMPSX0155,SX-QC-QC-AUX,辅线品控（水、糖、BIB）,1,3,11.0,8.0,3.0,,FULL62-W1
SX,SX-QC,2026-07-24,夜班,N12,EMPSX0178,SX-QC-QC-BLOW,吹瓶品控,1,4,11.0,8.0,3.0,,FULL62-W1
SX,SX-QC,2026-07-24,夜班,N12,EMPSX0169,SX-QC-QC-IP-CAN,CAN线品控,1,4,11.0,8.0,3.0,,FULL62-W1
SX,SX-QC,2026-07-24,夜班,N12,EMPSX0164,SX-QC-QC-IP-PET1,PET线品控1,1,3,11.0,8.0,3.0,,FULL62-W1
SX,SX-QC,2026-07-24,夜班,N12,EMPSX0168,SX-QC-QC-IP-PET2,PET线品控2,1,4,11.0,8.0,3.0,,FULL62-W1
SX,SX-RB01,2026-07-24,夜班,N12,EMPSX0077,SX-RB01-LOADER,装卸箱机岗,0,3,11.0,8.0,3.0,,FULL62-W1
SX,SX-RB01,2026-07-24,夜班,N12,EMPSX0097,SX-RB01-QC-BOTTLE,空瓶检测岗,1,3,11.0,8.0,3.0,,FULL62-W1
SX,SX-RB01,2026-07-24,夜班,N12,EMPSX0092,SX-RB01-QC-FGI1,成品目检岗1,1,3,11.0,8.0,3.0,,FULL62-W1
SX,SX-RB01,2026-07-24,夜班,N12,EMPSX0095,SX-RB01-QC-FGI2,成品目检岗2,1,3,11.0,8.0,3.0,,FULL62-W1
SX,SX-RB01,2026-07-24,夜班,N12,EMPSX0081,SX-RB01-WASHER,洗瓶机岗,0,4,11.0,8.0,3.0,,FULL62-W1
SX,SX-SYRUP,2026-07-24,夜班,N12,EMPSX0117,SX-SYRUP-SYRUP-POST1,后糖岗1,1,3,11.0,8.0,3.0,,FULL62-W1
SX,SX-SYRUP,2026-07-24,夜班,N12,EMPSX0121,SX-SYRUP-SYRUP-POST2,后糖岗2,1,3,11.0,8.0,3.0,,FULL62-W1
HB,HB-AS01,2026-07-25,白班,D12,EMPHB0205,HB-AS01-CARTON,上纸箱岗,0,3,11.0,8.0,3.0,,FULL62-W1
HB,HB-AS01,2026-07-25,白班,D12,EMPHB0190,HB-AS01-FILL,灌注机岗,1,4,11.0,8.0,3.0,,FULL62-W1
HB,HB-AS01,2026-07-25,白班,D12,EMPHB0296,HB-AS01-HANDLE-1,提扣机岗1,0,3,11.0,8.0,3.0,,FULL62-W1
HB,HB-AS01,2026-07-25,白班,D12,EMPHB0209,HB-AS01-HANDLE-2,提扣机岗2,0,4,11.0,8.0,3.0,,FULL62-W1
HB,HB-AS01,2026-07-25,白班,D12,EMPHB0283,HB-AS01-LABEL,贴标机岗,0,3,11.0,8.0,3.0,,FULL62-W1
HB,HB-AS01,2026-07-25,白班,D12,EMPHB0198,HB-AS01-PACK-SHRINK,膜包机岗,0,3,11.0,8.0,3.0,,FULL62-W1
HB,HB-AS01,2026-07-25,白班,D12,EMPHB0245,HB-AS01-PALLET,码垛机岗,0,3,11.0,8.0,3.0,,FULL62-W1
HB,HB-AS01,2026-07-25,白班,D12,EMPHB0308,HB-AS01-UHT-1,UHT&调配&果肉操作1,1,4,11.0,8.0,3.0,,FULL62-W1
HB,HB-AS01,2026-07-25,白班,D12,EMPHB0313,HB-AS01-UHT-2,UHT&调配&果肉操作2,1,4,11.0,8.0,3.0,,FULL62-W1
HB,HB-AS01,2026-07-25,白班,D12,EMPHB0317,HB-AS01-UHT-AUX,辅助工,0,3,11.0,8.0,3.0,,FULL62-W1
HB,HB-ENG2,2026-07-25,白班,D12,EMPHB0348,HB-ENG2-AIRCOMP,空压岗,1,4,11.0,8.0,3.0,,FULL62-W1
HB,HB-ENG2,2026-07-25,白班,D12,EMPHB0344,HB-ENG2-BOILER,锅炉岗,0,4,11.0,8.0,3.0,,FULL62-W1
HB,HB-ENG2,2026-07-25,白班,D12,EMPHB0352,HB-ENG2-WWTP,污水岗,0,3,11.0,8.0,3.0,,FULL62-W1
HB,HB-PET01,2026-07-25,白班,D12,EMPHB0229,HB-PET01-BLOW,吹瓶机岗,1,4,11.0,8.0,3.0,,FULL62-W1
HB,HB-PET01,2026-07-25,白班,D12,EMPHB0252,HB-PET01-HANDLE-1,提扣机岗1,0,3,11.0,8.0,3.0,,FULL62-W1
HB,HB-PET01,2026-07-25,白班,D12,EMPHB0212,HB-PET01-HANDLE-2,提扣机岗2,0,3,11.0,8.0,3.0,,FULL62-W1
HB,HB-PET01,2026-07-25,白班,D12,EMPHB0193,HB-PET01-LABEL,贴标机岗,0,3,11.0,8.0,3.0,,FULL62-W1
HB,HB-PET01,2026-07-25,白班,D12,EMPHB0221,HB-PET01-PACK-SHRINK,膜包机岗,0,4,11.0,8.0,3.0,,FULL62-W1
HB,HB-PET01,2026-07-25,白班,D12,EMPHB0227,HB-PET01-PALLET,码垛机岗,0,4,11.0,8.0,3.0,,FULL62-W1
HB,HB-PET01,2026-07-25,白班,D12,EMPHB0184,HB-PET01-SHIFT-ENG,倒班工程师,1,4,11.0,8.0,3.0,,FULL62-W1
HB,HB-PET02,2026-07-25,白班,D12,EMPHB0236,HB-PET02-BLOW-FILL,吹瓶、灌装岗位,1,3,11.0,8.0,3.0,,FULL62-W1
HB,HB-PET02,2026-07-25,白班,D12,EMPHB0194,HB-PET02-LABEL,贴标机岗,0,4,11.0,8.0,3.0,,FULL62-W1
HB,HB-PET02,2026-07-25,白班,D12,EMPHB0200,HB-PET02-PACK-SHRINK,膜包机岗,0,3,11.0,8.0,3.0,,FULL62-W1
HB,HB-PET02,2026-07-25,白班,D12,EMPHB0293,HB-PET02-PALLET,码垛机岗,0,4,11.0,8.0,3.0,,FULL62-W1
HB,HB-PET03,2026-07-25,白班,D12,EMPHB0188,HB-PET03-BLOW,吹瓶机岗,1,3,11.0,8.0,3.0,,FULL62-W1
HB,HB-PET03,2026-07-25,白班,D12,EMPHB0235,HB-PET03-FILL,灌注机岗,1,3,11.0,8.0,3.0,,FULL62-W1
HB,HB-PET03,2026-07-25,白班,D12,EMPHB0250,HB-PET03-HANDLE-1,提扣机岗1,0,3,11.0,8.0,3.0,,FULL62-W1
HB,HB-PET03,2026-07-25,白班,D12,EMPHB0297,HB-PET03-HANDLE-2,提扣机岗2,0,1,11.0,8.0,3.0,,FULL62-W1
HB,HB-PET03,2026-07-25,白班,D12,EMPHB0218,HB-PET03-PACK-SHRINK,膜包机岗,0,3,11.0,8.0,3.0,,FULL62-W1
HB,HB-PET03,2026-07-25,白班,D12,EMPHB0225,HB-PET03-PALLET,码垛机岗,0,3,11.0,8.0,3.0,,FULL62-W1
HB,HB-QC,2026-07-25,白班,D12,EMPHB0360,HB-QC-QC-RM-AS,无菌线原物料品控,1,3,11.0,8.0,3.0,,FULL62-W1
HB,HB-QC,2026-07-25,白班,D12,EMPHB0356,HB-QC-QC-RM-SODA,汽水线原物料品控,1,3,11.0,8.0,3.0,,FULL62-W1
HB,HB-QC2,2026-07-25,白班,D12,EMPHB0381,HB-QC2-QC-BLOW,吹瓶品控,1,3,11.0,8.0,3.0,,FULL62-W1
HB,HB-QC2,2026-07-25,白班,D12,EMPHB0389,HB-QC2-QC-IP-AS,无菌线制程品控,1,3,11.0,8.0,3.0,,FULL62-W1
HB,HB-QC2,2026-07-25,白班,D12,EMPHB0371,HB-QC2-QC-IP-PET01,PET01线制程品控,1,3,11.0,8.0,3.0,,FULL62-W1
HB,HB-QC2,2026-07-25,白班,D12,EMPHB0374,HB-QC2-QC-IP-PET02,PET02线制程品控,1,3,11.0,8.0,3.0,,FULL62-W1
HB,HB-QC2,2026-07-25,白班,D12,EMPHB0379,HB-QC2-QC-IP-PET03,PET03线制程品控,1,3,11.0,8.0,3.0,,FULL62-W1
HB,HB-QC2,2026-07-25,白班,D12,EMPHB0385,HB-QC2-QC-WATER,水糖品控,1,3,11.0,8.0,3.0,,FULL62-W1
HB,HB-SYRUP,2026-07-25,白班,D12,EMPHB0264,HB-SYRUP-SYRUP-POST1,后糖岗1,1,4,11.0,8.0,3.0,,FULL62-W1
HB,HB-SYRUP,2026-07-25,白班,D12,EMPHB0270,HB-SYRUP-SYRUP-POST2,后糖岗2,1,4,11.0,8.0,3.0,,FULL62-W1
HB,HB-SYRUP,2026-07-25,白班,D12,EMPHB0258,HB-SYRUP-WATER,水处理操作岗,1,3,11.0,8.0,3.0,,FULL62-W1
SX,SX-BIB01,2026-07-25,白班,D12,EMPSX0102,SX-BIB01-FILL,灌装岗,1,3,11.0,8.0,3.0,,FULL62-W1
SX,SX-BIB01,2026-07-25,白班,D12,EMPSX0106,SX-BIB01-PACK-1,包装岗1,0,3,11.0,8.0,3.0,,FULL62-W1
SX,SX-BIB01,2026-07-25,白班,D12,EMPSX0111,SX-BIB01-PACK-2,包装岗2,0,3,11.0,8.0,3.0,,FULL62-W1
SX,SX-BIB01,2026-07-25,白班,D12,EMPSX0114,SX-BIB01-PACK-3,包装岗3,0,3,11.0,8.0,3.0,,FULL62-W1
SX,SX-CAN01,2026-07-25,白班,D12,EMPSX0037,SX-CAN01-FILL,灌注机岗,1,3,11.0,8.0,3.0,B,FULL62-W1
SX,SX-ENG,2026-07-25,白班,D12,EMPSX0139,SX-ENG-AIRCOMP,制冷空压机岗,1,3,11.0,8.0,3.0,F,FULL62-W1
SX,SX-ENG,2026-07-25,白班,D12,EMPSX0131,SX-ENG-ELEC-LINE1,生产线电工1,1,3,11.0,8.0,3.0,F,FULL62-W1
SX,SX-PET01,2026-07-25,白班,D12,EMPSX0003,SX-PET01-BLOW-LABEL,吹贴机岗,1,4,11.0,8.0,3.0,,FULL62-W1
SX,SX-PET01,2026-07-25,白班,D12,EMPSX0006,SX-PET01-FILL,灌注机岗,1,4,11.0,8.0,3.0,,FULL62-W1
SX,SX-PET01,2026-07-25,白班,D12,EMPSX0068,SX-PET01-PALLET,码垛机岗,0,3,11.0,8.0,3.0,,FULL62-W1
SX,SX-PET02,2026-07-25,白班,D12,EMPSX0029,SX-PET02-BLOW,吹瓶机岗,1,3,11.0,8.0,3.0,A,FULL62-W1
SX,SX-PET02,2026-07-25,白班,D12,EMPSX0007,SX-PET02-FILL,灌注机岗,1,3,11.0,8.0,3.0,A,FULL62-W1
SX,SX-QC,2026-07-25,白班,D12,EMPSX0153,SX-QC-QC-AUX,辅线品控（水、糖、BIB）,1,3,11.0,8.0,3.0,,FULL62-W1
SX,SX-QC,2026-07-25,白班,D12,EMPSX0177,SX-QC-QC-BLOW,吹瓶品控,1,3,11.0,8.0,3.0,,FULL62-W1
SX,SX-QC,2026-07-25,白班,D12,EMPSX0171,SX-QC-QC-IP-CAN,CAN线品控,1,3,11.0,8.0,3.0,,FULL62-W1
SX,SX-QC,2026-07-25,白班,D12,EMPSX0173,SX-QC-QC-IP-RB,RB线品控,1,3,11.0,8.0,3.0,,FULL62-W1
SX,SX-RB01,2026-07-25,白班,D12,EMPSX0075,SX-RB01-DEPAL,码卸垛机岗,0,3,11.0,8.0,3.0,,FULL62-W1
SX,SX-RB01,2026-07-25,白班,D12,EMPSX0086,SX-RB01-FILL,灌注机岗,1,3,11.0,8.0,3.0,,FULL62-W1
SX,SX-RB01,2026-07-25,白班,D12,EMPSX0080,SX-RB01-LOADER,装卸箱机岗,0,3,11.0,8.0,3.0,,FULL62-W1
SX,SX-RB01,2026-07-25,白班,D12,EMPSX0100,SX-RB01-QC-BOTTLE,空瓶检测岗,1,3,11.0,8.0,3.0,,FULL62-W1
SX,SX-RB01,2026-07-25,白班,D12,EMPSX0090,SX-RB01-QC-FGI1,成品目检岗1,1,3,11.0,8.0,3.0,,FULL62-W1
SX,SX-RB01,2026-07-25,白班,D12,EMPSX0093,SX-RB01-QC-FGI2,成品目检岗2,1,3,11.0,8.0,3.0,,FULL62-W1
SX,SX-RB01,2026-07-25,白班,D12,EMPSX0082,SX-RB01-WASHER,洗瓶机岗,0,3,11.0,8.0,3.0,,FULL62-W1
SX,SX-SYRUP,2026-07-25,白班,D12,EMPSX0119,SX-SYRUP-SYRUP-POST1,后糖岗1,1,3,11.0,8.0,3.0,,FULL62-W1
HB,HB-ENG,2026-07-25,常白班,D8,EMPHB0323,HB-ENG-ELEC-2,电气维修工程师2,1,4,8.0,8.0,0.0,,FULL62-W1
HB,HB-ENG,2026-07-25,常白班,D8,EMPHB0325,HB-ENG-ENG-BLOW,吹瓶机工程师,1,3,8.0,8.0,0.0,,FULL62-W1
HB,HB-ENG,2026-07-25,常白班,D8,EMPHB0327,HB-ENG-ENG-FILL,灌装机工程师,1,3,8.0,8.0,0.0,,FULL62-W1
HB,HB-ENG,2026-07-25,常白班,D8,EMPHB0329,HB-ENG-ENG-LABEL,贴标机工程师,1,3,8.0,8.0,0.0,,FULL62-W1
HB,HB-ENG,2026-07-25,常白班,D8,EMPHB0332,HB-ENG-ENG-PACK,膜包机工程师,1,3,8.0,8.0,0.0,,FULL62-W1
HB,HB-ENG,2026-07-25,常白班,D8,EMPHB0334,HB-ENG-ENG-PALLET,码垛机工程师,1,3,8.0,8.0,0.0,,FULL62-W1
HB,HB-ENG2,2026-07-25,常白班,D8,EMPHB0340,HB-ENG2-ELEC-OUT2,外围电工2,1,4,8.0,8.0,0.0,,FULL62-W1
HB,HB-QC,2026-07-25,常白班,D8,EMPHB0363,HB-QC-QC-MICRO-AS1,无菌线微生物品控1,1,3,8.0,8.0,0.0,A,FULL62-W1
HB,HB-QC,2026-07-25,常白班,D8,EMPHB0366,HB-QC-QC-MICRO-AS2,无菌线微生物品控2,1,3,8.0,8.0,0.0,A,FULL62-W1
HB,HB-QC,2026-07-25,常白班,D8,EMPHB0368,HB-QC-QC-MICRO-AS3,无菌线微生物品控3,1,4,8.0,8.0,0.0,A,FULL62-W1
HB,HB-QC,2026-07-25,常白班,D8,EMPHB0362,HB-QC-QC-MICRO-SODA,汽水线微生物品控,1,3,8.0,8.0,0.0,A,FULL62-W1
HB,HB-SYRUP,2026-07-25,常白班,D8,EMPHB0262,HB-SYRUP-SYRUP-PRE,前糖岗,1,3,8.0,8.0,0.0,,FULL62-W1
SX,SX-ENG,2026-07-25,常白班,D8,EMPSX0133,SX-ENG-ELEC-LINE2,生产线电工2,1,3,8.0,8.0,0.0,,FULL62-W1
SX,SX-ENG,2026-07-25,常白班,D8,EMPSX0135,SX-ENG-ELEC-OUT,外围电工,1,4,8.0,8.0,0.0,,FULL62-W1
SX,SX-QC,2026-07-25,常白班,D8,EMPSX0160,SX-QC-QC-MICRO,微生物品控,1,4,8.0,8.0,0.0,,FULL62-W1
SX,SX-QC,2026-07-25,常白班,D8,EMPSX0158,SX-QC-QC-RM,原物料品控,1,4,8.0,8.0,0.0,,FULL62-W1
SX,SX-SYRUP,2026-07-25,常白班,D8,EMPSX0116,SX-SYRUP-SYRUP-PRE,前糖岗,1,3,8.0,8.0,0.0,,FULL62-W1
SX,SX-UTIL,2026-07-25,常白班,D8,EMPSX0125,SX-UTIL-WATER,水处理操作岗,1,3,8.0,8.0,0.0,,FULL62-W1
HB,HB-AS01,2026-07-25,夜班,N12,EMPHB0232,HB-AS01-BLOW,吹瓶机岗,1,3,11.0,8.0,3.0,,FULL62-W1
HB,HB-AS01,2026-07-25,夜班,N12,EMPHB0305,HB-AS01-CARTON,上纸箱岗,0,4,11.0,8.0,3.0,,FULL62-W1
HB,HB-AS01,2026-07-25,夜班,N12,EMPHB0282,HB-AS01-FILL,灌注机岗,1,4,11.0,8.0,3.0,,FULL62-W1
HB,HB-AS01,2026-07-25,夜班,N12,EMPHB0251,HB-AS01-HANDLE-1,提扣机岗1,0,4,11.0,8.0,3.0,,FULL62-W1
HB,HB-AS01,2026-07-25,夜班,N12,EMPHB0318,HB-AS01-HANDLE-2,提扣机岗2,0,2,11.0,8.0,3.0,,FULL62-W1
HB,HB-AS01,2026-07-25,夜班,N12,EMPHB0196,HB-AS01-LABEL,贴标机岗,0,4,11.0,8.0,3.0,,FULL62-W1
HB,HB-AS01,2026-07-25,夜班,N12,EMPHB0201,HB-AS01-PALLET,码垛机岗,0,4,11.0,8.0,3.0,,FULL62-W1
HB,HB-AS01,2026-07-25,夜班,N12,EMPHB0271,HB-AS01-SHIFT-LEADER,生产领班,1,3,11.0,8.0,3.0,,FULL62-W1
HB,HB-AS01,2026-07-25,夜班,N12,EMPHB0312,HB-AS01-UHT-2,UHT&调配&果肉操作2,1,3,11.0,8.0,3.0,,FULL62-W1
HB,HB-AS01,2026-07-25,夜班,N12,EMPHB0298,HB-AS01-UHT-AUX,辅助工,0,3,11.0,8.0,3.0,,FULL62-W1
HB,HB-ENG,2026-07-25,夜班,N12,EMPHB0322,HB-ENG-ELEC-1,电气维修工程师1,1,4,11.0,8.0,3.0,,FULL62-W1
HB,HB-ENG2,2026-07-25,夜班,N12,EMPHB0341,HB-ENG2-AIRCOMP,空压岗,1,3,11.0,8.0,3.0,,FULL62-W1
HB,HB-ENG2,2026-07-25,夜班,N12,EMPHB0335,HB-ENG2-ELEC-OUT1,外围电工1,1,4,11.0,8.0,3.0,,FULL62-W1
HB,HB-ENG2,2026-07-25,夜班,N12,EMPHB0350,HB-ENG2-WWTP,污水岗,0,3,11.0,8.0,3.0,,FULL62-W1
HB,HB-PET01,2026-07-25,夜班,N12,EMPHB0277,HB-PET01-BLOW,吹瓶机岗,1,3,11.0,8.0,3.0,,FULL62-W1
HB,HB-PET01,2026-07-25,夜班,N12,EMPHB0191,HB-PET01-FILL,灌注机岗,1,4,11.0,8.0,3.0,,FULL62-W1
HB,HB-PET01,2026-07-25,夜班,N12,EMPHB0249,HB-PET01-HANDLE-1,提扣机岗1,0,3,11.0,8.0,3.0,,FULL62-W1
HB,HB-PET01,2026-07-25,夜班,N12,EMPHB0299,HB-PET01-HANDLE-2,提扣机岗2,0,3,11.0,8.0,3.0,,FULL62-W1
HB,HB-PET01,2026-07-25,夜班,N12,EMPHB0286,HB-PET01-LABEL,贴标机岗,0,3,11.0,8.0,3.0,,FULL62-W1
HB,HB-PET01,2026-07-25,夜班,N12,EMPHB0199,HB-PET01-PACK-SHRINK,膜包机岗,0,3,11.0,8.0,3.0,,FULL62-W1
HB,HB-PET01,2026-07-25,夜班,N12,EMPHB0248,HB-PET01-PALLET,码垛机岗,0,3,11.0,8.0,3.0,,FULL62-W1
HB,HB-PET01,2026-07-25,夜班,N12,EMPHB0183,HB-PET01-SHIFT-ENG,倒班工程师,1,4,11.0,8.0,3.0,,FULL62-W1
HB,HB-PET02,2026-07-25,夜班,N12,EMPHB0192,HB-PET02-BLOW-FILL,吹瓶、灌装岗位,1,3,11.0,8.0,3.0,,FULL62-W1
HB,HB-PET02,2026-07-25,夜班,N12,EMPHB0239,HB-PET02-LABEL,贴标机岗,0,3,11.0,8.0,3.0,,FULL62-W1
HB,HB-PET02,2026-07-25,夜班,N12,EMPHB0287,HB-PET02-PACK-SHRINK,膜包机岗,0,3,11.0,8.0,3.0,,FULL62-W1
HB,HB-PET02,2026-07-25,夜班,N12,EMPHB0204,HB-PET02-PALLET,码垛机岗,0,3,11.0,8.0,3.0,,FULL62-W1
HB,HB-PET03,2026-07-25,夜班,N12,EMPHB0187,HB-PET03-BLOW,吹瓶机岗,1,3,11.0,8.0,3.0,,FULL62-W1
HB,HB-PET03,2026-07-25,夜班,N12,EMPHB0316,HB-PET03-HANDLE-1,提扣机岗1,0,3,11.0,8.0,3.0,,FULL62-W1
HB,HB-PET03,2026-07-25,夜班,N12,EMPHB0254,HB-PET03-HANDLE-2,提扣机岗2,0,4,11.0,8.0,3.0,,FULL62-W1
HB,HB-PET03,2026-07-25,夜班,N12,EMPHB0237,HB-PET03-LABEL,贴标机岗,0,3,11.0,8.0,3.0,,FULL62-W1
HB,HB-PET03,2026-07-25,夜班,N12,EMPHB0243,HB-PET03-PACK-SHRINK,膜包机岗,0,3,11.0,8.0,3.0,,FULL62-W1
HB,HB-PET03,2026-07-25,夜班,N12,EMPHB0246,HB-PET03-PALLET,码垛机岗,0,4,11.0,8.0,3.0,,FULL62-W1
HB,HB-QC,2026-07-25,夜班,N12,EMPHB0359,HB-QC-QC-RM-AS,无菌线原物料品控,1,3,11.0,8.0,3.0,B,FULL62-W1
HB,HB-QC,2026-07-25,夜班,N12,EMPHB0354,HB-QC-QC-RM-SODA,汽水线原物料品控,1,3,11.0,8.0,3.0,B,FULL62-W1
HB,HB-QC2,2026-07-25,夜班,N12,EMPHB0383,HB-QC2-QC-BLOW,吹瓶品控,1,4,11.0,8.0,3.0,,FULL62-W1
HB,HB-QC2,2026-07-25,夜班,N12,EMPHB0390,HB-QC2-QC-IP-AS,无菌线制程品控,1,3,11.0,8.0,3.0,,FULL62-W1
HB,HB-QC2,2026-07-25,夜班,N12,EMPHB0369,HB-QC2-QC-IP-PET01,PET01线制程品控,1,3,11.0,8.0,3.0,,FULL62-W1
HB,HB-QC2,2026-07-25,夜班,N12,EMPHB0373,HB-QC2-QC-IP-PET02,PET02线制程品控,1,4,11.0,8.0,3.0,,FULL62-W1
HB,HB-QC2,2026-07-25,夜班,N12,EMPHB0377,HB-QC2-QC-IP-PET03,PET03线制程品控,1,3,11.0,8.0,3.0,,FULL62-W1
HB,HB-SYRUP,2026-07-25,夜班,N12,EMPHB0266,HB-SYRUP-SYRUP-POST1,后糖岗1,1,4,11.0,8.0,3.0,B,FULL62-W1
HB,HB-SYRUP,2026-07-25,夜班,N12,EMPHB0269,HB-SYRUP-SYRUP-POST2,后糖岗2,1,4,11.0,8.0,3.0,B,FULL62-W1
HB,HB-SYRUP,2026-07-25,夜班,N12,EMPHB0260,HB-SYRUP-WATER,水处理操作岗,1,3,11.0,8.0,3.0,B,FULL62-W1
SX,SX-BIB01,2026-07-25,夜班,N12,EMPSX0103,SX-BIB01-FILL,灌装岗,1,3,11.0,8.0,3.0,,FULL62-W1
SX,SX-BIB01,2026-07-25,夜班,N12,EMPSX0108,SX-BIB01-PACK-1,包装岗1,0,3,11.0,8.0,3.0,,FULL62-W1
SX,SX-BIB01,2026-07-25,夜班,N12,EMPSX0110,SX-BIB01-PACK-2,包装岗2,0,3,11.0,8.0,3.0,,FULL62-W1
SX,SX-CAN01,2026-07-25,夜班,N12,EMPSX0056,SX-CAN01-DEPAL-CAN,卸罐机岗,0,3,11.0,8.0,3.0,,FULL62-W1
SX,SX-CAN01,2026-07-25,夜班,N12,EMPSX0058,SX-CAN01-FILL,灌注机岗,1,4,11.0,8.0,3.0,,FULL62-W1
SX,SX-CAN01,2026-07-25,夜班,N12,EMPSX0072,SX-CAN01-PACK-MULTI,多包装机,0,3,11.0,8.0,3.0,,FULL62-W1
SX,SX-CAN01,2026-07-25,夜班,N12,EMPSX0063,SX-CAN01-PACK-SHRINK,塑包机岗,0,3,11.0,8.0,3.0,,FULL62-W1
SX,SX-CAN01,2026-07-25,夜班,N12,EMPSX0066,SX-CAN01-PALLET,码垛机岗,0,3,11.0,8.0,3.0,,FULL62-W1
SX,SX-ENG,2026-07-25,夜班,N12,EMPSX0138,SX-ENG-AIRCOMP,制冷空压机岗,1,4,11.0,8.0,3.0,,FULL62-W1
SX,SX-ENG,2026-07-25,夜班,N12,EMPSX0141,SX-ENG-BOILER,锅炉操作岗,0,3,11.0,8.0,3.0,,FULL62-W1
SX,SX-ENG,2026-07-25,夜班,N12,EMPSX0132,SX-ENG-ELEC-LINE1,生产线电工1,1,3,11.0,8.0,3.0,,FULL62-W1
SX,SX-ENG,2026-07-25,夜班,N12,EMPSX0148,SX-ENG-MECH-LINE,生产线机修岗,0,3,11.0,8.0,3.0,,FULL62-W1
SX,SX-PET01,2026-07-25,夜班,N12,EMPSX0002,SX-PET01-BLOW-LABEL,吹贴机岗,1,3,11.0,8.0,3.0,,FULL62-W1
SX,SX-PET01,2026-07-25,夜班,N12,EMPSX0017,SX-PET01-FGI,FGI岗,0,3,11.0,8.0,3.0,,FULL62-W1
SX,SX-PET01,2026-07-25,夜班,N12,EMPSX0028,SX-PET01-HANDLE,提扣机岗,0,4,11.0,8.0,3.0,,FULL62-W1
SX,SX-PET01,2026-07-25,夜班,N12,EMPSX0062,SX-PET01-PACK-SHRINK,塑包机岗,0,3,11.0,8.0,3.0,,FULL62-W1
SX,SX-PET01,2026-07-25,夜班,N12,EMPSX0047,SX-PET01-PALLET,码垛机岗,0,3,11.0,8.0,3.0,,FULL62-W1
SX,SX-PET01,2026-07-25,夜班,N12,EMPSX0022,SX-PET01-PALLET-LABEL,垛贴码岗,0,3,11.0,8.0,3.0,,FULL62-W1
SX,SX-PET02,2026-07-25,夜班,N12,EMPSX0040,SX-PET02-FILL,灌注机岗,1,3,11.0,8.0,3.0,,FULL62-W1
SX,SX-PET02,2026-07-25,夜班,N12,EMPSX0034,SX-PET02-LABEL,贴标机岗,0,3,11.0,8.0,3.0,,FULL62-W1
SX,SX-PET02,2026-07-25,夜班,N12,EMPSX0015,SX-PET02-PALLET,码垛机岗,0,3,11.0,8.0,3.0,,FULL62-W1
SX,SX-PET02,2026-07-25,夜班,N12,EMPSX0024,SX-PET02-PALLET-LABEL,垛贴码岗,0,3,11.0,8.0,3.0,,FULL62-W1
SX,SX-QC,2026-07-25,夜班,N12,EMPSX0180,SX-QC-QC-BLOW,吹瓶品控,1,3,11.0,8.0,3.0,,FULL62-W1
SX,SX-QC,2026-07-25,夜班,N12,EMPSX0165,SX-QC-QC-IP-PET2,PET线品控2,1,3,11.0,8.0,3.0,,FULL62-W1
SX,SX-QC,2026-07-25,夜班,N12,EMPSX0176,SX-QC-QC-IP-RB,RB线品控,1,3,11.0,8.0,3.0,,FULL62-W1
SX,SX-RB01,2026-07-25,夜班,N12,EMPSX0065,SX-RB01-DEPAL,码卸垛机岗,0,2,11.0,8.0,3.0,,FULL62-W1
SX,SX-RB01,2026-07-25,夜班,N12,EMPSX0008,SX-RB01-FILL,灌注机岗,1,4,11.0,8.0,3.0,,FULL62-W1
SX,SX-RB01,2026-07-25,夜班,N12,EMPSX0077,SX-RB01-LOADER,装卸箱机岗,0,3,11.0,8.0,3.0,,FULL62-W1
SX,SX-RB01,2026-07-25,夜班,N12,EMPSX0092,SX-RB01-QC-FGI1,成品目检岗1,1,3,11.0,8.0,3.0,,FULL62-W1
SX,SX-RB01,2026-07-25,夜班,N12,EMPSX0096,SX-RB01-QC-FGI2,成品目检岗2,1,3,11.0,8.0,3.0,,FULL62-W1
SX,SX-RB01,2026-07-25,夜班,N12,EMPSX0021,SX-RB01-WASHER,洗瓶机岗,0,3,11.0,8.0,3.0,,FULL62-W1
SX,SX-SYRUP,2026-07-25,夜班,N12,EMPSX0117,SX-SYRUP-SYRUP-POST1,后糖岗1,1,3,11.0,8.0,3.0,,FULL62-W1
SX,SX-SYRUP,2026-07-25,夜班,N12,EMPSX0121,SX-SYRUP-SYRUP-POST2,后糖岗2,1,3,11.0,8.0,3.0,,FULL62-W1
SX,SX-UTIL,2026-07-25,夜班,N12,EMPSX0128,SX-UTIL-WWTP,污水处理岗,0,3,11.0,8.0,3.0,,FULL62-W1
HB,HB-AS01,2026-07-26,白班,D12,EMPHB0185,HB-AS01-BLOW,吹瓶机岗,1,3,11.0,8.0,3.0,,FULL62-W1
HB,HB-AS01,2026-07-26,白班,D12,EMPHB0304,HB-AS01-CARTON,上纸箱岗,0,3,11.0,8.0,3.0,,FULL62-W1
HB,HB-AS01,2026-07-26,白班,D12,EMPHB0214,HB-AS01-FILL,灌注机岗,1,3,11.0,8.0,3.0,,FULL62-W1
HB,HB-AS01,2026-07-26,白班,D12,EMPHB0207,HB-AS01-HANDLE-1,提扣机岗1,0,3,11.0,8.0,3.0,,FULL62-W1
HB,HB-AS01,2026-07-26,白班,D12,EMPHB0238,HB-AS01-LABEL,贴标机岗,0,3,11.0,8.0,3.0,,FULL62-W1
HB,HB-AS01,2026-07-26,白班,D12,EMPHB0221,HB-AS01-PACK-SHRINK,膜包机岗,0,4,11.0,8.0,3.0,,FULL62-W1
HB,HB-AS01,2026-07-26,白班,D12,EMPHB0293,HB-AS01-PALLET,码垛机岗,0,4,11.0,8.0,3.0,,FULL62-W1
HB,HB-AS01,2026-07-26,白班,D12,EMPHB0311,HB-AS01-UHT-2,UHT&调配&果肉操作2,1,3,11.0,8.0,3.0,,FULL62-W1
HB,HB-AS01,2026-07-26,白班,D12,EMPHB0317,HB-AS01-UHT-AUX,辅助工,0,3,11.0,8.0,3.0,,FULL62-W1
HB,HB-ENG2,2026-07-26,白班,D12,EMPHB0345,HB-ENG2-AIRCOMP,空压岗,1,3,11.0,8.0,3.0,,FULL62-W1
HB,HB-ENG2,2026-07-26,白班,D12,EMPHB0344,HB-ENG2-BOILER,锅炉岗,0,4,11.0,8.0,3.0,,FULL62-W1
HB,HB-ENG2,2026-07-26,白班,D12,EMPHB0337,HB-ENG2-ELEC-OUT1,外围电工1,1,4,11.0,8.0,3.0,,FULL62-W1
HB,HB-ENG2,2026-07-26,白班,D12,EMPHB0349,HB-ENG2-WWTP,污水岗,0,3,11.0,8.0,3.0,,FULL62-W1
HB,HB-PET01,2026-07-26,白班,D12,EMPHB0231,HB-PET01-BLOW,吹瓶机岗,1,4,11.0,8.0,3.0,,FULL62-W1
HB,HB-PET01,2026-07-26,白班,D12,EMPHB0295,HB-PET01-HANDLE-1,提扣机岗1,0,3,11.0,8.0,3.0,,FULL62-W1
HB,HB-PET01,2026-07-26,白班,D12,EMPHB0300,HB-PET01-HANDLE-2,提扣机岗2,0,3,11.0,8.0,3.0,,FULL62-W1
HB,HB-PET01,2026-07-26,白班,D12,EMPHB0283,HB-PET01-LABEL,贴标机岗,0,3,11.0,8.0,3.0,,FULL62-W1
HB,HB-PET01,2026-07-26,白班,D12,EMPHB0223,HB-PET01-PACK-SHRINK,膜包机岗,0,3,11.0,8.0,3.0,,FULL62-W1
HB,HB-PET01,2026-07-26,白班,D12,EMPHB0294,HB-PET01-PALLET,码垛机岗,0,3,11.0,8.0,3.0,,FULL62-W1
HB,HB-PET01,2026-07-26,白班,D12,EMPHB0184,HB-PET01-SHIFT-ENG,倒班工程师,1,4,11.0,8.0,3.0,,FULL62-W1
HB,HB-PET02,2026-07-26,白班,D12,EMPHB0215,HB-PET02-BLOW-FILL,吹瓶、灌装岗位,1,3,11.0,8.0,3.0,,FULL62-W1
HB,HB-PET02,2026-07-26,白班,D12,EMPHB0195,HB-PET02-LABEL,贴标机岗,0,3,11.0,8.0,3.0,,FULL62-W1
HB,HB-PET02,2026-07-26,白班,D12,EMPHB0241,HB-PET02-PACK-SHRINK,膜包机岗,0,4,11.0,8.0,3.0,,FULL62-W1
HB,HB-PET02,2026-07-26,白班,D12,EMPHB0227,HB-PET02-PALLET,码垛机岗,0,4,11.0,8.0,3.0,,FULL62-W1
HB,HB-PET03,2026-07-26,白班,D12,EMPHB0189,HB-PET03-FILL,灌注机岗,1,4,11.0,8.0,3.0,,FULL62-W1
HB,HB-PET03,2026-07-26,白班,D12,EMPHB0296,HB-PET03-HANDLE-1,提扣机岗1,0,3,11.0,8.0,3.0,,FULL62-W1
HB,HB-PET03,2026-07-26,白班,D12,EMPHB0284,HB-PET03-LABEL,贴标机岗,0,3,11.0,8.0,3.0,,FULL62-W1
HB,HB-PET03,2026-07-26,白班,D12,EMPHB0289,HB-PET03-PACK-SHRINK,膜包机岗,0,3,11.0,8.0,3.0,,FULL62-W1
HB,HB-PET03,2026-07-26,白班,D12,EMPHB0202,HB-PET03-PALLET,码垛机岗,0,3,11.0,8.0,3.0,,FULL62-W1
HB,HB-QC,2026-07-26,白班,D12,EMPHB0355,HB-QC-QC-RM-SODA,汽水线原物料品控,1,4,11.0,8.0,3.0,,FULL62-W1
HB,HB-QC2,2026-07-26,白班,D12,EMPHB0384,HB-QC2-QC-BLOW,吹瓶品控,1,3,11.0,8.0,3.0,,FULL62-W1
HB,HB-QC2,2026-07-26,白班,D12,EMPHB0391,HB-QC2-QC-IP-AS,无菌线制程品控,1,3,11.0,8.0,3.0,,FULL62-W1
HB,HB-QC2,2026-07-26,白班,D12,EMPHB0374,HB-QC2-QC-IP-PET02,PET02线制程品控,1,3,11.0,8.0,3.0,,FULL62-W1
HB,HB-QC2,2026-07-26,白班,D12,EMPHB0380,HB-QC2-QC-IP-PET03,PET03线制程品控,1,4,11.0,8.0,3.0,,FULL62-W1
HB,HB-QC2,2026-07-26,白班,D12,EMPHB0386,HB-QC2-QC-WATER,水糖品控,1,3,11.0,8.0,3.0,,FULL62-W1
HB,HB-SYRUP,2026-07-26,白班,D12,EMPHB0263,HB-SYRUP-SYRUP-POST1,后糖岗1,1,4,11.0,8.0,3.0,,FULL62-W1
HB,HB-SYRUP,2026-07-26,白班,D12,EMPHB0267,HB-SYRUP-SYRUP-POST2,后糖岗2,1,4,11.0,8.0,3.0,,FULL62-W1
SX,SX-BIB01,2026-07-26,白班,D12,EMPSX0101,SX-BIB01-FILL,灌装岗,1,4,11.0,8.0,3.0,,FULL62-W1
SX,SX-BIB01,2026-07-26,白班,D12,EMPSX0107,SX-BIB01-PACK-1,包装岗1,0,3,11.0,8.0,3.0,,FULL62-W1
SX,SX-BIB01,2026-07-26,白班,D12,EMPSX0036,SX-BIB01-PACK-2,包装岗2,0,3,11.0,8.0,3.0,,FULL62-W1
SX,SX-BIB01,2026-07-26,白班,D12,EMPSX0114,SX-BIB01-PACK-3,包装岗3,0,3,11.0,8.0,3.0,,FULL62-W1
SX,SX-CAN01,2026-07-26,白班,D12,EMPSX0073,SX-CAN01-DEPAL-CAN,卸罐机岗,0,3,11.0,8.0,3.0,,FULL62-W1
SX,SX-CAN01,2026-07-26,白班,D12,EMPSX0039,SX-CAN01-FILL,灌注机岗,1,4,11.0,8.0,3.0,,FULL62-W1
SX,SX-CAN01,2026-07-26,白班,D12,EMPSX0071,SX-CAN01-PACK-MULTI,多包装机,0,4,11.0,8.0,3.0,,FULL62-W1
SX,SX-CAN01,2026-07-26,白班,D12,EMPSX0061,SX-CAN01-PACK-SHRINK,塑包机岗,0,3,11.0,8.0,3.0,,FULL62-W1
SX,SX-CAN01,2026-07-26,白班,D12,EMPSX0068,SX-CAN01-PALLET,码垛机岗,0,3,11.0,8.0,3.0,,FULL62-W1
SX,SX-ENG,2026-07-26,白班,D12,EMPSX0139,SX-ENG-AIRCOMP,制冷空压机岗,1,3,11.0,8.0,3.0,,FULL62-W1
SX,SX-ENG,2026-07-26,白班,D12,EMPSX0143,SX-ENG-BOILER,锅炉操作岗,0,3,11.0,8.0,3.0,,FULL62-W1
SX,SX-ENG,2026-07-26,白班,D12,EMPSX0129,SX-ENG-ELEC-LINE1,生产线电工1,1,3,11.0,8.0,3.0,,FULL62-W1
SX,SX-ENG,2026-07-26,白班,D12,EMPSX0147,SX-ENG-MECH-LINE,生产线机修岗,0,4,11.0,8.0,3.0,,FULL62-W1
SX,SX-ENG,2026-07-26,白班,D12,EMPSX0152,SX-ENG-MECH-LINE,生产线机修岗,0,3,11.0,8.0,3.0,,FULL62-W1
SX,SX-PET01,2026-07-26,白班,D12,EMPSX0001,SX-PET01-BLOW-LABEL,吹贴机岗,1,3,11.0,8.0,3.0,C,FULL62-W1
SX,SX-PET01,2026-07-26,白班,D12,EMPSX0007,SX-PET01-FILL,灌注机岗,1,3,11.0,8.0,3.0,C,FULL62-W1
SX,SX-PET02,2026-07-26,白班,D12,EMPSX0032,SX-PET02-BLOW,吹瓶机岗,1,3,11.0,8.0,3.0,,FULL62-W1
SX,SX-PET02,2026-07-26,白班,D12,EMPSX0006,SX-PET02-FILL,灌注机岗,1,4,11.0,8.0,3.0,,FULL62-W1
SX,SX-PET02,2026-07-26,白班,D12,EMPSX0035,SX-PET02-LABEL,贴标机岗,0,3,11.0,8.0,3.0,,FULL62-W1
SX,SX-PET02,2026-07-26,白班,D12,EMPSX0109,SX-PET02-PACK-SHRINK,塑包机岗,0,2,11.0,8.0,3.0,,FULL62-W1
SX,SX-PET02,2026-07-26,白班,D12,EMPSX0048,SX-PET02-PALLET,码垛机岗,0,3,11.0,8.0,3.0,,FULL62-W1
SX,SX-PET02,2026-07-26,白班,D12,EMPSX0023,SX-PET02-PALLET-LABEL,垛贴码岗,0,3,11.0,8.0,3.0,,FULL62-W1
SX,SX-QC,2026-07-26,白班,D12,EMPSX0156,SX-QC-QC-AUX,辅线品控（水、糖、BIB）,1,3,11.0,8.0,3.0,,FULL62-W1
SX,SX-QC,2026-07-26,白班,D12,EMPSX0177,SX-QC-QC-BLOW,吹瓶品控,1,3,11.0,8.0,3.0,,FULL62-W1
SX,SX-QC,2026-07-26,白班,D12,EMPSX0170,SX-QC-QC-IP-CAN,CAN线品控,1,3,11.0,8.0,3.0,,FULL62-W1
SX,SX-QC,2026-07-26,白班,D12,EMPSX0163,SX-QC-QC-IP-PET1,PET线品控1,1,3,11.0,8.0,3.0,,FULL62-W1
SX,SX-QC,2026-07-26,白班,D12,EMPSX0166,SX-QC-QC-IP-PET2,PET线品控2,1,3,11.0,8.0,3.0,,FULL62-W1
SX,SX-QC,2026-07-26,白班,D12,EMPSX0173,SX-QC-QC-IP-RB,RB线品控,1,3,11.0,8.0,3.0,,FULL62-W1
SX,SX-RB01,2026-07-26,白班,D12,EMPSX0076,SX-RB01-DEPAL,码卸垛机岗,0,3,11.0,8.0,3.0,,FULL62-W1
SX,SX-RB01,2026-07-26,白班,D12,EMPSX0059,SX-RB01-FILL,灌注机岗,1,4,11.0,8.0,3.0,,FULL62-W1
SX,SX-RB01,2026-07-26,白班,D12,EMPSX0078,SX-RB01-LOADER,装卸箱机岗,0,4,11.0,8.0,3.0,,FULL62-W1
SX,SX-RB01,2026-07-26,白班,D12,EMPSX0098,SX-RB01-QC-BOTTLE,空瓶检测岗,1,3,11.0,8.0,3.0,,FULL62-W1
SX,SX-RB01,2026-07-26,白班,D12,EMPSX0172,SX-RB01-QC-FGI2,成品目检岗2,1,3,11.0,8.0,3.0,,FULL62-W1
SX,SX-RB01,2026-07-26,白班,D12,EMPSX0082,SX-RB01-WASHER,洗瓶机岗,0,3,11.0,8.0,3.0,,FULL62-W1
SX,SX-SYRUP,2026-07-26,白班,D12,EMPSX0115,SX-SYRUP-SYRUP-POST1,后糖岗1,1,3,11.0,8.0,3.0,,FULL62-W1
HB,HB-ENG,2026-07-26,常白班,D8,EMPHB0324,HB-ENG-ELEC-2,电气维修工程师2,1,4,8.0,8.0,0.0,,FULL62-W1
HB,HB-ENG,2026-07-26,常白班,D8,EMPHB0326,HB-ENG-ENG-BLOW,吹瓶机工程师,1,4,8.0,8.0,0.0,,FULL62-W1
HB,HB-ENG,2026-07-26,常白班,D8,EMPHB0327,HB-ENG-ENG-FILL,灌装机工程师,1,3,8.0,8.0,0.0,,FULL62-W1
HB,HB-ENG,2026-07-26,常白班,D8,EMPHB0329,HB-ENG-ENG-LABEL,贴标机工程师,1,3,8.0,8.0,0.0,,FULL62-W1
HB,HB-ENG,2026-07-26,常白班,D8,EMPHB0332,HB-ENG-ENG-PACK,膜包机工程师,1,3,8.0,8.0,0.0,,FULL62-W1
HB,HB-ENG,2026-07-26,常白班,D8,EMPHB0333,HB-ENG-ENG-PALLET,码垛机工程师,1,4,8.0,8.0,0.0,,FULL62-W1
HB,HB-ENG2,2026-07-26,常白班,D8,EMPHB0339,HB-ENG2-ELEC-OUT2,外围电工2,1,3,8.0,8.0,0.0,,FULL62-W1
HB,HB-QC,2026-07-26,常白班,D8,EMPHB0363,HB-QC-QC-MICRO-AS1,无菌线微生物品控1,1,3,8.0,8.0,0.0,,FULL62-W1
HB,HB-QC,2026-07-26,常白班,D8,EMPHB0366,HB-QC-QC-MICRO-AS2,无菌线微生物品控2,1,3,8.0,8.0,0.0,,FULL62-W1
HB,HB-QC,2026-07-26,常白班,D8,EMPHB0367,HB-QC-QC-MICRO-AS3,无菌线微生物品控3,1,3,8.0,8.0,0.0,,FULL62-W1
HB,HB-QC,2026-07-26,常白班,D8,EMPHB0361,HB-QC-QC-MICRO-SODA,汽水线微生物品控,1,4,8.0,8.0,0.0,,FULL62-W1
HB,HB-SYRUP,2026-07-26,常白班,D8,EMPHB0262,HB-SYRUP-SYRUP-PRE,前糖岗,1,3,8.0,8.0,0.0,,FULL62-W1
SX,SX-ENG,2026-07-26,常白班,D8,EMPSX0134,SX-ENG-ELEC-LINE2,生产线电工2,1,3,8.0,8.0,0.0,,FULL62-W1
SX,SX-ENG,2026-07-26,常白班,D8,EMPSX0136,SX-ENG-ELEC-OUT,外围电工,1,4,8.0,8.0,0.0,,FULL62-W1
SX,SX-QC,2026-07-26,常白班,D8,EMPSX0159,SX-QC-QC-MICRO,微生物品控,1,3,8.0,8.0,0.0,,FULL62-W1
SX,SX-QC,2026-07-26,常白班,D8,EMPSX0157,SX-QC-QC-RM,原物料品控,1,3,8.0,8.0,0.0,,FULL62-W1
SX,SX-SYRUP,2026-07-26,常白班,D8,EMPSX0116,SX-SYRUP-SYRUP-PRE,前糖岗,1,3,8.0,8.0,0.0,,FULL62-W1
SX,SX-UTIL,2026-07-26,常白班,D8,EMPSX0126,SX-UTIL-WATER,水处理操作岗,1,4,8.0,8.0,0.0,,FULL62-W1
HB,HB-AS01,2026-07-26,夜班,N12,EMPHB0278,HB-AS01-BLOW,吹瓶机岗,1,4,11.0,8.0,3.0,,FULL62-W1
HB,HB-AS01,2026-07-26,夜班,N12,EMPHB0303,HB-AS01-CARTON,上纸箱岗,0,4,11.0,8.0,3.0,,FULL62-W1
HB,HB-AS01,2026-07-26,夜班,N12,EMPHB0233,HB-AS01-FILL,灌注机岗,1,3,11.0,8.0,3.0,,FULL62-W1
HB,HB-AS01,2026-07-26,夜班,N12,EMPHB0252,HB-AS01-HANDLE-1,提扣机岗1,0,3,11.0,8.0,3.0,,FULL62-W1
HB,HB-AS01,2026-07-26,夜班,N12,EMPHB0222,HB-AS01-PACK-SHRINK,膜包机岗,0,3,11.0,8.0,3.0,,FULL62-W1
HB,HB-AS01,2026-07-26,夜班,N12,EMPHB0203,HB-AS01-PALLET,码垛机岗,0,3,11.0,8.0,3.0,,FULL62-W1
HB,HB-AS01,2026-07-26,夜班,N12,EMPHB0313,HB-AS01-UHT-2,UHT&调配&果肉操作2,1,4,11.0,8.0,3.0,,FULL62-W1
HB,HB-AS01,2026-07-26,夜班,N12,EMPHB0302,HB-AS01-UHT-AUX,辅助工,0,2,11.0,8.0,3.0,,FULL62-W1
HB,HB-ENG,2026-07-26,夜班,N12,EMPHB0320,HB-ENG-ELEC-1,电气维修工程师1,1,3,11.0,8.0,3.0,,FULL62-W1
HB,HB-ENG2,2026-07-26,夜班,N12,EMPHB0346,HB-ENG2-AIRCOMP,空压岗,1,3,11.0,8.0,3.0,,FULL62-W1
HB,HB-ENG2,2026-07-26,夜班,N12,EMPHB0342,HB-ENG2-BOILER,锅炉岗,0,3,11.0,8.0,3.0,,FULL62-W1
HB,HB-ENG2,2026-07-26,夜班,N12,EMPHB0338,HB-ENG2-ELEC-OUT1,外围电工1,1,3,11.0,8.0,3.0,,FULL62-W1
HB,HB-PET01,2026-07-26,夜班,N12,EMPHB0277,HB-PET01-BLOW,吹瓶机岗,1,3,11.0,8.0,3.0,A,FULL62-W1
HB,HB-PET01,2026-07-26,夜班,N12,EMPHB0279,HB-PET01-FILL,灌注机岗,1,3,11.0,8.0,3.0,A,FULL62-W1
HB,HB-PET01,2026-07-26,夜班,N12,EMPHB0182,HB-PET01-SHIFT-ENG,倒班工程师,1,3,11.0,8.0,3.0,A,FULL62-W1
HB,HB-PET02,2026-07-26,夜班,N12,EMPHB0219,HB-PET02-LABEL,贴标机岗,0,4,11.0,8.0,3.0,,FULL62-W1
HB,HB-PET02,2026-07-26,夜班,N12,EMPHB0224,HB-PET02-PACK-SHRINK,膜包机岗,0,4,11.0,8.0,3.0,,FULL62-W1
HB,HB-PET02,2026-07-26,夜班,N12,EMPHB0204,HB-PET02-PALLET,码垛机岗,0,3,11.0,8.0,3.0,,FULL62-W1
HB,HB-PET03,2026-07-26,夜班,N12,EMPHB0275,HB-PET03-BLOW,吹瓶机岗,1,3,11.0,8.0,3.0,,FULL62-W1
HB,HB-PET03,2026-07-26,夜班,N12,EMPHB0235,HB-PET03-FILL,灌注机岗,1,3,11.0,8.0,3.0,,FULL62-W1
HB,HB-PET03,2026-07-26,夜班,N12,EMPHB0250,HB-PET03-HANDLE-1,提扣机岗1,0,3,11.0,8.0,3.0,,FULL62-W1
HB,HB-PET03,2026-07-26,夜班,N12,EMPHB0318,HB-PET03-HANDLE-2,提扣机岗2,0,2,11.0,8.0,3.0,,FULL62-W1
HB,HB-PET03,2026-07-26,夜班,N12,EMPHB0220,HB-PET03-LABEL,贴标机岗,0,4,11.0,8.0,3.0,,FULL62-W1
HB,HB-PET03,2026-07-26,夜班,N12,EMPHB0287,HB-PET03-PACK-SHRINK,膜包机岗,0,3,11.0,8.0,3.0,,FULL62-W1
HB,HB-PET03,2026-07-26,夜班,N12,EMPHB0228,HB-PET03-PALLET,码垛机岗,0,3,11.0,8.0,3.0,,FULL62-W1
HB,HB-QC,2026-07-26,夜班,N12,EMPHB0359,HB-QC-QC-RM-AS,无菌线原物料品控,1,3,11.0,8.0,3.0,,FULL62-W1
HB,HB-QC2,2026-07-26,夜班,N12,EMPHB0383,HB-QC2-QC-BLOW,吹瓶品控,1,4,11.0,8.0,3.0,,FULL62-W1
HB,HB-QC2,2026-07-26,夜班,N12,EMPHB0390,HB-QC2-QC-IP-AS,无菌线制程品控,1,3,11.0,8.0,3.0,,FULL62-W1
HB,HB-QC2,2026-07-26,夜班,N12,EMPHB0372,HB-QC2-QC-IP-PET01,PET01线制程品控,1,3,11.0,8.0,3.0,,FULL62-W1
HB,HB-QC2,2026-07-26,夜班,N12,EMPHB0375,HB-QC2-QC-IP-PET02,PET02线制程品控,1,3,11.0,8.0,3.0,,FULL62-W1
HB,HB-QC2,2026-07-26,夜班,N12,EMPHB0379,HB-QC2-QC-IP-PET03,PET03线制程品控,1,3,11.0,8.0,3.0,,FULL62-W1
HB,HB-SYRUP,2026-07-26,夜班,N12,EMPHB0265,HB-SYRUP-SYRUP-POST1,后糖岗1,1,4,11.0,8.0,3.0,,FULL62-W1
HB,HB-SYRUP,2026-07-26,夜班,N12,EMPHB0270,HB-SYRUP-SYRUP-POST2,后糖岗2,1,4,11.0,8.0,3.0,,FULL62-W1
HB,HB-SYRUP,2026-07-26,夜班,N12,EMPHB0257,HB-SYRUP-WATER,水处理操作岗,1,3,11.0,8.0,3.0,,FULL62-W1
SX,SX-BIB01,2026-07-26,夜班,N12,EMPSX0108,SX-BIB01-PACK-1,包装岗1,0,3,11.0,8.0,3.0,,FULL62-W1
SX,SX-CAN01,2026-07-26,夜班,N12,EMPSX0037,SX-CAN01-FILL,灌注机岗,1,3,11.0,8.0,3.0,C,FULL62-W1
SX,SX-ENG,2026-07-26,夜班,N12,EMPSX0130,SX-ENG-ELEC-LINE1,生产线电工1,1,3,11.0,8.0,3.0,,FULL62-W1
SX,SX-ENG,2026-07-26,夜班,N12,EMPSX0148,SX-ENG-MECH-LINE,生产线机修岗,0,3,11.0,8.0,3.0,,FULL62-W1
SX,SX-PET01,2026-07-26,夜班,N12,EMPSX0004,SX-PET01-BLOW-LABEL,吹贴机岗,1,4,11.0,8.0,3.0,C,FULL62-W1
SX,SX-PET01,2026-07-26,夜班,N12,EMPSX0086,SX-PET01-FILL,灌注机岗,1,3,11.0,8.0,3.0,C,FULL62-W1
SX,SX-PET02,2026-07-26,夜班,N12,EMPSX0030,SX-PET02-BLOW,吹瓶机岗,1,3,11.0,8.0,3.0,,FULL62-W1
SX,SX-PET02,2026-07-26,夜班,N12,EMPSX0085,SX-PET02-FILL,灌注机岗,1,3,11.0,8.0,3.0,,FULL62-W1
SX,SX-PET02,2026-07-26,夜班,N12,EMPSX0009,SX-PET02-PACK-SHRINK,塑包机岗,0,3,11.0,8.0,3.0,,FULL62-W1
SX,SX-PET02,2026-07-26,夜班,N12,EMPSX0047,SX-PET02-PALLET,码垛机岗,0,3,11.0,8.0,3.0,,FULL62-W1
SX,SX-PET02,2026-07-26,夜班,N12,EMPSX0021,SX-PET02-PALLET-LABEL,垛贴码岗,0,4,11.0,8.0,3.0,,FULL62-W1
SX,SX-QC,2026-07-26,夜班,N12,EMPSX0162,SX-QC-QC-IP-PET1,PET线品控1,1,4,11.0,8.0,3.0,,FULL62-W1
SX,SX-QC,2026-07-26,夜班,N12,EMPSX0168,SX-QC-QC-IP-PET2,PET线品控2,1,4,11.0,8.0,3.0,,FULL62-W1
SX,SX-QC,2026-07-26,夜班,N12,EMPSX0176,SX-QC-QC-IP-RB,RB线品控,1,3,11.0,8.0,3.0,,FULL62-W1
SX,SX-RB01,2026-07-26,夜班,N12,EMPSX0040,SX-RB01-FILL,灌注机岗,1,3,11.0,8.0,3.0,C,FULL62-W1
SX,SX-RB01,2026-07-26,夜班,N12,EMPSX0099,SX-RB01-QC-BOTTLE,空瓶检测岗,1,3,11.0,8.0,3.0,C,FULL62-W1
SX,SX-RB01,2026-07-26,夜班,N12,EMPSX0089,SX-RB01-QC-FGI1,成品目检岗1,1,3,11.0,8.0,3.0,C,FULL62-W1
SX,SX-RB01,2026-07-26,夜班,N12,EMPSX0093,SX-RB01-QC-FGI2,成品目检岗2,1,3,11.0,8.0,3.0,C,FULL62-W1
SX,SX-SYRUP,2026-07-26,夜班,N12,EMPSX0118,SX-SYRUP-SYRUP-POST1,后糖岗1,1,3,11.0,8.0,3.0,,FULL62-W1
SX,SX-SYRUP,2026-07-26,夜班,N12,EMPSX0122,SX-SYRUP-SYRUP-POST2,后糖岗2,1,3,11.0,8.0,3.0,,FULL62-W1
HB,HB-AS01,2026-07-27,白班,D12,EMPHB0229,HB-AS01-BLOW,吹瓶机岗,1,4,11.0,8.0,3.0,,FULL62-W1
HB,HB-AS01,2026-07-27,白班,D12,EMPHB0306,HB-AS01-CARTON,上纸箱岗,0,4,11.0,8.0,3.0,,FULL62-W1
HB,HB-AS01,2026-07-27,白班,D12,EMPHB0281,HB-AS01-FILL,灌注机岗,1,4,11.0,8.0,3.0,,FULL62-W1
HB,HB-AS01,2026-07-27,白班,D12,EMPHB0251,HB-AS01-HANDLE-1,提扣机岗1,0,4,11.0,8.0,3.0,,FULL62-W1
HB,HB-AS01,2026-07-27,白班,D12,EMPHB0254,HB-AS01-HANDLE-2,提扣机岗2,0,4,11.0,8.0,3.0,,FULL62-W1
HB,HB-AS01,2026-07-27,白班,D12,EMPHB0195,HB-AS01-LABEL,贴标机岗,0,3,11.0,8.0,3.0,,FULL62-W1
HB,HB-AS01,2026-07-27,白班,D12,EMPHB0198,HB-AS01-PACK-SHRINK,膜包机岗,0,3,11.0,8.0,3.0,,FULL62-W1
HB,HB-AS01,2026-07-27,白班,D12,EMPHB0247,HB-AS01-PALLET,码垛机岗,0,3,11.0,8.0,3.0,,FULL62-W1
HB,HB-AS01,2026-07-27,白班,D12,EMPHB0271,HB-AS01-SHIFT-LEADER,生产领班,1,3,11.0,8.0,3.0,,FULL62-W1
HB,HB-AS01,2026-07-27,白班,D12,EMPHB0309,HB-AS01-UHT-1,UHT&调配&果肉操作1,1,3,11.0,8.0,3.0,,FULL62-W1
HB,HB-AS01,2026-07-27,白班,D12,EMPHB0315,HB-AS01-UHT-AUX,辅助工,0,3,11.0,8.0,3.0,,FULL62-W1
HB,HB-ENG,2026-07-27,白班,D12,EMPHB0322,HB-ENG-ELEC-1,电气维修工程师1,1,4,11.0,8.0,3.0,,FULL62-W1
HB,HB-ENG2,2026-07-27,白班,D12,EMPHB0348,HB-ENG2-AIRCOMP,空压岗,1,4,11.0,8.0,3.0,,FULL62-W1
HB,HB-ENG2,2026-07-27,白班,D12,EMPHB0337,HB-ENG2-ELEC-OUT1,外围电工1,1,4,11.0,8.0,3.0,,FULL62-W1
HB,HB-PET01,2026-07-27,白班,D12,EMPHB0232,HB-PET01-BLOW,吹瓶机岗,1,3,11.0,8.0,3.0,,FULL62-W1
HB,HB-PET01,2026-07-27,白班,D12,EMPHB0280,HB-PET01-FILL,灌注机岗,1,3,11.0,8.0,3.0,,FULL62-W1
HB,HB-PET01,2026-07-27,白班,D12,EMPHB0298,HB-PET01-HANDLE-1,提扣机岗1,0,3,11.0,8.0,3.0,,FULL62-W1
HB,HB-PET01,2026-07-27,白班,D12,EMPHB0211,HB-PET01-HANDLE-2,提扣机岗2,0,4,11.0,8.0,3.0,,FULL62-W1
HB,HB-PET01,2026-07-27,白班,D12,EMPHB0239,HB-PET01-LABEL,贴标机岗,0,3,11.0,8.0,3.0,,FULL62-W1
HB,HB-PET01,2026-07-27,白班,D12,EMPHB0243,HB-PET01-PACK-SHRINK,膜包机岗,0,3,11.0,8.0,3.0,,FULL62-W1
HB,HB-PET01,2026-07-27,白班,D12,EMPHB0291,HB-PET01-PALLET,码垛机岗,0,3,11.0,8.0,3.0,,FULL62-W1
HB,HB-PET02,2026-07-27,白班,D12,EMPHB0217,HB-PET02-LABEL,贴标机岗,0,3,11.0,8.0,3.0,,FULL62-W1
HB,HB-PET02,2026-07-27,白班,D12,EMPHB0290,HB-PET02-PACK-SHRINK,膜包机岗,0,3,11.0,8.0,3.0,,FULL62-W1
HB,HB-PET02,2026-07-27,白班,D12,EMPHB0246,HB-PET02-PALLET,码垛机岗,0,4,11.0,8.0,3.0,,FULL62-W1
HB,HB-PET03,2026-07-27,白班,D12,EMPHB0230,HB-PET03-BLOW,吹瓶机岗,1,3,11.0,8.0,3.0,,FULL62-W1
HB,HB-PET03,2026-07-27,白班,D12,EMPHB0282,HB-PET03-FILL,灌注机岗,1,4,11.0,8.0,3.0,,FULL62-W1
HB,HB-PET03,2026-07-27,白班,D12,EMPHB0297,HB-PET03-HANDLE-1,提扣机岗1,0,3,11.0,8.0,3.0,,FULL62-W1
HB,HB-PET03,2026-07-27,白班,D12,EMPHB0212,HB-PET03-HANDLE-2,提扣机岗2,0,3,11.0,8.0,3.0,,FULL62-W1
HB,HB-PET03,2026-07-27,白班,D12,EMPHB0238,HB-PET03-LABEL,贴标机岗,0,3,11.0,8.0,3.0,,FULL62-W1
HB,HB-PET03,2026-07-27,白班,D12,EMPHB0223,HB-PET03-PACK-SHRINK,膜包机岗,0,3,11.0,8.0,3.0,,FULL62-W1
HB,HB-PET03,2026-07-27,白班,D12,EMPHB0294,HB-PET03-PALLET,码垛机岗,0,3,11.0,8.0,3.0,,FULL62-W1
HB,HB-QC,2026-07-27,白班,D12,EMPHB0360,HB-QC-QC-RM-AS,无菌线原物料品控,1,3,11.0,8.0,3.0,,FULL62-W1
HB,HB-QC2,2026-07-27,白班,D12,EMPHB0384,HB-QC2-QC-BLOW,吹瓶品控,1,3,11.0,8.0,3.0,,FULL62-W1
HB,HB-QC2,2026-07-27,白班,D12,EMPHB0391,HB-QC2-QC-IP-AS,无菌线制程品控,1,3,11.0,8.0,3.0,,FULL62-W1
HB,HB-QC2,2026-07-27,白班,D12,EMPHB0370,HB-QC2-QC-IP-PET01,PET01线制程品控,1,3,11.0,8.0,3.0,,FULL62-W1
HB,HB-QC2,2026-07-27,白班,D12,EMPHB0373,HB-QC2-QC-IP-PET02,PET02线制程品控,1,4,11.0,8.0,3.0,,FULL62-W1
HB,HB-QC2,2026-07-27,白班,D12,EMPHB0386,HB-QC2-QC-WATER,水糖品控,1,3,11.0,8.0,3.0,,FULL62-W1
HB,HB-SYRUP,2026-07-27,白班,D12,EMPHB0264,HB-SYRUP-SYRUP-POST1,后糖岗1,1,4,11.0,8.0,3.0,,FULL62-W1
HB,HB-SYRUP,2026-07-27,白班,D12,EMPHB0268,HB-SYRUP-SYRUP-POST2,后糖岗2,1,3,11.0,8.0,3.0,,FULL62-W1
HB,HB-SYRUP,2026-07-27,白班,D12,EMPHB0259,HB-SYRUP-WATER,水处理操作岗,1,4,11.0,8.0,3.0,,FULL62-W1
SX,SX-BIB01,2026-07-27,白班,D12,EMPSX0107,SX-BIB01-PACK-1,包装岗1,0,3,11.0,8.0,3.0,,FULL62-W1
SX,SX-BIB01,2026-07-27,白班,D12,EMPSX0111,SX-BIB01-PACK-2,包装岗2,0,3,11.0,8.0,3.0,,FULL62-W1
SX,SX-BIB01,2026-07-27,白班,D12,EMPSX0114,SX-BIB01-PACK-3,包装岗3,0,3,11.0,8.0,3.0,,FULL62-W1
SX,SX-CAN01,2026-07-27,白班,D12,EMPSX0053,SX-CAN01-DEPAL-CAN,卸罐机岗,0,3,11.0,8.0,3.0,,FULL62-W1
SX,SX-CAN01,2026-07-27,白班,D12,EMPSX0008,SX-CAN01-FILL,灌注机岗,1,4,11.0,8.0,3.0,,FULL62-W1
SX,SX-CAN01,2026-07-27,白班,D12,EMPSX0069,SX-CAN01-PACK-MULTI,多包装机,0,4,11.0,8.0,3.0,,FULL62-W1
SX,SX-CAN01,2026-07-27,白班,D12,EMPSX0043,SX-CAN01-PACK-SHRINK,塑包机岗,0,3,11.0,8.0,3.0,,FULL62-W1
SX,SX-CAN01,2026-07-27,白班,D12,EMPSX0048,SX-CAN01-PALLET,码垛机岗,0,3,11.0,8.0,3.0,,FULL62-W1
SX,SX-ENG,2026-07-27,白班,D12,EMPSX0137,SX-ENG-AIRCOMP,制冷空压机岗,1,3,11.0,8.0,3.0,,FULL62-W1
SX,SX-ENG,2026-07-27,白班,D12,EMPSX0144,SX-ENG-BOILER,锅炉操作岗,0,4,11.0,8.0,3.0,,FULL62-W1
SX,SX-ENG,2026-07-27,白班,D12,EMPSX0129,SX-ENG-ELEC-LINE1,生产线电工1,1,3,11.0,8.0,3.0,,FULL62-W1
SX,SX-ENG,2026-07-27,白班,D12,EMPSX0147,SX-ENG-MECH-LINE,生产线机修岗,0,4,11.0,8.0,3.0,,FULL62-W1
SX,SX-ENG,2026-07-27,白班,D12,EMPSX0150,SX-ENG-MECH-LINE,生产线机修岗,0,3,11.0,8.0,3.0,,FULL62-W1
SX,SX-ENG,2026-07-27,白班,D12,EMPSX0152,SX-ENG-MECH-LINE,生产线机修岗,0,3,11.0,8.0,3.0,,FULL62-W1
SX,SX-PET01,2026-07-27,白班,D12,EMPSX0003,SX-PET01-BLOW-LABEL,吹贴机岗,1,4,11.0,8.0,3.0,,FULL62-W1
SX,SX-PET01,2026-07-27,白班,D12,EMPSX0018,SX-PET01-FGI,FGI岗,0,4,11.0,8.0,3.0,,FULL62-W1
SX,SX-PET01,2026-07-27,白班,D12,EMPSX0059,SX-PET01-FILL,灌注机岗,1,4,11.0,8.0,3.0,,FULL62-W1
SX,SX-PET01,2026-07-27,白班,D12,EMPSX0026,SX-PET01-HANDLE,提扣机岗,0,3,11.0,8.0,3.0,,FULL62-W1
SX,SX-PET01,2026-07-27,白班,D12,EMPSX0010,SX-PET01-PACK-SHRINK,塑包机岗,0,3,11.0,8.0,3.0,,FULL62-W1
SX,SX-PET01,2026-07-27,白班,D12,EMPSX0045,SX-PET01-PALLET,码垛机岗,0,3,11.0,8.0,3.0,,FULL62-W1
SX,SX-PET02,2026-07-27,白班,D12,EMPSX0029,SX-PET02-BLOW,吹瓶机岗,1,3,11.0,8.0,3.0,,FULL62-W1
SX,SX-PET02,2026-07-27,白班,D12,EMPSX0058,SX-PET02-FILL,灌注机岗,1,4,11.0,8.0,3.0,,FULL62-W1
SX,SX-PET02,2026-07-27,白班,D12,EMPSX0035,SX-PET02-LABEL,贴标机岗,0,3,11.0,8.0,3.0,,FULL62-W1
SX,SX-PET02,2026-07-27,白班,D12,EMPSX0049,SX-PET02-PALLET-LABEL,垛贴码岗,0,3,11.0,8.0,3.0,,FULL62-W1
SX,SX-QC,2026-07-27,白班,D12,EMPSX0153,SX-QC-QC-AUX,辅线品控（水、糖、BIB）,1,3,11.0,8.0,3.0,,FULL62-W1
SX,SX-QC,2026-07-27,白班,D12,EMPSX0180,SX-QC-QC-BLOW,吹瓶品控,1,3,11.0,8.0,3.0,,FULL62-W1
SX,SX-QC,2026-07-27,白班,D12,EMPSX0170,SX-QC-QC-IP-CAN,CAN线品控,1,3,11.0,8.0,3.0,,FULL62-W1
SX,SX-QC,2026-07-27,白班,D12,EMPSX0161,SX-QC-QC-IP-PET1,PET线品控1,1,3,11.0,8.0,3.0,,FULL62-W1
SX,SX-QC,2026-07-27,白班,D12,EMPSX0166,SX-QC-QC-IP-PET2,PET线品控2,1,3,11.0,8.0,3.0,,FULL62-W1
SX,SX-RB01,2026-07-27,白班,D12,EMPSX0013,SX-RB01-DEPAL,码卸垛机岗,0,2,11.0,8.0,3.0,,FULL62-W1
SX,SX-RB01,2026-07-27,白班,D12,EMPSX0079,SX-RB01-LOADER,装卸箱机岗,0,4,11.0,8.0,3.0,,FULL62-W1
SX,SX-RB01,2026-07-27,白班,D12,EMPSX0098,SX-RB01-QC-BOTTLE,空瓶检测岗,1,3,11.0,8.0,3.0,,FULL62-W1
SX,SX-RB01,2026-07-27,白班,D12,EMPSX0095,SX-RB01-QC-FGI2,成品目检岗2,1,3,11.0,8.0,3.0,,FULL62-W1
SX,SX-SYRUP,2026-07-27,白班,D12,EMPSX0117,SX-SYRUP-SYRUP-POST1,后糖岗1,1,3,11.0,8.0,3.0,,FULL62-W1
HB,HB-ENG,2026-07-27,常白班,D8,EMPHB0323,HB-ENG-ELEC-2,电气维修工程师2,1,4,8.0,8.0,0.0,,FULL62-W1
HB,HB-ENG,2026-07-27,常白班,D8,EMPHB0325,HB-ENG-ENG-BLOW,吹瓶机工程师,1,3,8.0,8.0,0.0,,FULL62-W1
HB,HB-ENG,2026-07-27,常白班,D8,EMPHB0327,HB-ENG-ENG-FILL,灌装机工程师,1,3,8.0,8.0,0.0,,FULL62-W1
HB,HB-ENG,2026-07-27,常白班,D8,EMPHB0330,HB-ENG-ENG-LABEL,贴标机工程师,1,4,8.0,8.0,0.0,,FULL62-W1
HB,HB-ENG,2026-07-27,常白班,D8,EMPHB0331,HB-ENG-ENG-PACK,膜包机工程师,1,3,8.0,8.0,0.0,,FULL62-W1
HB,HB-ENG,2026-07-27,常白班,D8,EMPHB0333,HB-ENG-ENG-PALLET,码垛机工程师,1,4,8.0,8.0,0.0,,FULL62-W1
HB,HB-ENG2,2026-07-27,常白班,D8,EMPHB0340,HB-ENG2-ELEC-OUT2,外围电工2,1,4,8.0,8.0,0.0,,FULL62-W1
HB,HB-QC,2026-07-27,常白班,D8,EMPHB0364,HB-QC-QC-MICRO-AS1,无菌线微生物品控1,1,4,8.0,8.0,0.0,B,FULL62-W1
HB,HB-QC,2026-07-27,常白班,D8,EMPHB0365,HB-QC-QC-MICRO-AS2,无菌线微生物品控2,1,3,8.0,8.0,0.0,B,FULL62-W1
HB,HB-QC,2026-07-27,常白班,D8,EMPHB0367,HB-QC-QC-MICRO-AS3,无菌线微生物品控3,1,3,8.0,8.0,0.0,B,FULL62-W1
HB,HB-QC,2026-07-27,常白班,D8,EMPHB0362,HB-QC-QC-MICRO-SODA,汽水线微生物品控,1,3,8.0,8.0,0.0,B,FULL62-W1
HB,HB-SYRUP,2026-07-27,常白班,D8,EMPHB0262,HB-SYRUP-SYRUP-PRE,前糖岗,1,3,8.0,8.0,0.0,,FULL62-W1
SX,SX-ENG,2026-07-27,常白班,D8,EMPSX0133,SX-ENG-ELEC-LINE2,生产线电工2,1,3,8.0,8.0,0.0,,FULL62-W1
SX,SX-ENG,2026-07-27,常白班,D8,EMPSX0135,SX-ENG-ELEC-OUT,外围电工,1,4,8.0,8.0,0.0,,FULL62-W1
SX,SX-QC,2026-07-27,常白班,D8,EMPSX0159,SX-QC-QC-MICRO,微生物品控,1,3,8.0,8.0,0.0,,FULL62-W1
SX,SX-QC,2026-07-27,常白班,D8,EMPSX0158,SX-QC-QC-RM,原物料品控,1,4,8.0,8.0,0.0,,FULL62-W1
SX,SX-SYRUP,2026-07-27,常白班,D8,EMPSX0115,SX-SYRUP-SYRUP-PRE,前糖岗,1,3,8.0,8.0,0.0,,FULL62-W1
SX,SX-UTIL,2026-07-27,常白班,D8,EMPSX0125,SX-UTIL-WATER,水处理操作岗,1,3,8.0,8.0,0.0,,FULL62-W1
HB,HB-AS01,2026-07-27,夜班,N12,EMPHB0277,HB-AS01-BLOW,吹瓶机岗,1,3,11.0,8.0,3.0,,FULL62-W1
HB,HB-AS01,2026-07-27,夜班,N12,EMPHB0303,HB-AS01-CARTON,上纸箱岗,0,4,11.0,8.0,3.0,,FULL62-W1
HB,HB-AS01,2026-07-27,夜班,N12,EMPHB0189,HB-AS01-FILL,灌注机岗,1,4,11.0,8.0,3.0,,FULL62-W1
HB,HB-AS01,2026-07-27,夜班,N12,EMPHB0250,HB-AS01-HANDLE-1,提扣机岗1,0,3,11.0,8.0,3.0,,FULL62-W1
HB,HB-AS01,2026-07-27,夜班,N12,EMPHB0302,HB-AS01-HANDLE-2,提扣机岗2,0,3,11.0,8.0,3.0,,FULL62-W1
HB,HB-AS01,2026-07-27,夜班,N12,EMPHB0286,HB-AS01-LABEL,贴标机岗,0,3,11.0,8.0,3.0,,FULL62-W1
HB,HB-AS01,2026-07-27,夜班,N12,EMPHB0197,HB-AS01-PACK-SHRINK,膜包机岗,0,4,11.0,8.0,3.0,,FULL62-W1
HB,HB-AS01,2026-07-27,夜班,N12,EMPHB0202,HB-AS01-PALLET,码垛机岗,0,3,11.0,8.0,3.0,,FULL62-W1
HB,HB-AS01,2026-07-27,夜班,N12,EMPHB0272,HB-AS01-SHIFT-LEADER,生产领班,1,3,11.0,8.0,3.0,,FULL62-W1
HB,HB-AS01,2026-07-27,夜班,N12,EMPHB0307,HB-AS01-UHT-1,UHT&调配&果肉操作1,1,4,11.0,8.0,3.0,,FULL62-W1
HB,HB-AS01,2026-07-27,夜班,N12,EMPHB0312,HB-AS01-UHT-2,UHT&调配&果肉操作2,1,3,11.0,8.0,3.0,,FULL62-W1
HB,HB-AS01,2026-07-27,夜班,N12,EMPHB0317,HB-AS01-UHT-AUX,辅助工,0,3,11.0,8.0,3.0,,FULL62-W1
HB,HB-ENG,2026-07-27,夜班,N12,EMPHB0319,HB-ENG-ELEC-1,电气维修工程师1,1,3,11.0,8.0,3.0,,FULL62-W1
HB,HB-ENG2,2026-07-27,夜班,N12,EMPHB0346,HB-ENG2-AIRCOMP,空压岗,1,3,11.0,8.0,3.0,,FULL62-W1
HB,HB-ENG2,2026-07-27,夜班,N12,EMPHB0336,HB-ENG2-ELEC-OUT1,外围电工1,1,3,11.0,8.0,3.0,,FULL62-W1
HB,HB-ENG2,2026-07-27,夜班,N12,EMPHB0349,HB-ENG2-WWTP,污水岗,0,3,11.0,8.0,3.0,,FULL62-W1
HB,HB-PET01,2026-07-27,夜班,N12,EMPHB0185,HB-PET01-BLOW,吹瓶机岗,1,3,11.0,8.0,3.0,,FULL62-W1
HB,HB-PET01,2026-07-27,夜班,N12,EMPHB0235,HB-PET01-FILL,灌注机岗,1,3,11.0,8.0,3.0,,FULL62-W1
HB,HB-PET01,2026-07-27,夜班,N12,EMPHB0252,HB-PET01-HANDLE-1,提扣机岗1,0,3,11.0,8.0,3.0,,FULL62-W1
HB,HB-PET01,2026-07-27,夜班,N12,EMPHB0209,HB-PET01-HANDLE-2,提扣机岗2,0,4,11.0,8.0,3.0,,FULL62-W1
HB,HB-PET01,2026-07-27,夜班,N12,EMPHB0194,HB-PET01-LABEL,贴标机岗,0,4,11.0,8.0,3.0,,FULL62-W1
HB,HB-PET01,2026-07-27,夜班,N12,EMPHB0221,HB-PET01-PACK-SHRINK,膜包机岗,0,4,11.0,8.0,3.0,,FULL62-W1
HB,HB-PET01,2026-07-27,夜班,N12,EMPHB0203,HB-PET01-PALLET,码垛机岗,0,3,11.0,8.0,3.0,,FULL62-W1
HB,HB-PET01,2026-07-27,夜班,N12,EMPHB0274,HB-PET01-SHIFT-ENG,倒班工程师,1,3,11.0,8.0,3.0,,FULL62-W1
HB,HB-PET02,2026-07-27,夜班,N12,EMPHB0214,HB-PET02-BLOW-FILL,吹瓶、灌装岗位,1,3,11.0,8.0,3.0,,FULL62-W1
HB,HB-PET02,2026-07-27,夜班,N12,EMPHB0237,HB-PET02-LABEL,贴标机岗,0,3,11.0,8.0,3.0,,FULL62-W1
HB,HB-PET02,2026-07-27,夜班,N12,EMPHB0242,HB-PET02-PACK-SHRINK,膜包机岗,0,3,11.0,8.0,3.0,,FULL62-W1
HB,HB-PET02,2026-07-27,夜班,N12,EMPHB0227,HB-PET02-PALLET,码垛机岗,0,4,11.0,8.0,3.0,,FULL62-W1
HB,HB-PET03,2026-07-27,夜班,N12,EMPHB0278,HB-PET03-BLOW,吹瓶机岗,1,4,11.0,8.0,3.0,,FULL62-W1
HB,HB-PET03,2026-07-27,夜班,N12,EMPHB0234,HB-PET03-FILL,灌注机岗,1,4,11.0,8.0,3.0,,FULL62-W1
HB,HB-PET03,2026-07-27,夜班,N12,EMPHB0205,HB-PET03-HANDLE-1,提扣机岗1,0,4,11.0,8.0,3.0,,FULL62-W1
HB,HB-PET03,2026-07-27,夜班,N12,EMPHB0284,HB-PET03-LABEL,贴标机岗,0,3,11.0,8.0,3.0,,FULL62-W1
HB,HB-PET03,2026-07-27,夜班,N12,EMPHB0287,HB-PET03-PACK-SHRINK,膜包机岗,0,3,11.0,8.0,3.0,,FULL62-W1
HB,HB-QC,2026-07-27,夜班,N12,EMPHB0359,HB-QC-QC-RM-AS,无菌线原物料品控,1,3,11.0,8.0,3.0,C,FULL62-W1
HB,HB-QC,2026-07-27,夜班,N12,EMPHB0355,HB-QC-QC-RM-SODA,汽水线原物料品控,1,4,11.0,8.0,3.0,C,FULL62-W1
HB,HB-QC2,2026-07-27,夜班,N12,EMPHB0382,HB-QC2-QC-BLOW,吹瓶品控,1,4,11.0,8.0,3.0,,FULL62-W1
HB,HB-QC2,2026-07-27,夜班,N12,EMPHB0390,HB-QC2-QC-IP-AS,无菌线制程品控,1,3,11.0,8.0,3.0,,FULL62-W1
HB,HB-QC2,2026-07-27,夜班,N12,EMPHB0371,HB-QC2-QC-IP-PET01,PET01线制程品控,1,3,11.0,8.0,3.0,,FULL62-W1
HB,HB-QC2,2026-07-27,夜班,N12,EMPHB0375,HB-QC2-QC-IP-PET02,PET02线制程品控,1,3,11.0,8.0,3.0,,FULL62-W1
HB,HB-QC2,2026-07-27,夜班,N12,EMPHB0378,HB-QC2-QC-IP-PET03,PET03线制程品控,1,3,11.0,8.0,3.0,,FULL62-W1
HB,HB-QC2,2026-07-27,夜班,N12,EMPHB0388,HB-QC2-QC-WATER,水糖品控,1,3,11.0,8.0,3.0,,FULL62-W1
HB,HB-SYRUP,2026-07-27,夜班,N12,EMPHB0266,HB-SYRUP-SYRUP-POST1,后糖岗1,1,4,11.0,8.0,3.0,,FULL62-W1
SX,SX-BIB01,2026-07-27,夜班,N12,EMPSX0106,SX-BIB01-PACK-1,包装岗1,0,3,11.0,8.0,3.0,,FULL62-W1
SX,SX-BIB01,2026-07-27,夜班,N12,EMPSX0112,SX-BIB01-PACK-2,包装岗2,0,3,11.0,8.0,3.0,,FULL62-W1
SX,SX-CAN01,2026-07-27,夜班,N12,EMPSX0056,SX-CAN01-DEPAL-CAN,卸罐机岗,0,3,11.0,8.0,3.0,,FULL62-W1
SX,SX-CAN01,2026-07-27,夜班,N12,EMPSX0038,SX-CAN01-FILL,灌注机岗,1,3,11.0,8.0,3.0,,FULL62-W1
SX,SX-CAN01,2026-07-27,夜班,N12,EMPSX0070,SX-CAN01-PACK-MULTI,多包装机,0,4,11.0,8.0,3.0,,FULL62-W1
SX,SX-CAN01,2026-07-27,夜班,N12,EMPSX0042,SX-CAN01-PACK-SHRINK,塑包机岗,0,3,11.0,8.0,3.0,,FULL62-W1
SX,SX-CAN01,2026-07-27,夜班,N12,EMPSX0065,SX-CAN01-PALLET,码垛机岗,0,3,11.0,8.0,3.0,,FULL62-W1
SX,SX-ENG,2026-07-27,夜班,N12,EMPSX0140,SX-ENG-AIRCOMP,制冷空压机岗,1,4,11.0,8.0,3.0,,FULL62-W1
SX,SX-ENG,2026-07-27,夜班,N12,EMPSX0142,SX-ENG-BOILER,锅炉操作岗,0,3,11.0,8.0,3.0,,FULL62-W1
SX,SX-ENG,2026-07-27,夜班,N12,EMPSX0131,SX-ENG-ELEC-LINE1,生产线电工1,1,3,11.0,8.0,3.0,,FULL62-W1
SX,SX-ENG,2026-07-27,夜班,N12,EMPSX0148,SX-ENG-MECH-LINE,生产线机修岗,0,3,11.0,8.0,3.0,,FULL62-W1
SX,SX-PET01,2026-07-27,夜班,N12,EMPSX0002,SX-PET01-BLOW-LABEL,吹贴机岗,1,3,11.0,8.0,3.0,,FULL62-W1
SX,SX-PET01,2026-07-27,夜班,N12,EMPSX0020,SX-PET01-FGI,FGI岗,0,3,11.0,8.0,3.0,,FULL62-W1
SX,SX-PET01,2026-07-27,夜班,N12,EMPSX0005,SX-PET01-FILL,灌注机岗,1,3,11.0,8.0,3.0,,FULL62-W1
SX,SX-PET01,2026-07-27,夜班,N12,EMPSX0061,SX-PET01-PACK-SHRINK,塑包机岗,0,3,11.0,8.0,3.0,,FULL62-W1
SX,SX-PET02,2026-07-27,夜班,N12,EMPSX0030,SX-PET02-BLOW,吹瓶机岗,1,3,11.0,8.0,3.0,,FULL62-W1
SX,SX-PET02,2026-07-27,夜班,N12,EMPSX0034,SX-PET02-LABEL,贴标机岗,0,3,11.0,8.0,3.0,,FULL62-W1
SX,SX-PET02,2026-07-27,夜班,N12,EMPSX0062,SX-PET02-PACK-SHRINK,塑包机岗,0,3,11.0,8.0,3.0,,FULL62-W1
SX,SX-PET02,2026-07-27,夜班,N12,EMPSX0066,SX-PET02-PALLET,码垛机岗,0,3,11.0,8.0,3.0,,FULL62-W1
SX,SX-PET02,2026-07-27,夜班,N12,EMPSX0052,SX-PET02-PALLET-LABEL,垛贴码岗,0,3,11.0,8.0,3.0,,FULL62-W1
SX,SX-QC,2026-07-27,夜班,N12,EMPSX0177,SX-QC-QC-BLOW,吹瓶品控,1,3,11.0,8.0,3.0,,FULL62-W1
SX,SX-QC,2026-07-27,夜班,N12,EMPSX0169,SX-QC-QC-IP-CAN,CAN线品控,1,4,11.0,8.0,3.0,,FULL62-W1
SX,SX-QC,2026-07-27,夜班,N12,EMPSX0163,SX-QC-QC-IP-PET1,PET线品控1,1,3,11.0,8.0,3.0,,FULL62-W1
SX,SX-QC,2026-07-27,夜班,N12,EMPSX0165,SX-QC-QC-IP-PET2,PET线品控2,1,3,11.0,8.0,3.0,,FULL62-W1
SX,SX-QC,2026-07-27,夜班,N12,EMPSX0173,SX-QC-QC-IP-RB,RB线品控,1,3,11.0,8.0,3.0,,FULL62-W1
SX,SX-RB01,2026-07-27,夜班,N12,EMPSX0073,SX-RB01-DEPAL,码卸垛机岗,0,3,11.0,8.0,3.0,,FULL62-W1
SX,SX-RB01,2026-07-27,夜班,N12,EMPSX0039,SX-RB01-FILL,灌注机岗,1,4,11.0,8.0,3.0,,FULL62-W1
SX,SX-RB01,2026-07-27,夜班,N12,EMPSX0080,SX-RB01-LOADER,装卸箱机岗,0,3,11.0,8.0,3.0,,FULL62-W1
SX,SX-RB01,2026-07-27,夜班,N12,EMPSX0097,SX-RB01-QC-BOTTLE,空瓶检测岗,1,3,11.0,8.0,3.0,,FULL62-W1
SX,SX-RB01,2026-07-27,夜班,N12,EMPSX0091,SX-RB01-QC-FGI1,成品目检岗1,1,3,11.0,8.0,3.0,,FULL62-W1
SX,SX-RB01,2026-07-27,夜班,N12,EMPSX0081,SX-RB01-WASHER,洗瓶机岗,0,4,11.0,8.0,3.0,,FULL62-W1
SX,SX-SYRUP,2026-07-27,夜班,N12,EMPSX0119,SX-SYRUP-SYRUP-POST1,后糖岗1,1,3,11.0,8.0,3.0,,FULL62-W1
SX,SX-SYRUP,2026-07-27,夜班,N12,EMPSX0123,SX-SYRUP-SYRUP-POST2,后糖岗2,1,3,11.0,8.0,3.0,,FULL62-W1
SX,SX-UTIL,2026-07-27,夜班,N12,EMPSX0128,SX-UTIL-WWTP,污水处理岗,0,3,11.0,8.0,3.0,,FULL62-W1
HB,HB-AS01,2026-07-28,白班,D12,EMPHB0231,HB-AS01-BLOW,吹瓶机岗,1,4,11.0,8.0,3.0,A,FULL62-W1
HB,HB-AS01,2026-07-28,白班,D12,EMPHB0280,HB-AS01-FILL,灌注机岗,1,3,11.0,8.0,3.0,A,FULL62-W1
HB,HB-AS01,2026-07-28,白班,D12,EMPHB0273,HB-AS01-SHIFT-LEADER,生产领班,1,3,11.0,8.0,3.0,A,FULL62-W1
HB,HB-AS01,2026-07-28,白班,D12,EMPHB0310,HB-AS01-UHT-1,UHT&调配&果肉操作1,1,3,11.0,8.0,3.0,A,FULL62-W1
HB,HB-AS01,2026-07-28,白班,D12,EMPHB0314,HB-AS01-UHT-2,UHT&调配&果肉操作2,1,3,11.0,8.0,3.0,A,FULL62-W1
HB,HB-ENG,2026-07-28,白班,D12,EMPHB0320,HB-ENG-ELEC-1,电气维修工程师1,1,3,11.0,8.0,3.0,,FULL62-W1
HB,HB-ENG2,2026-07-28,白班,D12,EMPHB0345,HB-ENG2-AIRCOMP,空压岗,1,3,11.0,8.0,3.0,,FULL62-W1
HB,HB-ENG2,2026-07-28,白班,D12,EMPHB0343,HB-ENG2-BOILER,锅炉岗,0,3,11.0,8.0,3.0,,FULL62-W1
HB,HB-ENG2,2026-07-28,白班,D12,EMPHB0337,HB-ENG2-ELEC-OUT1,外围电工1,1,4,11.0,8.0,3.0,,FULL62-W1
HB,HB-ENG2,2026-07-28,白班,D12,EMPHB0350,HB-ENG2-WWTP,污水岗,0,3,11.0,8.0,3.0,,FULL62-W1
HB,HB-PET01,2026-07-28,白班,D12,EMPHB0191,HB-PET01-FILL,灌注机岗,1,4,11.0,8.0,3.0,,FULL62-W1
HB,HB-PET01,2026-07-28,白班,D12,EMPHB0299,HB-PET01-HANDLE-2,提扣机岗2,0,3,11.0,8.0,3.0,,FULL62-W1
HB,HB-PET01,2026-07-28,白班,D12,EMPHB0199,HB-PET01-PACK-SHRINK,膜包机岗,0,3,11.0,8.0,3.0,,FULL62-W1
HB,HB-PET01,2026-07-28,白班,D12,EMPHB0247,HB-PET01-PALLET,码垛机岗,0,3,11.0,8.0,3.0,,FULL62-W1
HB,HB-PET01,2026-07-28,白班,D12,EMPHB0182,HB-PET01-SHIFT-ENG,倒班工程师,1,3,11.0,8.0,3.0,,FULL62-W1
HB,HB-PET02,2026-07-28,白班,D12,EMPHB0215,HB-PET02-BLOW-FILL,吹瓶、灌装岗位,1,3,11.0,8.0,3.0,,FULL62-W1
HB,HB-PET02,2026-07-28,白班,D12,EMPHB0220,HB-PET02-LABEL,贴标机岗,0,4,11.0,8.0,3.0,,FULL62-W1
HB,HB-PET02,2026-07-28,白班,D12,EMPHB0223,HB-PET02-PACK-SHRINK,膜包机岗,0,3,11.0,8.0,3.0,,FULL62-W1
HB,HB-PET02,2026-07-28,白班,D12,EMPHB0294,HB-PET02-PALLET,码垛机岗,0,3,11.0,8.0,3.0,,FULL62-W1
HB,HB-PET03,2026-07-28,白班,D12,EMPHB0275,HB-PET03-BLOW,吹瓶机岗,1,3,11.0,8.0,3.0,,FULL62-W1
HB,HB-PET03,2026-07-28,白班,D12,EMPHB0279,HB-PET03-FILL,灌注机岗,1,3,11.0,8.0,3.0,,FULL62-W1
HB,HB-PET03,2026-07-28,白班,D12,EMPHB0249,HB-PET03-HANDLE-1,提扣机岗1,0,3,11.0,8.0,3.0,,FULL62-W1
HB,HB-PET03,2026-07-28,白班,D12,EMPHB0210,HB-PET03-HANDLE-2,提扣机岗2,0,3,11.0,8.0,3.0,,FULL62-W1
HB,HB-PET03,2026-07-28,白班,D12,EMPHB0285,HB-PET03-LABEL,贴标机岗,0,3,11.0,8.0,3.0,,FULL62-W1
HB,HB-PET03,2026-07-28,白班,D12,EMPHB0288,HB-PET03-PACK-SHRINK,膜包机岗,0,3,11.0,8.0,3.0,,FULL62-W1
HB,HB-PET03,2026-07-28,白班,D12,EMPHB0201,HB-PET03-PALLET,码垛机岗,0,4,11.0,8.0,3.0,,FULL62-W1
HB,HB-QC,2026-07-28,白班,D12,EMPHB0358,HB-QC-QC-RM-AS,无菌线原物料品控,1,4,11.0,8.0,3.0,,FULL62-W1
HB,HB-QC2,2026-07-28,白班,D12,EMPHB0383,HB-QC2-QC-BLOW,吹瓶品控,1,4,11.0,8.0,3.0,,FULL62-W1
HB,HB-QC2,2026-07-28,白班,D12,EMPHB0389,HB-QC2-QC-IP-AS,无菌线制程品控,1,3,11.0,8.0,3.0,,FULL62-W1
HB,HB-QC2,2026-07-28,白班,D12,EMPHB0369,HB-QC2-QC-IP-PET01,PET01线制程品控,1,3,11.0,8.0,3.0,,FULL62-W1
HB,HB-QC2,2026-07-28,白班,D12,EMPHB0373,HB-QC2-QC-IP-PET02,PET02线制程品控,1,4,11.0,8.0,3.0,,FULL62-W1
HB,HB-QC2,2026-07-28,白班,D12,EMPHB0377,HB-QC2-QC-IP-PET03,PET03线制程品控,1,3,11.0,8.0,3.0,,FULL62-W1
HB,HB-QC2,2026-07-28,白班,D12,EMPHB0386,HB-QC2-QC-WATER,水糖品控,1,3,11.0,8.0,3.0,,FULL62-W1
HB,HB-SYRUP,2026-07-28,白班,D12,EMPHB0263,HB-SYRUP-SYRUP-POST1,后糖岗1,1,4,11.0,8.0,3.0,,FULL62-W1
HB,HB-SYRUP,2026-07-28,白班,D12,EMPHB0259,HB-SYRUP-WATER,水处理操作岗,1,4,11.0,8.0,3.0,,FULL62-W1
SX,SX-BIB01,2026-07-28,白班,D12,EMPSX0104,SX-BIB01-FILL,灌装岗,1,3,11.0,8.0,3.0,,FULL62-W1
SX,SX-BIB01,2026-07-28,白班,D12,EMPSX0105,SX-BIB01-PACK-1,包装岗1,0,3,11.0,8.0,3.0,,FULL62-W1
SX,SX-BIB01,2026-07-28,白班,D12,EMPSX0036,SX-BIB01-PACK-2,包装岗2,0,3,11.0,8.0,3.0,,FULL62-W1
SX,SX-BIB01,2026-07-28,白班,D12,EMPSX0113,SX-BIB01-PACK-3,包装岗3,0,4,11.0,8.0,3.0,,FULL62-W1
SX,SX-CAN01,2026-07-28,白班,D12,EMPSX0057,SX-CAN01-FILL,灌注机岗,1,3,11.0,8.0,3.0,C,FULL62-W1
SX,SX-ENG,2026-07-28,白班,D12,EMPSX0139,SX-ENG-AIRCOMP,制冷空压机岗,1,3,11.0,8.0,3.0,,FULL62-W1
SX,SX-ENG,2026-07-28,白班,D12,EMPSX0144,SX-ENG-BOILER,锅炉操作岗,0,4,11.0,8.0,3.0,,FULL62-W1
SX,SX-ENG,2026-07-28,白班,D12,EMPSX0132,SX-ENG-ELEC-LINE1,生产线电工1,1,3,11.0,8.0,3.0,,FULL62-W1
SX,SX-ENG,2026-07-28,白班,D12,EMPSX0145,SX-ENG-MECH-LINE,生产线机修岗,0,3,11.0,8.0,3.0,,FULL62-W1
SX,SX-ENG,2026-07-28,白班,D12,EMPSX0149,SX-ENG-MECH-LINE,生产线机修岗,0,3,11.0,8.0,3.0,,FULL62-W1
SX,SX-ENG,2026-07-28,白班,D12,EMPSX0151,SX-ENG-MECH-LINE,生产线机修岗,0,3,11.0,8.0,3.0,,FULL62-W1
SX,SX-PET01,2026-07-28,白班,D12,EMPSX0001,SX-PET01-BLOW-LABEL,吹贴机岗,1,3,11.0,8.0,3.0,,FULL62-W1
SX,SX-PET01,2026-07-28,白班,D12,EMPSX0060,SX-PET01-FILL,灌注机岗,1,3,11.0,8.0,3.0,,FULL62-W1
SX,SX-PET01,2026-07-28,白班,D12,EMPSX0025,SX-PET01-HANDLE,提扣机岗,0,3,11.0,8.0,3.0,,FULL62-W1
SX,SX-PET01,2026-07-28,白班,D12,EMPSX0063,SX-PET01-PACK-SHRINK,塑包机岗,0,3,11.0,8.0,3.0,,FULL62-W1
SX,SX-PET01,2026-07-28,白班,D12,EMPSX0067,SX-PET01-PALLET,码垛机岗,0,3,11.0,8.0,3.0,,FULL62-W1
SX,SX-PET02,2026-07-28,白班,D12,EMPSX0032,SX-PET02-BLOW,吹瓶机岗,1,3,11.0,8.0,3.0,,FULL62-W1
SX,SX-PET02,2026-07-28,白班,D12,EMPSX0058,SX-PET02-FILL,灌注机岗,1,4,11.0,8.0,3.0,,FULL62-W1
SX,SX-PET02,2026-07-28,白班,D12,EMPSX0033,SX-PET02-LABEL,贴标机岗,0,3,11.0,8.0,3.0,,FULL62-W1
SX,SX-PET02,2026-07-28,白班,D12,EMPSX0109,SX-PET02-PACK-SHRINK,塑包机岗,0,2,11.0,8.0,3.0,,FULL62-W1
SX,SX-PET02,2026-07-28,白班,D12,EMPSX0045,SX-PET02-PALLET,码垛机岗,0,3,11.0,8.0,3.0,,FULL62-W1
SX,SX-PET02,2026-07-28,白班,D12,EMPSX0049,SX-PET02-PALLET-LABEL,垛贴码岗,0,3,11.0,8.0,3.0,,FULL62-W1
SX,SX-QC,2026-07-28,白班,D12,EMPSX0154,SX-QC-QC-AUX,辅线品控（水、糖、BIB）,1,3,11.0,8.0,3.0,,FULL62-W1
SX,SX-QC,2026-07-28,白班,D12,EMPSX0180,SX-QC-QC-BLOW,吹瓶品控,1,3,11.0,8.0,3.0,,FULL62-W1
SX,SX-QC,2026-07-28,白班,D12,EMPSX0170,SX-QC-QC-IP-CAN,CAN线品控,1,3,11.0,8.0,3.0,,FULL62-W1
SX,SX-QC,2026-07-28,白班,D12,EMPSX0168,SX-QC-QC-IP-PET2,PET线品控2,1,4,11.0,8.0,3.0,,FULL62-W1
SX,SX-QC,2026-07-28,白班,D12,EMPSX0175,SX-QC-QC-IP-RB,RB线品控,1,4,11.0,8.0,3.0,,FULL62-W1
SX,SX-RB01,2026-07-28,白班,D12,EMPSX0079,SX-RB01-LOADER,装卸箱机岗,0,4,11.0,8.0,3.0,,FULL62-W1
SX,SX-RB01,2026-07-28,白班,D12,EMPSX0090,SX-RB01-QC-FGI1,成品目检岗1,1,3,11.0,8.0,3.0,,FULL62-W1
SX,SX-RB01,2026-07-28,白班,D12,EMPSX0096,SX-RB01-QC-FGI2,成品目检岗2,1,3,11.0,8.0,3.0,,FULL62-W1
SX,SX-RB01,2026-07-28,白班,D12,EMPSX0084,SX-RB01-WASHER,洗瓶机岗,0,3,11.0,8.0,3.0,,FULL62-W1
SX,SX-SYRUP,2026-07-28,白班,D12,EMPSX0117,SX-SYRUP-SYRUP-POST1,后糖岗1,1,3,11.0,8.0,3.0,,FULL62-W1
HB,HB-ENG,2026-07-28,常白班,D8,EMPHB0323,HB-ENG-ELEC-2,电气维修工程师2,1,4,8.0,8.0,0.0,,FULL62-W1
HB,HB-ENG,2026-07-28,常白班,D8,EMPHB0326,HB-ENG-ENG-BLOW,吹瓶机工程师,1,4,8.0,8.0,0.0,,FULL62-W1
HB,HB-ENG,2026-07-28,常白班,D8,EMPHB0327,HB-ENG-ENG-FILL,灌装机工程师,1,3,8.0,8.0,0.0,,FULL62-W1
HB,HB-ENG,2026-07-28,常白班,D8,EMPHB0329,HB-ENG-ENG-LABEL,贴标机工程师,1,3,8.0,8.0,0.0,,FULL62-W1
HB,HB-ENG,2026-07-28,常白班,D8,EMPHB0331,HB-ENG-ENG-PACK,膜包机工程师,1,3,8.0,8.0,0.0,,FULL62-W1
HB,HB-ENG,2026-07-28,常白班,D8,EMPHB0334,HB-ENG-ENG-PALLET,码垛机工程师,1,3,8.0,8.0,0.0,,FULL62-W1
HB,HB-ENG2,2026-07-28,常白班,D8,EMPHB0340,HB-ENG2-ELEC-OUT2,外围电工2,1,4,8.0,8.0,0.0,,FULL62-W1
HB,HB-QC,2026-07-28,常白班,D8,EMPHB0363,HB-QC-QC-MICRO-AS1,无菌线微生物品控1,1,3,8.0,8.0,0.0,,FULL62-W1
HB,HB-QC,2026-07-28,常白班,D8,EMPHB0366,HB-QC-QC-MICRO-AS2,无菌线微生物品控2,1,3,8.0,8.0,0.0,,FULL62-W1
HB,HB-QC,2026-07-28,常白班,D8,EMPHB0368,HB-QC-QC-MICRO-AS3,无菌线微生物品控3,1,4,8.0,8.0,0.0,,FULL62-W1
HB,HB-QC,2026-07-28,常白班,D8,EMPHB0362,HB-QC-QC-MICRO-SODA,汽水线微生物品控,1,3,8.0,8.0,0.0,,FULL62-W1
HB,HB-SYRUP,2026-07-28,常白班,D8,EMPHB0261,HB-SYRUP-SYRUP-PRE,前糖岗,1,3,8.0,8.0,0.0,,FULL62-W1
SX,SX-ENG,2026-07-28,常白班,D8,EMPSX0133,SX-ENG-ELEC-LINE2,生产线电工2,1,3,8.0,8.0,0.0,,FULL62-W1
SX,SX-ENG,2026-07-28,常白班,D8,EMPSX0136,SX-ENG-ELEC-OUT,外围电工,1,4,8.0,8.0,0.0,,FULL62-W1
SX,SX-QC,2026-07-28,常白班,D8,EMPSX0160,SX-QC-QC-MICRO,微生物品控,1,4,8.0,8.0,0.0,,FULL62-W1
SX,SX-QC,2026-07-28,常白班,D8,EMPSX0157,SX-QC-QC-RM,原物料品控,1,3,8.0,8.0,0.0,,FULL62-W1
SX,SX-SYRUP,2026-07-28,常白班,D8,EMPSX0116,SX-SYRUP-SYRUP-PRE,前糖岗,1,3,8.0,8.0,0.0,,FULL62-W1
SX,SX-UTIL,2026-07-28,常白班,D8,EMPSX0126,SX-UTIL-WATER,水处理操作岗,1,4,8.0,8.0,0.0,,FULL62-W1
HB,HB-AS01,2026-07-28,夜班,N12,EMPHB0229,HB-AS01-BLOW,吹瓶机岗,1,4,11.0,8.0,3.0,C,FULL62-W1
HB,HB-AS01,2026-07-28,夜班,N12,EMPHB0234,HB-AS01-FILL,灌注机岗,1,4,11.0,8.0,3.0,C,FULL62-W1
HB,HB-AS01,2026-07-28,夜班,N12,EMPHB0272,HB-AS01-SHIFT-LEADER,生产领班,1,3,11.0,8.0,3.0,C,FULL62-W1
HB,HB-AS01,2026-07-28,夜班,N12,EMPHB0309,HB-AS01-UHT-1,UHT&调配&果肉操作1,1,3,11.0,8.0,3.0,C,FULL62-W1
HB,HB-AS01,2026-07-28,夜班,N12,EMPHB0313,HB-AS01-UHT-2,UHT&调配&果肉操作2,1,4,11.0,8.0,3.0,C,FULL62-W1
HB,HB-ENG2,2026-07-28,夜班,N12,EMPHB0347,HB-ENG2-AIRCOMP,空压岗,1,3,11.0,8.0,3.0,,FULL62-W1
HB,HB-ENG2,2026-07-28,夜班,N12,EMPHB0338,HB-ENG2-ELEC-OUT1,外围电工1,1,3,11.0,8.0,3.0,,FULL62-W1
HB,HB-ENG2,2026-07-28,夜班,N12,EMPHB0349,HB-ENG2-WWTP,污水岗,0,3,11.0,8.0,3.0,,FULL62-W1
HB,HB-PET01,2026-07-28,夜班,N12,EMPHB0278,HB-PET01-BLOW,吹瓶机岗,1,4,11.0,8.0,3.0,,FULL62-W1
HB,HB-PET01,2026-07-28,夜班,N12,EMPHB0235,HB-PET01-FILL,灌注机岗,1,3,11.0,8.0,3.0,,FULL62-W1
HB,HB-PET01,2026-07-28,夜班,N12,EMPHB0206,HB-PET01-HANDLE-1,提扣机岗1,0,4,11.0,8.0,3.0,,FULL62-W1
HB,HB-PET01,2026-07-28,夜班,N12,EMPHB0297,HB-PET01-HANDLE-2,提扣机岗2,0,1,11.0,8.0,3.0,,FULL62-W1
HB,HB-PET01,2026-07-28,夜班,N12,EMPHB0284,HB-PET01-LABEL,贴标机岗,0,3,11.0,8.0,3.0,,FULL62-W1
HB,HB-PET01,2026-07-28,夜班,N12,EMPHB0221,HB-PET01-PACK-SHRINK,膜包机岗,0,4,11.0,8.0,3.0,,FULL62-W1
HB,HB-PET01,2026-07-28,夜班,N12,EMPHB0246,HB-PET01-PALLET,码垛机岗,0,4,11.0,8.0,3.0,,FULL62-W1
HB,HB-PET02,2026-07-28,夜班,N12,EMPHB0236,HB-PET02-BLOW-FILL,吹瓶、灌装岗位,1,3,11.0,8.0,3.0,A,FULL62-W1
HB,HB-PET03,2026-07-28,夜班,N12,EMPHB0296,HB-PET03-HANDLE-1,提扣机岗1,0,3,11.0,8.0,3.0,,FULL62-W1
HB,HB-PET03,2026-07-28,夜班,N12,EMPHB0318,HB-PET03-HANDLE-2,提扣机岗2,0,2,11.0,8.0,3.0,,FULL62-W1
HB,HB-PET03,2026-07-28,夜班,N12,EMPHB0200,HB-PET03-PACK-SHRINK,膜包机岗,0,3,11.0,8.0,3.0,,FULL62-W1
HB,HB-PET03,2026-07-28,夜班,N12,EMPHB0228,HB-PET03-PALLET,码垛机岗,0,3,11.0,8.0,3.0,,FULL62-W1
HB,HB-QC,2026-07-28,夜班,N12,EMPHB0359,HB-QC-QC-RM-AS,无菌线原物料品控,1,3,11.0,8.0,3.0,,FULL62-W1
HB,HB-QC,2026-07-28,夜班,N12,EMPHB0354,HB-QC-QC-RM-SODA,汽水线原物料品控,1,3,11.0,8.0,3.0,,FULL62-W1
HB,HB-QC2,2026-07-28,夜班,N12,EMPHB0382,HB-QC2-QC-BLOW,吹瓶品控,1,4,11.0,8.0,3.0,,FULL62-W1
HB,HB-QC2,2026-07-28,夜班,N12,EMPHB0391,HB-QC2-QC-IP-AS,无菌线制程品控,1,3,11.0,8.0,3.0,,FULL62-W1
HB,HB-QC2,2026-07-28,夜班,N12,EMPHB0371,HB-QC2-QC-IP-PET01,PET01线制程品控,1,3,11.0,8.0,3.0,,FULL62-W1
HB,HB-QC2,2026-07-28,夜班,N12,EMPHB0375,HB-QC2-QC-IP-PET02,PET02线制程品控,1,3,11.0,8.0,3.0,,FULL62-W1
HB,HB-QC2,2026-07-28,夜班,N12,EMPHB0385,HB-QC2-QC-WATER,水糖品控,1,3,11.0,8.0,3.0,,FULL62-W1
HB,HB-SYRUP,2026-07-28,夜班,N12,EMPHB0270,HB-SYRUP-SYRUP-POST2,后糖岗2,1,4,11.0,8.0,3.0,,FULL62-W1
HB,HB-SYRUP,2026-07-28,夜班,N12,EMPHB0258,HB-SYRUP-WATER,水处理操作岗,1,3,11.0,8.0,3.0,,FULL62-W1
SX,SX-BIB01,2026-07-28,夜班,N12,EMPSX0101,SX-BIB01-FILL,灌装岗,1,4,11.0,8.0,3.0,,FULL62-W1
SX,SX-BIB01,2026-07-28,夜班,N12,EMPSX0106,SX-BIB01-PACK-1,包装岗1,0,3,11.0,8.0,3.0,,FULL62-W1
SX,SX-BIB01,2026-07-28,夜班,N12,EMPSX0112,SX-BIB01-PACK-2,包装岗2,0,3,11.0,8.0,3.0,,FULL62-W1
SX,SX-CAN01,2026-07-28,夜班,N12,EMPSX0005,SX-CAN01-FILL,灌注机岗,1,3,11.0,8.0,3.0,,FULL62-W1
SX,SX-CAN01,2026-07-28,夜班,N12,EMPSX0069,SX-CAN01-PACK-MULTI,多包装机,0,4,11.0,8.0,3.0,,FULL62-W1
SX,SX-CAN01,2026-07-28,夜班,N12,EMPSX0010,SX-CAN01-PACK-SHRINK,塑包机岗,0,3,11.0,8.0,3.0,,FULL62-W1
SX,SX-CAN01,2026-07-28,夜班,N12,EMPSX0048,SX-CAN01-PALLET,码垛机岗,0,3,11.0,8.0,3.0,,FULL62-W1
SX,SX-ENG,2026-07-28,夜班,N12,EMPSX0140,SX-ENG-AIRCOMP,制冷空压机岗,1,4,11.0,8.0,3.0,,FULL62-W1
SX,SX-ENG,2026-07-28,夜班,N12,EMPSX0142,SX-ENG-BOILER,锅炉操作岗,0,3,11.0,8.0,3.0,,FULL62-W1
SX,SX-ENG,2026-07-28,夜班,N12,EMPSX0131,SX-ENG-ELEC-LINE1,生产线电工1,1,3,11.0,8.0,3.0,,FULL62-W1
SX,SX-ENG,2026-07-28,夜班,N12,EMPSX0147,SX-ENG-MECH-LINE,生产线机修岗,0,4,11.0,8.0,3.0,,FULL62-W1
SX,SX-PET01,2026-07-28,夜班,N12,EMPSX0002,SX-PET01-BLOW-LABEL,吹贴机岗,1,3,11.0,8.0,3.0,,FULL62-W1
SX,SX-PET01,2026-07-28,夜班,N12,EMPSX0019,SX-PET01-FGI,FGI岗,0,3,11.0,8.0,3.0,,FULL62-W1
SX,SX-PET01,2026-07-28,夜班,N12,EMPSX0039,SX-PET01-FILL,灌注机岗,1,4,11.0,8.0,3.0,,FULL62-W1
SX,SX-PET01,2026-07-28,夜班,N12,EMPSX0026,SX-PET01-HANDLE,提扣机岗,0,3,11.0,8.0,3.0,,FULL62-W1
SX,SX-PET01,2026-07-28,夜班,N12,EMPSX0041,SX-PET01-PACK-SHRINK,塑包机岗,0,3,11.0,8.0,3.0,,FULL62-W1
SX,SX-PET01,2026-07-28,夜班,N12,EMPSX0068,SX-PET01-PALLET,码垛机岗,0,3,11.0,8.0,3.0,,FULL62-W1
SX,SX-PET01,2026-07-28,夜班,N12,EMPSX0051,SX-PET01-PALLET-LABEL,垛贴码岗,0,3,11.0,8.0,3.0,,FULL62-W1
SX,SX-PET02,2026-07-28,夜班,N12,EMPSX0031,SX-PET02-BLOW,吹瓶机岗,1,3,11.0,8.0,3.0,,FULL62-W1
SX,SX-PET02,2026-07-28,夜班,N12,EMPSX0035,SX-PET02-LABEL,贴标机岗,0,3,11.0,8.0,3.0,,FULL62-W1
SX,SX-PET02,2026-07-28,夜班,N12,EMPSX0062,SX-PET02-PACK-SHRINK,塑包机岗,0,3,11.0,8.0,3.0,,FULL62-W1
SX,SX-PET02,2026-07-28,夜班,N12,EMPSX0014,SX-PET02-PALLET,码垛机岗,0,3,11.0,8.0,3.0,,FULL62-W1
SX,SX-QC,2026-07-28,夜班,N12,EMPSX0153,SX-QC-QC-AUX,辅线品控（水、糖、BIB）,1,3,11.0,8.0,3.0,,FULL62-W1
SX,SX-QC,2026-07-28,夜班,N12,EMPSX0178,SX-QC-QC-BLOW,吹瓶品控,1,4,11.0,8.0,3.0,,FULL62-W1
SX,SX-QC,2026-07-28,夜班,N12,EMPSX0171,SX-QC-QC-IP-CAN,CAN线品控,1,3,11.0,8.0,3.0,,FULL62-W1
SX,SX-QC,2026-07-28,夜班,N12,EMPSX0164,SX-QC-QC-IP-PET1,PET线品控1,1,3,11.0,8.0,3.0,,FULL62-W1
SX,SX-QC,2026-07-28,夜班,N12,EMPSX0167,SX-QC-QC-IP-PET2,PET线品控2,1,4,11.0,8.0,3.0,,FULL62-W1
SX,SX-QC,2026-07-28,夜班,N12,EMPSX0174,SX-QC-QC-IP-RB,RB线品控,1,3,11.0,8.0,3.0,,FULL62-W1
SX,SX-RB01,2026-07-28,夜班,N12,EMPSX0074,SX-RB01-DEPAL,码卸垛机岗,0,3,11.0,8.0,3.0,,FULL62-W1
SX,SX-RB01,2026-07-28,夜班,N12,EMPSX0087,SX-RB01-FILL,灌注机岗,1,3,11.0,8.0,3.0,,FULL62-W1
SX,SX-RB01,2026-07-28,夜班,N12,EMPSX0083,SX-RB01-LOADER,装卸箱机岗,0,2,11.0,8.0,3.0,,FULL62-W1
SX,SX-RB01,2026-07-28,夜班,N12,EMPSX0100,SX-RB01-QC-BOTTLE,空瓶检测岗,1,3,11.0,8.0,3.0,,FULL62-W1
SX,SX-RB01,2026-07-28,夜班,N12,EMPSX0089,SX-RB01-QC-FGI1,成品目检岗1,1,3,11.0,8.0,3.0,,FULL62-W1
SX,SX-RB01,2026-07-28,夜班,N12,EMPSX0095,SX-RB01-QC-FGI2,成品目检岗2,1,3,11.0,8.0,3.0,,FULL62-W1
SX,SX-SYRUP,2026-07-28,夜班,N12,EMPSX0118,SX-SYRUP-SYRUP-POST1,后糖岗1,1,3,11.0,8.0,3.0,,FULL62-W1
SX,SX-SYRUP,2026-07-28,夜班,N12,EMPSX0122,SX-SYRUP-SYRUP-POST2,后糖岗2,1,3,11.0,8.0,3.0,,FULL62-W1
SX,SX-UTIL,2026-07-28,夜班,N12,EMPSX0128,SX-UTIL-WWTP,污水处理岗,0,3,11.0,8.0,3.0,,FULL62-W1
HB,HB-AS01,2026-07-29,白班,D12,EMPHB0187,HB-AS01-BLOW,吹瓶机岗,1,3,11.0,8.0,3.0,,FULL62-W1
HB,HB-AS01,2026-07-29,白班,D12,EMPHB0304,HB-AS01-CARTON,上纸箱岗,0,3,11.0,8.0,3.0,,FULL62-W1
HB,HB-AS01,2026-07-29,白班,D12,EMPHB0213,HB-AS01-FILL,灌注机岗,1,3,11.0,8.0,3.0,,FULL62-W1
HB,HB-AS01,2026-07-29,白班,D12,EMPHB0210,HB-AS01-HANDLE-1,提扣机岗1,0,2,11.0,8.0,3.0,,FULL62-W1
HB,HB-AS01,2026-07-29,白班,D12,EMPHB0212,HB-AS01-HANDLE-2,提扣机岗2,0,3,11.0,8.0,3.0,,FULL62-W1
HB,HB-AS01,2026-07-29,白班,D12,EMPHB0217,HB-AS01-LABEL,贴标机岗,0,3,11.0,8.0,3.0,,FULL62-W1
HB,HB-AS01,2026-07-29,白班,D12,EMPHB0290,HB-AS01-PACK-SHRINK,膜包机岗,0,3,11.0,8.0,3.0,,FULL62-W1
HB,HB-AS01,2026-07-29,白班,D12,EMPHB0314,HB-AS01-UHT-2,UHT&调配&果肉操作2,1,3,11.0,8.0,3.0,,FULL62-W1
HB,HB-AS01,2026-07-29,白班,D12,EMPHB0317,HB-AS01-UHT-AUX,辅助工,0,3,11.0,8.0,3.0,,FULL62-W1
HB,HB-PET01,2026-07-29,白班,D12,EMPHB0231,HB-PET01-BLOW,吹瓶机岗,1,4,11.0,8.0,3.0,,FULL62-W1
HB,HB-PET01,2026-07-29,白班,D12,EMPHB0233,HB-PET01-FILL,灌注机岗,1,3,11.0,8.0,3.0,,FULL62-W1
HB,HB-PET01,2026-07-29,白班,D12,EMPHB0298,HB-PET01-HANDLE-1,提扣机岗1,0,3,11.0,8.0,3.0,,FULL62-W1
HB,HB-PET01,2026-07-29,白班,D12,EMPHB0300,HB-PET01-HANDLE-2,提扣机岗2,0,3,11.0,8.0,3.0,,FULL62-W1
HB,HB-PET01,2026-07-29,白班,D12,EMPHB0238,HB-PET01-LABEL,贴标机岗,0,3,11.0,8.0,3.0,,FULL62-W1
HB,HB-PET01,2026-07-29,白班,D12,EMPHB0198,HB-PET01-PACK-SHRINK,膜包机岗,0,3,11.0,8.0,3.0,,FULL62-W1
HB,HB-PET01,2026-07-29,白班,D12,EMPHB0202,HB-PET01-PALLET,码垛机岗,0,3,11.0,8.0,3.0,,FULL62-W1
HB,HB-PET01,2026-07-29,白班,D12,EMPHB0182,HB-PET01-SHIFT-ENG,倒班工程师,1,3,11.0,8.0,3.0,,FULL62-W1
HB,HB-PET02,2026-07-29,白班,D12,EMPHB0216,HB-PET02-BLOW-FILL,吹瓶、灌装岗位,1,3,11.0,8.0,3.0,A,FULL62-W1
HB,HB-PET03,2026-07-29,白班,D12,EMPHB0275,HB-PET03-BLOW,吹瓶机岗,1,3,11.0,8.0,3.0,,FULL62-W1
HB,HB-PET03,2026-07-29,白班,D12,EMPHB0192,HB-PET03-FILL,灌注机岗,1,3,11.0,8.0,3.0,,FULL62-W1
HB,HB-PET03,2026-07-29,白班,D12,EMPHB0205,HB-PET03-HANDLE-1,提扣机岗1,0,4,11.0,8.0,3.0,,FULL62-W1
HB,HB-PET03,2026-07-29,白班,D12,EMPHB0195,HB-PET03-LABEL,贴标机岗,0,3,11.0,8.0,3.0,,FULL62-W1
HB,HB-PET03,2026-07-29,白班,D12,EMPHB0242,HB-PET03-PACK-SHRINK,膜包机岗,0,3,11.0,8.0,3.0,,FULL62-W1
HB,HB-PET03,2026-07-29,白班,D12,EMPHB0292,HB-PET03-PALLET,码垛机岗,0,4,11.0,8.0,3.0,,FULL62-W1
HB,HB-QC2,2026-07-29,白班,D12,EMPHB0383,HB-QC2-QC-BLOW,吹瓶品控,1,4,11.0,8.0,3.0,,FULL62-W1
HB,HB-QC2,2026-07-29,白班,D12,EMPHB0389,HB-QC2-QC-IP-AS,无菌线制程品控,1,3,11.0,8.0,3.0,,FULL62-W1
HB,HB-QC2,2026-07-29,白班,D12,EMPHB0376,HB-QC2-QC-IP-PET02,PET02线制程品控,1,3,11.0,8.0,3.0,,FULL62-W1
HB,HB-QC2,2026-07-29,白班,D12,EMPHB0379,HB-QC2-QC-IP-PET03,PET03线制程品控,1,3,11.0,8.0,3.0,,FULL62-W1
HB,HB-QC2,2026-07-29,白班,D12,EMPHB0387,HB-QC2-QC-WATER,水糖品控,1,3,11.0,8.0,3.0,,FULL62-W1
HB,HB-SYRUP,2026-07-29,白班,D12,EMPHB0264,HB-SYRUP-SYRUP-POST1,后糖岗1,1,4,11.0,8.0,3.0,,FULL62-W1
HB,HB-SYRUP,2026-07-29,白班,D12,EMPHB0268,HB-SYRUP-SYRUP-POST2,后糖岗2,1,3,11.0,8.0,3.0,,FULL62-W1
HB,HB-SYRUP,2026-07-29,白班,D12,EMPHB0257,HB-SYRUP-WATER,水处理操作岗,1,3,11.0,8.0,3.0,,FULL62-W1
SX,SX-BIB01,2026-07-29,白班,D12,EMPSX0102,SX-BIB01-FILL,灌装岗,1,3,11.0,8.0,3.0,,FULL62-W1
SX,SX-BIB01,2026-07-29,白班,D12,EMPSX0107,SX-BIB01-PACK-1,包装岗1,0,3,11.0,8.0,3.0,,FULL62-W1
SX,SX-CAN01,2026-07-29,白班,D12,EMPSX0054,SX-CAN01-DEPAL-CAN,卸罐机岗,0,4,11.0,8.0,3.0,,FULL62-W1
SX,SX-CAN01,2026-07-29,白班,D12,EMPSX0085,SX-CAN01-FILL,灌注机岗,1,3,11.0,8.0,3.0,,FULL62-W1
SX,SX-CAN01,2026-07-29,白班,D12,EMPSX0071,SX-CAN01-PACK-MULTI,多包装机,0,4,11.0,8.0,3.0,,FULL62-W1
SX,SX-CAN01,2026-07-29,白班,D12,EMPSX0063,SX-CAN01-PACK-SHRINK,塑包机岗,0,3,11.0,8.0,3.0,,FULL62-W1
SX,SX-CAN01,2026-07-29,白班,D12,EMPSX0016,SX-CAN01-PALLET,码垛机岗,0,4,11.0,8.0,3.0,,FULL62-W1
SX,SX-ENG,2026-07-29,白班,D12,EMPSX0141,SX-ENG-BOILER,锅炉操作岗,0,3,11.0,8.0,3.0,,FULL62-W1
SX,SX-ENG,2026-07-29,白班,D12,EMPSX0148,SX-ENG-MECH-LINE,生产线机修岗,0,3,11.0,8.0,3.0,,FULL62-W1
SX,SX-ENG,2026-07-29,白班,D12,EMPSX0150,SX-ENG-MECH-LINE,生产线机修岗,0,3,11.0,8.0,3.0,,FULL62-W1
SX,SX-ENG,2026-07-29,白班,D12,EMPSX0151,SX-ENG-MECH-LINE,生产线机修岗,0,3,11.0,8.0,3.0,,FULL62-W1
SX,SX-PET01,2026-07-29,白班,D12,EMPSX0004,SX-PET01-BLOW-LABEL,吹贴机岗,1,4,11.0,8.0,3.0,,FULL62-W1
SX,SX-PET01,2026-07-29,白班,D12,EMPSX0020,SX-PET01-FGI,FGI岗,0,3,11.0,8.0,3.0,,FULL62-W1
SX,SX-PET01,2026-07-29,白班,D12,EMPSX0059,SX-PET01-FILL,灌注机岗,1,4,11.0,8.0,3.0,,FULL62-W1
SX,SX-PET01,2026-07-29,白班,D12,EMPSX0025,SX-PET01-HANDLE,提扣机岗,0,3,11.0,8.0,3.0,,FULL62-W1
SX,SX-PET01,2026-07-29,白班,D12,EMPSX0064,SX-PET01-PACK-SHRINK,塑包机岗,0,3,11.0,8.0,3.0,,FULL62-W1
SX,SX-PET02,2026-07-29,白班,D12,EMPSX0029,SX-PET02-BLOW,吹瓶机岗,1,3,11.0,8.0,3.0,,FULL62-W1
SX,SX-PET02,2026-07-29,白班,D12,EMPSX0033,SX-PET02-LABEL,贴标机岗,0,3,11.0,8.0,3.0,,FULL62-W1
SX,SX-PET02,2026-07-29,白班,D12,EMPSX0044,SX-PET02-PACK-SHRINK,塑包机岗,0,4,11.0,8.0,3.0,,FULL62-W1
SX,SX-PET02,2026-07-29,白班,D12,EMPSX0046,SX-PET02-PALLET,码垛机岗,0,3,11.0,8.0,3.0,,FULL62-W1
SX,SX-PET02,2026-07-29,白班,D12,EMPSX0023,SX-PET02-PALLET-LABEL,垛贴码岗,0,3,11.0,8.0,3.0,,FULL62-W1
SX,SX-QC,2026-07-29,白班,D12,EMPSX0156,SX-QC-QC-AUX,辅线品控（水、糖、BIB）,1,3,11.0,8.0,3.0,,FULL62-W1
SX,SX-QC,2026-07-29,白班,D12,EMPSX0177,SX-QC-QC-BLOW,吹瓶品控,1,3,11.0,8.0,3.0,,FULL62-W1
SX,SX-QC,2026-07-29,白班,D12,EMPSX0169,SX-QC-QC-IP-CAN,CAN线品控,1,4,11.0,8.0,3.0,,FULL62-W1
SX,SX-QC,2026-07-29,白班,D12,EMPSX0163,SX-QC-QC-IP-PET1,PET线品控1,1,3,11.0,8.0,3.0,,FULL62-W1
SX,SX-QC,2026-07-29,白班,D12,EMPSX0168,SX-QC-QC-IP-PET2,PET线品控2,1,4,11.0,8.0,3.0,,FULL62-W1
SX,SX-QC,2026-07-29,白班,D12,EMPSX0176,SX-QC-QC-IP-RB,RB线品控,1,3,11.0,8.0,3.0,,FULL62-W1
SX,SX-RB01,2026-07-29,白班,D12,EMPSX0075,SX-RB01-DEPAL,码卸垛机岗,0,3,11.0,8.0,3.0,,FULL62-W1
SX,SX-RB01,2026-07-29,白班,D12,EMPSX0088,SX-RB01-FILL,灌注机岗,1,3,11.0,8.0,3.0,,FULL62-W1
SX,SX-RB01,2026-07-29,白班,D12,EMPSX0097,SX-RB01-QC-BOTTLE,空瓶检测岗,1,3,11.0,8.0,3.0,,FULL62-W1
SX,SX-RB01,2026-07-29,白班,D12,EMPSX0094,SX-RB01-QC-FGI2,成品目检岗2,1,3,11.0,8.0,3.0,,FULL62-W1
SX,SX-RB01,2026-07-29,白班,D12,EMPSX0081,SX-RB01-WASHER,洗瓶机岗,0,4,11.0,8.0,3.0,,FULL62-W1
SX,SX-SYRUP,2026-07-29,白班,D12,EMPSX0119,SX-SYRUP-SYRUP-POST1,后糖岗1,1,3,11.0,8.0,3.0,,FULL62-W1
HB,HB-ENG,2026-07-29,常白班,D8,EMPHB0324,HB-ENG-ELEC-2,电气维修工程师2,1,4,8.0,8.0,0.0,,FULL62-W1
HB,HB-ENG,2026-07-29,常白班,D8,EMPHB0326,HB-ENG-ENG-BLOW,吹瓶机工程师,1,4,8.0,8.0,0.0,,FULL62-W1
HB,HB-ENG,2026-07-29,常白班,D8,EMPHB0327,HB-ENG-ENG-FILL,灌装机工程师,1,3,8.0,8.0,0.0,,FULL62-W1
HB,HB-ENG,2026-07-29,常白班,D8,EMPHB0330,HB-ENG-ENG-LABEL,贴标机工程师,1,4,8.0,8.0,0.0,,FULL62-W1
HB,HB-ENG,2026-07-29,常白班,D8,EMPHB0332,HB-ENG-ENG-PACK,膜包机工程师,1,3,8.0,8.0,0.0,,FULL62-W1
HB,HB-ENG,2026-07-29,常白班,D8,EMPHB0334,HB-ENG-ENG-PALLET,码垛机工程师,1,3,8.0,8.0,0.0,,FULL62-W1
HB,HB-ENG2,2026-07-29,常白班,D8,EMPHB0340,HB-ENG2-ELEC-OUT2,外围电工2,1,4,8.0,8.0,0.0,,FULL62-W1
HB,HB-QC,2026-07-29,常白班,D8,EMPHB0364,HB-QC-QC-MICRO-AS1,无菌线微生物品控1,1,4,8.0,8.0,0.0,,FULL62-W1
HB,HB-QC,2026-07-29,常白班,D8,EMPHB0366,HB-QC-QC-MICRO-AS2,无菌线微生物品控2,1,3,8.0,8.0,0.0,,FULL62-W1
HB,HB-QC,2026-07-29,常白班,D8,EMPHB0368,HB-QC-QC-MICRO-AS3,无菌线微生物品控3,1,4,8.0,8.0,0.0,,FULL62-W1
HB,HB-QC,2026-07-29,常白班,D8,EMPHB0362,HB-QC-QC-MICRO-SODA,汽水线微生物品控,1,3,8.0,8.0,0.0,,FULL62-W1
HB,HB-SYRUP,2026-07-29,常白班,D8,EMPHB0262,HB-SYRUP-SYRUP-PRE,前糖岗,1,3,8.0,8.0,0.0,,FULL62-W1
SX,SX-ENG,2026-07-29,常白班,D8,EMPSX0134,SX-ENG-ELEC-LINE2,生产线电工2,1,3,8.0,8.0,0.0,,FULL62-W1
SX,SX-ENG,2026-07-29,常白班,D8,EMPSX0136,SX-ENG-ELEC-OUT,外围电工,1,4,8.0,8.0,0.0,,FULL62-W1
SX,SX-QC,2026-07-29,常白班,D8,EMPSX0159,SX-QC-QC-MICRO,微生物品控,1,3,8.0,8.0,0.0,,FULL62-W1
SX,SX-QC,2026-07-29,常白班,D8,EMPSX0157,SX-QC-QC-RM,原物料品控,1,3,8.0,8.0,0.0,,FULL62-W1
SX,SX-SYRUP,2026-07-29,常白班,D8,EMPSX0115,SX-SYRUP-SYRUP-PRE,前糖岗,1,3,8.0,8.0,0.0,,FULL62-W1
SX,SX-UTIL,2026-07-29,常白班,D8,EMPSX0125,SX-UTIL-WATER,水处理操作岗,1,3,8.0,8.0,0.0,,FULL62-W1
HB,HB-AS01,2026-07-29,夜班,N12,EMPHB0303,HB-AS01-CARTON,上纸箱岗,0,4,11.0,8.0,3.0,,FULL62-W1
HB,HB-AS01,2026-07-29,夜班,N12,EMPHB0282,HB-AS01-FILL,灌注机岗,1,4,11.0,8.0,3.0,,FULL62-W1
HB,HB-AS01,2026-07-29,夜班,N12,EMPHB0206,HB-AS01-HANDLE-2,提扣机岗2,0,2,11.0,8.0,3.0,,FULL62-W1
HB,HB-AS01,2026-07-29,夜班,N12,EMPHB0283,HB-AS01-LABEL,贴标机岗,0,3,11.0,8.0,3.0,,FULL62-W1
HB,HB-AS01,2026-07-29,夜班,N12,EMPHB0201,HB-AS01-PALLET,码垛机岗,0,4,11.0,8.0,3.0,,FULL62-W1
HB,HB-AS01,2026-07-29,夜班,N12,EMPHB0271,HB-AS01-SHIFT-LEADER,生产领班,1,3,11.0,8.0,3.0,,FULL62-W1
HB,HB-AS01,2026-07-29,夜班,N12,EMPHB0310,HB-AS01-UHT-1,UHT&调配&果肉操作1,1,3,11.0,8.0,3.0,,FULL62-W1
HB,HB-AS01,2026-07-29,夜班,N12,EMPHB0311,HB-AS01-UHT-2,UHT&调配&果肉操作2,1,3,11.0,8.0,3.0,,FULL62-W1
HB,HB-AS01,2026-07-29,夜班,N12,EMPHB0316,HB-AS01-UHT-AUX,辅助工,0,3,11.0,8.0,3.0,,FULL62-W1
HB,HB-ENG,2026-07-29,夜班,N12,EMPHB0320,HB-ENG-ELEC-1,电气维修工程师1,1,3,11.0,8.0,3.0,C,FULL62-W1
HB,HB-ENG2,2026-07-29,夜班,N12,EMPHB0348,HB-ENG2-AIRCOMP,空压岗,1,4,11.0,8.0,3.0,,FULL62-W1
HB,HB-ENG2,2026-07-29,夜班,N12,EMPHB0337,HB-ENG2-ELEC-OUT1,外围电工1,1,4,11.0,8.0,3.0,,FULL62-W1
HB,HB-ENG2,2026-07-29,夜班,N12,EMPHB0349,HB-ENG2-WWTP,污水岗,0,3,11.0,8.0,3.0,,FULL62-W1
HB,HB-PET01,2026-07-29,夜班,N12,EMPHB0279,HB-PET01-FILL,灌注机岗,1,3,11.0,8.0,3.0,,FULL62-W1
HB,HB-PET01,2026-07-29,夜班,N12,EMPHB0208,HB-PET01-HANDLE-1,提扣机岗1,0,4,11.0,8.0,3.0,,FULL62-W1
HB,HB-PET01,2026-07-29,夜班,N12,EMPHB0253,HB-PET01-HANDLE-2,提扣机岗2,0,3,11.0,8.0,3.0,,FULL62-W1
HB,HB-PET01,2026-07-29,夜班,N12,EMPHB0287,HB-PET01-PACK-SHRINK,膜包机岗,0,3,11.0,8.0,3.0,,FULL62-W1
HB,HB-PET01,2026-07-29,夜班,N12,EMPHB0184,HB-PET01-SHIFT-ENG,倒班工程师,1,4,11.0,8.0,3.0,,FULL62-W1
HB,HB-PET02,2026-07-29,夜班,N12,EMPHB0194,HB-PET02-LABEL,贴标机岗,0,4,11.0,8.0,3.0,,FULL62-W1
HB,HB-PET02,2026-07-29,夜班,N12,EMPHB0244,HB-PET02-PACK-SHRINK,膜包机岗,0,3,11.0,8.0,3.0,,FULL62-W1
HB,HB-PET02,2026-07-29,夜班,N12,EMPHB0225,HB-PET02-PALLET,码垛机岗,0,3,11.0,8.0,3.0,,FULL62-W1
HB,HB-PET03,2026-07-29,夜班,N12,EMPHB0278,HB-PET03-BLOW,吹瓶机岗,1,4,11.0,8.0,3.0,,FULL62-W1
HB,HB-PET03,2026-07-29,夜班,N12,EMPHB0234,HB-PET03-FILL,灌注机岗,1,4,11.0,8.0,3.0,,FULL62-W1
HB,HB-PET03,2026-07-29,夜班,N12,EMPHB0297,HB-PET03-HANDLE-2,提扣机岗2,0,1,11.0,8.0,3.0,,FULL62-W1
HB,HB-PET03,2026-07-29,夜班,N12,EMPHB0196,HB-PET03-LABEL,贴标机岗,0,4,11.0,8.0,3.0,,FULL62-W1
HB,HB-QC,2026-07-29,夜班,N12,EMPHB0360,HB-QC-QC-RM-AS,无菌线原物料品控,1,3,11.0,8.0,3.0,,FULL62-W1
HB,HB-QC,2026-07-29,夜班,N12,EMPHB0356,HB-QC-QC-RM-SODA,汽水线原物料品控,1,3,11.0,8.0,3.0,,FULL62-W1
HB,HB-QC2,2026-07-29,夜班,N12,EMPHB0381,HB-QC2-QC-BLOW,吹瓶品控,1,3,11.0,8.0,3.0,C,FULL62-W1
HB,HB-QC2,2026-07-29,夜班,N12,EMPHB0390,HB-QC2-QC-IP-AS,无菌线制程品控,1,3,11.0,8.0,3.0,C,FULL62-W1
HB,HB-QC2,2026-07-29,夜班,N12,EMPHB0370,HB-QC2-QC-IP-PET01,PET01线制程品控,1,3,11.0,8.0,3.0,C,FULL62-W1
HB,HB-QC2,2026-07-29,夜班,N12,EMPHB0374,HB-QC2-QC-IP-PET02,PET02线制程品控,1,3,11.0,8.0,3.0,C,FULL62-W1
HB,HB-QC2,2026-07-29,夜班,N12,EMPHB0380,HB-QC2-QC-IP-PET03,PET03线制程品控,1,4,11.0,8.0,3.0,C,FULL62-W1
HB,HB-QC2,2026-07-29,夜班,N12,EMPHB0385,HB-QC2-QC-WATER,水糖品控,1,3,11.0,8.0,3.0,C,FULL62-W1
HB,HB-SYRUP,2026-07-29,夜班,N12,EMPHB0265,HB-SYRUP-SYRUP-POST1,后糖岗1,1,4,11.0,8.0,3.0,,FULL62-W1
HB,HB-SYRUP,2026-07-29,夜班,N12,EMPHB0270,HB-SYRUP-SYRUP-POST2,后糖岗2,1,4,11.0,8.0,3.0,,FULL62-W1
HB,HB-SYRUP,2026-07-29,夜班,N12,EMPHB0258,HB-SYRUP-WATER,水处理操作岗,1,3,11.0,8.0,3.0,,FULL62-W1
SX,SX-BIB01,2026-07-29,夜班,N12,EMPSX0104,SX-BIB01-FILL,灌装岗,1,3,11.0,8.0,3.0,,FULL62-W1
SX,SX-BIB01,2026-07-29,夜班,N12,EMPSX0105,SX-BIB01-PACK-1,包装岗1,0,3,11.0,8.0,3.0,,FULL62-W1
SX,SX-BIB01,2026-07-29,夜班,N12,EMPSX0112,SX-BIB01-PACK-2,包装岗2,0,3,11.0,8.0,3.0,,FULL62-W1
SX,SX-CAN01,2026-07-29,夜班,N12,EMPSX0053,SX-CAN01-DEPAL-CAN,卸罐机岗,0,3,11.0,8.0,3.0,,FULL62-W1
SX,SX-CAN01,2026-07-29,夜班,N12,EMPSX0038,SX-CAN01-FILL,灌注机岗,1,3,11.0,8.0,3.0,,FULL62-W1
SX,SX-CAN01,2026-07-29,夜班,N12,EMPSX0072,SX-CAN01-PACK-MULTI,多包装机,0,3,11.0,8.0,3.0,,FULL62-W1
SX,SX-CAN01,2026-07-29,夜班,N12,EMPSX0011,SX-CAN01-PACK-SHRINK,塑包机岗,0,3,11.0,8.0,3.0,,FULL62-W1
SX,SX-ENG,2026-07-29,夜班,N12,EMPSX0139,SX-ENG-AIRCOMP,制冷空压机岗,1,3,11.0,8.0,3.0,,FULL62-W1
SX,SX-ENG,2026-07-29,夜班,N12,EMPSX0144,SX-ENG-BOILER,锅炉操作岗,0,4,11.0,8.0,3.0,,FULL62-W1
SX,SX-ENG,2026-07-29,夜班,N12,EMPSX0130,SX-ENG-ELEC-LINE1,生产线电工1,1,3,11.0,8.0,3.0,,FULL62-W1
SX,SX-ENG,2026-07-29,夜班,N12,EMPSX0152,SX-ENG-MECH-LINE,生产线机修岗,0,3,11.0,8.0,3.0,,FULL62-W1
SX,SX-PET01,2026-07-29,夜班,N12,EMPSX0002,SX-PET01-BLOW-LABEL,吹贴机岗,1,3,11.0,8.0,3.0,,FULL62-W1
SX,SX-PET01,2026-07-29,夜班,N12,EMPSX0018,SX-PET01-FGI,FGI岗,0,4,11.0,8.0,3.0,,FULL62-W1
SX,SX-PET01,2026-07-29,夜班,N12,EMPSX0007,SX-PET01-FILL,灌注机岗,1,3,11.0,8.0,3.0,,FULL62-W1
SX,SX-PET01,2026-07-29,夜班,N12,EMPSX0028,SX-PET01-HANDLE,提扣机岗,0,4,11.0,8.0,3.0,,FULL62-W1
SX,SX-PET01,2026-07-29,夜班,N12,EMPSX0042,SX-PET01-PACK-SHRINK,塑包机岗,0,3,11.0,8.0,3.0,,FULL62-W1
SX,SX-PET01,2026-07-29,夜班,N12,EMPSX0065,SX-PET01-PALLET,码垛机岗,0,3,11.0,8.0,3.0,,FULL62-W1
SX,SX-PET01,2026-07-29,夜班,N12,EMPSX0050,SX-PET01-PALLET-LABEL,垛贴码岗,0,3,11.0,8.0,3.0,,FULL62-W1
SX,SX-PET02,2026-07-29,夜班,N12,EMPSX0031,SX-PET02-BLOW,吹瓶机岗,1,3,11.0,8.0,3.0,,FULL62-W1
SX,SX-PET02,2026-07-29,夜班,N12,EMPSX0057,SX-PET02-FILL,灌注机岗,1,3,11.0,8.0,3.0,,FULL62-W1
SX,SX-PET02,2026-07-29,夜班,N12,EMPSX0036,SX-PET02-LABEL,贴标机岗,0,3,11.0,8.0,3.0,,FULL62-W1
SX,SX-PET02,2026-07-29,夜班,N12,EMPSX0043,SX-PET02-PACK-SHRINK,塑包机岗,0,3,11.0,8.0,3.0,,FULL62-W1
SX,SX-PET02,2026-07-29,夜班,N12,EMPSX0067,SX-PET02-PALLET,码垛机岗,0,3,11.0,8.0,3.0,,FULL62-W1
SX,SX-PET02,2026-07-29,夜班,N12,EMPSX0049,SX-PET02-PALLET-LABEL,垛贴码岗,0,3,11.0,8.0,3.0,,FULL62-W1
SX,SX-QC,2026-07-29,夜班,N12,EMPSX0179,SX-QC-QC-BLOW,吹瓶品控,1,3,11.0,8.0,3.0,,FULL62-W1
SX,SX-QC,2026-07-29,夜班,N12,EMPSX0164,SX-QC-QC-IP-PET1,PET线品控1,1,3,11.0,8.0,3.0,,FULL62-W1
SX,SX-QC,2026-07-29,夜班,N12,EMPSX0167,SX-QC-QC-IP-PET2,PET线品控2,1,4,11.0,8.0,3.0,,FULL62-W1
SX,SX-QC,2026-07-29,夜班,N12,EMPSX0175,SX-QC-QC-IP-RB,RB线品控,1,4,11.0,8.0,3.0,,FULL62-W1
SX,SX-RB01,2026-07-29,夜班,N12,EMPSX0076,SX-RB01-DEPAL,码卸垛机岗,0,3,11.0,8.0,3.0,,FULL62-W1
SX,SX-RB01,2026-07-29,夜班,N12,EMPSX0086,SX-RB01-FILL,灌注机岗,1,3,11.0,8.0,3.0,,FULL62-W1
SX,SX-RB01,2026-07-29,夜班,N12,EMPSX0077,SX-RB01-LOADER,装卸箱机岗,0,3,11.0,8.0,3.0,,FULL62-W1
SX,SX-RB01,2026-07-29,夜班,N12,EMPSX0100,SX-RB01-QC-BOTTLE,空瓶检测岗,1,3,11.0,8.0,3.0,,FULL62-W1
SX,SX-RB01,2026-07-29,夜班,N12,EMPSX0089,SX-RB01-QC-FGI1,成品目检岗1,1,3,11.0,8.0,3.0,,FULL62-W1
SX,SX-RB01,2026-07-29,夜班,N12,EMPSX0093,SX-RB01-QC-FGI2,成品目检岗2,1,3,11.0,8.0,3.0,,FULL62-W1
SX,SX-RB01,2026-07-29,夜班,N12,EMPSX0082,SX-RB01-WASHER,洗瓶机岗,0,3,11.0,8.0,3.0,,FULL62-W1
SX,SX-SYRUP,2026-07-29,夜班,N12,EMPSX0117,SX-SYRUP-SYRUP-POST1,后糖岗1,1,3,11.0,8.0,3.0,,FULL62-W1
SX,SX-SYRUP,2026-07-29,夜班,N12,EMPSX0121,SX-SYRUP-SYRUP-POST2,后糖岗2,1,3,11.0,8.0,3.0,,FULL62-W1
HB,HB-AS01,2026-07-30,白班,D12,EMPHB0277,HB-AS01-BLOW,吹瓶机岗,1,3,11.0,8.0,3.0,,FULL62-W1
HB,HB-AS01,2026-07-30,白班,D12,EMPHB0251,HB-AS01-CARTON,上纸箱岗,0,1,11.0,8.0,3.0,,FULL62-W1
HB,HB-AS01,2026-07-30,白班,D12,EMPHB0205,HB-AS01-HANDLE-1,提扣机岗1,0,4,11.0,8.0,3.0,,FULL62-W1
HB,HB-AS01,2026-07-30,白班,D12,EMPHB0318,HB-AS01-HANDLE-2,提扣机岗2,0,2,11.0,8.0,3.0,,FULL62-W1
HB,HB-AS01,2026-07-30,白班,D12,EMPHB0237,HB-AS01-LABEL,贴标机岗,0,3,11.0,8.0,3.0,,FULL62-W1
HB,HB-AS01,2026-07-30,白班,D12,EMPHB0288,HB-AS01-PACK-SHRINK,膜包机岗,0,3,11.0,8.0,3.0,,FULL62-W1
HB,HB-AS01,2026-07-30,白班,D12,EMPHB0294,HB-AS01-PALLET,码垛机岗,0,3,11.0,8.0,3.0,,FULL62-W1
HB,HB-AS01,2026-07-30,白班,D12,EMPHB0183,HB-AS01-SHIFT-LEADER,生产领班,1,3,11.0,8.0,3.0,,FULL62-W1
HB,HB-AS01,2026-07-30,白班,D12,EMPHB0313,HB-AS01-UHT-2,UHT&调配&果肉操作2,1,4,11.0,8.0,3.0,,FULL62-W1
HB,HB-AS01,2026-07-30,白班,D12,EMPHB0317,HB-AS01-UHT-AUX,辅助工,0,3,11.0,8.0,3.0,,FULL62-W1
HB,HB-ENG,2026-07-30,白班,D12,EMPHB0319,HB-ENG-ELEC-1,电气维修工程师1,1,3,11.0,8.0,3.0,,FULL62-W1
HB,HB-ENG2,2026-07-30,白班,D12,EMPHB0347,HB-ENG2-AIRCOMP,空压岗,1,3,11.0,8.0,3.0,,FULL62-W1
HB,HB-ENG2,2026-07-30,白班,D12,EMPHB0342,HB-ENG2-BOILER,锅炉岗,0,3,11.0,8.0,3.0,,FULL62-W1
HB,HB-ENG2,2026-07-30,白班,D12,EMPHB0352,HB-ENG2-WWTP,污水岗,0,3,11.0,8.0,3.0,,FULL62-W1
HB,HB-PET01,2026-07-30,白班,D12,EMPHB0230,HB-PET01-BLOW,吹瓶机岗,1,3,11.0,8.0,3.0,,FULL62-W1
HB,HB-PET01,2026-07-30,白班,D12,EMPHB0256,HB-PET01-HANDLE-1,提扣机岗1,0,2,11.0,8.0,3.0,,FULL62-W1
HB,HB-PET01,2026-07-30,白班,D12,EMPHB0299,HB-PET01-HANDLE-2,提扣机岗2,0,3,11.0,8.0,3.0,,FULL62-W1
HB,HB-PET01,2026-07-30,白班,D12,EMPHB0239,HB-PET01-LABEL,贴标机岗,0,3,11.0,8.0,3.0,,FULL62-W1
HB,HB-PET01,2026-07-30,白班,D12,EMPHB0222,HB-PET01-PACK-SHRINK,膜包机岗,0,3,11.0,8.0,3.0,,FULL62-W1
HB,HB-PET01,2026-07-30,白班,D12,EMPHB0245,HB-PET01-PALLET,码垛机岗,0,3,11.0,8.0,3.0,,FULL62-W1
HB,HB-PET02,2026-07-30,白班,D12,EMPHB0216,HB-PET02-BLOW-FILL,吹瓶、灌装岗位,1,3,11.0,8.0,3.0,,FULL62-W1
HB,HB-PET02,2026-07-30,白班,D12,EMPHB0195,HB-PET02-LABEL,贴标机岗,0,3,11.0,8.0,3.0,,FULL62-W1
HB,HB-PET02,2026-07-30,白班,D12,EMPHB0243,HB-PET02-PACK-SHRINK,膜包机岗,0,3,11.0,8.0,3.0,,FULL62-W1
HB,HB-PET02,2026-07-30,白班,D12,EMPHB0227,HB-PET02-PALLET,码垛机岗,0,4,11.0,8.0,3.0,,FULL62-W1
HB,HB-PET03,2026-07-30,白班,D12,EMPHB0190,HB-PET03-FILL,灌注机岗,1,4,11.0,8.0,3.0,,FULL62-W1
HB,HB-PET03,2026-07-30,白班,D12,EMPHB0252,HB-PET03-HANDLE-1,提扣机岗1,0,3,11.0,8.0,3.0,,FULL62-W1
HB,HB-PET03,2026-07-30,白班,D12,EMPHB0301,HB-PET03-HANDLE-2,提扣机岗2,0,4,11.0,8.0,3.0,,FULL62-W1
HB,HB-PET03,2026-07-30,白班,D12,EMPHB0219,HB-PET03-LABEL,贴标机岗,0,4,11.0,8.0,3.0,,FULL62-W1
HB,HB-PET03,2026-07-30,白班,D12,EMPHB0290,HB-PET03-PACK-SHRINK,膜包机岗,0,3,11.0,8.0,3.0,,FULL62-W1
HB,HB-PET03,2026-07-30,白班,D12,EMPHB0246,HB-PET03-PALLET,码垛机岗,0,4,11.0,8.0,3.0,,FULL62-W1
HB,HB-QC,2026-07-30,白班,D12,EMPHB0358,HB-QC-QC-RM-AS,无菌线原物料品控,1,4,11.0,8.0,3.0,,FULL62-W1
HB,HB-QC,2026-07-30,白班,D12,EMPHB0353,HB-QC-QC-RM-SODA,汽水线原物料品控,1,4,11.0,8.0,3.0,,FULL62-W1
HB,HB-QC2,2026-07-30,白班,D12,EMPHB0361,HB-QC2-QC-BLOW,吹瓶品控,1,3,11.0,8.0,3.0,,FULL62-W1
HB,HB-QC2,2026-07-30,白班,D12,EMPHB0376,HB-QC2-QC-IP-PET02,PET02线制程品控,1,3,11.0,8.0,3.0,,FULL62-W1
HB,HB-QC2,2026-07-30,白班,D12,EMPHB0378,HB-QC2-QC-IP-PET03,PET03线制程品控,1,3,11.0,8.0,3.0,,FULL62-W1
HB,HB-QC2,2026-07-30,白班,D12,EMPHB0388,HB-QC2-QC-WATER,水糖品控,1,3,11.0,8.0,3.0,,FULL62-W1
HB,HB-SYRUP,2026-07-30,白班,D12,EMPHB0268,HB-SYRUP-SYRUP-POST2,后糖岗2,1,3,11.0,8.0,3.0,,FULL62-W1
HB,HB-SYRUP,2026-07-30,白班,D12,EMPHB0260,HB-SYRUP-WATER,水处理操作岗,1,3,11.0,8.0,3.0,,FULL62-W1
SX,SX-BIB01,2026-07-30,白班,D12,EMPSX0101,SX-BIB01-FILL,灌装岗,1,4,11.0,8.0,3.0,,FULL62-W1
SX,SX-BIB01,2026-07-30,白班,D12,EMPSX0108,SX-BIB01-PACK-1,包装岗1,0,3,11.0,8.0,3.0,,FULL62-W1
SX,SX-BIB01,2026-07-30,白班,D12,EMPSX0012,SX-BIB01-PACK-2,包装岗2,0,3,11.0,8.0,3.0,,FULL62-W1
SX,SX-BIB01,2026-07-30,白班,D12,EMPSX0113,SX-BIB01-PACK-3,包装岗3,0,4,11.0,8.0,3.0,,FULL62-W1
SX,SX-CAN01,2026-07-30,白班,D12,EMPSX0079,SX-CAN01-DEPAL-CAN,卸罐机岗,0,2,11.0,8.0,3.0,,FULL62-W1
SX,SX-CAN01,2026-07-30,白班,D12,EMPSX0040,SX-CAN01-FILL,灌注机岗,1,3,11.0,8.0,3.0,,FULL62-W1
SX,SX-CAN01,2026-07-30,白班,D12,EMPSX0071,SX-CAN01-PACK-MULTI,多包装机,0,4,11.0,8.0,3.0,,FULL62-W1
SX,SX-CAN01,2026-07-30,白班,D12,EMPSX0016,SX-CAN01-PALLET,码垛机岗,0,4,11.0,8.0,3.0,,FULL62-W1
SX,SX-ENG,2026-07-30,白班,D12,EMPSX0140,SX-ENG-AIRCOMP,制冷空压机岗,1,4,11.0,8.0,3.0,,FULL62-W1
SX,SX-ENG,2026-07-30,白班,D12,EMPSX0132,SX-ENG-ELEC-LINE1,生产线电工1,1,3,11.0,8.0,3.0,,FULL62-W1
SX,SX-ENG,2026-07-30,白班,D12,EMPSX0146,SX-ENG-MECH-LINE,生产线机修岗,0,3,11.0,8.0,3.0,,FULL62-W1
SX,SX-ENG,2026-07-30,白班,D12,EMPSX0150,SX-ENG-MECH-LINE,生产线机修岗,0,3,11.0,8.0,3.0,,FULL62-W1
SX,SX-ENG,2026-07-30,白班,D12,EMPSX0151,SX-ENG-MECH-LINE,生产线机修岗,0,3,11.0,8.0,3.0,,FULL62-W1
SX,SX-PET01,2026-07-30,白班,D12,EMPSX0020,SX-PET01-FGI,FGI岗,0,3,11.0,8.0,3.0,,FULL62-W1
SX,SX-PET01,2026-07-30,白班,D12,EMPSX0027,SX-PET01-HANDLE,提扣机岗,0,3,11.0,8.0,3.0,,FULL62-W1
SX,SX-PET01,2026-07-30,白班,D12,EMPSX0009,SX-PET01-PACK-SHRINK,塑包机岗,0,3,11.0,8.0,3.0,,FULL62-W1
SX,SX-PET01,2026-07-30,白班,D12,EMPSX0045,SX-PET01-PALLET,码垛机岗,0,3,11.0,8.0,3.0,,FULL62-W1
SX,SX-PET01,2026-07-30,白班,D12,EMPSX0055,SX-PET01-PALLET-LABEL,垛贴码岗,0,3,11.0,8.0,3.0,,FULL62-W1
SX,SX-PET02,2026-07-30,白班,D12,EMPSX0008,SX-PET02-FILL,灌注机岗,1,4,11.0,8.0,3.0,,FULL62-W1
SX,SX-PET02,2026-07-30,白班,D12,EMPSX0063,SX-PET02-PACK-SHRINK,塑包机岗,0,3,11.0,8.0,3.0,,FULL62-W1
SX,SX-PET02,2026-07-30,白班,D12,EMPSX0013,SX-PET02-PALLET,码垛机岗,0,3,11.0,8.0,3.0,,FULL62-W1
SX,SX-PET02,2026-07-30,白班,D12,EMPSX0052,SX-PET02-PALLET-LABEL,垛贴码岗,0,3,11.0,8.0,3.0,,FULL62-W1
SX,SX-QC,2026-07-30,白班,D12,EMPSX0156,SX-QC-QC-AUX,辅线品控（水、糖、BIB）,1,3,11.0,8.0,3.0,,FULL62-W1
SX,SX-QC,2026-07-30,白班,D12,EMPSX0177,SX-QC-QC-BLOW,吹瓶品控,1,3,11.0,8.0,3.0,,FULL62-W1
SX,SX-QC,2026-07-30,白班,D12,EMPSX0169,SX-QC-QC-IP-CAN,CAN线品控,1,4,11.0,8.0,3.0,,FULL62-W1
SX,SX-QC,2026-07-30,白班,D12,EMPSX0161,SX-QC-QC-IP-PET1,PET线品控1,1,3,11.0,8.0,3.0,,FULL62-W1
SX,SX-QC,2026-07-30,白班,D12,EMPSX0166,SX-QC-QC-IP-PET2,PET线品控2,1,3,11.0,8.0,3.0,,FULL62-W1
SX,SX-QC,2026-07-30,白班,D12,EMPSX0173,SX-QC-QC-IP-RB,RB线品控,1,3,11.0,8.0,3.0,,FULL62-W1
SX,SX-RB01,2026-07-30,白班,D12,EMPSX0039,SX-RB01-FILL,灌注机岗,1,4,11.0,8.0,3.0,,FULL62-W1
SX,SX-RB01,2026-07-30,白班,D12,EMPSX0080,SX-RB01-LOADER,装卸箱机岗,0,3,11.0,8.0,3.0,,FULL62-W1
SX,SX-RB01,2026-07-30,白班,D12,EMPSX0099,SX-RB01-QC-BOTTLE,空瓶检测岗,1,3,11.0,8.0,3.0,,FULL62-W1
SX,SX-RB01,2026-07-30,白班,D12,EMPSX0092,SX-RB01-QC-FGI1,成品目检岗1,1,3,11.0,8.0,3.0,,FULL62-W1
SX,SX-RB01,2026-07-30,白班,D12,EMPSX0096,SX-RB01-QC-FGI2,成品目检岗2,1,3,11.0,8.0,3.0,,FULL62-W1
SX,SX-RB01,2026-07-30,白班,D12,EMPSX0083,SX-RB01-WASHER,洗瓶机岗,0,3,11.0,8.0,3.0,,FULL62-W1
SX,SX-SYRUP,2026-07-30,白班,D12,EMPSX0118,SX-SYRUP-SYRUP-POST1,后糖岗1,1,3,11.0,8.0,3.0,,FULL62-W1
SX,SX-SYRUP,2026-07-30,白班,D12,EMPSX0124,SX-SYRUP-SYRUP-POST2,后糖岗2,1,3,11.0,8.0,3.0,,FULL62-W1
HB,HB-ENG,2026-07-30,常白班,D8,EMPHB0324,HB-ENG-ELEC-2,电气维修工程师2,1,4,8.0,8.0,0.0,,FULL62-W1
HB,HB-ENG,2026-07-30,常白班,D8,EMPHB0325,HB-ENG-ENG-BLOW,吹瓶机工程师,1,3,8.0,8.0,0.0,,FULL62-W1
HB,HB-ENG,2026-07-30,常白班,D8,EMPHB0328,HB-ENG-ENG-FILL,灌装机工程师,1,3,8.0,8.0,0.0,,FULL62-W1
HB,HB-ENG,2026-07-30,常白班,D8,EMPHB0329,HB-ENG-ENG-LABEL,贴标机工程师,1,3,8.0,8.0,0.0,,FULL62-W1
HB,HB-ENG,2026-07-30,常白班,D8,EMPHB0332,HB-ENG-ENG-PACK,膜包机工程师,1,3,8.0,8.0,0.0,,FULL62-W1
HB,HB-ENG,2026-07-30,常白班,D8,EMPHB0334,HB-ENG-ENG-PALLET,码垛机工程师,1,3,8.0,8.0,0.0,,FULL62-W1
HB,HB-ENG2,2026-07-30,常白班,D8,EMPHB0340,HB-ENG2-ELEC-OUT2,外围电工2,1,4,8.0,8.0,0.0,,FULL62-W1
HB,HB-QC,2026-07-30,常白班,D8,EMPHB0363,HB-QC-QC-MICRO-AS1,无菌线微生物品控1,1,3,8.0,8.0,0.0,,FULL62-W1
HB,HB-QC,2026-07-30,常白班,D8,EMPHB0366,HB-QC-QC-MICRO-AS2,无菌线微生物品控2,1,3,8.0,8.0,0.0,,FULL62-W1
HB,HB-QC,2026-07-30,常白班,D8,EMPHB0368,HB-QC-QC-MICRO-AS3,无菌线微生物品控3,1,4,8.0,8.0,0.0,,FULL62-W1
HB,HB-QC,2026-07-30,常白班,D8,EMPHB0362,HB-QC-QC-MICRO-SODA,汽水线微生物品控,1,3,8.0,8.0,0.0,,FULL62-W1
HB,HB-SYRUP,2026-07-30,常白班,D8,EMPHB0262,HB-SYRUP-SYRUP-PRE,前糖岗,1,3,8.0,8.0,0.0,,FULL62-W1
SX,SX-ENG,2026-07-30,常白班,D8,EMPSX0133,SX-ENG-ELEC-LINE2,生产线电工2,1,3,8.0,8.0,0.0,,FULL62-W1
SX,SX-ENG,2026-07-30,常白班,D8,EMPSX0136,SX-ENG-ELEC-OUT,外围电工,1,4,8.0,8.0,0.0,,FULL62-W1
SX,SX-QC,2026-07-30,常白班,D8,EMPSX0160,SX-QC-QC-MICRO,微生物品控,1,4,8.0,8.0,0.0,,FULL62-W1
SX,SX-QC,2026-07-30,常白班,D8,EMPSX0157,SX-QC-QC-RM,原物料品控,1,3,8.0,8.0,0.0,,FULL62-W1
SX,SX-SYRUP,2026-07-30,常白班,D8,EMPSX0116,SX-SYRUP-SYRUP-PRE,前糖岗,1,3,8.0,8.0,0.0,,FULL62-W1
SX,SX-UTIL,2026-07-30,常白班,D8,EMPSX0126,SX-UTIL-WATER,水处理操作岗,1,4,8.0,8.0,0.0,,FULL62-W1
HB,HB-AS01,2026-07-30,夜班,N12,EMPHB0278,HB-AS01-BLOW,吹瓶机岗,1,4,11.0,8.0,3.0,,FULL62-W1
HB,HB-AS01,2026-07-30,夜班,N12,EMPHB0306,HB-AS01-CARTON,上纸箱岗,0,4,11.0,8.0,3.0,,FULL62-W1
HB,HB-AS01,2026-07-30,夜班,N12,EMPHB0215,HB-AS01-FILL,灌注机岗,1,3,11.0,8.0,3.0,,FULL62-W1
HB,HB-AS01,2026-07-30,夜班,N12,EMPHB0249,HB-AS01-HANDLE-1,提扣机岗1,0,3,11.0,8.0,3.0,,FULL62-W1
HB,HB-AS01,2026-07-30,夜班,N12,EMPHB0254,HB-AS01-HANDLE-2,提扣机岗2,0,4,11.0,8.0,3.0,,FULL62-W1
HB,HB-AS01,2026-07-30,夜班,N12,EMPHB0196,HB-AS01-LABEL,贴标机岗,0,4,11.0,8.0,3.0,,FULL62-W1
HB,HB-AS01,2026-07-30,夜班,N12,EMPHB0242,HB-AS01-PACK-SHRINK,膜包机岗,0,3,11.0,8.0,3.0,,FULL62-W1
HB,HB-AS01,2026-07-30,夜班,N12,EMPHB0248,HB-AS01-PALLET,码垛机岗,0,3,11.0,8.0,3.0,,FULL62-W1
HB,HB-AS01,2026-07-30,夜班,N12,EMPHB0273,HB-AS01-SHIFT-LEADER,生产领班,1,3,11.0,8.0,3.0,,FULL62-W1
HB,HB-AS01,2026-07-30,夜班,N12,EMPHB0307,HB-AS01-UHT-1,UHT&调配&果肉操作1,1,4,11.0,8.0,3.0,,FULL62-W1
HB,HB-AS01,2026-07-30,夜班,N12,EMPHB0315,HB-AS01-UHT-AUX,辅助工,0,3,11.0,8.0,3.0,,FULL62-W1
HB,HB-ENG2,2026-07-30,夜班,N12,EMPHB0345,HB-ENG2-AIRCOMP,空压岗,1,3,11.0,8.0,3.0,,FULL62-W1
HB,HB-ENG2,2026-07-30,夜班,N12,EMPHB0343,HB-ENG2-BOILER,锅炉岗,0,3,11.0,8.0,3.0,,FULL62-W1
HB,HB-ENG2,2026-07-30,夜班,N12,EMPHB0338,HB-ENG2-ELEC-OUT1,外围电工1,1,3,11.0,8.0,3.0,,FULL62-W1
HB,HB-ENG2,2026-07-30,夜班,N12,EMPHB0350,HB-ENG2-WWTP,污水岗,0,3,11.0,8.0,3.0,,FULL62-W1
HB,HB-PET01,2026-07-30,夜班,N12,EMPHB0236,HB-PET01-FILL,灌注机岗,1,3,11.0,8.0,3.0,,FULL62-W1
HB,HB-PET01,2026-07-30,夜班,N12,EMPHB0295,HB-PET01-HANDLE-1,提扣机岗1,0,3,11.0,8.0,3.0,,FULL62-W1
HB,HB-PET01,2026-07-30,夜班,N12,EMPHB0211,HB-PET01-HANDLE-2,提扣机岗2,0,4,11.0,8.0,3.0,,FULL62-W1
HB,HB-PET01,2026-07-30,夜班,N12,EMPHB0199,HB-PET01-PACK-SHRINK,膜包机岗,0,3,11.0,8.0,3.0,,FULL62-W1
HB,HB-PET01,2026-07-30,夜班,N12,EMPHB0228,HB-PET01-PALLET,码垛机岗,0,3,11.0,8.0,3.0,,FULL62-W1
HB,HB-PET02,2026-07-30,夜班,N12,EMPHB0213,HB-PET02-BLOW-FILL,吹瓶、灌装岗位,1,3,11.0,8.0,3.0,,FULL62-W1
HB,HB-PET02,2026-07-30,夜班,N12,EMPHB0217,HB-PET02-LABEL,贴标机岗,0,3,11.0,8.0,3.0,,FULL62-W1
HB,HB-PET02,2026-07-30,夜班,N12,EMPHB0244,HB-PET02-PACK-SHRINK,膜包机岗,0,3,11.0,8.0,3.0,,FULL62-W1
HB,HB-PET02,2026-07-30,夜班,N12,EMPHB0202,HB-PET02-PALLET,码垛机岗,0,3,11.0,8.0,3.0,,FULL62-W1
HB,HB-PET03,2026-07-30,夜班,N12,EMPHB0186,HB-PET03-BLOW,吹瓶机岗,1,3,11.0,8.0,3.0,,FULL62-W1
HB,HB-PET03,2026-07-30,夜班,N12,EMPHB0280,HB-PET03-FILL,灌注机岗,1,3,11.0,8.0,3.0,,FULL62-W1
HB,HB-PET03,2026-07-30,夜班,N12,EMPHB0209,HB-PET03-HANDLE-2,提扣机岗2,0,4,11.0,8.0,3.0,,FULL62-W1
HB,HB-PET03,2026-07-30,夜班,N12,EMPHB0218,HB-PET03-LABEL,贴标机岗,0,3,11.0,8.0,3.0,,FULL62-W1
HB,HB-PET03,2026-07-30,夜班,N12,EMPHB0289,HB-PET03-PACK-SHRINK,膜包机岗,0,3,11.0,8.0,3.0,,FULL62-W1
HB,HB-PET03,2026-07-30,夜班,N12,EMPHB0293,HB-PET03-PALLET,码垛机岗,0,4,11.0,8.0,3.0,,FULL62-W1
HB,HB-QC,2026-07-30,夜班,N12,EMPHB0357,HB-QC-QC-RM-AS,无菌线原物料品控,1,3,11.0,8.0,3.0,,FULL62-W1
HB,HB-QC,2026-07-30,夜班,N12,EMPHB0354,HB-QC-QC-RM-SODA,汽水线原物料品控,1,3,11.0,8.0,3.0,,FULL62-W1
HB,HB-QC2,2026-07-30,夜班,N12,EMPHB0382,HB-QC2-QC-BLOW,吹瓶品控,1,4,11.0,8.0,3.0,,FULL62-W1
HB,HB-QC2,2026-07-30,夜班,N12,EMPHB0390,HB-QC2-QC-IP-AS,无菌线制程品控,1,3,11.0,8.0,3.0,,FULL62-W1
HB,HB-QC2,2026-07-30,夜班,N12,EMPHB0371,HB-QC2-QC-IP-PET01,PET01线制程品控,1,3,11.0,8.0,3.0,,FULL62-W1
HB,HB-QC2,2026-07-30,夜班,N12,EMPHB0374,HB-QC2-QC-IP-PET02,PET02线制程品控,1,3,11.0,8.0,3.0,,FULL62-W1
HB,HB-QC2,2026-07-30,夜班,N12,EMPHB0377,HB-QC2-QC-IP-PET03,PET03线制程品控,1,3,11.0,8.0,3.0,,FULL62-W1
HB,HB-QC2,2026-07-30,夜班,N12,EMPHB0387,HB-QC2-QC-WATER,水糖品控,1,3,11.0,8.0,3.0,,FULL62-W1
HB,HB-SYRUP,2026-07-30,夜班,N12,EMPHB0264,HB-SYRUP-SYRUP-POST1,后糖岗1,1,4,11.0,8.0,3.0,,FULL62-W1
HB,HB-SYRUP,2026-07-30,夜班,N12,EMPHB0257,HB-SYRUP-WATER,水处理操作岗,1,3,11.0,8.0,3.0,,FULL62-W1
SX,SX-BIB01,2026-07-30,夜班,N12,EMPSX0102,SX-BIB01-FILL,灌装岗,1,3,11.0,8.0,3.0,,FULL62-W1
SX,SX-BIB01,2026-07-30,夜班,N12,EMPSX0105,SX-BIB01-PACK-1,包装岗1,0,3,11.0,8.0,3.0,,FULL62-W1
SX,SX-BIB01,2026-07-30,夜班,N12,EMPSX0110,SX-BIB01-PACK-2,包装岗2,0,3,11.0,8.0,3.0,,FULL62-W1
SX,SX-CAN01,2026-07-30,夜班,N12,EMPSX0054,SX-CAN01-DEPAL-CAN,卸罐机岗,0,4,11.0,8.0,3.0,,FULL62-W1
SX,SX-CAN01,2026-07-30,夜班,N12,EMPSX0006,SX-CAN01-FILL,灌注机岗,1,4,11.0,8.0,3.0,,FULL62-W1
SX,SX-CAN01,2026-07-30,夜班,N12,EMPSX0069,SX-CAN01-PACK-MULTI,多包装机,0,4,11.0,8.0,3.0,,FULL62-W1
SX,SX-CAN01,2026-07-30,夜班,N12,EMPSX0109,SX-CAN01-PACK-SHRINK,塑包机岗,0,2,11.0,8.0,3.0,,FULL62-W1
SX,SX-ENG,2026-07-30,夜班,N12,EMPSX0137,SX-ENG-AIRCOMP,制冷空压机岗,1,3,11.0,8.0,3.0,,FULL62-W1
SX,SX-ENG,2026-07-30,夜班,N12,EMPSX0142,SX-ENG-BOILER,锅炉操作岗,0,3,11.0,8.0,3.0,,FULL62-W1
SX,SX-ENG,2026-07-30,夜班,N12,EMPSX0131,SX-ENG-ELEC-LINE1,生产线电工1,1,3,11.0,8.0,3.0,,FULL62-W1
SX,SX-ENG,2026-07-30,夜班,N12,EMPSX0145,SX-ENG-MECH-LINE,生产线机修岗,0,3,11.0,8.0,3.0,,FULL62-W1
SX,SX-PET01,2026-07-30,夜班,N12,EMPSX0003,SX-PET01-BLOW-LABEL,吹贴机岗,1,4,11.0,8.0,3.0,,FULL62-W1
SX,SX-PET01,2026-07-30,夜班,N12,EMPSX0017,SX-PET01-FGI,FGI岗,0,3,11.0,8.0,3.0,,FULL62-W1
SX,SX-PET01,2026-07-30,夜班,N12,EMPSX0057,SX-PET01-FILL,灌注机岗,1,3,11.0,8.0,3.0,,FULL62-W1
SX,SX-PET01,2026-07-30,夜班,N12,EMPSX0026,SX-PET01-HANDLE,提扣机岗,0,3,11.0,8.0,3.0,,FULL62-W1
SX,SX-PET01,2026-07-30,夜班,N12,EMPSX0064,SX-PET01-PACK-SHRINK,塑包机岗,0,3,11.0,8.0,3.0,,FULL62-W1
SX,SX-PET01,2026-07-30,夜班,N12,EMPSX0065,SX-PET01-PALLET,码垛机岗,0,3,11.0,8.0,3.0,,FULL62-W1
SX,SX-PET01,2026-07-30,夜班,N12,EMPSX0015,SX-PET01-PALLET-LABEL,垛贴码岗,0,2,11.0,8.0,3.0,,FULL62-W1
SX,SX-PET02,2026-07-30,夜班,N12,EMPSX0030,SX-PET02-BLOW,吹瓶机岗,1,3,11.0,8.0,3.0,,FULL62-W1
SX,SX-PET02,2026-07-30,夜班,N12,EMPSX0038,SX-PET02-FILL,灌注机岗,1,3,11.0,8.0,3.0,,FULL62-W1
SX,SX-PET02,2026-07-30,夜班,N12,EMPSX0036,SX-PET02-LABEL,贴标机岗,0,3,11.0,8.0,3.0,,FULL62-W1
SX,SX-PET02,2026-07-30,夜班,N12,EMPSX0042,SX-PET02-PACK-SHRINK,塑包机岗,0,3,11.0,8.0,3.0,,FULL62-W1
SX,SX-PET02,2026-07-30,夜班,N12,EMPSX0049,SX-PET02-PALLET,码垛机岗,0,3,11.0,8.0,3.0,,FULL62-W1
SX,SX-QC,2026-07-30,夜班,N12,EMPSX0155,SX-QC-QC-AUX,辅线品控（水、糖、BIB）,1,3,11.0,8.0,3.0,,FULL62-W1
SX,SX-QC,2026-07-30,夜班,N12,EMPSX0179,SX-QC-QC-BLOW,吹瓶品控,1,3,11.0,8.0,3.0,,FULL62-W1
SX,SX-QC,2026-07-30,夜班,N12,EMPSX0163,SX-QC-QC-IP-PET1,PET线品控1,1,3,11.0,8.0,3.0,,FULL62-W1
SX,SX-QC,2026-07-30,夜班,N12,EMPSX0165,SX-QC-QC-IP-PET2,PET线品控2,1,3,11.0,8.0,3.0,,FULL62-W1
SX,SX-QC,2026-07-30,夜班,N12,EMPSX0176,SX-QC-QC-IP-RB,RB线品控,1,3,11.0,8.0,3.0,,FULL62-W1
SX,SX-RB01,2026-07-30,夜班,N12,EMPSX0075,SX-RB01-DEPAL,码卸垛机岗,0,3,11.0,8.0,3.0,,FULL62-W1
SX,SX-RB01,2026-07-30,夜班,N12,EMPSX0077,SX-RB01-LOADER,装卸箱机岗,0,3,11.0,8.0,3.0,,FULL62-W1
SX,SX-RB01,2026-07-30,夜班,N12,EMPSX0090,SX-RB01-QC-FGI1,成品目检岗1,1,3,11.0,8.0,3.0,,FULL62-W1
SX,SX-RB01,2026-07-30,夜班,N12,EMPSX0095,SX-RB01-QC-FGI2,成品目检岗2,1,3,11.0,8.0,3.0,,FULL62-W1
SX,SX-RB01,2026-07-30,夜班,N12,EMPSX0082,SX-RB01-WASHER,洗瓶机岗,0,3,11.0,8.0,3.0,,FULL62-W1
SX,SX-SYRUP,2026-07-30,夜班,N12,EMPSX0120,SX-SYRUP-SYRUP-POST1,后糖岗1,1,3,11.0,8.0,3.0,,FULL62-W1
SX,SX-SYRUP,2026-07-30,夜班,N12,EMPSX0122,SX-SYRUP-SYRUP-POST2,后糖岗2,1,3,11.0,8.0,3.0,,FULL62-W1
SX,SX-UTIL,2026-07-30,夜班,N12,EMPSX0127,SX-UTIL-WWTP,污水处理岗,0,4,11.0,8.0,3.0,,FULL62-W1
HB,HB-AS01,2026-07-31,白班,D12,EMPHB0232,HB-AS01-BLOW,吹瓶机岗,1,3,11.0,8.0,3.0,,FULL62-W1
HB,HB-AS01,2026-07-31,白班,D12,EMPHB0303,HB-AS01-CARTON,上纸箱岗,0,4,11.0,8.0,3.0,,FULL62-W1
HB,HB-AS01,2026-07-31,白班,D12,EMPHB0190,HB-AS01-FILL,灌注机岗,1,4,11.0,8.0,3.0,,FULL62-W1
HB,HB-AS01,2026-07-31,白班,D12,EMPHB0207,HB-AS01-HANDLE-1,提扣机岗1,0,3,11.0,8.0,3.0,,FULL62-W1
HB,HB-AS01,2026-07-31,白班,D12,EMPHB0212,HB-AS01-HANDLE-2,提扣机岗2,0,3,11.0,8.0,3.0,,FULL62-W1
HB,HB-AS01,2026-07-31,白班,D12,EMPHB0219,HB-AS01-LABEL,贴标机岗,0,4,11.0,8.0,3.0,,FULL62-W1
HB,HB-AS01,2026-07-31,白班,D12,EMPHB0203,HB-AS01-PALLET,码垛机岗,0,3,11.0,8.0,3.0,,FULL62-W1
HB,HB-AS01,2026-07-31,白班,D12,EMPHB0309,HB-AS01-UHT-1,UHT&调配&果肉操作1,1,3,11.0,8.0,3.0,,FULL62-W1
HB,HB-AS01,2026-07-31,白班,D12,EMPHB0313,HB-AS01-UHT-2,UHT&调配&果肉操作2,1,4,11.0,8.0,3.0,,FULL62-W1
HB,HB-AS01,2026-07-31,白班,D12,EMPHB0318,HB-AS01-UHT-AUX,辅助工,0,3,11.0,8.0,3.0,,FULL62-W1
HB,HB-ENG,2026-07-31,白班,D12,EMPHB0321,HB-ENG-ELEC-1,电气维修工程师1,1,4,11.0,8.0,3.0,,FULL62-W1
HB,HB-ENG2,2026-07-31,白班,D12,EMPHB0341,HB-ENG2-AIRCOMP,空压岗,1,3,11.0,8.0,3.0,,FULL62-W1
HB,HB-ENG2,2026-07-31,白班,D12,EMPHB0342,HB-ENG2-BOILER,锅炉岗,0,3,11.0,8.0,3.0,,FULL62-W1
HB,HB-ENG2,2026-07-31,白班,D12,EMPHB0336,HB-ENG2-ELEC-OUT1,外围电工1,1,3,11.0,8.0,3.0,,FULL62-W1
HB,HB-PET01,2026-07-31,白班,D12,EMPHB0276,HB-PET01-BLOW,吹瓶机岗,1,3,11.0,8.0,3.0,,FULL62-W1
HB,HB-PET01,2026-07-31,白班,D12,EMPHB0279,HB-PET01-FILL,灌注机岗,1,3,11.0,8.0,3.0,,FULL62-W1
HB,HB-PET01,2026-07-31,白班,D12,EMPHB0298,HB-PET01-HANDLE-1,提扣机岗1,0,3,11.0,8.0,3.0,,FULL62-W1
HB,HB-PET01,2026-07-31,白班,D12,EMPHB0255,HB-PET01-HANDLE-2,提扣机岗2,0,3,11.0,8.0,3.0,,FULL62-W1
HB,HB-PET01,2026-07-31,白班,D12,EMPHB0240,HB-PET01-LABEL,贴标机岗,0,3,11.0,8.0,3.0,,FULL62-W1
HB,HB-PET02,2026-07-31,白班,D12,EMPHB0192,HB-PET02-BLOW-FILL,吹瓶、灌装岗位,1,3,11.0,8.0,3.0,,FULL62-W1
HB,HB-PET02,2026-07-31,白班,D12,EMPHB0197,HB-PET02-LABEL,贴标机岗,0,3,11.0,8.0,3.0,,FULL62-W1
HB,HB-PET02,2026-07-31,白班,D12,EMPHB0224,HB-PET02-PACK-SHRINK,膜包机岗,0,4,11.0,8.0,3.0,,FULL62-W1
HB,HB-PET02,2026-07-31,白班,D12,EMPHB0291,HB-PET02-PALLET,码垛机岗,0,3,11.0,8.0,3.0,,FULL62-W1
HB,HB-PET03,2026-07-31,白班,D12,EMPHB0275,HB-PET03-BLOW,吹瓶机岗,1,3,11.0,8.0,3.0,B,FULL62-W1
HB,HB-PET03,2026-07-31,白班,D12,EMPHB0235,HB-PET03-FILL,灌注机岗,1,3,11.0,8.0,3.0,B,FULL62-W1
HB,HB-QC,2026-07-31,白班,D12,EMPHB0359,HB-QC-QC-RM-AS,无菌线原物料品控,1,3,11.0,8.0,3.0,,FULL62-W1
HB,HB-QC,2026-07-31,白班,D12,EMPHB0355,HB-QC-QC-RM-SODA,汽水线原物料品控,1,4,11.0,8.0,3.0,,FULL62-W1
HB,HB-QC2,2026-07-31,白班,D12,EMPHB0381,HB-QC2-QC-BLOW,吹瓶品控,1,3,11.0,8.0,3.0,,FULL62-W1
HB,HB-QC2,2026-07-31,白班,D12,EMPHB0373,HB-QC2-QC-IP-PET02,PET02线制程品控,1,4,11.0,8.0,3.0,,FULL62-W1
HB,HB-QC2,2026-07-31,白班,D12,EMPHB0379,HB-QC2-QC-IP-PET03,PET03线制程品控,1,3,11.0,8.0,3.0,,FULL62-W1
HB,HB-QC2,2026-07-31,白班,D12,EMPHB0388,HB-QC2-QC-WATER,水糖品控,1,3,11.0,8.0,3.0,,FULL62-W1
HB,HB-SYRUP,2026-07-31,白班,D12,EMPHB0266,HB-SYRUP-SYRUP-POST1,后糖岗1,1,4,11.0,8.0,3.0,,FULL62-W1
HB,HB-SYRUP,2026-07-31,白班,D12,EMPHB0269,HB-SYRUP-SYRUP-POST2,后糖岗2,1,4,11.0,8.0,3.0,,FULL62-W1
HB,HB-SYRUP,2026-07-31,白班,D12,EMPHB0259,HB-SYRUP-WATER,水处理操作岗,1,4,11.0,8.0,3.0,,FULL62-W1
SX,SX-BIB01,2026-07-31,白班,D12,EMPSX0104,SX-BIB01-FILL,灌装岗,1,3,11.0,8.0,3.0,,FULL62-W1
SX,SX-BIB01,2026-07-31,白班,D12,EMPSX0107,SX-BIB01-PACK-1,包装岗1,0,3,11.0,8.0,3.0,,FULL62-W1
SX,SX-BIB01,2026-07-31,白班,D12,EMPSX0111,SX-BIB01-PACK-2,包装岗2,0,3,11.0,8.0,3.0,,FULL62-W1
SX,SX-BIB01,2026-07-31,白班,D12,EMPSX0114,SX-BIB01-PACK-3,包装岗3,0,3,11.0,8.0,3.0,,FULL62-W1
SX,SX-CAN01,2026-07-31,白班,D12,EMPSX0073,SX-CAN01-DEPAL-CAN,卸罐机岗,0,3,11.0,8.0,3.0,,FULL62-W1
SX,SX-CAN01,2026-07-31,白班,D12,EMPSX0072,SX-CAN01-PACK-MULTI,多包装机,0,3,11.0,8.0,3.0,,FULL62-W1
SX,SX-CAN01,2026-07-31,白班,D12,EMPSX0012,SX-CAN01-PACK-SHRINK,塑包机岗,0,4,11.0,8.0,3.0,,FULL62-W1
SX,SX-ENG,2026-07-31,白班,D12,EMPSX0138,SX-ENG-AIRCOMP,制冷空压机岗,1,4,11.0,8.0,3.0,,FULL62-W1
SX,SX-ENG,2026-07-31,白班,D12,EMPSX0141,SX-ENG-BOILER,锅炉操作岗,0,3,11.0,8.0,3.0,,FULL62-W1
SX,SX-ENG,2026-07-31,白班,D12,EMPSX0130,SX-ENG-ELEC-LINE1,生产线电工1,1,3,11.0,8.0,3.0,,FULL62-W1
SX,SX-ENG,2026-07-31,白班,D12,EMPSX0146,SX-ENG-MECH-LINE,生产线机修岗,0,3,11.0,8.0,3.0,,FULL62-W1
SX,SX-ENG,2026-07-31,白班,D12,EMPSX0149,SX-ENG-MECH-LINE,生产线机修岗,0,3,11.0,8.0,3.0,,FULL62-W1
SX,SX-ENG,2026-07-31,白班,D12,EMPSX0151,SX-ENG-MECH-LINE,生产线机修岗,0,3,11.0,8.0,3.0,,FULL62-W1
SX,SX-PET01,2026-07-31,白班,D12,EMPSX0001,SX-PET01-BLOW-LABEL,吹贴机岗,1,3,11.0,8.0,3.0,,FULL62-W1
SX,SX-PET01,2026-07-31,白班,D12,EMPSX0018,SX-PET01-FGI,FGI岗,0,4,11.0,8.0,3.0,,FULL62-W1
SX,SX-PET01,2026-07-31,白班,D12,EMPSX0059,SX-PET01-FILL,灌注机岗,1,4,11.0,8.0,3.0,,FULL62-W1
SX,SX-PET01,2026-07-31,白班,D12,EMPSX0028,SX-PET01-HANDLE,提扣机岗,0,4,11.0,8.0,3.0,,FULL62-W1
SX,SX-PET01,2026-07-31,白班,D12,EMPSX0011,SX-PET01-PACK-SHRINK,塑包机岗,0,3,11.0,8.0,3.0,,FULL62-W1
SX,SX-PET01,2026-07-31,白班,D12,EMPSX0052,SX-PET01-PALLET-LABEL,垛贴码岗,0,3,11.0,8.0,3.0,,FULL62-W1
SX,SX-PET02,2026-07-31,白班,D12,EMPSX0032,SX-PET02-BLOW,吹瓶机岗,1,3,11.0,8.0,3.0,,FULL62-W1
SX,SX-PET02,2026-07-31,白班,D12,EMPSX0060,SX-PET02-FILL,灌注机岗,1,3,11.0,8.0,3.0,,FULL62-W1
SX,SX-PET02,2026-07-31,白班,D12,EMPSX0033,SX-PET02-LABEL,贴标机岗,0,3,11.0,8.0,3.0,,FULL62-W1
SX,SX-PET02,2026-07-31,白班,D12,EMPSX0061,SX-PET02-PACK-SHRINK,塑包机岗,0,3,11.0,8.0,3.0,,FULL62-W1
SX,SX-PET02,2026-07-31,白班,D12,EMPSX0046,SX-PET02-PALLET,码垛机岗,0,3,11.0,8.0,3.0,,FULL62-W1
SX,SX-PET02,2026-07-31,白班,D12,EMPSX0050,SX-PET02-PALLET-LABEL,垛贴码岗,0,3,11.0,8.0,3.0,,FULL62-W1
SX,SX-QC,2026-07-31,白班,D12,EMPSX0154,SX-QC-QC-AUX,辅线品控（水、糖、BIB）,1,3,11.0,8.0,3.0,,FULL62-W1
SX,SX-QC,2026-07-31,白班,D12,EMPSX0169,SX-QC-QC-IP-CAN,CAN线品控,1,4,11.0,8.0,3.0,,FULL62-W1
SX,SX-QC,2026-07-31,白班,D12,EMPSX0162,SX-QC-QC-IP-PET1,PET线品控1,1,4,11.0,8.0,3.0,,FULL62-W1
SX,SX-QC,2026-07-31,白班,D12,EMPSX0167,SX-QC-QC-IP-PET2,PET线品控2,1,4,11.0,8.0,3.0,,FULL62-W1
SX,SX-QC,2026-07-31,白班,D12,EMPSX0175,SX-QC-QC-IP-RB,RB线品控,1,4,11.0,8.0,3.0,,FULL62-W1
SX,SX-RB01,2026-07-31,白班,D12,EMPSX0074,SX-RB01-DEPAL,码卸垛机岗,0,3,11.0,8.0,3.0,,FULL62-W1
SX,SX-RB01,2026-07-31,白班,D12,EMPSX0008,SX-RB01-FILL,灌注机岗,1,4,11.0,8.0,3.0,,FULL62-W1
SX,SX-RB01,2026-07-31,白班,D12,EMPSX0078,SX-RB01-LOADER,装卸箱机岗,0,4,11.0,8.0,3.0,,FULL62-W1
SX,SX-RB01,2026-07-31,白班,D12,EMPSX0099,SX-RB01-QC-BOTTLE,空瓶检测岗,1,3,11.0,8.0,3.0,,FULL62-W1
SX,SX-RB01,2026-07-31,白班,D12,EMPSX0092,SX-RB01-QC-FGI1,成品目检岗1,1,3,11.0,8.0,3.0,,FULL62-W1
SX,SX-RB01,2026-07-31,白班,D12,EMPSX0094,SX-RB01-QC-FGI2,成品目检岗2,1,3,11.0,8.0,3.0,,FULL62-W1
SX,SX-RB01,2026-07-31,白班,D12,EMPSX0014,SX-RB01-WASHER,洗瓶机岗,0,3,11.0,8.0,3.0,,FULL62-W1
SX,SX-SYRUP,2026-07-31,白班,D12,EMPSX0118,SX-SYRUP-SYRUP-POST1,后糖岗1,1,3,11.0,8.0,3.0,,FULL62-W1
HB,HB-ENG,2026-07-31,常白班,D8,EMPHB0324,HB-ENG-ELEC-2,电气维修工程师2,1,4,8.0,8.0,0.0,,FULL62-W1
HB,HB-ENG,2026-07-31,常白班,D8,EMPHB0325,HB-ENG-ENG-BLOW,吹瓶机工程师,1,3,8.0,8.0,0.0,,FULL62-W1
HB,HB-ENG,2026-07-31,常白班,D8,EMPHB0328,HB-ENG-ENG-FILL,灌装机工程师,1,3,8.0,8.0,0.0,,FULL62-W1
HB,HB-ENG,2026-07-31,常白班,D8,EMPHB0329,HB-ENG-ENG-LABEL,贴标机工程师,1,3,8.0,8.0,0.0,,FULL62-W1
HB,HB-ENG,2026-07-31,常白班,D8,EMPHB0332,HB-ENG-ENG-PACK,膜包机工程师,1,3,8.0,8.0,0.0,,FULL62-W1
HB,HB-ENG,2026-07-31,常白班,D8,EMPHB0333,HB-ENG-ENG-PALLET,码垛机工程师,1,4,8.0,8.0,0.0,,FULL62-W1
HB,HB-ENG2,2026-07-31,常白班,D8,EMPHB0340,HB-ENG2-ELEC-OUT2,外围电工2,1,4,8.0,8.0,0.0,,FULL62-W1
HB,HB-QC,2026-07-31,常白班,D8,EMPHB0364,HB-QC-QC-MICRO-AS1,无菌线微生物品控1,1,4,8.0,8.0,0.0,,FULL62-W1
HB,HB-QC,2026-07-31,常白班,D8,EMPHB0365,HB-QC-QC-MICRO-AS2,无菌线微生物品控2,1,3,8.0,8.0,0.0,,FULL62-W1
HB,HB-QC,2026-07-31,常白班,D8,EMPHB0367,HB-QC-QC-MICRO-AS3,无菌线微生物品控3,1,3,8.0,8.0,0.0,,FULL62-W1
HB,HB-QC,2026-07-31,常白班,D8,EMPHB0361,HB-QC-QC-MICRO-SODA,汽水线微生物品控,1,4,8.0,8.0,0.0,,FULL62-W1
HB,HB-SYRUP,2026-07-31,常白班,D8,EMPHB0261,HB-SYRUP-SYRUP-PRE,前糖岗,1,3,8.0,8.0,0.0,,FULL62-W1
SX,SX-ENG,2026-07-31,常白班,D8,EMPSX0134,SX-ENG-ELEC-LINE2,生产线电工2,1,3,8.0,8.0,0.0,,FULL62-W1
SX,SX-ENG,2026-07-31,常白班,D8,EMPSX0135,SX-ENG-ELEC-OUT,外围电工,1,4,8.0,8.0,0.0,,FULL62-W1
SX,SX-QC,2026-07-31,常白班,D8,EMPSX0160,SX-QC-QC-MICRO,微生物品控,1,4,8.0,8.0,0.0,,FULL62-W1
SX,SX-QC,2026-07-31,常白班,D8,EMPSX0157,SX-QC-QC-RM,原物料品控,1,3,8.0,8.0,0.0,,FULL62-W1
SX,SX-SYRUP,2026-07-31,常白班,D8,EMPSX0116,SX-SYRUP-SYRUP-PRE,前糖岗,1,3,8.0,8.0,0.0,,FULL62-W1
SX,SX-UTIL,2026-07-31,常白班,D8,EMPSX0126,SX-UTIL-WATER,水处理操作岗,1,4,8.0,8.0,0.0,,FULL62-W1
HB,HB-AS01,2026-07-31,夜班,N12,EMPHB0188,HB-AS01-BLOW,吹瓶机岗,1,3,11.0,8.0,3.0,,FULL62-W1
HB,HB-AS01,2026-07-31,夜班,N12,EMPHB0251,HB-AS01-CARTON,上纸箱岗,0,1,11.0,8.0,3.0,,FULL62-W1
HB,HB-AS01,2026-07-31,夜班,N12,EMPHB0282,HB-AS01-FILL,灌注机岗,1,4,11.0,8.0,3.0,,FULL62-W1
HB,HB-AS01,2026-07-31,夜班,N12,EMPHB0316,HB-AS01-HANDLE-1,提扣机岗1,0,3,11.0,8.0,3.0,,FULL62-W1
HB,HB-AS01,2026-07-31,夜班,N12,EMPHB0299,HB-AS01-HANDLE-2,提扣机岗2,0,3,11.0,8.0,3.0,,FULL62-W1
HB,HB-AS01,2026-07-31,夜班,N12,EMPHB0284,HB-AS01-LABEL,贴标机岗,0,3,11.0,8.0,3.0,,FULL62-W1
HB,HB-AS01,2026-07-31,夜班,N12,EMPHB0225,HB-AS01-PALLET,码垛机岗,0,3,11.0,8.0,3.0,,FULL62-W1
HB,HB-AS01,2026-07-31,夜班,N12,EMPHB0271,HB-AS01-SHIFT-LEADER,生产领班,1,3,11.0,8.0,3.0,,FULL62-W1
HB,HB-AS01,2026-07-31,夜班,N12,EMPHB0308,HB-AS01-UHT-1,UHT&调配&果肉操作1,1,4,11.0,8.0,3.0,,FULL62-W1
HB,HB-AS01,2026-07-31,夜班,N12,EMPHB0249,HB-AS01-UHT-AUX,辅助工,0,3,11.0,8.0,3.0,,FULL62-W1
HB,HB-ENG,2026-07-31,夜班,N12,EMPHB0319,HB-ENG-ELEC-1,电气维修工程师1,1,3,11.0,8.0,3.0,,FULL62-W1
HB,HB-ENG2,2026-07-31,夜班,N12,EMPHB0348,HB-ENG2-AIRCOMP,空压岗,1,4,11.0,8.0,3.0,,FULL62-W1
HB,HB-ENG2,2026-07-31,夜班,N12,EMPHB0337,HB-ENG2-ELEC-OUT1,外围电工1,1,4,11.0,8.0,3.0,,FULL62-W1
HB,HB-ENG2,2026-07-31,夜班,N12,EMPHB0352,HB-ENG2-WWTP,污水岗,0,3,11.0,8.0,3.0,,FULL62-W1
HB,HB-PET01,2026-07-31,夜班,N12,EMPHB0187,HB-PET01-BLOW,吹瓶机岗,1,3,11.0,8.0,3.0,,FULL62-W1
HB,HB-PET01,2026-07-31,夜班,N12,EMPHB0213,HB-PET01-FILL,灌注机岗,1,3,11.0,8.0,3.0,,FULL62-W1
HB,HB-PET01,2026-07-31,夜班,N12,EMPHB0208,HB-PET01-HANDLE-1,提扣机岗1,0,4,11.0,8.0,3.0,,FULL62-W1
HB,HB-PET01,2026-07-31,夜班,N12,EMPHB0253,HB-PET01-HANDLE-2,提扣机岗2,0,3,11.0,8.0,3.0,,FULL62-W1
HB,HB-PET01,2026-07-31,夜班,N12,EMPHB0244,HB-PET01-PACK-SHRINK,膜包机岗,0,3,11.0,8.0,3.0,,FULL62-W1
HB,HB-PET01,2026-07-31,夜班,N12,EMPHB0294,HB-PET01-PALLET,码垛机岗,0,3,11.0,8.0,3.0,,FULL62-W1
HB,HB-PET01,2026-07-31,夜班,N12,EMPHB0181,HB-PET01-SHIFT-ENG,倒班工程师,1,4,11.0,8.0,3.0,,FULL62-W1
HB,HB-PET02,2026-07-31,夜班,N12,EMPHB0216,HB-PET02-BLOW-FILL,吹瓶、灌装岗位,1,3,11.0,8.0,3.0,,FULL62-W1
HB,HB-PET02,2026-07-31,夜班,N12,EMPHB0217,HB-PET02-LABEL,贴标机岗,0,3,11.0,8.0,3.0,,FULL62-W1
HB,HB-PET02,2026-07-31,夜班,N12,EMPHB0198,HB-PET02-PACK-SHRINK,膜包机岗,0,3,11.0,8.0,3.0,,FULL62-W1
HB,HB-PET02,2026-07-31,夜班,N12,EMPHB0292,HB-PET02-PALLET,码垛机岗,0,4,11.0,8.0,3.0,,FULL62-W1
HB,HB-PET03,2026-07-31,夜班,N12,EMPHB0231,HB-PET03-BLOW,吹瓶机岗,1,4,11.0,8.0,3.0,F,FULL62-W1
HB,HB-PET03,2026-07-31,夜班,N12,EMPHB0281,HB-PET03-FILL,灌注机岗,1,4,11.0,8.0,3.0,F,FULL62-W1
HB,HB-QC,2026-07-31,夜班,N12,EMPHB0358,HB-QC-QC-RM-AS,无菌线原物料品控,1,4,11.0,8.0,3.0,,FULL62-W1
HB,HB-QC,2026-07-31,夜班,N12,EMPHB0353,HB-QC-QC-RM-SODA,汽水线原物料品控,1,4,11.0,8.0,3.0,,FULL62-W1
HB,HB-QC2,2026-07-31,夜班,N12,EMPHB0383,HB-QC2-QC-BLOW,吹瓶品控,1,4,11.0,8.0,3.0,,FULL62-W1
HB,HB-QC2,2026-07-31,夜班,N12,EMPHB0392,HB-QC2-QC-IP-AS,无菌线制程品控,1,3,11.0,8.0,3.0,,FULL62-W1
HB,HB-QC2,2026-07-31,夜班,N12,EMPHB0370,HB-QC2-QC-IP-PET01,PET01线制程品控,1,3,11.0,8.0,3.0,,FULL62-W1
HB,HB-QC2,2026-07-31,夜班,N12,EMPHB0374,HB-QC2-QC-IP-PET02,PET02线制程品控,1,3,11.0,8.0,3.0,,FULL62-W1
HB,HB-QC2,2026-07-31,夜班,N12,EMPHB0378,HB-QC2-QC-IP-PET03,PET03线制程品控,1,3,11.0,8.0,3.0,,FULL62-W1
HB,HB-QC2,2026-07-31,夜班,N12,EMPHB0387,HB-QC2-QC-WATER,水糖品控,1,3,11.0,8.0,3.0,,FULL62-W1
HB,HB-SYRUP,2026-07-31,夜班,N12,EMPHB0263,HB-SYRUP-SYRUP-POST1,后糖岗1,1,4,11.0,8.0,3.0,,FULL62-W1
SX,SX-BIB01,2026-07-31,夜班,N12,EMPSX0106,SX-BIB01-PACK-1,包装岗1,0,3,11.0,8.0,3.0,,FULL62-W1
SX,SX-BIB01,2026-07-31,夜班,N12,EMPSX0110,SX-BIB01-PACK-2,包装岗2,0,3,11.0,8.0,3.0,,FULL62-W1
SX,SX-CAN01,2026-07-31,夜班,N12,EMPSX0054,SX-CAN01-DEPAL-CAN,卸罐机岗,0,4,11.0,8.0,3.0,,FULL62-W1
SX,SX-CAN01,2026-07-31,夜班,N12,EMPSX0057,SX-CAN01-FILL,灌注机岗,1,3,11.0,8.0,3.0,,FULL62-W1
SX,SX-CAN01,2026-07-31,夜班,N12,EMPSX0070,SX-CAN01-PACK-MULTI,多包装机,0,4,11.0,8.0,3.0,,FULL62-W1
SX,SX-CAN01,2026-07-31,夜班,N12,EMPSX0064,SX-CAN01-PACK-SHRINK,塑包机岗,0,3,11.0,8.0,3.0,,FULL62-W1
SX,SX-CAN01,2026-07-31,夜班,N12,EMPSX0067,SX-CAN01-PALLET,码垛机岗,0,3,11.0,8.0,3.0,,FULL62-W1
SX,SX-ENG,2026-07-31,夜班,N12,EMPSX0140,SX-ENG-AIRCOMP,制冷空压机岗,1,4,11.0,8.0,3.0,B,FULL62-W1
SX,SX-ENG,2026-07-31,夜班,N12,EMPSX0129,SX-ENG-ELEC-LINE1,生产线电工1,1,3,11.0,8.0,3.0,B,FULL62-W1
SX,SX-PET01,2026-07-31,夜班,N12,EMPSX0002,SX-PET01-BLOW-LABEL,吹贴机岗,1,3,11.0,8.0,3.0,,FULL62-W1
SX,SX-PET01,2026-07-31,夜班,N12,EMPSX0020,SX-PET01-FGI,FGI岗,0,3,11.0,8.0,3.0,,FULL62-W1
SX,SX-PET01,2026-07-31,夜班,N12,EMPSX0037,SX-PET01-FILL,灌注机岗,1,3,11.0,8.0,3.0,,FULL62-W1
SX,SX-PET01,2026-07-31,夜班,N12,EMPSX0025,SX-PET01-HANDLE,提扣机岗,0,3,11.0,8.0,3.0,,FULL62-W1
SX,SX-PET01,2026-07-31,夜班,N12,EMPSX0010,SX-PET01-PACK-SHRINK,塑包机岗,0,3,11.0,8.0,3.0,,FULL62-W1
SX,SX-PET01,2026-07-31,夜班,N12,EMPSX0016,SX-PET01-PALLET,码垛机岗,0,4,11.0,8.0,3.0,,FULL62-W1
SX,SX-PET01,2026-07-31,夜班,N12,EMPSX0051,SX-PET01-PALLET-LABEL,垛贴码岗,0,3,11.0,8.0,3.0,,FULL62-W1
SX,SX-PET02,2026-07-31,夜班,N12,EMPSX0040,SX-PET02-FILL,灌注机岗,1,3,11.0,8.0,3.0,,FULL62-W1
SX,SX-PET02,2026-07-31,夜班,N12,EMPSX0034,SX-PET02-LABEL,贴标机岗,0,3,11.0,8.0,3.0,,FULL62-W1
SX,SX-PET02,2026-07-31,夜班,N12,EMPSX0045,SX-PET02-PALLET,码垛机岗,0,3,11.0,8.0,3.0,,FULL62-W1
SX,SX-PET02,2026-07-31,夜班,N12,EMPSX0022,SX-PET02-PALLET-LABEL,垛贴码岗,0,3,11.0,8.0,3.0,,FULL62-W1
SX,SX-QC,2026-07-31,夜班,N12,EMPSX0180,SX-QC-QC-BLOW,吹瓶品控,1,3,11.0,8.0,3.0,,FULL62-W1
SX,SX-QC,2026-07-31,夜班,N12,EMPSX0172,SX-QC-QC-IP-CAN,CAN线品控,1,3,11.0,8.0,3.0,,FULL62-W1
SX,SX-QC,2026-07-31,夜班,N12,EMPSX0166,SX-QC-QC-IP-PET2,PET线品控2,1,3,11.0,8.0,3.0,,FULL62-W1
SX,SX-QC,2026-07-31,夜班,N12,EMPSX0176,SX-QC-QC-IP-RB,RB线品控,1,3,11.0,8.0,3.0,,FULL62-W1
SX,SX-RB01,2026-07-31,夜班,N12,EMPSX0076,SX-RB01-DEPAL,码卸垛机岗,0,3,11.0,8.0,3.0,,FULL62-W1
SX,SX-RB01,2026-07-31,夜班,N12,EMPSX0083,SX-RB01-LOADER,装卸箱机岗,0,2,11.0,8.0,3.0,,FULL62-W1
SX,SX-RB01,2026-07-31,夜班,N12,EMPSX0100,SX-RB01-QC-BOTTLE,空瓶检测岗,1,3,11.0,8.0,3.0,,FULL62-W1
SX,SX-RB01,2026-07-31,夜班,N12,EMPSX0091,SX-RB01-QC-FGI1,成品目检岗1,1,3,11.0,8.0,3.0,,FULL62-W1
SX,SX-RB01,2026-07-31,夜班,N12,EMPSX0093,SX-RB01-QC-FGI2,成品目检岗2,1,3,11.0,8.0,3.0,,FULL62-W1
SX,SX-RB01,2026-07-31,夜班,N12,EMPSX0081,SX-RB01-WASHER,洗瓶机岗,0,4,11.0,8.0,3.0,,FULL62-W1
SX,SX-SYRUP,2026-07-31,夜班,N12,EMPSX0117,SX-SYRUP-SYRUP-POST1,后糖岗1,1,3,11.0,8.0,3.0,,FULL62-W1
SX,SX-SYRUP,2026-07-31,夜班,N12,EMPSX0123,SX-SYRUP-SYRUP-POST2,后糖岗2,1,3,11.0,8.0,3.0,,FULL62-W1
SX,SX-UTIL,2026-07-31,夜班,N12,EMPSX0127,SX-UTIL-WWTP,污水处理岗,0,4,11.0,8.0,3.0,,FULL62-W1
HB,HB-AS01,2026-08-01,白班,D12,EMPHB0276,HB-AS01-BLOW,吹瓶机岗,1,3,11.0,8.0,3.0,,FULL62-W1
HB,HB-AS01,2026-08-01,白班,D12,EMPHB0306,HB-AS01-CARTON,上纸箱岗,0,4,11.0,8.0,3.0,,FULL62-W1
HB,HB-AS01,2026-08-01,白班,D12,EMPHB0234,HB-AS01-FILL,灌注机岗,1,4,11.0,8.0,3.0,,FULL62-W1
HB,HB-AS01,2026-08-01,白班,D12,EMPHB0296,HB-AS01-HANDLE-1,提扣机岗1,0,3,11.0,8.0,3.0,,FULL62-W1
HB,HB-AS01,2026-08-01,白班,D12,EMPHB0302,HB-AS01-HANDLE-2,提扣机岗2,0,3,11.0,8.0,3.0,,FULL62-W1
HB,HB-AS01,2026-08-01,白班,D12,EMPHB0194,HB-AS01-LABEL,贴标机岗,0,4,11.0,8.0,3.0,,FULL62-W1
HB,HB-AS01,2026-08-01,白班,D12,EMPHB0222,HB-AS01-PACK-SHRINK,膜包机岗,0,3,11.0,8.0,3.0,,FULL62-W1
HB,HB-AS01,2026-08-01,白班,D12,EMPHB0183,HB-AS01-SHIFT-LEADER,生产领班,1,3,11.0,8.0,3.0,,FULL62-W1
HB,HB-AS01,2026-08-01,白班,D12,EMPHB0313,HB-AS01-UHT-2,UHT&调配&果肉操作2,1,4,11.0,8.0,3.0,,FULL62-W1
HB,HB-AS01,2026-08-01,白班,D12,EMPHB0298,HB-AS01-UHT-AUX,辅助工,0,3,11.0,8.0,3.0,,FULL62-W1
HB,HB-ENG,2026-08-01,白班,D12,EMPHB0320,HB-ENG-ELEC-1,电气维修工程师1,1,3,11.0,8.0,3.0,,FULL62-W1
HB,HB-ENG2,2026-08-01,白班,D12,EMPHB0345,HB-ENG2-AIRCOMP,空压岗,1,3,11.0,8.0,3.0,,FULL62-W1
HB,HB-ENG2,2026-08-01,白班,D12,EMPHB0344,HB-ENG2-BOILER,锅炉岗,0,4,11.0,8.0,3.0,,FULL62-W1
HB,HB-ENG2,2026-08-01,白班,D12,EMPHB0335,HB-ENG2-ELEC-OUT1,外围电工1,1,4,11.0,8.0,3.0,,FULL62-W1
HB,HB-ENG2,2026-08-01,白班,D12,EMPHB0350,HB-ENG2-WWTP,污水岗,0,3,11.0,8.0,3.0,,FULL62-W1
HB,HB-PET01,2026-08-01,白班,D12,EMPHB0232,HB-PET01-BLOW,吹瓶机岗,1,3,11.0,8.0,3.0,,FULL62-W1
HB,HB-PET01,2026-08-01,白班,D12,EMPHB0191,HB-PET01-FILL,灌注机岗,1,4,11.0,8.0,3.0,,FULL62-W1
HB,HB-PET01,2026-08-01,白班,D12,EMPHB0254,HB-PET01-HANDLE-1,提扣机岗1,0,3,11.0,8.0,3.0,,FULL62-W1
HB,HB-PET01,2026-08-01,白班,D12,EMPHB0300,HB-PET01-HANDLE-2,提扣机岗2,0,3,11.0,8.0,3.0,,FULL62-W1
HB,HB-PET01,2026-08-01,白班,D12,EMPHB0220,HB-PET01-LABEL,贴标机岗,0,4,11.0,8.0,3.0,,FULL62-W1
HB,HB-PET01,2026-08-01,白班,D12,EMPHB0200,HB-PET01-PACK-SHRINK,膜包机岗,0,3,11.0,8.0,3.0,,FULL62-W1
HB,HB-PET01,2026-08-01,白班,D12,EMPHB0246,HB-PET01-PALLET,码垛机岗,0,4,11.0,8.0,3.0,,FULL62-W1
HB,HB-PET01,2026-08-01,白班,D12,EMPHB0184,HB-PET01-SHIFT-ENG,倒班工程师,1,4,11.0,8.0,3.0,,FULL62-W1
HB,HB-PET02,2026-08-01,白班,D12,EMPHB0238,HB-PET02-LABEL,贴标机岗,0,3,11.0,8.0,3.0,,FULL62-W1
HB,HB-PET02,2026-08-01,白班,D12,EMPHB0243,HB-PET02-PACK-SHRINK,膜包机岗,0,3,11.0,8.0,3.0,,FULL62-W1
HB,HB-PET03,2026-08-01,白班,D12,EMPHB0186,HB-PET03-BLOW,吹瓶机岗,1,3,11.0,8.0,3.0,,FULL62-W1
HB,HB-PET03,2026-08-01,白班,D12,EMPHB0189,HB-PET03-FILL,灌注机岗,1,4,11.0,8.0,3.0,,FULL62-W1
HB,HB-PET03,2026-08-01,白班,D12,EMPHB0205,HB-PET03-HANDLE-1,提扣机岗1,0,4,11.0,8.0,3.0,,FULL62-W1
HB,HB-PET03,2026-08-01,白班,D12,EMPHB0301,HB-PET03-HANDLE-2,提扣机岗2,0,4,11.0,8.0,3.0,,FULL62-W1
HB,HB-PET03,2026-08-01,白班,D12,EMPHB0219,HB-PET03-LABEL,贴标机岗,0,4,11.0,8.0,3.0,,FULL62-W1
HB,HB-PET03,2026-08-01,白班,D12,EMPHB0289,HB-PET03-PACK-SHRINK,膜包机岗,0,3,11.0,8.0,3.0,,FULL62-W1
HB,HB-PET03,2026-08-01,白班,D12,EMPHB0245,HB-PET03-PALLET,码垛机岗,0,3,11.0,8.0,3.0,,FULL62-W1
HB,HB-QC,2026-08-01,白班,D12,EMPHB0372,HB-QC-QC-RM-AS,无菌线原物料品控,1,3,11.0,8.0,3.0,,FULL62-W1
HB,HB-QC2,2026-08-01,白班,D12,EMPHB0381,HB-QC2-QC-BLOW,吹瓶品控,1,3,11.0,8.0,3.0,,FULL62-W1
HB,HB-QC2,2026-08-01,白班,D12,EMPHB0390,HB-QC2-QC-IP-AS,无菌线制程品控,1,3,11.0,8.0,3.0,,FULL62-W1
HB,HB-QC2,2026-08-01,白班,D12,EMPHB0380,HB-QC2-QC-IP-PET01,PET01线制程品控,1,3,11.0,8.0,3.0,,FULL62-W1
HB,HB-QC2,2026-08-01,白班,D12,EMPHB0373,HB-QC2-QC-IP-PET02,PET02线制程品控,1,4,11.0,8.0,3.0,,FULL62-W1
HB,HB-QC2,2026-08-01,白班,D12,EMPHB0377,HB-QC2-QC-IP-PET03,PET03线制程品控,1,3,11.0,8.0,3.0,,FULL62-W1
HB,HB-QC2,2026-08-01,白班,D12,EMPHB0385,HB-QC2-QC-WATER,水糖品控,1,3,11.0,8.0,3.0,,FULL62-W1
SX,SX-BIB01,2026-08-01,白班,D12,EMPSX0107,SX-BIB01-PACK-1,包装岗1,0,3,11.0,8.0,3.0,,FULL62-W1
SX,SX-BIB01,2026-08-01,白班,D12,EMPSX0111,SX-BIB01-PACK-2,包装岗2,0,3,11.0,8.0,3.0,,FULL62-W1
SX,SX-BIB01,2026-08-01,白班,D12,EMPSX0114,SX-BIB01-PACK-3,包装岗3,0,3,11.0,8.0,3.0,,FULL62-W1
SX,SX-CAN01,2026-08-01,白班,D12,EMPSX0060,SX-CAN01-FILL,灌注机岗,1,3,11.0,8.0,3.0,,FULL62-W1
SX,SX-CAN01,2026-08-01,白班,D12,EMPSX0071,SX-CAN01-PACK-MULTI,多包装机,0,4,11.0,8.0,3.0,,FULL62-W1
SX,SX-CAN01,2026-08-01,白班,D12,EMPSX0011,SX-CAN01-PACK-SHRINK,塑包机岗,0,3,11.0,8.0,3.0,,FULL62-W1
SX,SX-CAN01,2026-08-01,白班,D12,EMPSX0047,SX-CAN01-PALLET,码垛机岗,0,3,11.0,8.0,3.0,,FULL62-W1
SX,SX-ENG,2026-08-01,白班,D12,EMPSX0138,SX-ENG-AIRCOMP,制冷空压机岗,1,4,11.0,8.0,3.0,,FULL62-W1
SX,SX-ENG,2026-08-01,白班,D12,EMPSX0143,SX-ENG-BOILER,锅炉操作岗,0,3,11.0,8.0,3.0,,FULL62-W1
SX,SX-ENG,2026-08-01,白班,D12,EMPSX0130,SX-ENG-ELEC-LINE1,生产线电工1,1,3,11.0,8.0,3.0,,FULL62-W1
SX,SX-ENG,2026-08-01,白班,D12,EMPSX0145,SX-ENG-MECH-LINE,生产线机修岗,0,3,11.0,8.0,3.0,,FULL62-W1
SX,SX-ENG,2026-08-01,白班,D12,EMPSX0150,SX-ENG-MECH-LINE,生产线机修岗,0,3,11.0,8.0,3.0,,FULL62-W1
SX,SX-ENG,2026-08-01,白班,D12,EMPSX0152,SX-ENG-MECH-LINE,生产线机修岗,0,3,11.0,8.0,3.0,,FULL62-W1
SX,SX-PET01,2026-08-01,白班,D12,EMPSX0004,SX-PET01-BLOW-LABEL,吹贴机岗,1,4,11.0,8.0,3.0,,FULL62-W1
SX,SX-PET01,2026-08-01,白班,D12,EMPSX0017,SX-PET01-FGI,FGI岗,0,3,11.0,8.0,3.0,,FULL62-W1
SX,SX-PET01,2026-08-01,白班,D12,EMPSX0044,SX-PET01-PACK-SHRINK,塑包机岗,0,4,11.0,8.0,3.0,,FULL62-W1
SX,SX-PET01,2026-08-01,白班,D12,EMPSX0014,SX-PET01-PALLET,码垛机岗,0,3,11.0,8.0,3.0,,FULL62-W1
SX,SX-PET01,2026-08-01,白班,D12,EMPSX0050,SX-PET01-PALLET-LABEL,垛贴码岗,0,3,11.0,8.0,3.0,,FULL62-W1
SX,SX-PET02,2026-08-01,白班,D12,EMPSX0086,SX-PET02-FILL,灌注机岗,1,3,11.0,8.0,3.0,,FULL62-W1
SX,SX-PET02,2026-08-01,白班,D12,EMPSX0108,SX-PET02-LABEL,贴标机岗,0,3,11.0,8.0,3.0,,FULL62-W1
SX,SX-PET02,2026-08-01,白班,D12,EMPSX0062,SX-PET02-PACK-SHRINK,塑包机岗,0,3,11.0,8.0,3.0,,FULL62-W1
SX,SX-PET02,2026-08-01,白班,D12,EMPSX0065,SX-PET02-PALLET,码垛机岗,0,3,11.0,8.0,3.0,,FULL62-W1
SX,SX-PET02,2026-08-01,白班,D12,EMPSX0024,SX-PET02-PALLET-LABEL,垛贴码岗,0,3,11.0,8.0,3.0,,FULL62-W1
SX,SX-QC,2026-08-01,白班,D12,EMPSX0156,SX-QC-QC-AUX,辅线品控（水、糖、BIB）,1,3,11.0,8.0,3.0,,FULL62-W1
SX,SX-QC,2026-08-01,白班,D12,EMPSX0169,SX-QC-QC-IP-CAN,CAN线品控,1,4,11.0,8.0,3.0,,FULL62-W1
SX,SX-QC,2026-08-01,白班,D12,EMPSX0161,SX-QC-QC-IP-PET1,PET线品控1,1,3,11.0,8.0,3.0,,FULL62-W1
SX,SX-QC,2026-08-01,白班,D12,EMPSX0168,SX-QC-QC-IP-PET2,PET线品控2,1,4,11.0,8.0,3.0,,FULL62-W1
SX,SX-QC,2026-08-01,白班,D12,EMPSX0173,SX-QC-QC-IP-RB,RB线品控,1,3,11.0,8.0,3.0,,FULL62-W1
SX,SX-RB01,2026-08-01,白班,D12,EMPSX0075,SX-RB01-DEPAL,码卸垛机岗,0,3,11.0,8.0,3.0,,FULL62-W1
SX,SX-RB01,2026-08-01,白班,D12,EMPSX0088,SX-RB01-FILL,灌注机岗,1,3,11.0,8.0,3.0,,FULL62-W1
SX,SX-RB01,2026-08-01,白班,D12,EMPSX0080,SX-RB01-LOADER,装卸箱机岗,0,3,11.0,8.0,3.0,,FULL62-W1
SX,SX-RB01,2026-08-01,白班,D12,EMPSX0098,SX-RB01-QC-BOTTLE,空瓶检测岗,1,3,11.0,8.0,3.0,,FULL62-W1
SX,SX-RB01,2026-08-01,白班,D12,EMPSX0095,SX-RB01-QC-FGI2,成品目检岗2,1,3,11.0,8.0,3.0,,FULL62-W1
SX,SX-RB01,2026-08-01,白班,D12,EMPSX0084,SX-RB01-WASHER,洗瓶机岗,0,3,11.0,8.0,3.0,,FULL62-W1
SX,SX-SYRUP,2026-08-01,白班,D12,EMPSX0118,SX-SYRUP-SYRUP-POST1,后糖岗1,1,3,11.0,8.0,3.0,,FULL62-W1
SX,SX-SYRUP,2026-08-01,白班,D12,EMPSX0124,SX-SYRUP-SYRUP-POST2,后糖岗2,1,3,11.0,8.0,3.0,,FULL62-W1
HB,HB-ENG,2026-08-01,常白班,D8,EMPHB0324,HB-ENG-ELEC-2,电气维修工程师2,1,4,8.0,8.0,0.0,,FULL62-W1
HB,HB-ENG,2026-08-01,常白班,D8,EMPHB0326,HB-ENG-ENG-BLOW,吹瓶机工程师,1,4,8.0,8.0,0.0,,FULL62-W1
HB,HB-ENG,2026-08-01,常白班,D8,EMPHB0327,HB-ENG-ENG-FILL,灌装机工程师,1,3,8.0,8.0,0.0,,FULL62-W1
HB,HB-ENG,2026-08-01,常白班,D8,EMPHB0329,HB-ENG-ENG-LABEL,贴标机工程师,1,3,8.0,8.0,0.0,,FULL62-W1
HB,HB-ENG,2026-08-01,常白班,D8,EMPHB0331,HB-ENG-ENG-PACK,膜包机工程师,1,3,8.0,8.0,0.0,,FULL62-W1
HB,HB-ENG,2026-08-01,常白班,D8,EMPHB0333,HB-ENG-ENG-PALLET,码垛机工程师,1,4,8.0,8.0,0.0,,FULL62-W1
HB,HB-ENG2,2026-08-01,常白班,D8,EMPHB0339,HB-ENG2-ELEC-OUT2,外围电工2,1,3,8.0,8.0,0.0,,FULL62-W1
HB,HB-QC,2026-08-01,常白班,D8,EMPHB0364,HB-QC-QC-MICRO-AS1,无菌线微生物品控1,1,4,8.0,8.0,0.0,C,FULL62-W1
HB,HB-QC,2026-08-01,常白班,D8,EMPHB0366,HB-QC-QC-MICRO-AS2,无菌线微生物品控2,1,3,8.0,8.0,0.0,C,FULL62-W1
HB,HB-QC,2026-08-01,常白班,D8,EMPHB0368,HB-QC-QC-MICRO-AS3,无菌线微生物品控3,1,4,8.0,8.0,0.0,C,FULL62-W1
HB,HB-QC,2026-08-01,常白班,D8,EMPHB0362,HB-QC-QC-MICRO-SODA,汽水线微生物品控,1,3,8.0,8.0,0.0,C,FULL62-W1
HB,HB-SYRUP,2026-08-01,常白班,D8,EMPHB0261,HB-SYRUP-SYRUP-PRE,前糖岗,1,3,8.0,8.0,0.0,,FULL62-W1
SX,SX-ENG,2026-08-01,常白班,D8,EMPSX0133,SX-ENG-ELEC-LINE2,生产线电工2,1,3,8.0,8.0,0.0,,FULL62-W1
SX,SX-ENG,2026-08-01,常白班,D8,EMPSX0136,SX-ENG-ELEC-OUT,外围电工,1,4,8.0,8.0,0.0,,FULL62-W1
SX,SX-QC,2026-08-01,常白班,D8,EMPSX0159,SX-QC-QC-MICRO,微生物品控,1,3,8.0,8.0,0.0,B,FULL62-W1
SX,SX-QC,2026-08-01,常白班,D8,EMPSX0157,SX-QC-QC-RM,原物料品控,1,3,8.0,8.0,0.0,B,FULL62-W1
SX,SX-SYRUP,2026-08-01,常白班,D8,EMPSX0116,SX-SYRUP-SYRUP-PRE,前糖岗,1,3,8.0,8.0,0.0,,FULL62-W1
SX,SX-UTIL,2026-08-01,常白班,D8,EMPSX0126,SX-UTIL-WATER,水处理操作岗,1,4,8.0,8.0,0.0,,FULL62-W1
HB,HB-AS01,2026-08-01,夜班,N12,EMPHB0231,HB-AS01-BLOW,吹瓶机岗,1,4,11.0,8.0,3.0,,FULL62-W1
HB,HB-AS01,2026-08-01,夜班,N12,EMPHB0304,HB-AS01-CARTON,上纸箱岗,0,3,11.0,8.0,3.0,,FULL62-W1
HB,HB-AS01,2026-08-01,夜班,N12,EMPHB0279,HB-AS01-FILL,灌注机岗,1,3,11.0,8.0,3.0,,FULL62-W1
HB,HB-AS01,2026-08-01,夜班,N12,EMPHB0208,HB-AS01-HANDLE-1,提扣机岗1,0,4,11.0,8.0,3.0,,FULL62-W1
HB,HB-AS01,2026-08-01,夜班,N12,EMPHB0206,HB-AS01-HANDLE-2,提扣机岗2,0,2,11.0,8.0,3.0,,FULL62-W1
HB,HB-AS01,2026-08-01,夜班,N12,EMPHB0195,HB-AS01-LABEL,贴标机岗,0,3,11.0,8.0,3.0,,FULL62-W1
HB,HB-AS01,2026-08-01,夜班,N12,EMPHB0199,HB-AS01-PACK-SHRINK,膜包机岗,0,3,11.0,8.0,3.0,,FULL62-W1
HB,HB-AS01,2026-08-01,夜班,N12,EMPHB0203,HB-AS01-PALLET,码垛机岗,0,3,11.0,8.0,3.0,,FULL62-W1
HB,HB-AS01,2026-08-01,夜班,N12,EMPHB0310,HB-AS01-UHT-1,UHT&调配&果肉操作1,1,3,11.0,8.0,3.0,,FULL62-W1
HB,HB-AS01,2026-08-01,夜班,N12,EMPHB0305,HB-AS01-UHT-AUX,辅助工,0,2,11.0,8.0,3.0,,FULL62-W1
HB,HB-ENG2,2026-08-01,夜班,N12,EMPHB0346,HB-ENG2-AIRCOMP,空压岗,1,3,11.0,8.0,3.0,,FULL62-W1
HB,HB-ENG2,2026-08-01,夜班,N12,EMPHB0342,HB-ENG2-BOILER,锅炉岗,0,3,11.0,8.0,3.0,,FULL62-W1
HB,HB-ENG2,2026-08-01,夜班,N12,EMPHB0337,HB-ENG2-ELEC-OUT1,外围电工1,1,4,11.0,8.0,3.0,,FULL62-W1
HB,HB-PET01,2026-08-01,夜班,N12,EMPHB0230,HB-PET01-BLOW,吹瓶机岗,1,3,11.0,8.0,3.0,,FULL62-W1
HB,HB-PET01,2026-08-01,夜班,N12,EMPHB0282,HB-PET01-FILL,灌注机岗,1,4,11.0,8.0,3.0,,FULL62-W1
HB,HB-PET01,2026-08-01,夜班,N12,EMPHB0295,HB-PET01-HANDLE-1,提扣机岗1,0,3,11.0,8.0,3.0,,FULL62-W1
HB,HB-PET01,2026-08-01,夜班,N12,EMPHB0255,HB-PET01-HANDLE-2,提扣机岗2,0,3,11.0,8.0,3.0,,FULL62-W1
HB,HB-PET01,2026-08-01,夜班,N12,EMPHB0239,HB-PET01-LABEL,贴标机岗,0,3,11.0,8.0,3.0,,FULL62-W1
HB,HB-PET01,2026-08-01,夜班,N12,EMPHB0198,HB-PET01-PACK-SHRINK,膜包机岗,0,3,11.0,8.0,3.0,,FULL62-W1
HB,HB-PET01,2026-08-01,夜班,N12,EMPHB0293,HB-PET01-PALLET,码垛机岗,0,4,11.0,8.0,3.0,,FULL62-W1
HB,HB-PET01,2026-08-01,夜班,N12,EMPHB0274,HB-PET01-SHIFT-ENG,倒班工程师,1,3,11.0,8.0,3.0,,FULL62-W1
HB,HB-PET02,2026-08-01,夜班,N12,EMPHB0192,HB-PET02-BLOW-FILL,吹瓶、灌装岗位,1,3,11.0,8.0,3.0,,FULL62-W1
HB,HB-PET02,2026-08-01,夜班,N12,EMPHB0286,HB-PET02-LABEL,贴标机岗,0,3,11.0,8.0,3.0,,FULL62-W1
HB,HB-PET02,2026-08-01,夜班,N12,EMPHB0197,HB-PET02-PACK-SHRINK,膜包机岗,0,4,11.0,8.0,3.0,,FULL62-W1
HB,HB-PET02,2026-08-01,夜班,N12,EMPHB0204,HB-PET02-PALLET,码垛机岗,0,3,11.0,8.0,3.0,,FULL62-W1
HB,HB-PET03,2026-08-01,夜班,N12,EMPHB0187,HB-PET03-BLOW,吹瓶机岗,1,3,11.0,8.0,3.0,,FULL62-W1
HB,HB-PET03,2026-08-01,夜班,N12,EMPHB0190,HB-PET03-FILL,灌注机岗,1,4,11.0,8.0,3.0,,FULL62-W1
HB,HB-PET03,2026-08-01,夜班,N12,EMPHB0252,HB-PET03-HANDLE-1,提扣机岗1,0,3,11.0,8.0,3.0,,FULL62-W1
HB,HB-PET03,2026-08-01,夜班,N12,EMPHB0211,HB-PET03-HANDLE-2,提扣机岗2,0,4,11.0,8.0,3.0,,FULL62-W1
HB,HB-PET03,2026-08-01,夜班,N12,EMPHB0284,HB-PET03-LABEL,贴标机岗,0,3,11.0,8.0,3.0,,FULL62-W1
HB,HB-PET03,2026-08-01,夜班,N12,EMPHB0221,HB-PET03-PACK-SHRINK,膜包机岗,0,4,11.0,8.0,3.0,,FULL62-W1
HB,HB-QC,2026-08-01,夜班,N12,EMPHB0359,HB-QC-QC-RM-AS,无菌线原物料品控,1,3,11.0,8.0,3.0,,FULL62-W1
HB,HB-QC,2026-08-01,夜班,N12,EMPHB0353,HB-QC-QC-RM-SODA,汽水线原物料品控,1,4,11.0,8.0,3.0,,FULL62-W1
HB,HB-QC2,2026-08-01,夜班,N12,EMPHB0382,HB-QC2-QC-BLOW,吹瓶品控,1,4,11.0,8.0,3.0,,FULL62-W1
HB,HB-QC2,2026-08-01,夜班,N12,EMPHB0375,HB-QC2-QC-IP-PET02,PET02线制程品控,1,3,11.0,8.0,3.0,,FULL62-W1
HB,HB-QC2,2026-08-01,夜班,N12,EMPHB0379,HB-QC2-QC-IP-PET03,PET03线制程品控,1,3,11.0,8.0,3.0,,FULL62-W1
HB,HB-QC2,2026-08-01,夜班,N12,EMPHB0387,HB-QC2-QC-WATER,水糖品控,1,3,11.0,8.0,3.0,,FULL62-W1
HB,HB-SYRUP,2026-08-01,夜班,N12,EMPHB0264,HB-SYRUP-SYRUP-POST1,后糖岗1,1,4,11.0,8.0,3.0,,FULL62-W1
HB,HB-SYRUP,2026-08-01,夜班,N12,EMPHB0259,HB-SYRUP-WATER,水处理操作岗,1,4,11.0,8.0,3.0,,FULL62-W1
SX,SX-BIB01,2026-08-01,夜班,N12,EMPSX0103,SX-BIB01-FILL,灌装岗,1,3,11.0,8.0,3.0,,FULL62-W1
SX,SX-BIB01,2026-08-01,夜班,N12,EMPSX0112,SX-BIB01-PACK-2,包装岗2,0,3,11.0,8.0,3.0,,FULL62-W1
SX,SX-CAN01,2026-08-01,夜班,N12,EMPSX0056,SX-CAN01-DEPAL-CAN,卸罐机岗,0,3,11.0,8.0,3.0,,FULL62-W1
SX,SX-CAN01,2026-08-01,夜班,N12,EMPSX0008,SX-CAN01-FILL,灌注机岗,1,4,11.0,8.0,3.0,,FULL62-W1
SX,SX-CAN01,2026-08-01,夜班,N12,EMPSX0070,SX-CAN01-PACK-MULTI,多包装机,0,4,11.0,8.0,3.0,,FULL62-W1
SX,SX-CAN01,2026-08-01,夜班,N12,EMPSX0010,SX-CAN01-PACK-SHRINK,塑包机岗,0,3,11.0,8.0,3.0,,FULL62-W1
SX,SX-CAN01,2026-08-01,夜班,N12,EMPSX0046,SX-CAN01-PALLET,码垛机岗,0,3,11.0,8.0,3.0,,FULL62-W1
SX,SX-ENG,2026-08-01,夜班,N12,EMPSX0137,SX-ENG-AIRCOMP,制冷空压机岗,1,3,11.0,8.0,3.0,,FULL62-W1
SX,SX-ENG,2026-08-01,夜班,N12,EMPSX0144,SX-ENG-BOILER,锅炉操作岗,0,4,11.0,8.0,3.0,,FULL62-W1
SX,SX-ENG,2026-08-01,夜班,N12,EMPSX0132,SX-ENG-ELEC-LINE1,生产线电工1,1,3,11.0,8.0,3.0,,FULL62-W1
SX,SX-ENG,2026-08-01,夜班,N12,EMPSX0151,SX-ENG-MECH-LINE,生产线机修岗,0,3,11.0,8.0,3.0,,FULL62-W1
SX,SX-PET01,2026-08-01,夜班,N12,EMPSX0002,SX-PET01-BLOW-LABEL,吹贴机岗,1,3,11.0,8.0,3.0,,FULL62-W1
SX,SX-PET01,2026-08-01,夜班,N12,EMPSX0020,SX-PET01-FGI,FGI岗,0,3,11.0,8.0,3.0,,FULL62-W1
SX,SX-PET01,2026-08-01,夜班,N12,EMPSX0026,SX-PET01-HANDLE,提扣机岗,0,3,11.0,8.0,3.0,,FULL62-W1
SX,SX-PET01,2026-08-01,夜班,N12,EMPSX0063,SX-PET01-PACK-SHRINK,塑包机岗,0,3,11.0,8.0,3.0,,FULL62-W1
SX,SX-PET01,2026-08-01,夜班,N12,EMPSX0067,SX-PET01-PALLET,码垛机岗,0,3,11.0,8.0,3.0,,FULL62-W1
SX,SX-PET01,2026-08-01,夜班,N12,EMPSX0023,SX-PET01-PALLET-LABEL,垛贴码岗,0,3,11.0,8.0,3.0,,FULL62-W1
SX,SX-PET02,2026-08-01,夜班,N12,EMPSX0064,SX-PET02-PACK-SHRINK,塑包机岗,0,3,11.0,8.0,3.0,,FULL62-W1
SX,SX-PET02,2026-08-01,夜班,N12,EMPSX0016,SX-PET02-PALLET,码垛机岗,0,4,11.0,8.0,3.0,,FULL62-W1
SX,SX-PET02,2026-08-01,夜班,N12,EMPSX0022,SX-PET02-PALLET-LABEL,垛贴码岗,0,3,11.0,8.0,3.0,,FULL62-W1
SX,SX-QC,2026-08-01,夜班,N12,EMPSX0154,SX-QC-QC-AUX,辅线品控（水、糖、BIB）,1,3,11.0,8.0,3.0,,FULL62-W1
SX,SX-QC,2026-08-01,夜班,N12,EMPSX0178,SX-QC-QC-BLOW,吹瓶品控,1,4,11.0,8.0,3.0,,FULL62-W1
SX,SX-QC,2026-08-01,夜班,N12,EMPSX0171,SX-QC-QC-IP-CAN,CAN线品控,1,3,11.0,8.0,3.0,,FULL62-W1
SX,SX-QC,2026-08-01,夜班,N12,EMPSX0164,SX-QC-QC-IP-PET1,PET线品控1,1,3,11.0,8.0,3.0,,FULL62-W1
SX,SX-QC,2026-08-01,夜班,N12,EMPSX0174,SX-QC-QC-IP-RB,RB线品控,1,3,11.0,8.0,3.0,,FULL62-W1
SX,SX-RB01,2026-08-01,夜班,N12,EMPSX0073,SX-RB01-DEPAL,码卸垛机岗,0,3,11.0,8.0,3.0,,FULL62-W1
SX,SX-RB01,2026-08-01,夜班,N12,EMPSX0085,SX-RB01-FILL,灌注机岗,1,3,11.0,8.0,3.0,,FULL62-W1
SX,SX-RB01,2026-08-01,夜班,N12,EMPSX0083,SX-RB01-LOADER,装卸箱机岗,0,2,11.0,8.0,3.0,,FULL62-W1
SX,SX-RB01,2026-08-01,夜班,N12,EMPSX0100,SX-RB01-QC-BOTTLE,空瓶检测岗,1,3,11.0,8.0,3.0,,FULL62-W1
SX,SX-RB01,2026-08-01,夜班,N12,EMPSX0089,SX-RB01-QC-FGI1,成品目检岗1,1,3,11.0,8.0,3.0,,FULL62-W1
SX,SX-RB01,2026-08-01,夜班,N12,EMPSX0081,SX-RB01-WASHER,洗瓶机岗,0,4,11.0,8.0,3.0,,FULL62-W1
SX,SX-SYRUP,2026-08-01,夜班,N12,EMPSX0123,SX-SYRUP-SYRUP-POST2,后糖岗2,1,3,11.0,8.0,3.0,,FULL62-W1
SX,SX-UTIL,2026-08-01,夜班,N12,EMPSX0128,SX-UTIL-WWTP,污水处理岗,0,3,11.0,8.0,3.0,,FULL62-W1
HB,HB-AS01,2026-08-02,白班,D12,EMPHB0276,HB-AS01-BLOW,吹瓶机岗,1,3,11.0,8.0,3.0,,FULL62-W1
HB,HB-AS01,2026-08-02,白班,D12,EMPHB0236,HB-AS01-FILL,灌注机岗,1,3,11.0,8.0,3.0,,FULL62-W1
HB,HB-AS01,2026-08-02,白班,D12,EMPHB0251,HB-AS01-HANDLE-1,提扣机岗1,0,4,11.0,8.0,3.0,,FULL62-W1
HB,HB-AS01,2026-08-02,白班,D12,EMPHB0209,HB-AS01-HANDLE-2,提扣机岗2,0,4,11.0,8.0,3.0,,FULL62-W1
HB,HB-AS01,2026-08-02,白班,D12,EMPHB0237,HB-AS01-LABEL,贴标机岗,0,3,11.0,8.0,3.0,,FULL62-W1
HB,HB-AS01,2026-08-02,白班,D12,EMPHB0290,HB-AS01-PACK-SHRINK,膜包机岗,0,3,11.0,8.0,3.0,,FULL62-W1
HB,HB-AS01,2026-08-02,白班,D12,EMPHB0294,HB-AS01-PALLET,码垛机岗,0,3,11.0,8.0,3.0,,FULL62-W1
HB,HB-AS01,2026-08-02,白班,D12,EMPHB0271,HB-AS01-SHIFT-LEADER,生产领班,1,3,11.0,8.0,3.0,,FULL62-W1
HB,HB-AS01,2026-08-02,白班,D12,EMPHB0309,HB-AS01-UHT-1,UHT&调配&果肉操作1,1,3,11.0,8.0,3.0,,FULL62-W1
HB,HB-AS01,2026-08-02,白班,D12,EMPHB0314,HB-AS01-UHT-2,UHT&调配&果肉操作2,1,3,11.0,8.0,3.0,,FULL62-W1
HB,HB-AS01,2026-08-02,白班,D12,EMPHB0315,HB-AS01-UHT-AUX,辅助工,0,3,11.0,8.0,3.0,,FULL62-W1
HB,HB-ENG,2026-08-02,白班,D12,EMPHB0319,HB-ENG-ELEC-1,电气维修工程师1,1,3,11.0,8.0,3.0,,FULL62-W1
HB,HB-ENG2,2026-08-02,白班,D12,EMPHB0345,HB-ENG2-AIRCOMP,空压岗,1,3,11.0,8.0,3.0,,FULL62-W1
HB,HB-ENG2,2026-08-02,白班,D12,EMPHB0343,HB-ENG2-BOILER,锅炉岗,0,3,11.0,8.0,3.0,,FULL62-W1
HB,HB-ENG2,2026-08-02,白班,D12,EMPHB0349,HB-ENG2-WWTP,污水岗,0,3,11.0,8.0,3.0,,FULL62-W1
HB,HB-PET01,2026-08-02,白班,D12,EMPHB0277,HB-PET01-BLOW,吹瓶机岗,1,3,11.0,8.0,3.0,,FULL62-W1
HB,HB-PET01,2026-08-02,白班,D12,EMPHB0281,HB-PET01-FILL,灌注机岗,1,4,11.0,8.0,3.0,,FULL62-W1
HB,HB-PET01,2026-08-02,白班,D12,EMPHB0250,HB-PET01-HANDLE-1,提扣机岗1,0,3,11.0,8.0,3.0,,FULL62-W1
HB,HB-PET01,2026-08-02,白班,D12,EMPHB0212,HB-PET01-HANDLE-2,提扣机岗2,0,3,11.0,8.0,3.0,,FULL62-W1
HB,HB-PET01,2026-08-02,白班,D12,EMPHB0219,HB-PET01-LABEL,贴标机岗,0,4,11.0,8.0,3.0,,FULL62-W1
HB,HB-PET01,2026-08-02,白班,D12,EMPHB0223,HB-PET01-PACK-SHRINK,膜包机岗,0,3,11.0,8.0,3.0,,FULL62-W1
HB,HB-PET01,2026-08-02,白班,D12,EMPHB0291,HB-PET01-PALLET,码垛机岗,0,3,11.0,8.0,3.0,,FULL62-W1
HB,HB-PET01,2026-08-02,白班,D12,EMPHB0181,HB-PET01-SHIFT-ENG,倒班工程师,1,4,11.0,8.0,3.0,,FULL62-W1
HB,HB-PET02,2026-08-02,白班,D12,EMPHB0224,HB-PET02-PACK-SHRINK,膜包机岗,0,4,11.0,8.0,3.0,,FULL62-W1
HB,HB-PET02,2026-08-02,白班,D12,EMPHB0248,HB-PET02-PALLET,码垛机岗,0,3,11.0,8.0,3.0,,FULL62-W1
HB,HB-PET03,2026-08-02,白班,D12,EMPHB0232,HB-PET03-BLOW,吹瓶机岗,1,3,11.0,8.0,3.0,,FULL62-W1
HB,HB-PET03,2026-08-02,白班,D12,EMPHB0215,HB-PET03-FILL,灌注机岗,1,3,11.0,8.0,3.0,,FULL62-W1
HB,HB-PET03,2026-08-02,白班,D12,EMPHB0316,HB-PET03-HANDLE-1,提扣机岗1,0,3,11.0,8.0,3.0,,FULL62-W1
HB,HB-PET03,2026-08-02,白班,D12,EMPHB0256,HB-PET03-HANDLE-2,提扣机岗2,0,3,11.0,8.0,3.0,,FULL62-W1
HB,HB-PET03,2026-08-02,白班,D12,EMPHB0194,HB-PET03-LABEL,贴标机岗,0,4,11.0,8.0,3.0,,FULL62-W1
HB,HB-PET03,2026-08-02,白班,D12,EMPHB0243,HB-PET03-PACK-SHRINK,膜包机岗,0,3,11.0,8.0,3.0,,FULL62-W1
HB,HB-QC,2026-08-02,白班,D12,EMPHB0358,HB-QC-QC-RM-AS,无菌线原物料品控,1,4,11.0,8.0,3.0,,FULL62-W1
HB,HB-QC,2026-08-02,白班,D12,EMPHB0355,HB-QC-QC-RM-SODA,汽水线原物料品控,1,4,11.0,8.0,3.0,,FULL62-W1
HB,HB-QC2,2026-08-02,白班,D12,EMPHB0381,HB-QC2-QC-BLOW,吹瓶品控,1,3,11.0,8.0,3.0,,FULL62-W1
HB,HB-QC2,2026-08-02,白班,D12,EMPHB0392,HB-QC2-QC-IP-AS,无菌线制程品控,1,3,11.0,8.0,3.0,,FULL62-W1
HB,HB-QC2,2026-08-02,白班,D12,EMPHB0372,HB-QC2-QC-IP-PET01,PET01线制程品控,1,3,11.0,8.0,3.0,,FULL62-W1
HB,HB-QC2,2026-08-02,白班,D12,EMPHB0376,HB-QC2-QC-IP-PET02,PET02线制程品控,1,3,11.0,8.0,3.0,,FULL62-W1
HB,HB-QC2,2026-08-02,白班,D12,EMPHB0378,HB-QC2-QC-IP-PET03,PET03线制程品控,1,3,11.0,8.0,3.0,,FULL62-W1
HB,HB-QC2,2026-08-02,白班,D12,EMPHB0385,HB-QC2-QC-WATER,水糖品控,1,3,11.0,8.0,3.0,,FULL62-W1
HB,HB-SYRUP,2026-08-02,白班,D12,EMPHB0268,HB-SYRUP-SYRUP-POST2,后糖岗2,1,3,11.0,8.0,3.0,,FULL62-W1
HB,HB-SYRUP,2026-08-02,白班,D12,EMPHB0260,HB-SYRUP-WATER,水处理操作岗,1,3,11.0,8.0,3.0,,FULL62-W1
SX,SX-BIB01,2026-08-02,白班,D12,EMPSX0101,SX-BIB01-FILL,灌装岗,1,4,11.0,8.0,3.0,,FULL62-W1
SX,SX-BIB01,2026-08-02,白班,D12,EMPSX0107,SX-BIB01-PACK-1,包装岗1,0,3,11.0,8.0,3.0,,FULL62-W1
SX,SX-BIB01,2026-08-02,白班,D12,EMPSX0110,SX-BIB01-PACK-2,包装岗2,0,3,11.0,8.0,3.0,,FULL62-W1
SX,SX-BIB01,2026-08-02,白班,D12,EMPSX0114,SX-BIB01-PACK-3,包装岗3,0,3,11.0,8.0,3.0,,FULL62-W1
SX,SX-CAN01,2026-08-02,白班,D12,EMPSX0054,SX-CAN01-DEPAL-CAN,卸罐机岗,0,4,11.0,8.0,3.0,,FULL62-W1
SX,SX-CAN01,2026-08-02,白班,D12,EMPSX0071,SX-CAN01-PACK-MULTI,多包装机,0,4,11.0,8.0,3.0,,FULL62-W1
SX,SX-CAN01,2026-08-02,白班,D12,EMPSX0043,SX-CAN01-PACK-SHRINK,塑包机岗,0,3,11.0,8.0,3.0,,FULL62-W1
SX,SX-ENG,2026-08-02,白班,D12,EMPSX0139,SX-ENG-AIRCOMP,制冷空压机岗,1,3,11.0,8.0,3.0,,FULL62-W1
SX,SX-ENG,2026-08-02,白班,D12,EMPSX0131,SX-ENG-ELEC-LINE1,生产线电工1,1,3,11.0,8.0,3.0,,FULL62-W1
SX,SX-ENG,2026-08-02,白班,D12,EMPSX0147,SX-ENG-MECH-LINE,生产线机修岗,0,4,11.0,8.0,3.0,,FULL62-W1
SX,SX-PET01,2026-08-02,白班,D12,EMPSX0001,SX-PET01-BLOW-LABEL,吹贴机岗,1,3,11.0,8.0,3.0,,FULL62-W1
SX,SX-PET01,2026-08-02,白班,D12,EMPSX0019,SX-PET01-FGI,FGI岗,0,3,11.0,8.0,3.0,,FULL62-W1
SX,SX-PET01,2026-08-02,白班,D12,EMPSX0040,SX-PET01-FILL,灌注机岗,1,3,11.0,8.0,3.0,,FULL62-W1
SX,SX-PET01,2026-08-02,白班,D12,EMPSX0027,SX-PET01-HANDLE,提扣机岗,0,3,11.0,8.0,3.0,,FULL62-W1
SX,SX-PET01,2026-08-02,白班,D12,EMPSX0044,SX-PET01-PACK-SHRINK,塑包机岗,0,4,11.0,8.0,3.0,,FULL62-W1
SX,SX-PET01,2026-08-02,白班,D12,EMPSX0048,SX-PET01-PALLET,码垛机岗,0,3,11.0,8.0,3.0,,FULL62-W1
SX,SX-PET02,2026-08-02,白班,D12,EMPSX0032,SX-PET02-BLOW,吹瓶机岗,1,3,11.0,8.0,3.0,F,FULL62-W1
SX,SX-PET02,2026-08-02,白班,D12,EMPSX0057,SX-PET02-FILL,灌注机岗,1,3,11.0,8.0,3.0,F,FULL62-W1
SX,SX-QC,2026-08-02,白班,D12,EMPSX0155,SX-QC-QC-AUX,辅线品控（水、糖、BIB）,1,3,11.0,8.0,3.0,,FULL62-W1
SX,SX-QC,2026-08-02,白班,D12,EMPSX0180,SX-QC-QC-BLOW,吹瓶品控,1,3,11.0,8.0,3.0,,FULL62-W1
SX,SX-QC,2026-08-02,白班,D12,EMPSX0172,SX-QC-QC-IP-CAN,CAN线品控,1,3,11.0,8.0,3.0,,FULL62-W1
SX,SX-QC,2026-08-02,白班,D12,EMPSX0162,SX-QC-QC-IP-PET1,PET线品控1,1,4,11.0,8.0,3.0,,FULL62-W1
SX,SX-QC,2026-08-02,白班,D12,EMPSX0175,SX-QC-QC-IP-RB,RB线品控,1,4,11.0,8.0,3.0,,FULL62-W1
SX,SX-RB01,2026-08-02,白班,D12,EMPSX0013,SX-RB01-DEPAL,码卸垛机岗,0,2,11.0,8.0,3.0,,FULL62-W1
SX,SX-RB01,2026-08-02,白班,D12,EMPSX0039,SX-RB01-FILL,灌注机岗,1,4,11.0,8.0,3.0,,FULL62-W1
SX,SX-RB01,2026-08-02,白班,D12,EMPSX0080,SX-RB01-LOADER,装卸箱机岗,0,3,11.0,8.0,3.0,,FULL62-W1
SX,SX-RB01,2026-08-02,白班,D12,EMPSX0090,SX-RB01-QC-FGI1,成品目检岗1,1,3,11.0,8.0,3.0,,FULL62-W1
SX,SX-RB01,2026-08-02,白班,D12,EMPSX0096,SX-RB01-QC-FGI2,成品目检岗2,1,3,11.0,8.0,3.0,,FULL62-W1
SX,SX-RB01,2026-08-02,白班,D12,EMPSX0084,SX-RB01-WASHER,洗瓶机岗,0,3,11.0,8.0,3.0,,FULL62-W1
SX,SX-SYRUP,2026-08-02,白班,D12,EMPSX0118,SX-SYRUP-SYRUP-POST1,后糖岗1,1,3,11.0,8.0,3.0,,FULL62-W1
HB,HB-ENG,2026-08-02,常白班,D8,EMPHB0324,HB-ENG-ELEC-2,电气维修工程师2,1,4,8.0,8.0,0.0,,FULL62-W1
HB,HB-ENG,2026-08-02,常白班,D8,EMPHB0325,HB-ENG-ENG-BLOW,吹瓶机工程师,1,3,8.0,8.0,0.0,,FULL62-W1
HB,HB-ENG,2026-08-02,常白班,D8,EMPHB0328,HB-ENG-ENG-FILL,灌装机工程师,1,3,8.0,8.0,0.0,,FULL62-W1
HB,HB-ENG,2026-08-02,常白班,D8,EMPHB0329,HB-ENG-ENG-LABEL,贴标机工程师,1,3,8.0,8.0,0.0,,FULL62-W1
HB,HB-ENG,2026-08-02,常白班,D8,EMPHB0331,HB-ENG-ENG-PACK,膜包机工程师,1,3,8.0,8.0,0.0,,FULL62-W1
HB,HB-ENG,2026-08-02,常白班,D8,EMPHB0333,HB-ENG-ENG-PALLET,码垛机工程师,1,4,8.0,8.0,0.0,,FULL62-W1
HB,HB-ENG2,2026-08-02,常白班,D8,EMPHB0339,HB-ENG2-ELEC-OUT2,外围电工2,1,3,8.0,8.0,0.0,,FULL62-W1
HB,HB-QC,2026-08-02,常白班,D8,EMPHB0364,HB-QC-QC-MICRO-AS1,无菌线微生物品控1,1,4,8.0,8.0,0.0,,FULL62-W1
HB,HB-QC,2026-08-02,常白班,D8,EMPHB0366,HB-QC-QC-MICRO-AS2,无菌线微生物品控2,1,3,8.0,8.0,0.0,,FULL62-W1
HB,HB-QC,2026-08-02,常白班,D8,EMPHB0368,HB-QC-QC-MICRO-AS3,无菌线微生物品控3,1,4,8.0,8.0,0.0,,FULL62-W1
HB,HB-QC,2026-08-02,常白班,D8,EMPHB0361,HB-QC-QC-MICRO-SODA,汽水线微生物品控,1,4,8.0,8.0,0.0,,FULL62-W1
HB,HB-SYRUP,2026-08-02,常白班,D8,EMPHB0261,HB-SYRUP-SYRUP-PRE,前糖岗,1,3,8.0,8.0,0.0,,FULL62-W1
SX,SX-ENG,2026-08-02,常白班,D8,EMPSX0134,SX-ENG-ELEC-LINE2,生产线电工2,1,3,8.0,8.0,0.0,,FULL62-W1
SX,SX-ENG,2026-08-02,常白班,D8,EMPSX0135,SX-ENG-ELEC-OUT,外围电工,1,4,8.0,8.0,0.0,,FULL62-W1
SX,SX-QC,2026-08-02,常白班,D8,EMPSX0159,SX-QC-QC-MICRO,微生物品控,1,3,8.0,8.0,0.0,,FULL62-W1
SX,SX-QC,2026-08-02,常白班,D8,EMPSX0158,SX-QC-QC-RM,原物料品控,1,4,8.0,8.0,0.0,,FULL62-W1
SX,SX-SYRUP,2026-08-02,常白班,D8,EMPSX0115,SX-SYRUP-SYRUP-PRE,前糖岗,1,3,8.0,8.0,0.0,,FULL62-W1
SX,SX-UTIL,2026-08-02,常白班,D8,EMPSX0125,SX-UTIL-WATER,水处理操作岗,1,3,8.0,8.0,0.0,,FULL62-W1
HB,HB-AS01,2026-08-02,夜班,N12,EMPHB0304,HB-AS01-CARTON,上纸箱岗,0,3,11.0,8.0,3.0,,FULL62-W1
HB,HB-AS01,2026-08-02,夜班,N12,EMPHB0234,HB-AS01-FILL,灌注机岗,1,4,11.0,8.0,3.0,,FULL62-W1
HB,HB-AS01,2026-08-02,夜班,N12,EMPHB0295,HB-AS01-HANDLE-1,提扣机岗1,0,3,11.0,8.0,3.0,,FULL62-W1
HB,HB-AS01,2026-08-02,夜班,N12,EMPHB0217,HB-AS01-LABEL,贴标机岗,0,3,11.0,8.0,3.0,,FULL62-W1
HB,HB-AS01,2026-08-02,夜班,N12,EMPHB0242,HB-AS01-PACK-SHRINK,膜包机岗,0,3,11.0,8.0,3.0,,FULL62-W1
HB,HB-AS01,2026-08-02,夜班,N12,EMPHB0247,HB-AS01-PALLET,码垛机岗,0,3,11.0,8.0,3.0,,FULL62-W1
HB,HB-AS01,2026-08-02,夜班,N12,EMPHB0313,HB-AS01-UHT-2,UHT&调配&果肉操作2,1,4,11.0,8.0,3.0,,FULL62-W1
HB,HB-AS01,2026-08-02,夜班,N12,EMPHB0317,HB-AS01-UHT-AUX,辅助工,0,3,11.0,8.0,3.0,,FULL62-W1
HB,HB-ENG,2026-08-02,夜班,N12,EMPHB0322,HB-ENG-ELEC-1,电气维修工程师1,1,4,11.0,8.0,3.0,,FULL62-W1
HB,HB-ENG2,2026-08-02,夜班,N12,EMPHB0347,HB-ENG2-AIRCOMP,空压岗,1,3,11.0,8.0,3.0,,FULL62-W1
HB,HB-ENG2,2026-08-02,夜班,N12,EMPHB0342,HB-ENG2-BOILER,锅炉岗,0,3,11.0,8.0,3.0,,FULL62-W1
HB,HB-ENG2,2026-08-02,夜班,N12,EMPHB0336,HB-ENG2-ELEC-OUT1,外围电工1,1,3,11.0,8.0,3.0,,FULL62-W1
HB,HB-ENG2,2026-08-02,夜班,N12,EMPHB0351,HB-ENG2-WWTP,污水岗,0,3,11.0,8.0,3.0,,FULL62-W1
HB,HB-PET01,2026-08-02,夜班,N12,EMPHB0233,HB-PET01-FILL,灌注机岗,1,3,11.0,8.0,3.0,,FULL62-W1
HB,HB-PET01,2026-08-02,夜班,N12,EMPHB0205,HB-PET01-HANDLE-1,提扣机岗1,0,4,11.0,8.0,3.0,,FULL62-W1
HB,HB-PET01,2026-08-02,夜班,N12,EMPHB0318,HB-PET01-HANDLE-2,提扣机岗2,0,2,11.0,8.0,3.0,,FULL62-W1
HB,HB-PET01,2026-08-02,夜班,N12,EMPHB0218,HB-PET01-LABEL,贴标机岗,0,3,11.0,8.0,3.0,,FULL62-W1
HB,HB-PET01,2026-08-02,夜班,N12,EMPHB0225,HB-PET01-PALLET,码垛机岗,0,3,11.0,8.0,3.0,,FULL62-W1
HB,HB-PET01,2026-08-02,夜班,N12,EMPHB0182,HB-PET01-SHIFT-ENG,倒班工程师,1,3,11.0,8.0,3.0,,FULL62-W1
HB,HB-PET02,2026-08-02,夜班,N12,EMPHB0214,HB-PET02-BLOW-FILL,吹瓶、灌装岗位,1,3,11.0,8.0,3.0,,FULL62-W1
HB,HB-PET02,2026-08-02,夜班,N12,EMPHB0284,HB-PET02-LABEL,贴标机岗,0,3,11.0,8.0,3.0,,FULL62-W1
HB,HB-PET02,2026-08-02,夜班,N12,EMPHB0244,HB-PET02-PACK-SHRINK,膜包机岗,0,3,11.0,8.0,3.0,,FULL62-W1
HB,HB-PET02,2026-08-02,夜班,N12,EMPHB0228,HB-PET02-PALLET,码垛机岗,0,3,11.0,8.0,3.0,,FULL62-W1
HB,HB-PET03,2026-08-02,夜班,N12,EMPHB0186,HB-PET03-BLOW,吹瓶机岗,1,3,11.0,8.0,3.0,,FULL62-W1
HB,HB-PET03,2026-08-02,夜班,N12,EMPHB0191,HB-PET03-FILL,灌注机岗,1,4,11.0,8.0,3.0,,FULL62-W1
HB,HB-PET03,2026-08-02,夜班,N12,EMPHB0207,HB-PET03-HANDLE-1,提扣机岗1,0,3,11.0,8.0,3.0,,FULL62-W1
HB,HB-PET03,2026-08-02,夜班,N12,EMPHB0255,HB-PET03-HANDLE-2,提扣机岗2,0,3,11.0,8.0,3.0,,FULL62-W1
HB,HB-PET03,2026-08-02,夜班,N12,EMPHB0240,HB-PET03-LABEL,贴标机岗,0,3,11.0,8.0,3.0,,FULL62-W1
HB,HB-PET03,2026-08-02,夜班,N12,EMPHB0227,HB-PET03-PALLET,码垛机岗,0,4,11.0,8.0,3.0,,FULL62-W1
HB,HB-QC,2026-08-02,夜班,N12,EMPHB0360,HB-QC-QC-RM-AS,无菌线原物料品控,1,3,11.0,8.0,3.0,,FULL62-W1
HB,HB-QC,2026-08-02,夜班,N12,EMPHB0354,HB-QC-QC-RM-SODA,汽水线原物料品控,1,3,11.0,8.0,3.0,,FULL62-W1
HB,HB-QC2,2026-08-02,夜班,N12,EMPHB0384,HB-QC2-QC-BLOW,吹瓶品控,1,3,11.0,8.0,3.0,,FULL62-W1
HB,HB-QC2,2026-08-02,夜班,N12,EMPHB0390,HB-QC2-QC-IP-AS,无菌线制程品控,1,3,11.0,8.0,3.0,,FULL62-W1
HB,HB-QC2,2026-08-02,夜班,N12,EMPHB0370,HB-QC2-QC-IP-PET01,PET01线制程品控,1,3,11.0,8.0,3.0,,FULL62-W1
HB,HB-QC2,2026-08-02,夜班,N12,EMPHB0373,HB-QC2-QC-IP-PET02,PET02线制程品控,1,4,11.0,8.0,3.0,,FULL62-W1
HB,HB-QC2,2026-08-02,夜班,N12,EMPHB0377,HB-QC2-QC-IP-PET03,PET03线制程品控,1,3,11.0,8.0,3.0,,FULL62-W1
HB,HB-QC2,2026-08-02,夜班,N12,EMPHB0386,HB-QC2-QC-WATER,水糖品控,1,3,11.0,8.0,3.0,,FULL62-W1
HB,HB-SYRUP,2026-08-02,夜班,N12,EMPHB0259,HB-SYRUP-WATER,水处理操作岗,1,4,11.0,8.0,3.0,,FULL62-W1
SX,SX-BIB01,2026-08-02,夜班,N12,EMPSX0104,SX-BIB01-FILL,灌装岗,1,3,11.0,8.0,3.0,,FULL62-W1
SX,SX-BIB01,2026-08-02,夜班,N12,EMPSX0042,SX-BIB01-PACK-1,包装岗1,0,1,11.0,8.0,3.0,,FULL62-W1
SX,SX-BIB01,2026-08-02,夜班,N12,EMPSX0012,SX-BIB01-PACK-2,包装岗2,0,3,11.0,8.0,3.0,,FULL62-W1
SX,SX-CAN01,2026-08-02,夜班,N12,EMPSX0055,SX-CAN01-DEPAL-CAN,卸罐机岗,0,3,11.0,8.0,3.0,,FULL62-W1
SX,SX-CAN01,2026-08-02,夜班,N12,EMPSX0007,SX-CAN01-FILL,灌注机岗,1,3,11.0,8.0,3.0,,FULL62-W1
SX,SX-CAN01,2026-08-02,夜班,N12,EMPSX0069,SX-CAN01-PACK-MULTI,多包装机,0,4,11.0,8.0,3.0,,FULL62-W1
SX,SX-CAN01,2026-08-02,夜班,N12,EMPSX0064,SX-CAN01-PACK-SHRINK,塑包机岗,0,3,11.0,8.0,3.0,,FULL62-W1
SX,SX-ENG,2026-08-02,夜班,N12,EMPSX0140,SX-ENG-AIRCOMP,制冷空压机岗,1,4,11.0,8.0,3.0,,FULL62-W1
SX,SX-ENG,2026-08-02,夜班,N12,EMPSX0142,SX-ENG-BOILER,锅炉操作岗,0,3,11.0,8.0,3.0,,FULL62-W1
SX,SX-ENG,2026-08-02,夜班,N12,EMPSX0129,SX-ENG-ELEC-LINE1,生产线电工1,1,3,11.0,8.0,3.0,,FULL62-W1
SX,SX-ENG,2026-08-02,夜班,N12,EMPSX0148,SX-ENG-MECH-LINE,生产线机修岗,0,3,11.0,8.0,3.0,,FULL62-W1
SX,SX-PET01,2026-08-02,夜班,N12,EMPSX0018,SX-PET01-FGI,FGI岗,0,4,11.0,8.0,3.0,,FULL62-W1
SX,SX-PET01,2026-08-02,夜班,N12,EMPSX0038,SX-PET01-FILL,灌注机岗,1,3,11.0,8.0,3.0,,FULL62-W1
SX,SX-PET01,2026-08-02,夜班,N12,EMPSX0028,SX-PET01-HANDLE,提扣机岗,0,4,11.0,8.0,3.0,,FULL62-W1
SX,SX-PET01,2026-08-02,夜班,N12,EMPSX0049,SX-PET01-PALLET,码垛机岗,0,3,11.0,8.0,3.0,,FULL62-W1
SX,SX-PET01,2026-08-02,夜班,N12,EMPSX0023,SX-PET01-PALLET-LABEL,垛贴码岗,0,3,11.0,8.0,3.0,,FULL62-W1
SX,SX-PET02,2026-08-02,夜班,N12,EMPSX0031,SX-PET02-BLOW,吹瓶机岗,1,3,11.0,8.0,3.0,C,FULL62-W1
SX,SX-PET02,2026-08-02,夜班,N12,EMPSX0008,SX-PET02-FILL,灌注机岗,1,4,11.0,8.0,3.0,C,FULL62-W1
SX,SX-QC,2026-08-02,夜班,N12,EMPSX0153,SX-QC-QC-AUX,辅线品控（水、糖、BIB）,1,3,11.0,8.0,3.0,B,FULL62-W1
SX,SX-QC,2026-08-02,夜班,N12,EMPSX0179,SX-QC-QC-BLOW,吹瓶品控,1,3,11.0,8.0,3.0,B,FULL62-W1
SX,SX-QC,2026-08-02,夜班,N12,EMPSX0170,SX-QC-QC-IP-CAN,CAN线品控,1,3,11.0,8.0,3.0,B,FULL62-W1
SX,SX-QC,2026-08-02,夜班,N12,EMPSX0163,SX-QC-QC-IP-PET1,PET线品控1,1,3,11.0,8.0,3.0,B,FULL62-W1
SX,SX-QC,2026-08-02,夜班,N12,EMPSX0167,SX-QC-QC-IP-PET2,PET线品控2,1,4,11.0,8.0,3.0,B,FULL62-W1
SX,SX-QC,2026-08-02,夜班,N12,EMPSX0174,SX-QC-QC-IP-RB,RB线品控,1,3,11.0,8.0,3.0,B,FULL62-W1
SX,SX-RB01,2026-08-02,夜班,N12,EMPSX0074,SX-RB01-DEPAL,码卸垛机岗,0,3,11.0,8.0,3.0,,FULL62-W1
SX,SX-RB01,2026-08-02,夜班,N12,EMPSX0059,SX-RB01-FILL,灌注机岗,1,4,11.0,8.0,3.0,,FULL62-W1
SX,SX-RB01,2026-08-02,夜班,N12,EMPSX0068,SX-RB01-LOADER,装卸箱机岗,0,3,11.0,8.0,3.0,,FULL62-W1
SX,SX-RB01,2026-08-02,夜班,N12,EMPSX0089,SX-RB01-QC-FGI1,成品目检岗1,1,3,11.0,8.0,3.0,,FULL62-W1
SX,SX-RB01,2026-08-02,夜班,N12,EMPSX0095,SX-RB01-QC-FGI2,成品目检岗2,1,3,11.0,8.0,3.0,,FULL62-W1
SX,SX-SYRUP,2026-08-02,夜班,N12,EMPSX0119,SX-SYRUP-SYRUP-POST1,后糖岗1,1,3,11.0,8.0,3.0,,FULL62-W1
SX,SX-SYRUP,2026-08-02,夜班,N12,EMPSX0122,SX-SYRUP-SYRUP-POST2,后糖岗2,1,3,11.0,8.0,3.0,,FULL62-W1
SX,SX-UTIL,2026-08-02,夜班,N12,EMPSX0128,SX-UTIL-WWTP,污水处理岗,0,3,11.0,8.0,3.0,,FULL62-W1
HB,HB-AS01,2026-08-03,白班,D12,EMPHB0210,HB-AS01-CARTON,上纸箱岗,0,3,11.0,8.0,3.0,,FULL62-W1
HB,HB-AS01,2026-08-03,白班,D12,EMPHB0235,HB-AS01-FILL,灌注机岗,1,3,11.0,8.0,3.0,,FULL62-W1
HB,HB-AS01,2026-08-03,白班,D12,EMPHB0249,HB-AS01-HANDLE-1,提扣机岗1,0,3,11.0,8.0,3.0,,FULL62-W1
HB,HB-AS01,2026-08-03,白班,D12,EMPHB0211,HB-AS01-HANDLE-2,提扣机岗2,0,4,11.0,8.0,3.0,,FULL62-W1
HB,HB-AS01,2026-08-03,白班,D12,EMPHB0197,HB-AS01-LABEL,贴标机岗,0,3,11.0,8.0,3.0,,FULL62-W1
HB,HB-AS01,2026-08-03,白班,D12,EMPHB0290,HB-AS01-PACK-SHRINK,膜包机岗,0,3,11.0,8.0,3.0,,FULL62-W1
HB,HB-AS01,2026-08-03,白班,D12,EMPHB0312,HB-AS01-UHT-2,UHT&调配&果肉操作2,1,3,11.0,8.0,3.0,,FULL62-W1
HB,HB-AS01,2026-08-03,白班,D12,EMPHB0305,HB-AS01-UHT-AUX,辅助工,0,2,11.0,8.0,3.0,,FULL62-W1
HB,HB-ENG,2026-08-03,白班,D12,EMPHB0320,HB-ENG-ELEC-1,电气维修工程师1,1,3,11.0,8.0,3.0,,FULL62-W1
HB,HB-ENG2,2026-08-03,白班,D12,EMPHB0346,HB-ENG2-AIRCOMP,空压岗,1,3,11.0,8.0,3.0,,FULL62-W1
HB,HB-ENG2,2026-08-03,白班,D12,EMPHB0343,HB-ENG2-BOILER,锅炉岗,0,3,11.0,8.0,3.0,,FULL62-W1
HB,HB-ENG2,2026-08-03,白班,D12,EMPHB0338,HB-ENG2-ELEC-OUT1,外围电工1,1,3,11.0,8.0,3.0,,FULL62-W1
HB,HB-ENG2,2026-08-03,白班,D12,EMPHB0352,HB-ENG2-WWTP,污水岗,0,3,11.0,8.0,3.0,,FULL62-W1
HB,HB-PET01,2026-08-03,白班,D12,EMPHB0281,HB-PET01-FILL,灌注机岗,1,4,11.0,8.0,3.0,,FULL62-W1
HB,HB-PET01,2026-08-03,白班,D12,EMPHB0254,HB-PET01-HANDLE-1,提扣机岗1,0,3,11.0,8.0,3.0,,FULL62-W1
HB,HB-PET01,2026-08-03,白班,D12,EMPHB0219,HB-PET01-LABEL,贴标机岗,0,4,11.0,8.0,3.0,,FULL62-W1
HB,HB-PET01,2026-08-03,白班,D12,EMPHB0223,HB-PET01-PACK-SHRINK,膜包机岗,0,3,11.0,8.0,3.0,,FULL62-W1
HB,HB-PET01,2026-08-03,白班,D12,EMPHB0294,HB-PET01-PALLET,码垛机岗,0,3,11.0,8.0,3.0,,FULL62-W1
HB,HB-PET02,2026-08-03,白班,D12,EMPHB0216,HB-PET02-BLOW-FILL,吹瓶、灌装岗位,1,3,11.0,8.0,3.0,,FULL62-W1
HB,HB-PET02,2026-08-03,白班,D12,EMPHB0198,HB-PET02-PACK-SHRINK,膜包机岗,0,3,11.0,8.0,3.0,,FULL62-W1
HB,HB-PET02,2026-08-03,白班,D12,EMPHB0204,HB-PET02-PALLET,码垛机岗,0,3,11.0,8.0,3.0,,FULL62-W1
HB,HB-PET03,2026-08-03,白班,D12,EMPHB0187,HB-PET03-BLOW,吹瓶机岗,1,3,11.0,8.0,3.0,,FULL62-W1
HB,HB-PET03,2026-08-03,白班,D12,EMPHB0213,HB-PET03-FILL,灌注机岗,1,3,11.0,8.0,3.0,,FULL62-W1
HB,HB-PET03,2026-08-03,白班,D12,EMPHB0194,HB-PET03-LABEL,贴标机岗,0,4,11.0,8.0,3.0,,FULL62-W1
HB,HB-PET03,2026-08-03,白班,D12,EMPHB0288,HB-PET03-PACK-SHRINK,膜包机岗,0,3,11.0,8.0,3.0,,FULL62-W1
HB,HB-PET03,2026-08-03,白班,D12,EMPHB0226,HB-PET03-PALLET,码垛机岗,0,3,11.0,8.0,3.0,,FULL62-W1
HB,HB-QC,2026-08-03,白班,D12,EMPHB0357,HB-QC-QC-RM-AS,无菌线原物料品控,1,3,11.0,8.0,3.0,,FULL62-W1
HB,HB-QC,2026-08-03,白班,D12,EMPHB0355,HB-QC-QC-RM-SODA,汽水线原物料品控,1,4,11.0,8.0,3.0,,FULL62-W1
HB,HB-QC2,2026-08-03,白班,D12,EMPHB0383,HB-QC2-QC-BLOW,吹瓶品控,1,4,11.0,8.0,3.0,,FULL62-W1
HB,HB-QC2,2026-08-03,白班,D12,EMPHB0389,HB-QC2-QC-IP-AS,无菌线制程品控,1,3,11.0,8.0,3.0,,FULL62-W1
HB,HB-QC2,2026-08-03,白班,D12,EMPHB0376,HB-QC2-QC-IP-PET02,PET02线制程品控,1,3,11.0,8.0,3.0,,FULL62-W1
HB,HB-QC2,2026-08-03,白班,D12,EMPHB0379,HB-QC2-QC-IP-PET03,PET03线制程品控,1,3,11.0,8.0,3.0,,FULL62-W1
HB,HB-QC2,2026-08-03,白班,D12,EMPHB0388,HB-QC2-QC-WATER,水糖品控,1,3,11.0,8.0,3.0,,FULL62-W1
HB,HB-SYRUP,2026-08-03,白班,D12,EMPHB0265,HB-SYRUP-SYRUP-POST1,后糖岗1,1,4,11.0,8.0,3.0,F,FULL62-W1
HB,HB-SYRUP,2026-08-03,白班,D12,EMPHB0269,HB-SYRUP-SYRUP-POST2,后糖岗2,1,4,11.0,8.0,3.0,F,FULL62-W1
HB,HB-SYRUP,2026-08-03,白班,D12,EMPHB0260,HB-SYRUP-WATER,水处理操作岗,1,3,11.0,8.0,3.0,F,FULL62-W1
SX,SX-BIB01,2026-08-03,白班,D12,EMPSX0101,SX-BIB01-FILL,灌装岗,1,4,11.0,8.0,3.0,,FULL62-W1
SX,SX-BIB01,2026-08-03,白班,D12,EMPSX0106,SX-BIB01-PACK-1,包装岗1,0,3,11.0,8.0,3.0,,FULL62-W1
SX,SX-BIB01,2026-08-03,白班,D12,EMPSX0110,SX-BIB01-PACK-2,包装岗2,0,3,11.0,8.0,3.0,,FULL62-W1
SX,SX-BIB01,2026-08-03,白班,D12,EMPSX0114,SX-BIB01-PACK-3,包装岗3,0,3,11.0,8.0,3.0,,FULL62-W1
SX,SX-CAN01,2026-08-03,白班,D12,EMPSX0054,SX-CAN01-DEPAL-CAN,卸罐机岗,0,4,11.0,8.0,3.0,,FULL62-W1
SX,SX-CAN01,2026-08-03,白班,D12,EMPSX0040,SX-CAN01-FILL,灌注机岗,1,3,11.0,8.0,3.0,,FULL62-W1
SX,SX-CAN01,2026-08-03,白班,D12,EMPSX0112,SX-CAN01-PACK-MULTI,多包装机,0,3,11.0,8.0,3.0,,FULL62-W1
SX,SX-CAN01,2026-08-03,白班,D12,EMPSX0010,SX-CAN01-PACK-SHRINK,塑包机岗,0,3,11.0,8.0,3.0,,FULL62-W1
SX,SX-CAN01,2026-08-03,白班,D12,EMPSX0048,SX-CAN01-PALLET,码垛机岗,0,3,11.0,8.0,3.0,,FULL62-W1
SX,SX-ENG,2026-08-03,白班,D12,EMPSX0137,SX-ENG-AIRCOMP,制冷空压机岗,1,3,11.0,8.0,3.0,,FULL62-W1
SX,SX-ENG,2026-08-03,白班,D12,EMPSX0141,SX-ENG-BOILER,锅炉操作岗,0,3,11.0,8.0,3.0,,FULL62-W1
SX,SX-ENG,2026-08-03,白班,D12,EMPSX0130,SX-ENG-ELEC-LINE1,生产线电工1,1,3,11.0,8.0,3.0,,FULL62-W1
SX,SX-ENG,2026-08-03,白班,D12,EMPSX0145,SX-ENG-MECH-LINE,生产线机修岗,0,3,11.0,8.0,3.0,,FULL62-W1
SX,SX-ENG,2026-08-03,白班,D12,EMPSX0149,SX-ENG-MECH-LINE,生产线机修岗,0,3,11.0,8.0,3.0,,FULL62-W1
SX,SX-ENG,2026-08-03,白班,D12,EMPSX0151,SX-ENG-MECH-LINE,生产线机修岗,0,3,11.0,8.0,3.0,,FULL62-W1
SX,SX-PET01,2026-08-03,白班,D12,EMPSX0001,SX-PET01-BLOW-LABEL,吹贴机岗,1,3,11.0,8.0,3.0,,FULL62-W1
SX,SX-PET01,2026-08-03,白班,D12,EMPSX0057,SX-PET01-FILL,灌注机岗,1,3,11.0,8.0,3.0,,FULL62-W1
SX,SX-PET01,2026-08-03,白班,D12,EMPSX0026,SX-PET01-HANDLE,提扣机岗,0,3,11.0,8.0,3.0,,FULL62-W1
SX,SX-PET01,2026-08-03,白班,D12,EMPSX0043,SX-PET01-PACK-SHRINK,塑包机岗,0,3,11.0,8.0,3.0,,FULL62-W1
SX,SX-PET01,2026-08-03,白班,D12,EMPSX0046,SX-PET01-PALLET,码垛机岗,0,3,11.0,8.0,3.0,,FULL62-W1
SX,SX-PET01,2026-08-03,白班,D12,EMPSX0024,SX-PET01-PALLET-LABEL,垛贴码岗,0,3,11.0,8.0,3.0,,FULL62-W1
SX,SX-PET02,2026-08-03,白班,D12,EMPSX0030,SX-PET02-BLOW,吹瓶机岗,1,3,11.0,8.0,3.0,,FULL62-W1
SX,SX-PET02,2026-08-03,白班,D12,EMPSX0060,SX-PET02-FILL,灌注机岗,1,3,11.0,8.0,3.0,,FULL62-W1
SX,SX-PET02,2026-08-03,白班,D12,EMPSX0109,SX-PET02-PACK-SHRINK,塑包机岗,0,2,11.0,8.0,3.0,,FULL62-W1
SX,SX-PET02,2026-08-03,白班,D12,EMPSX0065,SX-PET02-PALLET,码垛机岗,0,3,11.0,8.0,3.0,,FULL62-W1
SX,SX-PET02,2026-08-03,白班,D12,EMPSX0052,SX-PET02-PALLET-LABEL,垛贴码岗,0,3,11.0,8.0,3.0,,FULL62-W1
SX,SX-QC,2026-08-03,白班,D12,EMPSX0177,SX-QC-QC-BLOW,吹瓶品控,1,3,11.0,8.0,3.0,,FULL62-W1
SX,SX-QC,2026-08-03,白班,D12,EMPSX0164,SX-QC-QC-IP-PET1,PET线品控1,1,3,11.0,8.0,3.0,,FULL62-W1
SX,SX-QC,2026-08-03,白班,D12,EMPSX0166,SX-QC-QC-IP-PET2,PET线品控2,1,3,11.0,8.0,3.0,,FULL62-W1
SX,SX-QC,2026-08-03,白班,D12,EMPSX0176,SX-QC-QC-IP-RB,RB线品控,1,3,11.0,8.0,3.0,,FULL62-W1
SX,SX-RB01,2026-08-03,白班,D12,EMPSX0075,SX-RB01-DEPAL,码卸垛机岗,0,3,11.0,8.0,3.0,,FULL62-W1
SX,SX-RB01,2026-08-03,白班,D12,EMPSX0083,SX-RB01-LOADER,装卸箱机岗,0,2,11.0,8.0,3.0,,FULL62-W1
SX,SX-RB01,2026-08-03,白班,D12,EMPSX0090,SX-RB01-QC-FGI1,成品目检岗1,1,3,11.0,8.0,3.0,,FULL62-W1
SX,SX-RB01,2026-08-03,白班,D12,EMPSX0093,SX-RB01-QC-FGI2,成品目检岗2,1,3,11.0,8.0,3.0,,FULL62-W1
SX,SX-RB01,2026-08-03,白班,D12,EMPSX0081,SX-RB01-WASHER,洗瓶机岗,0,4,11.0,8.0,3.0,,FULL62-W1
SX,SX-SYRUP,2026-08-03,白班,D12,EMPSX0115,SX-SYRUP-SYRUP-POST1,后糖岗1,1,3,11.0,8.0,3.0,,FULL62-W1
SX,SX-SYRUP,2026-08-03,白班,D12,EMPSX0121,SX-SYRUP-SYRUP-POST2,后糖岗2,1,3,11.0,8.0,3.0,,FULL62-W1
HB,HB-ENG,2026-08-03,常白班,D8,EMPHB0323,HB-ENG-ELEC-2,电气维修工程师2,1,4,8.0,8.0,0.0,,FULL62-W1
HB,HB-ENG,2026-08-03,常白班,D8,EMPHB0325,HB-ENG-ENG-BLOW,吹瓶机工程师,1,3,8.0,8.0,0.0,,FULL62-W1
HB,HB-ENG,2026-08-03,常白班,D8,EMPHB0328,HB-ENG-ENG-FILL,灌装机工程师,1,3,8.0,8.0,0.0,,FULL62-W1
HB,HB-ENG,2026-08-03,常白班,D8,EMPHB0329,HB-ENG-ENG-LABEL,贴标机工程师,1,3,8.0,8.0,0.0,,FULL62-W1
HB,HB-ENG,2026-08-03,常白班,D8,EMPHB0332,HB-ENG-ENG-PACK,膜包机工程师,1,3,8.0,8.0,0.0,,FULL62-W1
HB,HB-ENG,2026-08-03,常白班,D8,EMPHB0333,HB-ENG-ENG-PALLET,码垛机工程师,1,4,8.0,8.0,0.0,,FULL62-W1
HB,HB-ENG2,2026-08-03,常白班,D8,EMPHB0340,HB-ENG2-ELEC-OUT2,外围电工2,1,4,8.0,8.0,0.0,,FULL62-W1
HB,HB-QC,2026-08-03,常白班,D8,EMPHB0364,HB-QC-QC-MICRO-AS1,无菌线微生物品控1,1,4,8.0,8.0,0.0,,FULL62-W1
HB,HB-QC,2026-08-03,常白班,D8,EMPHB0365,HB-QC-QC-MICRO-AS2,无菌线微生物品控2,1,3,8.0,8.0,0.0,,FULL62-W1
HB,HB-QC,2026-08-03,常白班,D8,EMPHB0367,HB-QC-QC-MICRO-AS3,无菌线微生物品控3,1,3,8.0,8.0,0.0,,FULL62-W1
HB,HB-QC,2026-08-03,常白班,D8,EMPHB0362,HB-QC-QC-MICRO-SODA,汽水线微生物品控,1,3,8.0,8.0,0.0,,FULL62-W1
HB,HB-SYRUP,2026-08-03,常白班,D8,EMPHB0262,HB-SYRUP-SYRUP-PRE,前糖岗,1,3,8.0,8.0,0.0,,FULL62-W1
SX,SX-ENG,2026-08-03,常白班,D8,EMPSX0134,SX-ENG-ELEC-LINE2,生产线电工2,1,3,8.0,8.0,0.0,,FULL62-W1
SX,SX-ENG,2026-08-03,常白班,D8,EMPSX0136,SX-ENG-ELEC-OUT,外围电工,1,4,8.0,8.0,0.0,,FULL62-W1
SX,SX-QC,2026-08-03,常白班,D8,EMPSX0160,SX-QC-QC-MICRO,微生物品控,1,4,8.0,8.0,0.0,,FULL62-W1
SX,SX-QC,2026-08-03,常白班,D8,EMPSX0158,SX-QC-QC-RM,原物料品控,1,4,8.0,8.0,0.0,,FULL62-W1
SX,SX-SYRUP,2026-08-03,常白班,D8,EMPSX0116,SX-SYRUP-SYRUP-PRE,前糖岗,1,3,8.0,8.0,0.0,,FULL62-W1
SX,SX-UTIL,2026-08-03,常白班,D8,EMPSX0125,SX-UTIL-WATER,水处理操作岗,1,3,8.0,8.0,0.0,,FULL62-W1
HB,HB-AS01,2026-08-03,夜班,N12,EMPHB0232,HB-AS01-BLOW,吹瓶机岗,1,3,11.0,8.0,3.0,C,FULL62-W1
HB,HB-AS01,2026-08-03,夜班,N12,EMPHB0234,HB-AS01-FILL,灌注机岗,1,4,11.0,8.0,3.0,C,FULL62-W1
HB,HB-AS01,2026-08-03,夜班,N12,EMPHB0273,HB-AS01-SHIFT-LEADER,生产领班,1,3,11.0,8.0,3.0,C,FULL62-W1
HB,HB-AS01,2026-08-03,夜班,N12,EMPHB0307,HB-AS01-UHT-1,UHT&调配&果肉操作1,1,4,11.0,8.0,3.0,C,FULL62-W1
HB,HB-AS01,2026-08-03,夜班,N12,EMPHB0311,HB-AS01-UHT-2,UHT&调配&果肉操作2,1,3,11.0,8.0,3.0,C,FULL62-W1
HB,HB-ENG,2026-08-03,夜班,N12,EMPHB0319,HB-ENG-ELEC-1,电气维修工程师1,1,3,11.0,8.0,3.0,,FULL62-W1
HB,HB-ENG2,2026-08-03,夜班,N12,EMPHB0348,HB-ENG2-AIRCOMP,空压岗,1,4,11.0,8.0,3.0,,FULL62-W1
HB,HB-ENG2,2026-08-03,夜班,N12,EMPHB0342,HB-ENG2-BOILER,锅炉岗,0,3,11.0,8.0,3.0,,FULL62-W1
HB,HB-ENG2,2026-08-03,夜班,N12,EMPHB0350,HB-ENG2-WWTP,污水岗,0,3,11.0,8.0,3.0,,FULL62-W1
HB,HB-PET01,2026-08-03,夜班,N12,EMPHB0276,HB-PET01-BLOW,吹瓶机岗,1,3,11.0,8.0,3.0,,FULL62-W1
HB,HB-PET01,2026-08-03,夜班,N12,EMPHB0279,HB-PET01-FILL,灌注机岗,1,3,11.0,8.0,3.0,,FULL62-W1
HB,HB-PET01,2026-08-03,夜班,N12,EMPHB0252,HB-PET01-HANDLE-1,提扣机岗1,0,3,11.0,8.0,3.0,,FULL62-W1
HB,HB-PET01,2026-08-03,夜班,N12,EMPHB0237,HB-PET01-LABEL,贴标机岗,0,3,11.0,8.0,3.0,,FULL62-W1
HB,HB-PET01,2026-08-03,夜班,N12,EMPHB0289,HB-PET01-PACK-SHRINK,膜包机岗,0,3,11.0,8.0,3.0,,FULL62-W1
HB,HB-PET01,2026-08-03,夜班,N12,EMPHB0247,HB-PET01-PALLET,码垛机岗,0,3,11.0,8.0,3.0,,FULL62-W1
HB,HB-PET01,2026-08-03,夜班,N12,EMPHB0184,HB-PET01-SHIFT-ENG,倒班工程师,1,4,11.0,8.0,3.0,,FULL62-W1
HB,HB-PET02,2026-08-03,夜班,N12,EMPHB0192,HB-PET02-BLOW-FILL,吹瓶、灌装岗位,1,3,11.0,8.0,3.0,,FULL62-W1
HB,HB-PET02,2026-08-03,夜班,N12,EMPHB0203,HB-PET02-PALLET,码垛机岗,0,3,11.0,8.0,3.0,,FULL62-W1
HB,HB-PET03,2026-08-03,夜班,N12,EMPHB0185,HB-PET03-BLOW,吹瓶机岗,1,3,11.0,8.0,3.0,,FULL62-W1
HB,HB-PET03,2026-08-03,夜班,N12,EMPHB0282,HB-PET03-FILL,灌注机岗,1,4,11.0,8.0,3.0,,FULL62-W1
HB,HB-PET03,2026-08-03,夜班,N12,EMPHB0206,HB-PET03-HANDLE-1,提扣机岗1,0,4,11.0,8.0,3.0,,FULL62-W1
HB,HB-PET03,2026-08-03,夜班,N12,EMPHB0301,HB-PET03-HANDLE-2,提扣机岗2,0,4,11.0,8.0,3.0,,FULL62-W1
HB,HB-PET03,2026-08-03,夜班,N12,EMPHB0218,HB-PET03-LABEL,贴标机岗,0,3,11.0,8.0,3.0,,FULL62-W1
HB,HB-QC,2026-08-03,夜班,N12,EMPHB0358,HB-QC-QC-RM-AS,无菌线原物料品控,1,4,11.0,8.0,3.0,,FULL62-W1
HB,HB-QC2,2026-08-03,夜班,N12,EMPHB0381,HB-QC2-QC-BLOW,吹瓶品控,1,3,11.0,8.0,3.0,,FULL62-W1
HB,HB-QC2,2026-08-03,夜班,N12,EMPHB0390,HB-QC2-QC-IP-AS,无菌线制程品控,1,3,11.0,8.0,3.0,,FULL62-W1
HB,HB-QC2,2026-08-03,夜班,N12,EMPHB0369,HB-QC2-QC-IP-PET01,PET01线制程品控,1,3,11.0,8.0,3.0,,FULL62-W1
HB,HB-QC2,2026-08-03,夜班,N12,EMPHB0375,HB-QC2-QC-IP-PET02,PET02线制程品控,1,3,11.0,8.0,3.0,,FULL62-W1
HB,HB-QC2,2026-08-03,夜班,N12,EMPHB0380,HB-QC2-QC-IP-PET03,PET03线制程品控,1,4,11.0,8.0,3.0,,FULL62-W1
HB,HB-SYRUP,2026-08-03,夜班,N12,EMPHB0263,HB-SYRUP-SYRUP-POST1,后糖岗1,1,4,11.0,8.0,3.0,F,FULL62-W1
HB,HB-SYRUP,2026-08-03,夜班,N12,EMPHB0268,HB-SYRUP-SYRUP-POST2,后糖岗2,1,3,11.0,8.0,3.0,F,FULL62-W1
HB,HB-SYRUP,2026-08-03,夜班,N12,EMPHB0258,HB-SYRUP-WATER,水处理操作岗,1,3,11.0,8.0,3.0,F,FULL62-W1
SX,SX-BIB01,2026-08-03,夜班,N12,EMPSX0058,SX-BIB01-FILL,灌装岗,1,3,11.0,8.0,3.0,,FULL62-W1
SX,SX-BIB01,2026-08-03,夜班,N12,EMPSX0042,SX-BIB01-PACK-1,包装岗1,0,1,11.0,8.0,3.0,,FULL62-W1
SX,SX-CAN01,2026-08-03,夜班,N12,EMPSX0079,SX-CAN01-DEPAL-CAN,卸罐机岗,0,2,11.0,8.0,3.0,,FULL62-W1
SX,SX-CAN01,2026-08-03,夜班,N12,EMPSX0039,SX-CAN01-FILL,灌注机岗,1,4,11.0,8.0,3.0,,FULL62-W1
SX,SX-CAN01,2026-08-03,夜班,N12,EMPSX0070,SX-CAN01-PACK-MULTI,多包装机,0,4,11.0,8.0,3.0,,FULL62-W1
SX,SX-CAN01,2026-08-03,夜班,N12,EMPSX0044,SX-CAN01-PACK-SHRINK,塑包机岗,0,4,11.0,8.0,3.0,,FULL62-W1
SX,SX-ENG,2026-08-03,夜班,N12,EMPSX0142,SX-ENG-BOILER,锅炉操作岗,0,3,11.0,8.0,3.0,,FULL62-W1
SX,SX-ENG,2026-08-03,夜班,N12,EMPSX0129,SX-ENG-ELEC-LINE1,生产线电工1,1,3,11.0,8.0,3.0,,FULL62-W1
SX,SX-ENG,2026-08-03,夜班,N12,EMPSX0147,SX-ENG-MECH-LINE,生产线机修岗,0,4,11.0,8.0,3.0,,FULL62-W1
SX,SX-PET01,2026-08-03,夜班,N12,EMPSX0004,SX-PET01-BLOW-LABEL,吹贴机岗,1,4,11.0,8.0,3.0,,FULL62-W1
SX,SX-PET01,2026-08-03,夜班,N12,EMPSX0018,SX-PET01-FGI,FGI岗,0,4,11.0,8.0,3.0,,FULL62-W1
SX,SX-PET01,2026-08-03,夜班,N12,EMPSX0027,SX-PET01-HANDLE,提扣机岗,0,3,11.0,8.0,3.0,,FULL62-W1
SX,SX-PET01,2026-08-03,夜班,N12,EMPSX0063,SX-PET01-PACK-SHRINK,塑包机岗,0,3,11.0,8.0,3.0,,FULL62-W1
SX,SX-PET01,2026-08-03,夜班,N12,EMPSX0068,SX-PET01-PALLET,码垛机岗,0,3,11.0,8.0,3.0,,FULL62-W1
SX,SX-PET02,2026-08-03,夜班,N12,EMPSX0031,SX-PET02-BLOW,吹瓶机岗,1,3,11.0,8.0,3.0,,FULL62-W1
SX,SX-PET02,2026-08-03,夜班,N12,EMPSX0108,SX-PET02-LABEL,贴标机岗,0,3,11.0,8.0,3.0,,FULL62-W1
SX,SX-PET02,2026-08-03,夜班,N12,EMPSX0009,SX-PET02-PACK-SHRINK,塑包机岗,0,3,11.0,8.0,3.0,,FULL62-W1
SX,SX-PET02,2026-08-03,夜班,N12,EMPSX0015,SX-PET02-PALLET,码垛机岗,0,3,11.0,8.0,3.0,,FULL62-W1
SX,SX-QC,2026-08-03,夜班,N12,EMPSX0155,SX-QC-QC-AUX,辅线品控（水、糖、BIB）,1,3,11.0,8.0,3.0,,FULL62-W1
SX,SX-QC,2026-08-03,夜班,N12,EMPSX0179,SX-QC-QC-BLOW,吹瓶品控,1,3,11.0,8.0,3.0,,FULL62-W1
SX,SX-QC,2026-08-03,夜班,N12,EMPSX0171,SX-QC-QC-IP-CAN,CAN线品控,1,3,11.0,8.0,3.0,,FULL62-W1
SX,SX-QC,2026-08-03,夜班,N12,EMPSX0163,SX-QC-QC-IP-PET1,PET线品控1,1,3,11.0,8.0,3.0,,FULL62-W1
SX,SX-QC,2026-08-03,夜班,N12,EMPSX0165,SX-QC-QC-IP-PET2,PET线品控2,1,3,11.0,8.0,3.0,,FULL62-W1
SX,SX-QC,2026-08-03,夜班,N12,EMPSX0175,SX-QC-QC-IP-RB,RB线品控,1,4,11.0,8.0,3.0,,FULL62-W1
SX,SX-RB01,2026-08-03,夜班,N12,EMPSX0076,SX-RB01-DEPAL,码卸垛机岗,0,3,11.0,8.0,3.0,,FULL62-W1
SX,SX-RB01,2026-08-03,夜班,N12,EMPSX0086,SX-RB01-FILL,灌注机岗,1,3,11.0,8.0,3.0,,FULL62-W1
SX,SX-RB01,2026-08-03,夜班,N12,EMPSX0078,SX-RB01-LOADER,装卸箱机岗,0,4,11.0,8.0,3.0,,FULL62-W1
SX,SX-RB01,2026-08-03,夜班,N12,EMPSX0092,SX-RB01-QC-FGI1,成品目检岗1,1,3,11.0,8.0,3.0,,FULL62-W1
SX,SX-RB01,2026-08-03,夜班,N12,EMPSX0094,SX-RB01-QC-FGI2,成品目检岗2,1,3,11.0,8.0,3.0,,FULL62-W1
SX,SX-RB01,2026-08-03,夜班,N12,EMPSX0084,SX-RB01-WASHER,洗瓶机岗,0,3,11.0,8.0,3.0,,FULL62-W1
SX,SX-SYRUP,2026-08-03,夜班,N12,EMPSX0120,SX-SYRUP-SYRUP-POST1,后糖岗1,1,3,11.0,8.0,3.0,,FULL62-W1
SX,SX-SYRUP,2026-08-03,夜班,N12,EMPSX0124,SX-SYRUP-SYRUP-POST2,后糖岗2,1,3,11.0,8.0,3.0,,FULL62-W1
SX,SX-UTIL,2026-08-03,夜班,N12,EMPSX0127,SX-UTIL-WWTP,污水处理岗,0,4,11.0,8.0,3.0,,FULL62-W1
HB,HB-AS01,2026-08-04,白班,D12,EMPHB0230,HB-AS01-BLOW,吹瓶机岗,1,3,11.0,8.0,3.0,,FULL62-W1
HB,HB-AS01,2026-08-04,白班,D12,EMPHB0318,HB-AS01-CARTON,上纸箱岗,0,1,11.0,8.0,3.0,,FULL62-W1
HB,HB-AS01,2026-08-04,白班,D12,EMPHB0236,HB-AS01-FILL,灌注机岗,1,3,11.0,8.0,3.0,,FULL62-W1
HB,HB-AS01,2026-08-04,白班,D12,EMPHB0298,HB-AS01-HANDLE-1,提扣机岗1,0,3,11.0,8.0,3.0,,FULL62-W1
HB,HB-AS01,2026-08-04,白班,D12,EMPHB0255,HB-AS01-HANDLE-2,提扣机岗2,0,3,11.0,8.0,3.0,,FULL62-W1
HB,HB-AS01,2026-08-04,白班,D12,EMPHB0194,HB-AS01-LABEL,贴标机岗,0,4,11.0,8.0,3.0,,FULL62-W1
HB,HB-AS01,2026-08-04,白班,D12,EMPHB0287,HB-AS01-PACK-SHRINK,膜包机岗,0,3,11.0,8.0,3.0,,FULL62-W1
HB,HB-AS01,2026-08-04,白班,D12,EMPHB0245,HB-AS01-PALLET,码垛机岗,0,3,11.0,8.0,3.0,,FULL62-W1
HB,HB-AS01,2026-08-04,白班,D12,EMPHB0272,HB-AS01-SHIFT-LEADER,生产领班,1,3,11.0,8.0,3.0,,FULL62-W1
HB,HB-AS01,2026-08-04,白班,D12,EMPHB0308,HB-AS01-UHT-1,UHT&调配&果肉操作1,1,4,11.0,8.0,3.0,,FULL62-W1
HB,HB-ENG,2026-08-04,白班,D12,EMPHB0320,HB-ENG-ELEC-1,电气维修工程师1,1,3,11.0,8.0,3.0,,FULL62-W1
HB,HB-PET01,2026-08-04,白班,D12,EMPHB0277,HB-PET01-BLOW,吹瓶机岗,1,3,11.0,8.0,3.0,,FULL62-W1
HB,HB-PET01,2026-08-04,白班,D12,EMPHB0281,HB-PET01-FILL,灌注机岗,1,4,11.0,8.0,3.0,,FULL62-W1
HB,HB-PET01,2026-08-04,白班,D12,EMPHB0251,HB-PET01-HANDLE-1,提扣机岗1,0,4,11.0,8.0,3.0,,FULL62-W1
HB,HB-PET01,2026-08-04,白班,D12,EMPHB0211,HB-PET01-HANDLE-2,提扣机岗2,0,4,11.0,8.0,3.0,,FULL62-W1
HB,HB-PET01,2026-08-04,白班,D12,EMPHB0195,HB-PET01-LABEL,贴标机岗,0,3,11.0,8.0,3.0,,FULL62-W1
HB,HB-PET01,2026-08-04,白班,D12,EMPHB0243,HB-PET01-PACK-SHRINK,膜包机岗,0,3,11.0,8.0,3.0,,FULL62-W1
HB,HB-PET01,2026-08-04,白班,D12,EMPHB0292,HB-PET01-PALLET,码垛机岗,0,4,11.0,8.0,3.0,,FULL62-W1
HB,HB-PET01,2026-08-04,白班,D12,EMPHB0183,HB-PET01-SHIFT-ENG,倒班工程师,1,4,11.0,8.0,3.0,,FULL62-W1
HB,HB-PET02,2026-08-04,白班,D12,EMPHB0213,HB-PET02-BLOW-FILL,吹瓶、灌装岗位,1,3,11.0,8.0,3.0,A,FULL62-W1
HB,HB-PET03,2026-08-04,白班,D12,EMPHB0231,HB-PET03-BLOW,吹瓶机岗,1,4,11.0,8.0,3.0,A,FULL62-W1
HB,HB-PET03,2026-08-04,白班,D12,EMPHB0191,HB-PET03-FILL,灌注机岗,1,4,11.0,8.0,3.0,A,FULL62-W1
HB,HB-QC,2026-08-04,白班,D12,EMPHB0360,HB-QC-QC-RM-AS,无菌线原物料品控,1,3,11.0,8.0,3.0,,FULL62-W1
HB,HB-QC,2026-08-04,白班,D12,EMPHB0353,HB-QC-QC-RM-SODA,汽水线原物料品控,1,4,11.0,8.0,3.0,,FULL62-W1
HB,HB-QC2,2026-08-04,白班,D12,EMPHB0361,HB-QC2-QC-BLOW,吹瓶品控,1,3,11.0,8.0,3.0,,FULL62-W1
HB,HB-QC2,2026-08-04,白班,D12,EMPHB0372,HB-QC2-QC-IP-PET01,PET01线制程品控,1,3,11.0,8.0,3.0,,FULL62-W1
HB,HB-QC2,2026-08-04,白班,D12,EMPHB0374,HB-QC2-QC-IP-PET02,PET02线制程品控,1,3,11.0,8.0,3.0,,FULL62-W1
HB,HB-QC2,2026-08-04,白班,D12,EMPHB0377,HB-QC2-QC-IP-PET03,PET03线制程品控,1,3,11.0,8.0,3.0,,FULL62-W1
HB,HB-QC2,2026-08-04,白班,D12,EMPHB0387,HB-QC2-QC-WATER,水糖品控,1,3,11.0,8.0,3.0,,FULL62-W1
HB,HB-SYRUP,2026-08-04,白班,D12,EMPHB0266,HB-SYRUP-SYRUP-POST1,后糖岗1,1,4,11.0,8.0,3.0,,FULL62-W1
HB,HB-SYRUP,2026-08-04,白班,D12,EMPHB0259,HB-SYRUP-WATER,水处理操作岗,1,4,11.0,8.0,3.0,,FULL62-W1
SX,SX-BIB01,2026-08-04,白班,D12,EMPSX0103,SX-BIB01-FILL,灌装岗,1,3,11.0,8.0,3.0,,FULL62-W1
SX,SX-BIB01,2026-08-04,白班,D12,EMPSX0106,SX-BIB01-PACK-1,包装岗1,0,3,11.0,8.0,3.0,,FULL62-W1
SX,SX-BIB01,2026-08-04,白班,D12,EMPSX0111,SX-BIB01-PACK-2,包装岗2,0,3,11.0,8.0,3.0,,FULL62-W1
SX,SX-BIB01,2026-08-04,白班,D12,EMPSX0010,SX-BIB01-PACK-3,包装岗3,0,3,11.0,8.0,3.0,,FULL62-W1
SX,SX-CAN01,2026-08-04,白班,D12,EMPSX0053,SX-CAN01-DEPAL-CAN,卸罐机岗,0,3,11.0,8.0,3.0,,FULL62-W1
SX,SX-CAN01,2026-08-04,白班,D12,EMPSX0085,SX-CAN01-FILL,灌注机岗,1,3,11.0,8.0,3.0,,FULL62-W1
SX,SX-CAN01,2026-08-04,白班,D12,EMPSX0072,SX-CAN01-PACK-MULTI,多包装机,0,3,11.0,8.0,3.0,,FULL62-W1
SX,SX-CAN01,2026-08-04,白班,D12,EMPSX0047,SX-CAN01-PALLET,码垛机岗,0,3,11.0,8.0,3.0,,FULL62-W1
SX,SX-ENG,2026-08-04,白班,D12,EMPSX0138,SX-ENG-AIRCOMP,制冷空压机岗,1,4,11.0,8.0,3.0,,FULL62-W1
SX,SX-ENG,2026-08-04,白班,D12,EMPSX0144,SX-ENG-BOILER,锅炉操作岗,0,4,11.0,8.0,3.0,,FULL62-W1
SX,SX-ENG,2026-08-04,白班,D12,EMPSX0131,SX-ENG-ELEC-LINE1,生产线电工1,1,3,11.0,8.0,3.0,,FULL62-W1
SX,SX-ENG,2026-08-04,白班,D12,EMPSX0149,SX-ENG-MECH-LINE,生产线机修岗,0,3,11.0,8.0,3.0,,FULL62-W1
SX,SX-ENG,2026-08-04,白班,D12,EMPSX0150,SX-ENG-MECH-LINE,生产线机修岗,0,3,11.0,8.0,3.0,,FULL62-W1
SX,SX-ENG,2026-08-04,白班,D12,EMPSX0152,SX-ENG-MECH-LINE,生产线机修岗,0,3,11.0,8.0,3.0,,FULL62-W1
SX,SX-PET01,2026-08-04,白班,D12,EMPSX0003,SX-PET01-BLOW-LABEL,吹贴机岗,1,4,11.0,8.0,3.0,,FULL62-W1
SX,SX-PET01,2026-08-04,白班,D12,EMPSX0017,SX-PET01-FGI,FGI岗,0,3,11.0,8.0,3.0,,FULL62-W1
SX,SX-PET01,2026-08-04,白班,D12,EMPSX0059,SX-PET01-FILL,灌注机岗,1,4,11.0,8.0,3.0,,FULL62-W1
SX,SX-PET01,2026-08-04,白班,D12,EMPSX0025,SX-PET01-HANDLE,提扣机岗,0,3,11.0,8.0,3.0,,FULL62-W1
SX,SX-PET01,2026-08-04,白班,D12,EMPSX0012,SX-PET01-PACK-SHRINK,塑包机岗,0,4,11.0,8.0,3.0,,FULL62-W1
SX,SX-PET01,2026-08-04,白班,D12,EMPSX0022,SX-PET01-PALLET-LABEL,垛贴码岗,0,3,11.0,8.0,3.0,,FULL62-W1
SX,SX-PET02,2026-08-04,白班,D12,EMPSX0030,SX-PET02-BLOW,吹瓶机岗,1,3,11.0,8.0,3.0,,FULL62-W1
SX,SX-PET02,2026-08-04,白班,D12,EMPSX0057,SX-PET02-FILL,灌注机岗,1,3,11.0,8.0,3.0,,FULL62-W1
SX,SX-PET02,2026-08-04,白班,D12,EMPSX0034,SX-PET02-LABEL,贴标机岗,0,3,11.0,8.0,3.0,,FULL62-W1
SX,SX-PET02,2026-08-04,白班,D12,EMPSX0011,SX-PET02-PACK-SHRINK,塑包机岗,0,3,11.0,8.0,3.0,,FULL62-W1
SX,SX-PET02,2026-08-04,白班,D12,EMPSX0066,SX-PET02-PALLET,码垛机岗,0,3,11.0,8.0,3.0,,FULL62-W1
SX,SX-PET02,2026-08-04,白班,D12,EMPSX0051,SX-PET02-PALLET-LABEL,垛贴码岗,0,3,11.0,8.0,3.0,,FULL62-W1
SX,SX-RB01,2026-08-04,白班,D12,EMPSX0075,SX-RB01-DEPAL,码卸垛机岗,0,3,11.0,8.0,3.0,,FULL62-W1
SX,SX-RB01,2026-08-04,白班,D12,EMPSX0077,SX-RB01-LOADER,装卸箱机岗,0,3,11.0,8.0,3.0,,FULL62-W1
SX,SX-RB01,2026-08-04,白班,D12,EMPSX0091,SX-RB01-QC-FGI1,成品目检岗1,1,3,11.0,8.0,3.0,,FULL62-W1
SX,SX-RB01,2026-08-04,白班,D12,EMPSX0172,SX-RB01-QC-FGI2,成品目检岗2,1,3,11.0,8.0,3.0,,FULL62-W1
SX,SX-RB01,2026-08-04,白班,D12,EMPSX0082,SX-RB01-WASHER,洗瓶机岗,0,3,11.0,8.0,3.0,,FULL62-W1
SX,SX-SYRUP,2026-08-04,白班,D12,EMPSX0117,SX-SYRUP-SYRUP-POST1,后糖岗1,1,3,11.0,8.0,3.0,,FULL62-W1
SX,SX-SYRUP,2026-08-04,白班,D12,EMPSX0121,SX-SYRUP-SYRUP-POST2,后糖岗2,1,3,11.0,8.0,3.0,,FULL62-W1
HB,HB-ENG,2026-08-04,常白班,D8,EMPHB0323,HB-ENG-ELEC-2,电气维修工程师2,1,4,8.0,8.0,0.0,,FULL62-W1
HB,HB-ENG,2026-08-04,常白班,D8,EMPHB0325,HB-ENG-ENG-BLOW,吹瓶机工程师,1,3,8.0,8.0,0.0,,FULL62-W1
HB,HB-ENG,2026-08-04,常白班,D8,EMPHB0328,HB-ENG-ENG-FILL,灌装机工程师,1,3,8.0,8.0,0.0,,FULL62-W1
HB,HB-ENG,2026-08-04,常白班,D8,EMPHB0330,HB-ENG-ENG-LABEL,贴标机工程师,1,4,8.0,8.0,0.0,,FULL62-W1
HB,HB-ENG,2026-08-04,常白班,D8,EMPHB0331,HB-ENG-ENG-PACK,膜包机工程师,1,3,8.0,8.0,0.0,,FULL62-W1
HB,HB-ENG,2026-08-04,常白班,D8,EMPHB0333,HB-ENG-ENG-PALLET,码垛机工程师,1,4,8.0,8.0,0.0,,FULL62-W1
HB,HB-ENG2,2026-08-04,常白班,D8,EMPHB0339,HB-ENG2-ELEC-OUT2,外围电工2,1,3,8.0,8.0,0.0,,FULL62-W1
HB,HB-QC,2026-08-04,常白班,D8,EMPHB0363,HB-QC-QC-MICRO-AS1,无菌线微生物品控1,1,3,8.0,8.0,0.0,,FULL62-W1
HB,HB-QC,2026-08-04,常白班,D8,EMPHB0366,HB-QC-QC-MICRO-AS2,无菌线微生物品控2,1,3,8.0,8.0,0.0,,FULL62-W1
HB,HB-QC,2026-08-04,常白班,D8,EMPHB0368,HB-QC-QC-MICRO-AS3,无菌线微生物品控3,1,4,8.0,8.0,0.0,,FULL62-W1
HB,HB-QC,2026-08-04,常白班,D8,EMPHB0382,HB-QC-QC-MICRO-SODA,汽水线微生物品控,1,3,8.0,8.0,0.0,,FULL62-W1
HB,HB-SYRUP,2026-08-04,常白班,D8,EMPHB0261,HB-SYRUP-SYRUP-PRE,前糖岗,1,3,8.0,8.0,0.0,,FULL62-W1
SX,SX-ENG,2026-08-04,常白班,D8,EMPSX0133,SX-ENG-ELEC-LINE2,生产线电工2,1,3,8.0,8.0,0.0,,FULL62-W1
SX,SX-ENG,2026-08-04,常白班,D8,EMPSX0136,SX-ENG-ELEC-OUT,外围电工,1,4,8.0,8.0,0.0,,FULL62-W1
SX,SX-QC,2026-08-04,常白班,D8,EMPSX0160,SX-QC-QC-MICRO,微生物品控,1,4,8.0,8.0,0.0,,FULL62-W1
SX,SX-QC,2026-08-04,常白班,D8,EMPSX0158,SX-QC-QC-RM,原物料品控,1,4,8.0,8.0,0.0,,FULL62-W1
SX,SX-SYRUP,2026-08-04,常白班,D8,EMPSX0116,SX-SYRUP-SYRUP-PRE,前糖岗,1,3,8.0,8.0,0.0,,FULL62-W1
SX,SX-UTIL,2026-08-04,常白班,D8,EMPSX0126,SX-UTIL-WATER,水处理操作岗,1,4,8.0,8.0,0.0,,FULL62-W1
HB,HB-AS01,2026-08-04,夜班,N12,EMPHB0303,HB-AS01-CARTON,上纸箱岗,0,4,11.0,8.0,3.0,,FULL62-W1
HB,HB-AS01,2026-08-04,夜班,N12,EMPHB0280,HB-AS01-FILL,灌注机岗,1,3,11.0,8.0,3.0,,FULL62-W1
HB,HB-AS01,2026-08-04,夜班,N12,EMPHB0250,HB-AS01-HANDLE-1,提扣机岗1,0,3,11.0,8.0,3.0,,FULL62-W1
HB,HB-AS01,2026-08-04,夜班,N12,EMPHB0253,HB-AS01-HANDLE-2,提扣机岗2,0,3,11.0,8.0,3.0,,FULL62-W1
HB,HB-AS01,2026-08-04,夜班,N12,EMPHB0217,HB-AS01-LABEL,贴标机岗,0,3,11.0,8.0,3.0,,FULL62-W1
HB,HB-AS01,2026-08-04,夜班,N12,EMPHB0223,HB-AS01-PACK-SHRINK,膜包机岗,0,3,11.0,8.0,3.0,,FULL62-W1
HB,HB-AS01,2026-08-04,夜班,N12,EMPHB0315,HB-AS01-UHT-AUX,辅助工,0,3,11.0,8.0,3.0,,FULL62-W1
HB,HB-ENG,2026-08-04,夜班,N12,EMPHB0321,HB-ENG-ELEC-1,电气维修工程师1,1,4,11.0,8.0,3.0,,FULL62-W1
HB,HB-ENG2,2026-08-04,夜班,N12,EMPHB0348,HB-ENG2-AIRCOMP,空压岗,1,4,11.0,8.0,3.0,,FULL62-W1
HB,HB-ENG2,2026-08-04,夜班,N12,EMPHB0344,HB-ENG2-BOILER,锅炉岗,0,4,11.0,8.0,3.0,,FULL62-W1
HB,HB-ENG2,2026-08-04,夜班,N12,EMPHB0337,HB-ENG2-ELEC-OUT1,外围电工1,1,4,11.0,8.0,3.0,,FULL62-W1
HB,HB-ENG2,2026-08-04,夜班,N12,EMPHB0351,HB-ENG2-WWTP,污水岗,0,3,11.0,8.0,3.0,,FULL62-W1
HB,HB-PET01,2026-08-04,夜班,N12,EMPHB0249,HB-PET01-HANDLE-1,提扣机岗1,0,3,11.0,8.0,3.0,,FULL62-W1
HB,HB-PET01,2026-08-04,夜班,N12,EMPHB0297,HB-PET01-HANDLE-2,提扣机岗2,0,1,11.0,8.0,3.0,,FULL62-W1
HB,HB-PET01,2026-08-04,夜班,N12,EMPHB0193,HB-PET01-LABEL,贴标机岗,0,3,11.0,8.0,3.0,,FULL62-W1
HB,HB-PET01,2026-08-04,夜班,N12,EMPHB0283,HB-PET01-PACK-SHRINK,膜包机岗,0,3,11.0,8.0,3.0,,FULL62-W1
HB,HB-PET01,2026-08-04,夜班,N12,EMPHB0225,HB-PET01-PALLET,码垛机岗,0,3,11.0,8.0,3.0,,FULL62-W1
HB,HB-PET01,2026-08-04,夜班,N12,EMPHB0182,HB-PET01-SHIFT-ENG,倒班工程师,1,3,11.0,8.0,3.0,,FULL62-W1
HB,HB-PET02,2026-08-04,夜班,N12,EMPHB0192,HB-PET02-BLOW-FILL,吹瓶、灌装岗位,1,3,11.0,8.0,3.0,,FULL62-W1
HB,HB-PET02,2026-08-04,夜班,N12,EMPHB0198,HB-PET02-PACK-SHRINK,膜包机岗,0,3,11.0,8.0,3.0,,FULL62-W1
HB,HB-PET03,2026-08-04,夜班,N12,EMPHB0275,HB-PET03-BLOW,吹瓶机岗,1,3,11.0,8.0,3.0,B,FULL62-W1
HB,HB-PET03,2026-08-04,夜班,N12,EMPHB0233,HB-PET03-FILL,灌注机岗,1,3,11.0,8.0,3.0,B,FULL62-W1
HB,HB-QC,2026-08-04,夜班,N12,EMPHB0357,HB-QC-QC-RM-AS,无菌线原物料品控,1,3,11.0,8.0,3.0,,FULL62-W1
HB,HB-QC,2026-08-04,夜班,N12,EMPHB0354,HB-QC-QC-RM-SODA,汽水线原物料品控,1,3,11.0,8.0,3.0,,FULL62-W1
HB,HB-SYRUP,2026-08-04,夜班,N12,EMPHB0307,HB-SYRUP-SYRUP-POST1,后糖岗1,1,3,11.0,8.0,3.0,,FULL62-W1
HB,HB-SYRUP,2026-08-04,夜班,N12,EMPHB0267,HB-SYRUP-SYRUP-POST2,后糖岗2,1,4,11.0,8.0,3.0,,FULL62-W1
HB,HB-SYRUP,2026-08-04,夜班,N12,EMPHB0258,HB-SYRUP-WATER,水处理操作岗,1,3,11.0,8.0,3.0,,FULL62-W1
SX,SX-BIB01,2026-08-04,夜班,N12,EMPSX0104,SX-BIB01-FILL,灌装岗,1,3,11.0,8.0,3.0,,FULL62-W1
SX,SX-BIB01,2026-08-04,夜班,N12,EMPSX0110,SX-BIB01-PACK-2,包装岗2,0,3,11.0,8.0,3.0,,FULL62-W1
SX,SX-CAN01,2026-08-04,夜班,N12,EMPSX0079,SX-CAN01-DEPAL-CAN,卸罐机岗,0,2,11.0,8.0,3.0,,FULL62-W1
SX,SX-CAN01,2026-08-04,夜班,N12,EMPSX0070,SX-CAN01-PACK-MULTI,多包装机,0,4,11.0,8.0,3.0,,FULL62-W1
SX,SX-CAN01,2026-08-04,夜班,N12,EMPSX0042,SX-CAN01-PACK-SHRINK,塑包机岗,0,3,11.0,8.0,3.0,,FULL62-W1
SX,SX-CAN01,2026-08-04,夜班,N12,EMPSX0046,SX-CAN01-PALLET,码垛机岗,0,3,11.0,8.0,3.0,,FULL62-W1
SX,SX-ENG,2026-08-04,夜班,N12,EMPSX0140,SX-ENG-AIRCOMP,制冷空压机岗,1,4,11.0,8.0,3.0,,FULL62-W1
SX,SX-ENG,2026-08-04,夜班,N12,EMPSX0143,SX-ENG-BOILER,锅炉操作岗,0,3,11.0,8.0,3.0,,FULL62-W1
SX,SX-ENG,2026-08-04,夜班,N12,EMPSX0146,SX-ENG-MECH-LINE,生产线机修岗,0,3,11.0,8.0,3.0,,FULL62-W1
SX,SX-PET01,2026-08-04,夜班,N12,EMPSX0002,SX-PET01-BLOW-LABEL,吹贴机岗,1,3,11.0,8.0,3.0,F,FULL62-W1
SX,SX-PET01,2026-08-04,夜班,N12,EMPSX0006,SX-PET01-FILL,灌注机岗,1,4,11.0,8.0,3.0,F,FULL62-W1
SX,SX-PET02,2026-08-04,夜班,N12,EMPSX0029,SX-PET02-BLOW,吹瓶机岗,1,3,11.0,8.0,3.0,,FULL62-W1
SX,SX-PET02,2026-08-04,夜班,N12,EMPSX0036,SX-PET02-LABEL,贴标机岗,0,3,11.0,8.0,3.0,,FULL62-W1
SX,SX-PET02,2026-08-04,夜班,N12,EMPSX0062,SX-PET02-PACK-SHRINK,塑包机岗,0,3,11.0,8.0,3.0,,FULL62-W1
SX,SX-PET02,2026-08-04,夜班,N12,EMPSX0013,SX-PET02-PALLET,码垛机岗,0,3,11.0,8.0,3.0,,FULL62-W1
SX,SX-PET02,2026-08-04,夜班,N12,EMPSX0052,SX-PET02-PALLET-LABEL,垛贴码岗,0,3,11.0,8.0,3.0,,FULL62-W1
SX,SX-RB01,2026-08-04,夜班,N12,EMPSX0074,SX-RB01-DEPAL,码卸垛机岗,0,3,11.0,8.0,3.0,,FULL62-W1
SX,SX-RB01,2026-08-04,夜班,N12,EMPSX0007,SX-RB01-FILL,灌注机岗,1,3,11.0,8.0,3.0,,FULL62-W1
SX,SX-RB01,2026-08-04,夜班,N12,EMPSX0083,SX-RB01-LOADER,装卸箱机岗,0,2,11.0,8.0,3.0,,FULL62-W1
SX,SX-RB01,2026-08-04,夜班,N12,EMPSX0097,SX-RB01-QC-BOTTLE,空瓶检测岗,1,3,11.0,8.0,3.0,,FULL62-W1
SX,SX-RB01,2026-08-04,夜班,N12,EMPSX0092,SX-RB01-QC-FGI1,成品目检岗1,1,3,11.0,8.0,3.0,,FULL62-W1
SX,SX-RB01,2026-08-04,夜班,N12,EMPSX0096,SX-RB01-QC-FGI2,成品目检岗2,1,3,11.0,8.0,3.0,,FULL62-W1
SX,SX-SYRUP,2026-08-04,夜班,N12,EMPSX0120,SX-SYRUP-SYRUP-POST1,后糖岗1,1,3,11.0,8.0,3.0,,FULL62-W1
SX,SX-SYRUP,2026-08-04,夜班,N12,EMPSX0123,SX-SYRUP-SYRUP-POST2,后糖岗2,1,3,11.0,8.0,3.0,,FULL62-W1
SX,SX-UTIL,2026-08-04,夜班,N12,EMPSX0128,SX-UTIL-WWTP,污水处理岗,0,3,11.0,8.0,3.0,,FULL62-W1
HB,HB-AS01,2026-08-05,白班,D12,EMPHB0229,HB-AS01-BLOW,吹瓶机岗,1,4,11.0,8.0,3.0,,FULL62-W1
HB,HB-AS01,2026-08-05,白班,D12,EMPHB0304,HB-AS01-CARTON,上纸箱岗,0,3,11.0,8.0,3.0,,FULL62-W1
HB,HB-AS01,2026-08-05,白班,D12,EMPHB0305,HB-AS01-HANDLE-1,提扣机岗1,0,3,11.0,8.0,3.0,,FULL62-W1
HB,HB-AS01,2026-08-05,白班,D12,EMPHB0254,HB-AS01-HANDLE-2,提扣机岗2,0,4,11.0,8.0,3.0,,FULL62-W1
HB,HB-AS01,2026-08-05,白班,D12,EMPHB0220,HB-AS01-LABEL,贴标机岗,0,4,11.0,8.0,3.0,,FULL62-W1
HB,HB-AS01,2026-08-05,白班,D12,EMPHB0202,HB-AS01-PALLET,码垛机岗,0,3,11.0,8.0,3.0,,FULL62-W1
HB,HB-AS01,2026-08-05,白班,D12,EMPHB0312,HB-AS01-UHT-2,UHT&调配&果肉操作2,1,3,11.0,8.0,3.0,,FULL62-W1
HB,HB-AS01,2026-08-05,白班,D12,EMPHB0255,HB-AS01-UHT-AUX,辅助工,0,3,11.0,8.0,3.0,,FULL62-W1
HB,HB-ENG,2026-08-05,白班,D12,EMPHB0322,HB-ENG-ELEC-1,电气维修工程师1,1,4,11.0,8.0,3.0,,FULL62-W1
HB,HB-ENG2,2026-08-05,白班,D12,EMPHB0341,HB-ENG2-AIRCOMP,空压岗,1,3,11.0,8.0,3.0,,FULL62-W1
HB,HB-ENG2,2026-08-05,白班,D12,EMPHB0342,HB-ENG2-BOILER,锅炉岗,0,3,11.0,8.0,3.0,,FULL62-W1
HB,HB-ENG2,2026-08-05,白班,D12,EMPHB0350,HB-ENG2-WWTP,污水岗,0,3,11.0,8.0,3.0,,FULL62-W1
HB,HB-PET01,2026-08-05,白班,D12,EMPHB0213,HB-PET01-FILL,灌注机岗,1,3,11.0,8.0,3.0,,FULL62-W1
HB,HB-PET01,2026-08-05,白班,D12,EMPHB0207,HB-PET01-HANDLE-1,提扣机岗1,0,3,11.0,8.0,3.0,,FULL62-W1
HB,HB-PET01,2026-08-05,白班,D12,EMPHB0300,HB-PET01-HANDLE-2,提扣机岗2,0,3,11.0,8.0,3.0,,FULL62-W1
HB,HB-PET01,2026-08-05,白班,D12,EMPHB0294,HB-PET01-PALLET,码垛机岗,0,3,11.0,8.0,3.0,,FULL62-W1
HB,HB-PET01,2026-08-05,白班,D12,EMPHB0181,HB-PET01-SHIFT-ENG,倒班工程师,1,4,11.0,8.0,3.0,,FULL62-W1
HB,HB-PET02,2026-08-05,白班,D12,EMPHB0237,HB-PET02-LABEL,贴标机岗,0,3,11.0,8.0,3.0,,FULL62-W1
HB,HB-PET02,2026-08-05,白班,D12,EMPHB0224,HB-PET02-PACK-SHRINK,膜包机岗,0,4,11.0,8.0,3.0,,FULL62-W1
HB,HB-PET02,2026-08-05,白班,D12,EMPHB0292,HB-PET02-PALLET,码垛机岗,0,4,11.0,8.0,3.0,,FULL62-W1
HB,HB-PET03,2026-08-05,白班,D12,EMPHB0278,HB-PET03-BLOW,吹瓶机岗,1,4,11.0,8.0,3.0,,FULL62-W1
HB,HB-PET03,2026-08-05,白班,D12,EMPHB0210,HB-PET03-HANDLE-1,提扣机岗1,0,2,11.0,8.0,3.0,,FULL62-W1
HB,HB-PET03,2026-08-05,白班,D12,EMPHB0212,HB-PET03-HANDLE-2,提扣机岗2,0,3,11.0,8.0,3.0,,FULL62-W1
HB,HB-PET03,2026-08-05,白班,D12,EMPHB0219,HB-PET03-LABEL,贴标机岗,0,4,11.0,8.0,3.0,,FULL62-W1
HB,HB-PET03,2026-08-05,白班,D12,EMPHB0287,HB-PET03-PACK-SHRINK,膜包机岗,0,3,11.0,8.0,3.0,,FULL62-W1
HB,HB-PET03,2026-08-05,白班,D12,EMPHB0203,HB-PET03-PALLET,码垛机岗,0,3,11.0,8.0,3.0,,FULL62-W1
HB,HB-QC,2026-08-05,白班,D12,EMPHB0360,HB-QC-QC-RM-AS,无菌线原物料品控,1,3,11.0,8.0,3.0,,FULL62-W1
HB,HB-QC,2026-08-05,白班,D12,EMPHB0353,HB-QC-QC-RM-SODA,汽水线原物料品控,1,4,11.0,8.0,3.0,,FULL62-W1
HB,HB-QC2,2026-08-05,白班,D12,EMPHB0384,HB-QC2-QC-BLOW,吹瓶品控,1,3,11.0,8.0,3.0,,FULL62-W1
HB,HB-QC2,2026-08-05,白班,D12,EMPHB0369,HB-QC2-QC-IP-PET01,PET01线制程品控,1,3,11.0,8.0,3.0,,FULL62-W1
HB,HB-QC2,2026-08-05,白班,D12,EMPHB0373,HB-QC2-QC-IP-PET02,PET02线制程品控,1,4,11.0,8.0,3.0,,FULL62-W1
HB,HB-QC2,2026-08-05,白班,D12,EMPHB0377,HB-QC2-QC-IP-PET03,PET03线制程品控,1,3,11.0,8.0,3.0,,FULL62-W1
HB,HB-QC2,2026-08-05,白班,D12,EMPHB0385,HB-QC2-QC-WATER,水糖品控,1,3,11.0,8.0,3.0,,FULL62-W1
HB,HB-SYRUP,2026-08-05,白班,D12,EMPHB0260,HB-SYRUP-WATER,水处理操作岗,1,3,11.0,8.0,3.0,,FULL62-W1
SX,SX-BIB01,2026-08-05,白班,D12,EMPSX0113,SX-BIB01-PACK-3,包装岗3,0,4,11.0,8.0,3.0,,FULL62-W1
SX,SX-CAN01,2026-08-05,白班,D12,EMPSX0053,SX-CAN01-DEPAL-CAN,卸罐机岗,0,3,11.0,8.0,3.0,,FULL62-W1
SX,SX-CAN01,2026-08-05,白班,D12,EMPSX0060,SX-CAN01-FILL,灌注机岗,1,3,11.0,8.0,3.0,,FULL62-W1
SX,SX-CAN01,2026-08-05,白班,D12,EMPSX0067,SX-CAN01-PALLET,码垛机岗,0,3,11.0,8.0,3.0,,FULL62-W1
SX,SX-ENG,2026-08-05,白班,D12,EMPSX0141,SX-ENG-BOILER,锅炉操作岗,0,3,11.0,8.0,3.0,,FULL62-W1
SX,SX-ENG,2026-08-05,白班,D12,EMPSX0131,SX-ENG-ELEC-LINE1,生产线电工1,1,3,11.0,8.0,3.0,,FULL62-W1
SX,SX-ENG,2026-08-05,白班,D12,EMPSX0145,SX-ENG-MECH-LINE,生产线机修岗,0,3,11.0,8.0,3.0,,FULL62-W1
SX,SX-ENG,2026-08-05,白班,D12,EMPSX0148,SX-ENG-MECH-LINE,生产线机修岗,0,3,11.0,8.0,3.0,,FULL62-W1
SX,SX-ENG,2026-08-05,白班,D12,EMPSX0149,SX-ENG-MECH-LINE,生产线机修岗,0,3,11.0,8.0,3.0,,FULL62-W1
SX,SX-PET01,2026-08-05,白班,D12,EMPSX0001,SX-PET01-BLOW-LABEL,吹贴机岗,1,3,11.0,8.0,3.0,,FULL62-W1
SX,SX-PET01,2026-08-05,白班,D12,EMPSX0057,SX-PET01-FILL,灌注机岗,1,3,11.0,8.0,3.0,,FULL62-W1
SX,SX-PET01,2026-08-05,白班,D12,EMPSX0026,SX-PET01-HANDLE,提扣机岗,0,3,11.0,8.0,3.0,,FULL62-W1
SX,SX-PET01,2026-08-05,白班,D12,EMPSX0064,SX-PET01-PACK-SHRINK,塑包机岗,0,3,11.0,8.0,3.0,,FULL62-W1
SX,SX-PET01,2026-08-05,白班,D12,EMPSX0066,SX-PET01-PALLET,码垛机岗,0,3,11.0,8.0,3.0,,FULL62-W1
SX,SX-PET02,2026-08-05,白班,D12,EMPSX0032,SX-PET02-BLOW,吹瓶机岗,1,3,11.0,8.0,3.0,,FULL62-W1
SX,SX-PET02,2026-08-05,白班,D12,EMPSX0059,SX-PET02-FILL,灌注机岗,1,4,11.0,8.0,3.0,,FULL62-W1
SX,SX-PET02,2026-08-05,白班,D12,EMPSX0035,SX-PET02-LABEL,贴标机岗,0,3,11.0,8.0,3.0,,FULL62-W1
SX,SX-PET02,2026-08-05,白班,D12,EMPSX0045,SX-PET02-PALLET,码垛机岗,0,3,11.0,8.0,3.0,,FULL62-W1
SX,SX-PET02,2026-08-05,白班,D12,EMPSX0051,SX-PET02-PALLET-LABEL,垛贴码岗,0,3,11.0,8.0,3.0,,FULL62-W1
SX,SX-QC,2026-08-05,白班,D12,EMPSX0156,SX-QC-QC-AUX,辅线品控（水、糖、BIB）,1,3,11.0,8.0,3.0,,FULL62-W1
SX,SX-QC,2026-08-05,白班,D12,EMPSX0169,SX-QC-QC-IP-CAN,CAN线品控,1,4,11.0,8.0,3.0,,FULL62-W1
SX,SX-QC,2026-08-05,白班,D12,EMPSX0164,SX-QC-QC-IP-PET1,PET线品控1,1,3,11.0,8.0,3.0,,FULL62-W1
SX,SX-QC,2026-08-05,白班,D12,EMPSX0167,SX-QC-QC-IP-PET2,PET线品控2,1,4,11.0,8.0,3.0,,FULL62-W1
SX,SX-QC,2026-08-05,白班,D12,EMPSX0176,SX-QC-QC-IP-RB,RB线品控,1,3,11.0,8.0,3.0,,FULL62-W1
SX,SX-RB01,2026-08-05,白班,D12,EMPSX0005,SX-RB01-FILL,灌注机岗,1,3,11.0,8.0,3.0,,FULL62-W1
SX,SX-RB01,2026-08-05,白班,D12,EMPSX0077,SX-RB01-LOADER,装卸箱机岗,0,3,11.0,8.0,3.0,,FULL62-W1
SX,SX-RB01,2026-08-05,白班,D12,EMPSX0099,SX-RB01-QC-BOTTLE,空瓶检测岗,1,3,11.0,8.0,3.0,,FULL62-W1
SX,SX-RB01,2026-08-05,白班,D12,EMPSX0084,SX-RB01-WASHER,洗瓶机岗,0,3,11.0,8.0,3.0,,FULL62-W1
SX,SX-SYRUP,2026-08-05,白班,D12,EMPSX0119,SX-SYRUP-SYRUP-POST1,后糖岗1,1,3,11.0,8.0,3.0,,FULL62-W1
SX,SX-SYRUP,2026-08-05,白班,D12,EMPSX0122,SX-SYRUP-SYRUP-POST2,后糖岗2,1,3,11.0,8.0,3.0,,FULL62-W1
HB,HB-ENG,2026-08-05,常白班,D8,EMPHB0323,HB-ENG-ELEC-2,电气维修工程师2,1,4,8.0,8.0,0.0,,FULL62-W1
HB,HB-ENG,2026-08-05,常白班,D8,EMPHB0325,HB-ENG-ENG-BLOW,吹瓶机工程师,1,3,8.0,8.0,0.0,,FULL62-W1
HB,HB-ENG,2026-08-05,常白班,D8,EMPHB0328,HB-ENG-ENG-FILL,灌装机工程师,1,3,8.0,8.0,0.0,,FULL62-W1
HB,HB-ENG,2026-08-05,常白班,D8,EMPHB0330,HB-ENG-ENG-LABEL,贴标机工程师,1,4,8.0,8.0,0.0,,FULL62-W1
HB,HB-ENG,2026-08-05,常白班,D8,EMPHB0332,HB-ENG-ENG-PACK,膜包机工程师,1,3,8.0,8.0,0.0,,FULL62-W1
HB,HB-ENG,2026-08-05,常白班,D8,EMPHB0333,HB-ENG-ENG-PALLET,码垛机工程师,1,4,8.0,8.0,0.0,,FULL62-W1
HB,HB-ENG2,2026-08-05,常白班,D8,EMPHB0340,HB-ENG2-ELEC-OUT2,外围电工2,1,4,8.0,8.0,0.0,,FULL62-W1
HB,HB-QC,2026-08-05,常白班,D8,EMPHB0363,HB-QC-QC-MICRO-AS1,无菌线微生物品控1,1,3,8.0,8.0,0.0,,FULL62-W1
HB,HB-QC,2026-08-05,常白班,D8,EMPHB0366,HB-QC-QC-MICRO-AS2,无菌线微生物品控2,1,3,8.0,8.0,0.0,,FULL62-W1
HB,HB-QC,2026-08-05,常白班,D8,EMPHB0367,HB-QC-QC-MICRO-AS3,无菌线微生物品控3,1,3,8.0,8.0,0.0,,FULL62-W1
HB,HB-QC,2026-08-05,常白班,D8,EMPHB0362,HB-QC-QC-MICRO-SODA,汽水线微生物品控,1,3,8.0,8.0,0.0,,FULL62-W1
HB,HB-SYRUP,2026-08-05,常白班,D8,EMPHB0262,HB-SYRUP-SYRUP-PRE,前糖岗,1,3,8.0,8.0,0.0,,FULL62-W1
SX,SX-ENG,2026-08-05,常白班,D8,EMPSX0133,SX-ENG-ELEC-LINE2,生产线电工2,1,3,8.0,8.0,0.0,,FULL62-W1
SX,SX-ENG,2026-08-05,常白班,D8,EMPSX0135,SX-ENG-ELEC-OUT,外围电工,1,4,8.0,8.0,0.0,,FULL62-W1
SX,SX-QC,2026-08-05,常白班,D8,EMPSX0159,SX-QC-QC-MICRO,微生物品控,1,3,8.0,8.0,0.0,,FULL62-W1
SX,SX-QC,2026-08-05,常白班,D8,EMPSX0157,SX-QC-QC-RM,原物料品控,1,3,8.0,8.0,0.0,,FULL62-W1
SX,SX-SYRUP,2026-08-05,常白班,D8,EMPSX0116,SX-SYRUP-SYRUP-PRE,前糖岗,1,3,8.0,8.0,0.0,,FULL62-W1
SX,SX-UTIL,2026-08-05,常白班,D8,EMPSX0126,SX-UTIL-WATER,水处理操作岗,1,4,8.0,8.0,0.0,,FULL62-W1
HB,HB-AS01,2026-08-05,夜班,N12,EMPHB0315,HB-AS01-CARTON,上纸箱岗,0,2,11.0,8.0,3.0,,FULL62-W1
HB,HB-AS01,2026-08-05,夜班,N12,EMPHB0279,HB-AS01-FILL,灌注机岗,1,3,11.0,8.0,3.0,,FULL62-W1
HB,HB-AS01,2026-08-05,夜班,N12,EMPHB0256,HB-AS01-HANDLE-2,提扣机岗2,0,3,11.0,8.0,3.0,,FULL62-W1
HB,HB-AS01,2026-08-05,夜班,N12,EMPHB0285,HB-AS01-LABEL,贴标机岗,0,3,11.0,8.0,3.0,,FULL62-W1
HB,HB-AS01,2026-08-05,夜班,N12,EMPHB0242,HB-AS01-PACK-SHRINK,膜包机岗,0,3,11.0,8.0,3.0,,FULL62-W1
HB,HB-AS01,2026-08-05,夜班,N12,EMPHB0273,HB-AS01-SHIFT-LEADER,生产领班,1,3,11.0,8.0,3.0,,FULL62-W1
HB,HB-AS01,2026-08-05,夜班,N12,EMPHB0310,HB-AS01-UHT-1,UHT&调配&果肉操作1,1,3,11.0,8.0,3.0,,FULL62-W1
HB,HB-AS01,2026-08-05,夜班,N12,EMPHB0314,HB-AS01-UHT-2,UHT&调配&果肉操作2,1,3,11.0,8.0,3.0,,FULL62-W1
HB,HB-AS01,2026-08-05,夜班,N12,EMPHB0317,HB-AS01-UHT-AUX,辅助工,0,3,11.0,8.0,3.0,,FULL62-W1
HB,HB-ENG,2026-08-05,夜班,N12,EMPHB0319,HB-ENG-ELEC-1,电气维修工程师1,1,3,11.0,8.0,3.0,,FULL62-W1
HB,HB-ENG2,2026-08-05,夜班,N12,EMPHB0347,HB-ENG2-AIRCOMP,空压岗,1,3,11.0,8.0,3.0,,FULL62-W1
HB,HB-ENG2,2026-08-05,夜班,N12,EMPHB0336,HB-ENG2-ELEC-OUT1,外围电工1,1,3,11.0,8.0,3.0,,FULL62-W1
HB,HB-ENG2,2026-08-05,夜班,N12,EMPHB0352,HB-ENG2-WWTP,污水岗,0,3,11.0,8.0,3.0,,FULL62-W1
HB,HB-PET01,2026-08-05,夜班,N12,EMPHB0185,HB-PET01-BLOW,吹瓶机岗,1,3,11.0,8.0,3.0,,FULL62-W1
HB,HB-PET01,2026-08-05,夜班,N12,EMPHB0282,HB-PET01-FILL,灌注机岗,1,4,11.0,8.0,3.0,,FULL62-W1
HB,HB-PET01,2026-08-05,夜班,N12,EMPHB0249,HB-PET01-HANDLE-1,提扣机岗1,0,3,11.0,8.0,3.0,,FULL62-W1
HB,HB-PET01,2026-08-05,夜班,N12,EMPHB0253,HB-PET01-HANDLE-2,提扣机岗2,0,3,11.0,8.0,3.0,,FULL62-W1
HB,HB-PET01,2026-08-05,夜班,N12,EMPHB0284,HB-PET01-LABEL,贴标机岗,0,3,11.0,8.0,3.0,,FULL62-W1
HB,HB-PET01,2026-08-05,夜班,N12,EMPHB0243,HB-PET01-PACK-SHRINK,膜包机岗,0,3,11.0,8.0,3.0,,FULL62-W1
HB,HB-PET01,2026-08-05,夜班,N12,EMPHB0201,HB-PET01-PALLET,码垛机岗,0,4,11.0,8.0,3.0,,FULL62-W1
HB,HB-PET01,2026-08-05,夜班,N12,EMPHB0184,HB-PET01-SHIFT-ENG,倒班工程师,1,4,11.0,8.0,3.0,,FULL62-W1
HB,HB-PET02,2026-08-05,夜班,N12,EMPHB0215,HB-PET02-BLOW-FILL,吹瓶、灌装岗位,1,3,11.0,8.0,3.0,,FULL62-W1
HB,HB-PET02,2026-08-05,夜班,N12,EMPHB0240,HB-PET02-LABEL,贴标机岗,0,3,11.0,8.0,3.0,,FULL62-W1
HB,HB-PET02,2026-08-05,夜班,N12,EMPHB0218,HB-PET02-PACK-SHRINK,膜包机岗,0,3,11.0,8.0,3.0,,FULL62-W1
HB,HB-PET02,2026-08-05,夜班,N12,EMPHB0248,HB-PET02-PALLET,码垛机岗,0,3,11.0,8.0,3.0,,FULL62-W1
HB,HB-PET03,2026-08-05,夜班,N12,EMPHB0251,HB-PET03-HANDLE-1,提扣机岗1,0,4,11.0,8.0,3.0,,FULL62-W1
HB,HB-PET03,2026-08-05,夜班,N12,EMPHB0297,HB-PET03-HANDLE-2,提扣机岗2,0,1,11.0,8.0,3.0,,FULL62-W1
HB,HB-PET03,2026-08-05,夜班,N12,EMPHB0283,HB-PET03-LABEL,贴标机岗,0,3,11.0,8.0,3.0,,FULL62-W1
HB,HB-PET03,2026-08-05,夜班,N12,EMPHB0241,HB-PET03-PACK-SHRINK,膜包机岗,0,4,11.0,8.0,3.0,,FULL62-W1
HB,HB-PET03,2026-08-05,夜班,N12,EMPHB0204,HB-PET03-PALLET,码垛机岗,0,3,11.0,8.0,3.0,,FULL62-W1
HB,HB-QC,2026-08-05,夜班,N12,EMPHB0356,HB-QC-QC-RM-SODA,汽水线原物料品控,1,3,11.0,8.0,3.0,,FULL62-W1
HB,HB-QC2,2026-08-05,夜班,N12,EMPHB0383,HB-QC2-QC-BLOW,吹瓶品控,1,4,11.0,8.0,3.0,,FULL62-W1
HB,HB-QC2,2026-08-05,夜班,N12,EMPHB0389,HB-QC2-QC-IP-AS,无菌线制程品控,1,3,11.0,8.0,3.0,,FULL62-W1
HB,HB-QC2,2026-08-05,夜班,N12,EMPHB0370,HB-QC2-QC-IP-PET01,PET01线制程品控,1,3,11.0,8.0,3.0,,FULL62-W1
HB,HB-QC2,2026-08-05,夜班,N12,EMPHB0376,HB-QC2-QC-IP-PET02,PET02线制程品控,1,3,11.0,8.0,3.0,,FULL62-W1
HB,HB-QC2,2026-08-05,夜班,N12,EMPHB0386,HB-QC2-QC-WATER,水糖品控,1,3,11.0,8.0,3.0,,FULL62-W1
HB,HB-SYRUP,2026-08-05,夜班,N12,EMPHB0264,HB-SYRUP-SYRUP-POST1,后糖岗1,1,4,11.0,8.0,3.0,,FULL62-W1
HB,HB-SYRUP,2026-08-05,夜班,N12,EMPHB0267,HB-SYRUP-SYRUP-POST2,后糖岗2,1,4,11.0,8.0,3.0,,FULL62-W1
HB,HB-SYRUP,2026-08-05,夜班,N12,EMPHB0258,HB-SYRUP-WATER,水处理操作岗,1,3,11.0,8.0,3.0,,FULL62-W1
SX,SX-BIB01,2026-08-05,夜班,N12,EMPSX0105,SX-BIB01-PACK-1,包装岗1,0,3,11.0,8.0,3.0,,FULL62-W1
SX,SX-BIB01,2026-08-05,夜班,N12,EMPSX0112,SX-BIB01-PACK-2,包装岗2,0,3,11.0,8.0,3.0,,FULL62-W1
SX,SX-CAN01,2026-08-05,夜班,N12,EMPSX0054,SX-CAN01-DEPAL-CAN,卸罐机岗,0,4,11.0,8.0,3.0,,FULL62-W1
SX,SX-CAN01,2026-08-05,夜班,N12,EMPSX0070,SX-CAN01-PACK-MULTI,多包装机,0,4,11.0,8.0,3.0,,FULL62-W1
SX,SX-CAN01,2026-08-05,夜班,N12,EMPSX0009,SX-CAN01-PACK-SHRINK,塑包机岗,0,3,11.0,8.0,3.0,,FULL62-W1
SX,SX-CAN01,2026-08-05,夜班,N12,EMPSX0014,SX-CAN01-PALLET,码垛机岗,0,3,11.0,8.0,3.0,,FULL62-W1
SX,SX-ENG,2026-08-05,夜班,N12,EMPSX0140,SX-ENG-AIRCOMP,制冷空压机岗,1,4,11.0,8.0,3.0,,FULL62-W1
SX,SX-ENG,2026-08-05,夜班,N12,EMPSX0143,SX-ENG-BOILER,锅炉操作岗,0,3,11.0,8.0,3.0,,FULL62-W1
SX,SX-ENG,2026-08-05,夜班,N12,EMPSX0132,SX-ENG-ELEC-LINE1,生产线电工1,1,3,11.0,8.0,3.0,,FULL62-W1
SX,SX-ENG,2026-08-05,夜班,N12,EMPSX0147,SX-ENG-MECH-LINE,生产线机修岗,0,4,11.0,8.0,3.0,,FULL62-W1
SX,SX-PET01,2026-08-05,夜班,N12,EMPSX0004,SX-PET01-BLOW-LABEL,吹贴机岗,1,4,11.0,8.0,3.0,,FULL62-W1
SX,SX-PET01,2026-08-05,夜班,N12,EMPSX0017,SX-PET01-FGI,FGI岗,0,3,11.0,8.0,3.0,,FULL62-W1
SX,SX-PET01,2026-08-05,夜班,N12,EMPSX0025,SX-PET01-HANDLE,提扣机岗,0,3,11.0,8.0,3.0,,FULL62-W1
SX,SX-PET01,2026-08-05,夜班,N12,EMPSX0109,SX-PET01-PACK-SHRINK,塑包机岗,0,2,11.0,8.0,3.0,,FULL62-W1
SX,SX-PET01,2026-08-05,夜班,N12,EMPSX0047,SX-PET01-PALLET,码垛机岗,0,3,11.0,8.0,3.0,,FULL62-W1
SX,SX-PET01,2026-08-05,夜班,N12,EMPSX0050,SX-PET01-PALLET-LABEL,垛贴码岗,0,3,11.0,8.0,3.0,,FULL62-W1
SX,SX-PET02,2026-08-05,夜班,N12,EMPSX0031,SX-PET02-BLOW,吹瓶机岗,1,3,11.0,8.0,3.0,,FULL62-W1
SX,SX-PET02,2026-08-05,夜班,N12,EMPSX0108,SX-PET02-LABEL,贴标机岗,0,3,11.0,8.0,3.0,,FULL62-W1
SX,SX-PET02,2026-08-05,夜班,N12,EMPSX0010,SX-PET02-PACK-SHRINK,塑包机岗,0,3,11.0,8.0,3.0,,FULL62-W1
SX,SX-PET02,2026-08-05,夜班,N12,EMPSX0015,SX-PET02-PALLET-LABEL,垛贴码岗,0,2,11.0,8.0,3.0,,FULL62-W1
SX,SX-QC,2026-08-05,夜班,N12,EMPSX0153,SX-QC-QC-AUX,辅线品控（水、糖、BIB）,1,3,11.0,8.0,3.0,,FULL62-W1
SX,SX-QC,2026-08-05,夜班,N12,EMPSX0170,SX-QC-QC-IP-CAN,CAN线品控,1,3,11.0,8.0,3.0,,FULL62-W1
SX,SX-QC,2026-08-05,夜班,N12,EMPSX0168,SX-QC-QC-IP-PET2,PET线品控2,1,4,11.0,8.0,3.0,,FULL62-W1
SX,SX-QC,2026-08-05,夜班,N12,EMPSX0173,SX-QC-QC-IP-RB,RB线品控,1,3,11.0,8.0,3.0,,FULL62-W1
SX,SX-RB01,2026-08-05,夜班,N12,EMPSX0013,SX-RB01-DEPAL,码卸垛机岗,0,2,11.0,8.0,3.0,,FULL62-W1
SX,SX-RB01,2026-08-05,夜班,N12,EMPSX0039,SX-RB01-FILL,灌注机岗,1,4,11.0,8.0,3.0,,FULL62-W1
SX,SX-RB01,2026-08-05,夜班,N12,EMPSX0079,SX-RB01-LOADER,装卸箱机岗,0,4,11.0,8.0,3.0,,FULL62-W1
SX,SX-RB01,2026-08-05,夜班,N12,EMPSX0100,SX-RB01-QC-BOTTLE,空瓶检测岗,1,3,11.0,8.0,3.0,,FULL62-W1
SX,SX-RB01,2026-08-05,夜班,N12,EMPSX0089,SX-RB01-QC-FGI1,成品目检岗1,1,3,11.0,8.0,3.0,,FULL62-W1
SX,SX-RB01,2026-08-05,夜班,N12,EMPSX0096,SX-RB01-QC-FGI2,成品目检岗2,1,3,11.0,8.0,3.0,,FULL62-W1
SX,SX-RB01,2026-08-05,夜班,N12,EMPSX0082,SX-RB01-WASHER,洗瓶机岗,0,3,11.0,8.0,3.0,,FULL62-W1
SX,SX-SYRUP,2026-08-05,夜班,N12,EMPSX0120,SX-SYRUP-SYRUP-POST1,后糖岗1,1,3,11.0,8.0,3.0,,FULL62-W1
SX,SX-SYRUP,2026-08-05,夜班,N12,EMPSX0124,SX-SYRUP-SYRUP-POST2,后糖岗2,1,3,11.0,8.0,3.0,,FULL62-W1
SX,SX-UTIL,2026-08-05,夜班,N12,EMPSX0127,SX-UTIL-WWTP,污水处理岗,0,4,11.0,8.0,3.0,,FULL62-W1
HB,HB-AS01,2026-08-06,白班,D12,EMPHB0188,HB-AS01-BLOW,吹瓶机岗,1,3,11.0,8.0,3.0,,FULL62-W1
HB,HB-AS01,2026-08-06,白班,D12,EMPHB0304,HB-AS01-CARTON,上纸箱岗,0,3,11.0,8.0,3.0,,FULL62-W1
HB,HB-AS01,2026-08-06,白班,D12,EMPHB0214,HB-AS01-FILL,灌注机岗,1,3,11.0,8.0,3.0,,FULL62-W1
HB,HB-AS01,2026-08-06,白班,D12,EMPHB0252,HB-AS01-HANDLE-1,提扣机岗1,0,3,11.0,8.0,3.0,,FULL62-W1
HB,HB-AS01,2026-08-06,白班,D12,EMPHB0219,HB-AS01-LABEL,贴标机岗,0,4,11.0,8.0,3.0,,FULL62-W1
HB,HB-AS01,2026-08-06,白班,D12,EMPHB0289,HB-AS01-PACK-SHRINK,膜包机岗,0,3,11.0,8.0,3.0,,FULL62-W1
HB,HB-AS01,2026-08-06,白班,D12,EMPHB0245,HB-AS01-PALLET,码垛机岗,0,3,11.0,8.0,3.0,,FULL62-W1
HB,HB-AS01,2026-08-06,白班,D12,EMPHB0272,HB-AS01-SHIFT-LEADER,生产领班,1,3,11.0,8.0,3.0,,FULL62-W1
HB,HB-AS01,2026-08-06,白班,D12,EMPHB0311,HB-AS01-UHT-2,UHT&调配&果肉操作2,1,3,11.0,8.0,3.0,,FULL62-W1
HB,HB-AS01,2026-08-06,白班,D12,EMPHB0296,HB-AS01-UHT-AUX,辅助工,0,2,11.0,8.0,3.0,,FULL62-W1
HB,HB-ENG,2026-08-06,白班,D12,EMPHB0320,HB-ENG-ELEC-1,电气维修工程师1,1,3,11.0,8.0,3.0,,FULL62-W1
HB,HB-ENG2,2026-08-06,白班,D12,EMPHB0348,HB-ENG2-AIRCOMP,空压岗,1,4,11.0,8.0,3.0,,FULL62-W1
HB,HB-ENG2,2026-08-06,白班,D12,EMPHB0343,HB-ENG2-BOILER,锅炉岗,0,3,11.0,8.0,3.0,,FULL62-W1
HB,HB-ENG2,2026-08-06,白班,D12,EMPHB0335,HB-ENG2-ELEC-OUT1,外围电工1,1,4,11.0,8.0,3.0,,FULL62-W1
HB,HB-ENG2,2026-08-06,白班,D12,EMPHB0350,HB-ENG2-WWTP,污水岗,0,3,11.0,8.0,3.0,,FULL62-W1
HB,HB-PET01,2026-08-06,白班,D12,EMPHB0278,HB-PET01-BLOW,吹瓶机岗,1,4,11.0,8.0,3.0,,FULL62-W1
HB,HB-PET01,2026-08-06,白班,D12,EMPHB0302,HB-PET01-HANDLE-2,提扣机岗2,0,3,11.0,8.0,3.0,,FULL62-W1
HB,HB-PET01,2026-08-06,白班,D12,EMPHB0193,HB-PET01-LABEL,贴标机岗,0,3,11.0,8.0,3.0,,FULL62-W1
HB,HB-PET01,2026-08-06,白班,D12,EMPHB0197,HB-PET01-PACK-SHRINK,膜包机岗,0,4,11.0,8.0,3.0,,FULL62-W1
HB,HB-PET01,2026-08-06,白班,D12,EMPHB0203,HB-PET01-PALLET,码垛机岗,0,3,11.0,8.0,3.0,,FULL62-W1
HB,HB-PET01,2026-08-06,白班,D12,EMPHB0181,HB-PET01-SHIFT-ENG,倒班工程师,1,4,11.0,8.0,3.0,,FULL62-W1
HB,HB-PET02,2026-08-06,白班,D12,EMPHB0194,HB-PET02-LABEL,贴标机岗,0,4,11.0,8.0,3.0,,FULL62-W1
HB,HB-PET02,2026-08-06,白班,D12,EMPHB0224,HB-PET02-PACK-SHRINK,膜包机岗,0,4,11.0,8.0,3.0,,FULL62-W1
HB,HB-PET03,2026-08-06,白班,D12,EMPHB0277,HB-PET03-BLOW,吹瓶机岗,1,3,11.0,8.0,3.0,,FULL62-W1
HB,HB-PET03,2026-08-06,白班,D12,EMPHB0280,HB-PET03-FILL,灌注机岗,1,3,11.0,8.0,3.0,,FULL62-W1
HB,HB-PET03,2026-08-06,白班,D12,EMPHB0205,HB-PET03-HANDLE-1,提扣机岗1,0,4,11.0,8.0,3.0,,FULL62-W1
HB,HB-PET03,2026-08-06,白班,D12,EMPHB0318,HB-PET03-HANDLE-2,提扣机岗2,0,2,11.0,8.0,3.0,,FULL62-W1
HB,HB-PET03,2026-08-06,白班,D12,EMPHB0286,HB-PET03-LABEL,贴标机岗,0,3,11.0,8.0,3.0,,FULL62-W1
HB,HB-PET03,2026-08-06,白班,D12,EMPHB0223,HB-PET03-PACK-SHRINK,膜包机岗,0,3,11.0,8.0,3.0,,FULL62-W1
HB,HB-QC,2026-08-06,白班,D12,EMPHB0360,HB-QC-QC-RM-AS,无菌线原物料品控,1,3,11.0,8.0,3.0,,FULL62-W1
HB,HB-QC,2026-08-06,白班,D12,EMPHB0355,HB-QC-QC-RM-SODA,汽水线原物料品控,1,4,11.0,8.0,3.0,,FULL62-W1
HB,HB-QC2,2026-08-06,白班,D12,EMPHB0381,HB-QC2-QC-BLOW,吹瓶品控,1,3,11.0,8.0,3.0,,FULL62-W1
HB,HB-QC2,2026-08-06,白班,D12,EMPHB0391,HB-QC2-QC-IP-AS,无菌线制程品控,1,3,11.0,8.0,3.0,,FULL62-W1
HB,HB-QC2,2026-08-06,白班,D12,EMPHB0369,HB-QC2-QC-IP-PET01,PET01线制程品控,1,3,11.0,8.0,3.0,,FULL62-W1
HB,HB-QC2,2026-08-06,白班,D12,EMPHB0375,HB-QC2-QC-IP-PET02,PET02线制程品控,1,3,11.0,8.0,3.0,,FULL62-W1
HB,HB-QC2,2026-08-06,白班,D12,EMPHB0380,HB-QC2-QC-IP-PET03,PET03线制程品控,1,4,11.0,8.0,3.0,,FULL62-W1
HB,HB-QC2,2026-08-06,白班,D12,EMPHB0387,HB-QC2-QC-WATER,水糖品控,1,3,11.0,8.0,3.0,,FULL62-W1
HB,HB-SYRUP,2026-08-06,白班,D12,EMPHB0265,HB-SYRUP-SYRUP-POST1,后糖岗1,1,4,11.0,8.0,3.0,,FULL62-W1
HB,HB-SYRUP,2026-08-06,白班,D12,EMPHB0268,HB-SYRUP-SYRUP-POST2,后糖岗2,1,3,11.0,8.0,3.0,,FULL62-W1
SX,SX-BIB01,2026-08-06,白班,D12,EMPSX0102,SX-BIB01-FILL,灌装岗,1,3,11.0,8.0,3.0,,FULL62-W1
SX,SX-BIB01,2026-08-06,白班,D12,EMPSX0106,SX-BIB01-PACK-1,包装岗1,0,3,11.0,8.0,3.0,,FULL62-W1
SX,SX-BIB01,2026-08-06,白班,D12,EMPSX0111,SX-BIB01-PACK-2,包装岗2,0,3,11.0,8.0,3.0,,FULL62-W1
SX,SX-BIB01,2026-08-06,白班,D12,EMPSX0113,SX-BIB01-PACK-3,包装岗3,0,4,11.0,8.0,3.0,,FULL62-W1
SX,SX-CAN01,2026-08-06,白班,D12,EMPSX0053,SX-CAN01-DEPAL-CAN,卸罐机岗,0,3,11.0,8.0,3.0,,FULL62-W1
SX,SX-CAN01,2026-08-06,白班,D12,EMPSX0043,SX-CAN01-PACK-MULTI,多包装机,0,3,11.0,8.0,3.0,,FULL62-W1
SX,SX-CAN01,2026-08-06,白班,D12,EMPSX0063,SX-CAN01-PACK-SHRINK,塑包机岗,0,3,11.0,8.0,3.0,,FULL62-W1
SX,SX-CAN01,2026-08-06,白班,D12,EMPSX0016,SX-CAN01-PALLET,码垛机岗,0,4,11.0,8.0,3.0,,FULL62-W1
SX,SX-ENG,2026-08-06,白班,D12,EMPSX0139,SX-ENG-AIRCOMP,制冷空压机岗,1,3,11.0,8.0,3.0,,FULL62-W1
SX,SX-ENG,2026-08-06,白班,D12,EMPSX0131,SX-ENG-ELEC-LINE1,生产线电工1,1,3,11.0,8.0,3.0,,FULL62-W1
SX,SX-ENG,2026-08-06,白班,D12,EMPSX0145,SX-ENG-MECH-LINE,生产线机修岗,0,3,11.0,8.0,3.0,,FULL62-W1
SX,SX-ENG,2026-08-06,白班,D12,EMPSX0149,SX-ENG-MECH-LINE,生产线机修岗,0,3,11.0,8.0,3.0,,FULL62-W1
SX,SX-ENG,2026-08-06,白班,D12,EMPSX0152,SX-ENG-MECH-LINE,生产线机修岗,0,3,11.0,8.0,3.0,,FULL62-W1
SX,SX-PET01,2026-08-06,白班,D12,EMPSX0001,SX-PET01-BLOW-LABEL,吹贴机岗,1,3,11.0,8.0,3.0,,FULL62-W1
SX,SX-PET01,2026-08-06,白班,D12,EMPSX0019,SX-PET01-FGI,FGI岗,0,3,11.0,8.0,3.0,,FULL62-W1
SX,SX-PET01,2026-08-06,白班,D12,EMPSX0060,SX-PET01-FILL,灌注机岗,1,3,11.0,8.0,3.0,,FULL62-W1
SX,SX-PET01,2026-08-06,白班,D12,EMPSX0028,SX-PET01-HANDLE,提扣机岗,0,4,11.0,8.0,3.0,,FULL62-W1
SX,SX-PET01,2026-08-06,白班,D12,EMPSX0061,SX-PET01-PACK-SHRINK,塑包机岗,0,3,11.0,8.0,3.0,,FULL62-W1
SX,SX-PET01,2026-08-06,白班,D12,EMPSX0045,SX-PET01-PALLET,码垛机岗,0,3,11.0,8.0,3.0,,FULL62-W1
SX,SX-PET01,2026-08-06,白班,D12,EMPSX0055,SX-PET01-PALLET-LABEL,垛贴码岗,0,3,11.0,8.0,3.0,,FULL62-W1
SX,SX-PET02,2026-08-06,白班,D12,EMPSX0032,SX-PET02-BLOW,吹瓶机岗,1,3,11.0,8.0,3.0,,FULL62-W1
SX,SX-PET02,2026-08-06,白班,D12,EMPSX0088,SX-PET02-FILL,灌注机岗,1,3,11.0,8.0,3.0,,FULL62-W1
SX,SX-PET02,2026-08-06,白班,D12,EMPSX0035,SX-PET02-LABEL,贴标机岗,0,3,11.0,8.0,3.0,,FULL62-W1
SX,SX-PET02,2026-08-06,白班,D12,EMPSX0051,SX-PET02-PALLET,码垛机岗,0,3,11.0,8.0,3.0,,FULL62-W1
SX,SX-PET02,2026-08-06,白班,D12,EMPSX0023,SX-PET02-PALLET-LABEL,垛贴码岗,0,3,11.0,8.0,3.0,,FULL62-W1
SX,SX-QC,2026-08-06,白班,D12,EMPSX0154,SX-QC-QC-AUX,辅线品控（水、糖、BIB）,1,3,11.0,8.0,3.0,,FULL62-W1
SX,SX-QC,2026-08-06,白班,D12,EMPSX0177,SX-QC-QC-BLOW,吹瓶品控,1,3,11.0,8.0,3.0,,FULL62-W1
SX,SX-QC,2026-08-06,白班,D12,EMPSX0171,SX-QC-QC-IP-CAN,CAN线品控,1,3,11.0,8.0,3.0,,FULL62-W1
SX,SX-QC,2026-08-06,白班,D12,EMPSX0162,SX-QC-QC-IP-PET1,PET线品控1,1,4,11.0,8.0,3.0,,FULL62-W1
SX,SX-QC,2026-08-06,白班,D12,EMPSX0165,SX-QC-QC-IP-PET2,PET线品控2,1,3,11.0,8.0,3.0,,FULL62-W1
SX,SX-QC,2026-08-06,白班,D12,EMPSX0175,SX-QC-QC-IP-RB,RB线品控,1,4,11.0,8.0,3.0,,FULL62-W1
SX,SX-RB01,2026-08-06,白班,D12,EMPSX0075,SX-RB01-DEPAL,码卸垛机岗,0,3,11.0,8.0,3.0,,FULL62-W1
SX,SX-RB01,2026-08-06,白班,D12,EMPSX0087,SX-RB01-FILL,灌注机岗,1,3,11.0,8.0,3.0,,FULL62-W1
SX,SX-RB01,2026-08-06,白班,D12,EMPSX0080,SX-RB01-LOADER,装卸箱机岗,0,3,11.0,8.0,3.0,,FULL62-W1
SX,SX-RB01,2026-08-06,白班,D12,EMPSX0095,SX-RB01-QC-FGI2,成品目检岗2,1,3,11.0,8.0,3.0,,FULL62-W1
SX,SX-RB01,2026-08-06,白班,D12,EMPSX0084,SX-RB01-WASHER,洗瓶机岗,0,3,11.0,8.0,3.0,,FULL62-W1
SX,SX-SYRUP,2026-08-06,白班,D12,EMPSX0115,SX-SYRUP-SYRUP-POST1,后糖岗1,1,3,11.0,8.0,3.0,,FULL62-W1
SX,SX-SYRUP,2026-08-06,白班,D12,EMPSX0122,SX-SYRUP-SYRUP-POST2,后糖岗2,1,3,11.0,8.0,3.0,,FULL62-W1
HB,HB-ENG,2026-08-06,常白班,D8,EMPHB0324,HB-ENG-ELEC-2,电气维修工程师2,1,4,8.0,8.0,0.0,,FULL62-W1
HB,HB-ENG,2026-08-06,常白班,D8,EMPHB0325,HB-ENG-ENG-BLOW,吹瓶机工程师,1,3,8.0,8.0,0.0,,FULL62-W1
HB,HB-ENG,2026-08-06,常白班,D8,EMPHB0327,HB-ENG-ENG-FILL,灌装机工程师,1,3,8.0,8.0,0.0,,FULL62-W1
HB,HB-ENG,2026-08-06,常白班,D8,EMPHB0330,HB-ENG-ENG-LABEL,贴标机工程师,1,4,8.0,8.0,0.0,,FULL62-W1
HB,HB-ENG,2026-08-06,常白班,D8,EMPHB0331,HB-ENG-ENG-PACK,膜包机工程师,1,3,8.0,8.0,0.0,,FULL62-W1
HB,HB-ENG,2026-08-06,常白班,D8,EMPHB0334,HB-ENG-ENG-PALLET,码垛机工程师,1,3,8.0,8.0,0.0,,FULL62-W1
HB,HB-ENG2,2026-08-06,常白班,D8,EMPHB0339,HB-ENG2-ELEC-OUT2,外围电工2,1,3,8.0,8.0,0.0,,FULL62-W1
HB,HB-QC,2026-08-06,常白班,D8,EMPHB0364,HB-QC-QC-MICRO-AS1,无菌线微生物品控1,1,4,8.0,8.0,0.0,A,FULL62-W1
HB,HB-QC,2026-08-06,常白班,D8,EMPHB0366,HB-QC-QC-MICRO-AS2,无菌线微生物品控2,1,3,8.0,8.0,0.0,A,FULL62-W1
HB,HB-QC,2026-08-06,常白班,D8,EMPHB0367,HB-QC-QC-MICRO-AS3,无菌线微生物品控3,1,3,8.0,8.0,0.0,A,FULL62-W1
HB,HB-QC,2026-08-06,常白班,D8,EMPHB0382,HB-QC-QC-MICRO-SODA,汽水线微生物品控,1,3,8.0,8.0,0.0,A,FULL62-W1
HB,HB-SYRUP,2026-08-06,常白班,D8,EMPHB0261,HB-SYRUP-SYRUP-PRE,前糖岗,1,3,8.0,8.0,0.0,,FULL62-W1
SX,SX-ENG,2026-08-06,常白班,D8,EMPSX0133,SX-ENG-ELEC-LINE2,生产线电工2,1,3,8.0,8.0,0.0,,FULL62-W1
SX,SX-ENG,2026-08-06,常白班,D8,EMPSX0135,SX-ENG-ELEC-OUT,外围电工,1,4,8.0,8.0,0.0,,FULL62-W1
SX,SX-QC,2026-08-06,常白班,D8,EMPSX0159,SX-QC-QC-MICRO,微生物品控,1,3,8.0,8.0,0.0,,FULL62-W1
SX,SX-QC,2026-08-06,常白班,D8,EMPSX0157,SX-QC-QC-RM,原物料品控,1,3,8.0,8.0,0.0,,FULL62-W1
SX,SX-SYRUP,2026-08-06,常白班,D8,EMPSX0116,SX-SYRUP-SYRUP-PRE,前糖岗,1,3,8.0,8.0,0.0,,FULL62-W1
SX,SX-UTIL,2026-08-06,常白班,D8,EMPSX0126,SX-UTIL-WATER,水处理操作岗,1,4,8.0,8.0,0.0,,FULL62-W1
HB,HB-AS01,2026-08-06,夜班,N12,EMPHB0187,HB-AS01-BLOW,吹瓶机岗,1,3,11.0,8.0,3.0,,FULL62-W1
HB,HB-AS01,2026-08-06,夜班,N12,EMPHB0210,HB-AS01-CARTON,上纸箱岗,0,3,11.0,8.0,3.0,,FULL62-W1
HB,HB-AS01,2026-08-06,夜班,N12,EMPHB0235,HB-AS01-FILL,灌注机岗,1,3,11.0,8.0,3.0,,FULL62-W1
HB,HB-AS01,2026-08-06,夜班,N12,EMPHB0254,HB-AS01-HANDLE-1,提扣机岗1,0,3,11.0,8.0,3.0,,FULL62-W1
HB,HB-AS01,2026-08-06,夜班,N12,EMPHB0256,HB-AS01-HANDLE-2,提扣机岗2,0,3,11.0,8.0,3.0,,FULL62-W1
HB,HB-AS01,2026-08-06,夜班,N12,EMPHB0284,HB-AS01-LABEL,贴标机岗,0,3,11.0,8.0,3.0,,FULL62-W1
HB,HB-AS01,2026-08-06,夜班,N12,EMPHB0287,HB-AS01-PACK-SHRINK,膜包机岗,0,3,11.0,8.0,3.0,,FULL62-W1
HB,HB-AS01,2026-08-06,夜班,N12,EMPHB0292,HB-AS01-PALLET,码垛机岗,0,4,11.0,8.0,3.0,,FULL62-W1
HB,HB-AS01,2026-08-06,夜班,N12,EMPHB0309,HB-AS01-UHT-1,UHT&调配&果肉操作1,1,3,11.0,8.0,3.0,,FULL62-W1
HB,HB-AS01,2026-08-06,夜班,N12,EMPHB0314,HB-AS01-UHT-2,UHT&调配&果肉操作2,1,3,11.0,8.0,3.0,,FULL62-W1
HB,HB-AS01,2026-08-06,夜班,N12,EMPHB0299,HB-AS01-UHT-AUX,辅助工,0,2,11.0,8.0,3.0,,FULL62-W1
HB,HB-ENG2,2026-08-06,夜班,N12,EMPHB0341,HB-ENG2-AIRCOMP,空压岗,1,3,11.0,8.0,3.0,,FULL62-W1
HB,HB-ENG2,2026-08-06,夜班,N12,EMPHB0344,HB-ENG2-BOILER,锅炉岗,0,4,11.0,8.0,3.0,,FULL62-W1
HB,HB-ENG2,2026-08-06,夜班,N12,EMPHB0336,HB-ENG2-ELEC-OUT1,外围电工1,1,3,11.0,8.0,3.0,,FULL62-W1
HB,HB-PET01,2026-08-06,夜班,N12,EMPHB0295,HB-PET01-HANDLE-1,提扣机岗1,0,3,11.0,8.0,3.0,,FULL62-W1
HB,HB-PET01,2026-08-06,夜班,N12,EMPHB0211,HB-PET01-HANDLE-2,提扣机岗2,0,4,11.0,8.0,3.0,,FULL62-W1
HB,HB-PET01,2026-08-06,夜班,N12,EMPHB0237,HB-PET01-LABEL,贴标机岗,0,3,11.0,8.0,3.0,,FULL62-W1
HB,HB-PET01,2026-08-06,夜班,N12,EMPHB0200,HB-PET01-PACK-SHRINK,膜包机岗,0,3,11.0,8.0,3.0,,FULL62-W1
HB,HB-PET01,2026-08-06,夜班,N12,EMPHB0204,HB-PET01-PALLET,码垛机岗,0,3,11.0,8.0,3.0,,FULL62-W1
HB,HB-PET01,2026-08-06,夜班,N12,EMPHB0274,HB-PET01-SHIFT-ENG,倒班工程师,1,3,11.0,8.0,3.0,,FULL62-W1
HB,HB-PET02,2026-08-06,夜班,N12,EMPHB0236,HB-PET02-BLOW-FILL,吹瓶、灌装岗位,1,3,11.0,8.0,3.0,,FULL62-W1
HB,HB-PET02,2026-08-06,夜班,N12,EMPHB0240,HB-PET02-LABEL,贴标机岗,0,3,11.0,8.0,3.0,,FULL62-W1
HB,HB-PET02,2026-08-06,夜班,N12,EMPHB0288,HB-PET02-PACK-SHRINK,膜包机岗,0,3,11.0,8.0,3.0,,FULL62-W1
HB,HB-PET02,2026-08-06,夜班,N12,EMPHB0226,HB-PET02-PALLET,码垛机岗,0,3,11.0,8.0,3.0,,FULL62-W1
HB,HB-PET03,2026-08-06,夜班,N12,EMPHB0297,HB-PET03-HANDLE-1,提扣机岗1,0,3,11.0,8.0,3.0,,FULL62-W1
HB,HB-PET03,2026-08-06,夜班,N12,EMPHB0301,HB-PET03-HANDLE-2,提扣机岗2,0,4,11.0,8.0,3.0,,FULL62-W1
HB,HB-PET03,2026-08-06,夜班,N12,EMPHB0285,HB-PET03-LABEL,贴标机岗,0,3,11.0,8.0,3.0,,FULL62-W1
HB,HB-PET03,2026-08-06,夜班,N12,EMPHB0241,HB-PET03-PACK-SHRINK,膜包机岗,0,4,11.0,8.0,3.0,,FULL62-W1
HB,HB-PET03,2026-08-06,夜班,N12,EMPHB0291,HB-PET03-PALLET,码垛机岗,0,3,11.0,8.0,3.0,,FULL62-W1
HB,HB-QC,2026-08-06,夜班,N12,EMPHB0357,HB-QC-QC-RM-AS,无菌线原物料品控,1,3,11.0,8.0,3.0,,FULL62-W1
HB,HB-QC,2026-08-06,夜班,N12,EMPHB0354,HB-QC-QC-RM-SODA,汽水线原物料品控,1,3,11.0,8.0,3.0,,FULL62-W1
HB,HB-SYRUP,2026-08-06,夜班,N12,EMPHB0263,HB-SYRUP-SYRUP-POST1,后糖岗1,1,4,11.0,8.0,3.0,,FULL62-W1
HB,HB-SYRUP,2026-08-06,夜班,N12,EMPHB0257,HB-SYRUP-WATER,水处理操作岗,1,3,11.0,8.0,3.0,,FULL62-W1
SX,SX-BIB01,2026-08-06,夜班,N12,EMPSX0103,SX-BIB01-FILL,灌装岗,1,3,11.0,8.0,3.0,,FULL62-W1
SX,SX-BIB01,2026-08-06,夜班,N12,EMPSX0036,SX-BIB01-PACK-2,包装岗2,0,3,11.0,8.0,3.0,,FULL62-W1
SX,SX-CAN01,2026-08-06,夜班,N12,EMPSX0079,SX-CAN01-DEPAL-CAN,卸罐机岗,0,2,11.0,8.0,3.0,,FULL62-W1
SX,SX-CAN01,2026-08-06,夜班,N12,EMPSX0039,SX-CAN01-FILL,灌注机岗,1,4,11.0,8.0,3.0,,FULL62-W1
SX,SX-CAN01,2026-08-06,夜班,N12,EMPSX0072,SX-CAN01-PACK-MULTI,多包装机,0,3,11.0,8.0,3.0,,FULL62-W1
SX,SX-ENG,2026-08-06,夜班,N12,EMPSX0138,SX-ENG-AIRCOMP,制冷空压机岗,1,4,11.0,8.0,3.0,,FULL62-W1
SX,SX-ENG,2026-08-06,夜班,N12,EMPSX0143,SX-ENG-BOILER,锅炉操作岗,0,3,11.0,8.0,3.0,,FULL62-W1
SX,SX-ENG,2026-08-06,夜班,N12,EMPSX0130,SX-ENG-ELEC-LINE1,生产线电工1,1,3,11.0,8.0,3.0,,FULL62-W1
SX,SX-ENG,2026-08-06,夜班,N12,EMPSX0150,SX-ENG-MECH-LINE,生产线机修岗,0,3,11.0,8.0,3.0,,FULL62-W1
SX,SX-PET01,2026-08-06,夜班,N12,EMPSX0004,SX-PET01-BLOW-LABEL,吹贴机岗,1,4,11.0,8.0,3.0,,FULL62-W1
SX,SX-PET01,2026-08-06,夜班,N12,EMPSX0050,SX-PET01-FGI,FGI岗,0,3,11.0,8.0,3.0,,FULL62-W1
SX,SX-PET01,2026-08-06,夜班,N12,EMPSX0006,SX-PET01-FILL,灌注机岗,1,4,11.0,8.0,3.0,,FULL62-W1
SX,SX-PET01,2026-08-06,夜班,N12,EMPSX0025,SX-PET01-HANDLE,提扣机岗,0,3,11.0,8.0,3.0,,FULL62-W1
SX,SX-PET01,2026-08-06,夜班,N12,EMPSX0064,SX-PET01-PACK-SHRINK,塑包机岗,0,3,11.0,8.0,3.0,,FULL62-W1
SX,SX-PET01,2026-08-06,夜班,N12,EMPSX0068,SX-PET01-PALLET,码垛机岗,0,3,11.0,8.0,3.0,,FULL62-W1
SX,SX-PET01,2026-08-06,夜班,N12,EMPSX0024,SX-PET01-PALLET-LABEL,垛贴码岗,0,3,11.0,8.0,3.0,,FULL62-W1
SX,SX-PET02,2026-08-06,夜班,N12,EMPSX0057,SX-PET02-FILL,灌注机岗,1,3,11.0,8.0,3.0,,FULL62-W1
SX,SX-PET02,2026-08-06,夜班,N12,EMPSX0062,SX-PET02-PACK-SHRINK,塑包机岗,0,3,11.0,8.0,3.0,,FULL62-W1
SX,SX-PET02,2026-08-06,夜班,N12,EMPSX0014,SX-PET02-PALLET,码垛机岗,0,3,11.0,8.0,3.0,,FULL62-W1
SX,SX-PET02,2026-08-06,夜班,N12,EMPSX0022,SX-PET02-PALLET-LABEL,垛贴码岗,0,3,11.0,8.0,3.0,,FULL62-W1
SX,SX-QC,2026-08-06,夜班,N12,EMPSX0156,SX-QC-QC-AUX,辅线品控（水、糖、BIB）,1,3,11.0,8.0,3.0,,FULL62-W1
SX,SX-QC,2026-08-06,夜班,N12,EMPSX0180,SX-QC-QC-BLOW,吹瓶品控,1,3,11.0,8.0,3.0,,FULL62-W1
SX,SX-QC,2026-08-06,夜班,N12,EMPSX0163,SX-QC-QC-IP-PET1,PET线品控1,1,3,11.0,8.0,3.0,,FULL62-W1
SX,SX-RB01,2026-08-06,夜班,N12,EMPSX0013,SX-RB01-DEPAL,码卸垛机岗,0,2,11.0,8.0,3.0,,FULL62-W1
SX,SX-RB01,2026-08-06,夜班,N12,EMPSX0007,SX-RB01-FILL,灌注机岗,1,3,11.0,8.0,3.0,,FULL62-W1
SX,SX-RB01,2026-08-06,夜班,N12,EMPSX0097,SX-RB01-QC-BOTTLE,空瓶检测岗,1,3,11.0,8.0,3.0,,FULL62-W1
SX,SX-RB01,2026-08-06,夜班,N12,EMPSX0090,SX-RB01-QC-FGI1,成品目检岗1,1,3,11.0,8.0,3.0,,FULL62-W1
SX,SX-RB01,2026-08-06,夜班,N12,EMPSX0093,SX-RB01-QC-FGI2,成品目检岗2,1,3,11.0,8.0,3.0,,FULL62-W1
SX,SX-RB01,2026-08-06,夜班,N12,EMPSX0081,SX-RB01-WASHER,洗瓶机岗,0,4,11.0,8.0,3.0,,FULL62-W1
SX,SX-SYRUP,2026-08-06,夜班,N12,EMPSX0119,SX-SYRUP-SYRUP-POST1,后糖岗1,1,3,11.0,8.0,3.0,,FULL62-W1
SX,SX-UTIL,2026-08-06,夜班,N12,EMPSX0127,SX-UTIL-WWTP,污水处理岗,0,4,11.0,8.0,3.0,,FULL62-W1
HB,HB-AS01,2026-08-07,白班,D12,EMPHB0304,HB-AS01-CARTON,上纸箱岗,0,3,11.0,8.0,3.0,,FULL62-W1
HB,HB-AS01,2026-08-07,白班,D12,EMPHB0281,HB-AS01-FILL,灌注机岗,1,4,11.0,8.0,3.0,,FULL62-W1
HB,HB-AS01,2026-08-07,白班,D12,EMPHB0298,HB-AS01-HANDLE-1,提扣机岗1,0,3,11.0,8.0,3.0,,FULL62-W1
HB,HB-AS01,2026-08-07,白班,D12,EMPHB0300,HB-AS01-HANDLE-2,提扣机岗2,0,3,11.0,8.0,3.0,,FULL62-W1
HB,HB-AS01,2026-08-07,白班,D12,EMPHB0238,HB-AS01-LABEL,贴标机岗,0,3,11.0,8.0,3.0,,FULL62-W1
HB,HB-AS01,2026-08-07,白班,D12,EMPHB0289,HB-AS01-PACK-SHRINK,膜包机岗,0,3,11.0,8.0,3.0,,FULL62-W1
HB,HB-AS01,2026-08-07,白班,D12,EMPHB0203,HB-AS01-PALLET,码垛机岗,0,3,11.0,8.0,3.0,,FULL62-W1
HB,HB-AS01,2026-08-07,白班,D12,EMPHB0272,HB-AS01-SHIFT-LEADER,生产领班,1,3,11.0,8.0,3.0,,FULL62-W1
HB,HB-AS01,2026-08-07,白班,D12,EMPHB0270,HB-AS01-UHT-2,UHT&调配&果肉操作2,1,3,11.0,8.0,3.0,,FULL62-W1
HB,HB-AS01,2026-08-07,白班,D12,EMPHB0249,HB-AS01-UHT-AUX,辅助工,0,3,11.0,8.0,3.0,,FULL62-W1
HB,HB-ENG,2026-08-07,白班,D12,EMPHB0321,HB-ENG-ELEC-1,电气维修工程师1,1,4,11.0,8.0,3.0,,FULL62-W1
HB,HB-ENG2,2026-08-07,白班,D12,EMPHB0346,HB-ENG2-AIRCOMP,空压岗,1,3,11.0,8.0,3.0,,FULL62-W1
HB,HB-ENG2,2026-08-07,白班,D12,EMPHB0342,HB-ENG2-BOILER,锅炉岗,0,3,11.0,8.0,3.0,,FULL62-W1
HB,HB-ENG2,2026-08-07,白班,D12,EMPHB0337,HB-ENG2-ELEC-OUT1,外围电工1,1,4,11.0,8.0,3.0,,FULL62-W1
HB,HB-ENG2,2026-08-07,白班,D12,EMPHB0349,HB-ENG2-WWTP,污水岗,0,3,11.0,8.0,3.0,,FULL62-W1
HB,HB-PET01,2026-08-07,白班,D12,EMPHB0277,HB-PET01-BLOW,吹瓶机岗,1,3,11.0,8.0,3.0,C,FULL62-W1
HB,HB-PET01,2026-08-07,白班,D12,EMPHB0233,HB-PET01-FILL,灌注机岗,1,3,11.0,8.0,3.0,C,FULL62-W1
HB,HB-PET01,2026-08-07,白班,D12,EMPHB0182,HB-PET01-SHIFT-ENG,倒班工程师,1,3,11.0,8.0,3.0,C,FULL62-W1
HB,HB-PET02,2026-08-07,白班,D12,EMPHB0214,HB-PET02-BLOW-FILL,吹瓶、灌装岗位,1,3,11.0,8.0,3.0,,FULL62-W1
HB,HB-PET02,2026-08-07,白班,D12,EMPHB0283,HB-PET02-LABEL,贴标机岗,0,3,11.0,8.0,3.0,,FULL62-W1
HB,HB-PET02,2026-08-07,白班,D12,EMPHB0244,HB-PET02-PACK-SHRINK,膜包机岗,0,3,11.0,8.0,3.0,,FULL62-W1
HB,HB-PET02,2026-08-07,白班,D12,EMPHB0201,HB-PET02-PALLET,码垛机岗,0,4,11.0,8.0,3.0,,FULL62-W1
HB,HB-PET03,2026-08-07,白班,D12,EMPHB0231,HB-PET03-BLOW,吹瓶机岗,1,4,11.0,8.0,3.0,A,FULL62-W1
HB,HB-PET03,2026-08-07,白班,D12,EMPHB0189,HB-PET03-FILL,灌注机岗,1,4,11.0,8.0,3.0,A,FULL62-W1
HB,HB-QC,2026-08-07,白班,D12,EMPHB0358,HB-QC-QC-RM-AS,无菌线原物料品控,1,4,11.0,8.0,3.0,,FULL62-W1
HB,HB-QC2,2026-08-07,白班,D12,EMPHB0382,HB-QC2-QC-BLOW,吹瓶品控,1,4,11.0,8.0,3.0,,FULL62-W1
HB,HB-QC2,2026-08-07,白班,D12,EMPHB0392,HB-QC2-QC-IP-AS,无菌线制程品控,1,3,11.0,8.0,3.0,,FULL62-W1
HB,HB-QC2,2026-08-07,白班,D12,EMPHB0371,HB-QC2-QC-IP-PET01,PET01线制程品控,1,3,11.0,8.0,3.0,,FULL62-W1
HB,HB-QC2,2026-08-07,白班,D12,EMPHB0376,HB-QC2-QC-IP-PET02,PET02线制程品控,1,3,11.0,8.0,3.0,,FULL62-W1
HB,HB-QC2,2026-08-07,白班,D12,EMPHB0388,HB-QC2-QC-WATER,水糖品控,1,3,11.0,8.0,3.0,,FULL62-W1
HB,HB-SYRUP,2026-08-07,白班,D12,EMPHB0313,HB-SYRUP-SYRUP-POST1,后糖岗1,1,3,11.0,8.0,3.0,,FULL62-W1
HB,HB-SYRUP,2026-08-07,白班,D12,EMPHB0260,HB-SYRUP-WATER,水处理操作岗,1,3,11.0,8.0,3.0,,FULL62-W1
SX,SX-BIB01,2026-08-07,白班,D12,EMPSX0102,SX-BIB01-FILL,灌装岗,1,3,11.0,8.0,3.0,,FULL62-W1
SX,SX-BIB01,2026-08-07,白班,D12,EMPSX0105,SX-BIB01-PACK-1,包装岗1,0,3,11.0,8.0,3.0,,FULL62-W1
SX,SX-BIB01,2026-08-07,白班,D12,EMPSX0110,SX-BIB01-PACK-2,包装岗2,0,3,11.0,8.0,3.0,,FULL62-W1
SX,SX-BIB01,2026-08-07,白班,D12,EMPSX0011,SX-BIB01-PACK-3,包装岗3,0,1,11.0,8.0,3.0,,FULL62-W1
SX,SX-CAN01,2026-08-07,白班,D12,EMPSX0055,SX-CAN01-DEPAL-CAN,卸罐机岗,0,3,11.0,8.0,3.0,,FULL62-W1
SX,SX-CAN01,2026-08-07,白班,D12,EMPSX0037,SX-CAN01-FILL,灌注机岗,1,3,11.0,8.0,3.0,,FULL62-W1
SX,SX-CAN01,2026-08-07,白班,D12,EMPSX0071,SX-CAN01-PACK-MULTI,多包装机,0,4,11.0,8.0,3.0,,FULL62-W1
SX,SX-CAN01,2026-08-07,白班,D12,EMPSX0043,SX-CAN01-PACK-SHRINK,塑包机岗,0,3,11.0,8.0,3.0,,FULL62-W1
SX,SX-ENG,2026-08-07,白班,D12,EMPSX0140,SX-ENG-AIRCOMP,制冷空压机岗,1,4,11.0,8.0,3.0,,FULL62-W1
SX,SX-ENG,2026-08-07,白班,D12,EMPSX0141,SX-ENG-BOILER,锅炉操作岗,0,3,11.0,8.0,3.0,,FULL62-W1
SX,SX-ENG,2026-08-07,白班,D12,EMPSX0131,SX-ENG-ELEC-LINE1,生产线电工1,1,3,11.0,8.0,3.0,,FULL62-W1
SX,SX-ENG,2026-08-07,白班,D12,EMPSX0149,SX-ENG-MECH-LINE,生产线机修岗,0,3,11.0,8.0,3.0,,FULL62-W1
SX,SX-ENG,2026-08-07,白班,D12,EMPSX0151,SX-ENG-MECH-LINE,生产线机修岗,0,3,11.0,8.0,3.0,,FULL62-W1
SX,SX-ENG,2026-08-07,白班,D12,EMPSX0152,SX-ENG-MECH-LINE,生产线机修岗,0,3,11.0,8.0,3.0,,FULL62-W1
SX,SX-PET01,2026-08-07,白班,D12,EMPSX0017,SX-PET01-FGI,FGI岗,0,3,11.0,8.0,3.0,,FULL62-W1
SX,SX-PET01,2026-08-07,白班,D12,EMPSX0026,SX-PET01-HANDLE,提扣机岗,0,3,11.0,8.0,3.0,,FULL62-W1
SX,SX-PET01,2026-08-07,白班,D12,EMPSX0109,SX-PET01-PACK-SHRINK,塑包机岗,0,2,11.0,8.0,3.0,,FULL62-W1
SX,SX-PET01,2026-08-07,白班,D12,EMPSX0045,SX-PET01-PALLET,码垛机岗,0,3,11.0,8.0,3.0,,FULL62-W1
SX,SX-PET01,2026-08-07,白班,D12,EMPSX0051,SX-PET01-PALLET-LABEL,垛贴码岗,0,3,11.0,8.0,3.0,,FULL62-W1
SX,SX-PET02,2026-08-07,白班,D12,EMPSX0086,SX-PET02-FILL,灌注机岗,1,3,11.0,8.0,3.0,,FULL62-W1
SX,SX-PET02,2026-08-07,白班,D12,EMPSX0035,SX-PET02-LABEL,贴标机岗,0,3,11.0,8.0,3.0,,FULL62-W1
SX,SX-PET02,2026-08-07,白班,D12,EMPSX0061,SX-PET02-PACK-SHRINK,塑包机岗,0,3,11.0,8.0,3.0,,FULL62-W1
SX,SX-PET02,2026-08-07,白班,D12,EMPSX0067,SX-PET02-PALLET,码垛机岗,0,3,11.0,8.0,3.0,,FULL62-W1
SX,SX-PET02,2026-08-07,白班,D12,EMPSX0049,SX-PET02-PALLET-LABEL,垛贴码岗,0,3,11.0,8.0,3.0,,FULL62-W1
SX,SX-QC,2026-08-07,白班,D12,EMPSX0154,SX-QC-QC-AUX,辅线品控（水、糖、BIB）,1,3,11.0,8.0,3.0,,FULL62-W1
SX,SX-QC,2026-08-07,白班,D12,EMPSX0178,SX-QC-QC-BLOW,吹瓶品控,1,4,11.0,8.0,3.0,,FULL62-W1
SX,SX-QC,2026-08-07,白班,D12,EMPSX0171,SX-QC-QC-IP-CAN,CAN线品控,1,3,11.0,8.0,3.0,,FULL62-W1
SX,SX-QC,2026-08-07,白班,D12,EMPSX0161,SX-QC-QC-IP-PET1,PET线品控1,1,3,11.0,8.0,3.0,,FULL62-W1
SX,SX-QC,2026-08-07,白班,D12,EMPSX0167,SX-QC-QC-IP-PET2,PET线品控2,1,4,11.0,8.0,3.0,,FULL62-W1
SX,SX-QC,2026-08-07,白班,D12,EMPSX0173,SX-QC-QC-IP-RB,RB线品控,1,3,11.0,8.0,3.0,,FULL62-W1
SX,SX-RB01,2026-08-07,白班,D12,EMPSX0074,SX-RB01-DEPAL,码卸垛机岗,0,3,11.0,8.0,3.0,,FULL62-W1
SX,SX-RB01,2026-08-07,白班,D12,EMPSX0087,SX-RB01-FILL,灌注机岗,1,3,11.0,8.0,3.0,,FULL62-W1
SX,SX-RB01,2026-08-07,白班,D12,EMPSX0099,SX-RB01-QC-BOTTLE,空瓶检测岗,1,3,11.0,8.0,3.0,,FULL62-W1
SX,SX-RB01,2026-08-07,白班,D12,EMPSX0092,SX-RB01-QC-FGI1,成品目检岗1,1,3,11.0,8.0,3.0,,FULL62-W1
SX,SX-RB01,2026-08-07,白班,D12,EMPSX0094,SX-RB01-QC-FGI2,成品目检岗2,1,3,11.0,8.0,3.0,,FULL62-W1
SX,SX-SYRUP,2026-08-07,白班,D12,EMPSX0115,SX-SYRUP-SYRUP-POST1,后糖岗1,1,3,11.0,8.0,3.0,,FULL62-W1
SX,SX-SYRUP,2026-08-07,白班,D12,EMPSX0121,SX-SYRUP-SYRUP-POST2,后糖岗2,1,3,11.0,8.0,3.0,,FULL62-W1
HB,HB-ENG,2026-08-07,常白班,D8,EMPHB0324,HB-ENG-ELEC-2,电气维修工程师2,1,4,8.0,8.0,0.0,,FULL62-W1
HB,HB-ENG,2026-08-07,常白班,D8,EMPHB0325,HB-ENG-ENG-BLOW,吹瓶机工程师,1,3,8.0,8.0,0.0,,FULL62-W1
HB,HB-ENG,2026-08-07,常白班,D8,EMPHB0328,HB-ENG-ENG-FILL,灌装机工程师,1,3,8.0,8.0,0.0,,FULL62-W1
HB,HB-ENG,2026-08-07,常白班,D8,EMPHB0329,HB-ENG-ENG-LABEL,贴标机工程师,1,3,8.0,8.0,0.0,,FULL62-W1
HB,HB-ENG,2026-08-07,常白班,D8,EMPHB0331,HB-ENG-ENG-PACK,膜包机工程师,1,3,8.0,8.0,0.0,,FULL62-W1
HB,HB-ENG,2026-08-07,常白班,D8,EMPHB0333,HB-ENG-ENG-PALLET,码垛机工程师,1,4,8.0,8.0,0.0,,FULL62-W1
HB,HB-ENG2,2026-08-07,常白班,D8,EMPHB0340,HB-ENG2-ELEC-OUT2,外围电工2,1,4,8.0,8.0,0.0,,FULL62-W1
HB,HB-QC,2026-08-07,常白班,D8,EMPHB0363,HB-QC-QC-MICRO-AS1,无菌线微生物品控1,1,3,8.0,8.0,0.0,,FULL62-W1
HB,HB-QC,2026-08-07,常白班,D8,EMPHB0366,HB-QC-QC-MICRO-AS2,无菌线微生物品控2,1,3,8.0,8.0,0.0,,FULL62-W1
HB,HB-QC,2026-08-07,常白班,D8,EMPHB0368,HB-QC-QC-MICRO-AS3,无菌线微生物品控3,1,4,8.0,8.0,0.0,,FULL62-W1
HB,HB-QC,2026-08-07,常白班,D8,EMPHB0362,HB-QC-QC-MICRO-SODA,汽水线微生物品控,1,3,8.0,8.0,0.0,,FULL62-W1
HB,HB-SYRUP,2026-08-07,常白班,D8,EMPHB0262,HB-SYRUP-SYRUP-PRE,前糖岗,1,3,8.0,8.0,0.0,,FULL62-W1
SX,SX-ENG,2026-08-07,常白班,D8,EMPSX0134,SX-ENG-ELEC-LINE2,生产线电工2,1,3,8.0,8.0,0.0,,FULL62-W1
SX,SX-ENG,2026-08-07,常白班,D8,EMPSX0136,SX-ENG-ELEC-OUT,外围电工,1,4,8.0,8.0,0.0,,FULL62-W1
SX,SX-QC,2026-08-07,常白班,D8,EMPSX0159,SX-QC-QC-MICRO,微生物品控,1,3,8.0,8.0,0.0,,FULL62-W1
SX,SX-QC,2026-08-07,常白班,D8,EMPSX0158,SX-QC-QC-RM,原物料品控,1,4,8.0,8.0,0.0,,FULL62-W1
SX,SX-SYRUP,2026-08-07,常白班,D8,EMPSX0116,SX-SYRUP-SYRUP-PRE,前糖岗,1,3,8.0,8.0,0.0,,FULL62-W1
SX,SX-UTIL,2026-08-07,常白班,D8,EMPSX0126,SX-UTIL-WATER,水处理操作岗,1,4,8.0,8.0,0.0,,FULL62-W1
HB,HB-AS01,2026-08-07,夜班,N12,EMPHB0188,HB-AS01-BLOW,吹瓶机岗,1,3,11.0,8.0,3.0,,FULL62-W1
HB,HB-AS01,2026-08-07,夜班,N12,EMPHB0305,HB-AS01-CARTON,上纸箱岗,0,4,11.0,8.0,3.0,,FULL62-W1
HB,HB-AS01,2026-08-07,夜班,N12,EMPHB0256,HB-AS01-HANDLE-1,提扣机岗1,0,2,11.0,8.0,3.0,,FULL62-W1
HB,HB-AS01,2026-08-07,夜班,N12,EMPHB0211,HB-AS01-HANDLE-2,提扣机岗2,0,4,11.0,8.0,3.0,,FULL62-W1
HB,HB-AS01,2026-08-07,夜班,N12,EMPHB0196,HB-AS01-LABEL,贴标机岗,0,4,11.0,8.0,3.0,,FULL62-W1
HB,HB-AS01,2026-08-07,夜班,N12,EMPHB0287,HB-AS01-PACK-SHRINK,膜包机岗,0,3,11.0,8.0,3.0,,FULL62-W1
HB,HB-AS01,2026-08-07,夜班,N12,EMPHB0248,HB-AS01-PALLET,码垛机岗,0,3,11.0,8.0,3.0,,FULL62-W1
HB,HB-AS01,2026-08-07,夜班,N12,EMPHB0271,HB-AS01-SHIFT-LEADER,生产领班,1,3,11.0,8.0,3.0,,FULL62-W1
HB,HB-AS01,2026-08-07,夜班,N12,EMPHB0310,HB-AS01-UHT-1,UHT&调配&果肉操作1,1,3,11.0,8.0,3.0,,FULL62-W1
HB,HB-AS01,2026-08-07,夜班,N12,EMPHB0255,HB-AS01-UHT-AUX,辅助工,0,3,11.0,8.0,3.0,,FULL62-W1
HB,HB-ENG,2026-08-07,夜班,N12,EMPHB0319,HB-ENG-ELEC-1,电气维修工程师1,1,3,11.0,8.0,3.0,,FULL62-W1
HB,HB-ENG2,2026-08-07,夜班,N12,EMPHB0341,HB-ENG2-AIRCOMP,空压岗,1,3,11.0,8.0,3.0,,FULL62-W1
HB,HB-ENG2,2026-08-07,夜班,N12,EMPHB0336,HB-ENG2-ELEC-OUT1,外围电工1,1,3,11.0,8.0,3.0,,FULL62-W1
HB,HB-PET01,2026-08-07,夜班,N12,EMPHB0278,HB-PET01-BLOW,吹瓶机岗,1,4,11.0,8.0,3.0,C,FULL62-W1
HB,HB-PET01,2026-08-07,夜班,N12,EMPHB0235,HB-PET01-FILL,灌注机岗,1,3,11.0,8.0,3.0,C,FULL62-W1
HB,HB-PET01,2026-08-07,夜班,N12,EMPHB0274,HB-PET01-SHIFT-ENG,倒班工程师,1,3,11.0,8.0,3.0,C,FULL62-W1
HB,HB-PET02,2026-08-07,夜班,N12,EMPHB0192,HB-PET02-BLOW-FILL,吹瓶、灌装岗位,1,3,11.0,8.0,3.0,,FULL62-W1
HB,HB-PET02,2026-08-07,夜班,N12,EMPHB0195,HB-PET02-LABEL,贴标机岗,0,3,11.0,8.0,3.0,,FULL62-W1
HB,HB-PET02,2026-08-07,夜班,N12,EMPHB0288,HB-PET02-PACK-SHRINK,膜包机岗,0,3,11.0,8.0,3.0,,FULL62-W1
HB,HB-PET02,2026-08-07,夜班,N12,EMPHB0247,HB-PET02-PALLET,码垛机岗,0,3,11.0,8.0,3.0,,FULL62-W1
HB,HB-PET03,2026-08-07,夜班,N12,EMPHB0232,HB-PET03-BLOW,吹瓶机岗,1,3,11.0,8.0,3.0,F,FULL62-W1
HB,HB-PET03,2026-08-07,夜班,N12,EMPHB0280,HB-PET03-FILL,灌注机岗,1,3,11.0,8.0,3.0,F,FULL62-W1
HB,HB-QC,2026-08-07,夜班,N12,EMPHB0357,HB-QC-QC-RM-AS,无菌线原物料品控,1,3,11.0,8.0,3.0,,FULL62-W1
HB,HB-QC,2026-08-07,夜班,N12,EMPHB0356,HB-QC-QC-RM-SODA,汽水线原物料品控,1,3,11.0,8.0,3.0,,FULL62-W1
HB,HB-SYRUP,2026-08-07,夜班,N12,EMPHB0265,HB-SYRUP-SYRUP-POST1,后糖岗1,1,4,11.0,8.0,3.0,,FULL62-W1
HB,HB-SYRUP,2026-08-07,夜班,N12,EMPHB0268,HB-SYRUP-SYRUP-POST2,后糖岗2,1,3,11.0,8.0,3.0,,FULL62-W1
HB,HB-SYRUP,2026-08-07,夜班,N12,EMPHB0257,HB-SYRUP-WATER,水处理操作岗,1,3,11.0,8.0,3.0,,FULL62-W1
SX,SX-BIB01,2026-08-07,夜班,N12,EMPSX0106,SX-BIB01-PACK-1,包装岗1,0,3,11.0,8.0,3.0,,FULL62-W1
SX,SX-BIB01,2026-08-07,夜班,N12,EMPSX0033,SX-BIB01-PACK-2,包装岗2,0,3,11.0,8.0,3.0,,FULL62-W1
SX,SX-CAN01,2026-08-07,夜班,N12,EMPSX0085,SX-CAN01-FILL,灌注机岗,1,3,11.0,8.0,3.0,,FULL62-W1
SX,SX-CAN01,2026-08-07,夜班,N12,EMPSX0072,SX-CAN01-PACK-MULTI,多包装机,0,3,11.0,8.0,3.0,,FULL62-W1
SX,SX-CAN01,2026-08-07,夜班,N12,EMPSX0016,SX-CAN01-PALLET,码垛机岗,0,4,11.0,8.0,3.0,,FULL62-W1
SX,SX-ENG,2026-08-07,夜班,N12,EMPSX0137,SX-ENG-AIRCOMP,制冷空压机岗,1,3,11.0,8.0,3.0,,FULL62-W1
SX,SX-ENG,2026-08-07,夜班,N12,EMPSX0144,SX-ENG-BOILER,锅炉操作岗,0,4,11.0,8.0,3.0,,FULL62-W1
SX,SX-ENG,2026-08-07,夜班,N12,EMPSX0132,SX-ENG-ELEC-LINE1,生产线电工1,1,3,11.0,8.0,3.0,,FULL62-W1
SX,SX-ENG,2026-08-07,夜班,N12,EMPSX0146,SX-ENG-MECH-LINE,生产线机修岗,0,3,11.0,8.0,3.0,,FULL62-W1
SX,SX-PET01,2026-08-07,夜班,N12,EMPSX0002,SX-PET01-BLOW-LABEL,吹贴机岗,1,3,11.0,8.0,3.0,,FULL62-W1
SX,SX-PET01,2026-08-07,夜班,N12,EMPSX0018,SX-PET01-FGI,FGI岗,0,4,11.0,8.0,3.0,,FULL62-W1
SX,SX-PET01,2026-08-07,夜班,N12,EMPSX0057,SX-PET01-FILL,灌注机岗,1,3,11.0,8.0,3.0,,FULL62-W1
SX,SX-PET01,2026-08-07,夜班,N12,EMPSX0027,SX-PET01-HANDLE,提扣机岗,0,3,11.0,8.0,3.0,,FULL62-W1
SX,SX-PET01,2026-08-07,夜班,N12,EMPSX0042,SX-PET01-PACK-SHRINK,塑包机岗,0,3,11.0,8.0,3.0,,FULL62-W1
SX,SX-PET01,2026-08-07,夜班,N12,EMPSX0046,SX-PET01-PALLET,码垛机岗,0,3,11.0,8.0,3.0,,FULL62-W1
SX,SX-PET02,2026-08-07,夜班,N12,EMPSX0032,SX-PET02-BLOW,吹瓶机岗,1,3,11.0,8.0,3.0,,FULL62-W1
SX,SX-PET02,2026-08-07,夜班,N12,EMPSX0006,SX-PET02-FILL,灌注机岗,1,4,11.0,8.0,3.0,,FULL62-W1
SX,SX-PET02,2026-08-07,夜班,N12,EMPSX0063,SX-PET02-PACK-SHRINK,塑包机岗,0,3,11.0,8.0,3.0,,FULL62-W1
SX,SX-PET02,2026-08-07,夜班,N12,EMPSX0015,SX-PET02-PALLET,码垛机岗,0,3,11.0,8.0,3.0,,FULL62-W1
SX,SX-PET02,2026-08-07,夜班,N12,EMPSX0024,SX-PET02-PALLET-LABEL,垛贴码岗,0,3,11.0,8.0,3.0,,FULL62-W1
SX,SX-QC,2026-08-07,夜班,N12,EMPSX0155,SX-QC-QC-AUX,辅线品控（水、糖、BIB）,1,3,11.0,8.0,3.0,,FULL62-W1
SX,SX-QC,2026-08-07,夜班,N12,EMPSX0179,SX-QC-QC-BLOW,吹瓶品控,1,3,11.0,8.0,3.0,,FULL62-W1
SX,SX-QC,2026-08-07,夜班,N12,EMPSX0163,SX-QC-QC-IP-PET1,PET线品控1,1,3,11.0,8.0,3.0,,FULL62-W1
SX,SX-QC,2026-08-07,夜班,N12,EMPSX0166,SX-QC-QC-IP-PET2,PET线品控2,1,3,11.0,8.0,3.0,,FULL62-W1
SX,SX-QC,2026-08-07,夜班,N12,EMPSX0174,SX-QC-QC-IP-RB,RB线品控,1,3,11.0,8.0,3.0,,FULL62-W1
SX,SX-RB01,2026-08-07,夜班,N12,EMPSX0076,SX-RB01-DEPAL,码卸垛机岗,0,3,11.0,8.0,3.0,,FULL62-W1
SX,SX-RB01,2026-08-07,夜班,N12,EMPSX0040,SX-RB01-FILL,灌注机岗,1,3,11.0,8.0,3.0,,FULL62-W1
SX,SX-RB01,2026-08-07,夜班,N12,EMPSX0077,SX-RB01-LOADER,装卸箱机岗,0,3,11.0,8.0,3.0,,FULL62-W1
SX,SX-RB01,2026-08-07,夜班,N12,EMPSX0100,SX-RB01-QC-BOTTLE,空瓶检测岗,1,3,11.0,8.0,3.0,,FULL62-W1
SX,SX-RB01,2026-08-07,夜班,N12,EMPSX0090,SX-RB01-QC-FGI1,成品目检岗1,1,3,11.0,8.0,3.0,,FULL62-W1
SX,SX-RB01,2026-08-07,夜班,N12,EMPSX0095,SX-RB01-QC-FGI2,成品目检岗2,1,3,11.0,8.0,3.0,,FULL62-W1
SX,SX-RB01,2026-08-07,夜班,N12,EMPSX0083,SX-RB01-WASHER,洗瓶机岗,0,3,11.0,8.0,3.0,,FULL62-W1
SX,SX-SYRUP,2026-08-07,夜班,N12,EMPSX0120,SX-SYRUP-SYRUP-POST1,后糖岗1,1,3,11.0,8.0,3.0,,FULL62-W1
SX,SX-SYRUP,2026-08-07,夜班,N12,EMPSX0124,SX-SYRUP-SYRUP-POST2,后糖岗2,1,3,11.0,8.0,3.0,,FULL62-W1
SX,SX-UTIL,2026-08-07,夜班,N12,EMPSX0128,SX-UTIL-WWTP,污水处理岗,0,3,11.0,8.0,3.0,,FULL62-W1
HB,HB-AS01,2026-08-08,白班,D12,EMPHB0304,HB-AS01-CARTON,上纸箱岗,0,3,11.0,8.0,3.0,,FULL62-W1
HB,HB-AS01,2026-08-08,白班,D12,EMPHB0279,HB-AS01-FILL,灌注机岗,1,3,11.0,8.0,3.0,,FULL62-W1
HB,HB-AS01,2026-08-08,白班,D12,EMPHB0249,HB-AS01-HANDLE-1,提扣机岗1,0,3,11.0,8.0,3.0,,FULL62-W1
HB,HB-AS01,2026-08-08,白班,D12,EMPHB0209,HB-AS01-HANDLE-2,提扣机岗2,0,4,11.0,8.0,3.0,,FULL62-W1
HB,HB-AS01,2026-08-08,白班,D12,EMPHB0286,HB-AS01-LABEL,贴标机岗,0,3,11.0,8.0,3.0,,FULL62-W1
HB,HB-AS01,2026-08-08,白班,D12,EMPHB0241,HB-AS01-PACK-SHRINK,膜包机岗,0,4,11.0,8.0,3.0,,FULL62-W1
HB,HB-AS01,2026-08-08,白班,D12,EMPHB0203,HB-AS01-PALLET,码垛机岗,0,3,11.0,8.0,3.0,,FULL62-W1
HB,HB-AS01,2026-08-08,白班,D12,EMPHB0272,HB-AS01-SHIFT-LEADER,生产领班,1,3,11.0,8.0,3.0,,FULL62-W1
HB,HB-AS01,2026-08-08,白班,D12,EMPHB0308,HB-AS01-UHT-1,UHT&调配&果肉操作1,1,4,11.0,8.0,3.0,,FULL62-W1
HB,HB-AS01,2026-08-08,白班,D12,EMPHB0312,HB-AS01-UHT-2,UHT&调配&果肉操作2,1,3,11.0,8.0,3.0,,FULL62-W1
HB,HB-AS01,2026-08-08,白班,D12,EMPHB0298,HB-AS01-UHT-AUX,辅助工,0,3,11.0,8.0,3.0,,FULL62-W1
HB,HB-ENG,2026-08-08,白班,D12,EMPHB0321,HB-ENG-ELEC-1,电气维修工程师1,1,4,11.0,8.0,3.0,,FULL62-W1
HB,HB-ENG2,2026-08-08,白班,D12,EMPHB0347,HB-ENG2-AIRCOMP,空压岗,1,3,11.0,8.0,3.0,,FULL62-W1
HB,HB-ENG2,2026-08-08,白班,D12,EMPHB0343,HB-ENG2-BOILER,锅炉岗,0,3,11.0,8.0,3.0,,FULL62-W1
HB,HB-ENG2,2026-08-08,白班,D12,EMPHB0335,HB-ENG2-ELEC-OUT1,外围电工1,1,4,11.0,8.0,3.0,,FULL62-W1
HB,HB-ENG2,2026-08-08,白班,D12,EMPHB0349,HB-ENG2-WWTP,污水岗,0,3,11.0,8.0,3.0,,FULL62-W1
HB,HB-PET01,2026-08-08,白班,D12,EMPHB0230,HB-PET01-BLOW,吹瓶机岗,1,3,11.0,8.0,3.0,,FULL62-W1
HB,HB-PET01,2026-08-08,白班,D12,EMPHB0215,HB-PET01-FILL,灌注机岗,1,3,11.0,8.0,3.0,,FULL62-W1
HB,HB-PET01,2026-08-08,白班,D12,EMPHB0208,HB-PET01-HANDLE-1,提扣机岗1,0,4,11.0,8.0,3.0,,FULL62-W1
HB,HB-PET01,2026-08-08,白班,D12,EMPHB0193,HB-PET01-LABEL,贴标机岗,0,3,11.0,8.0,3.0,,FULL62-W1
HB,HB-PET01,2026-08-08,白班,D12,EMPHB0244,HB-PET01-PACK-SHRINK,膜包机岗,0,3,11.0,8.0,3.0,,FULL62-W1
HB,HB-PET01,2026-08-08,白班,D12,EMPHB0291,HB-PET01-PALLET,码垛机岗,0,3,11.0,8.0,3.0,,FULL62-W1
HB,HB-PET01,2026-08-08,白班,D12,EMPHB0184,HB-PET01-SHIFT-ENG,倒班工程师,1,4,11.0,8.0,3.0,,FULL62-W1
HB,HB-PET02,2026-08-08,白班,D12,EMPHB0214,HB-PET02-BLOW-FILL,吹瓶、灌装岗位,1,3,11.0,8.0,3.0,F,FULL62-W1
HB,HB-PET03,2026-08-08,白班,D12,EMPHB0277,HB-PET03-BLOW,吹瓶机岗,1,3,11.0,8.0,3.0,,FULL62-W1
HB,HB-PET03,2026-08-08,白班,D12,EMPHB0190,HB-PET03-FILL,灌注机岗,1,4,11.0,8.0,3.0,,FULL62-W1
HB,HB-PET03,2026-08-08,白班,D12,EMPHB0285,HB-PET03-LABEL,贴标机岗,0,3,11.0,8.0,3.0,,FULL62-W1
HB,HB-PET03,2026-08-08,白班,D12,EMPHB0292,HB-PET03-PALLET,码垛机岗,0,4,11.0,8.0,3.0,,FULL62-W1
HB,HB-QC,2026-08-08,白班,D12,EMPHB0358,HB-QC-QC-RM-AS,无菌线原物料品控,1,4,11.0,8.0,3.0,,FULL62-W1
HB,HB-QC,2026-08-08,白班,D12,EMPHB0355,HB-QC-QC-RM-SODA,汽水线原物料品控,1,4,11.0,8.0,3.0,,FULL62-W1
HB,HB-QC2,2026-08-08,白班,D12,EMPHB0382,HB-QC2-QC-BLOW,吹瓶品控,1,4,11.0,8.0,3.0,,FULL62-W1
HB,HB-QC2,2026-08-08,白班,D12,EMPHB0390,HB-QC2-QC-IP-AS,无菌线制程品控,1,3,11.0,8.0,3.0,,FULL62-W1
HB,HB-QC2,2026-08-08,白班,D12,EMPHB0369,HB-QC2-QC-IP-PET01,PET01线制程品控,1,3,11.0,8.0,3.0,,FULL62-W1
HB,HB-QC2,2026-08-08,白班,D12,EMPHB0375,HB-QC2-QC-IP-PET02,PET02线制程品控,1,3,11.0,8.0,3.0,,FULL62-W1
HB,HB-QC2,2026-08-08,白班,D12,EMPHB0377,HB-QC2-QC-IP-PET03,PET03线制程品控,1,3,11.0,8.0,3.0,,FULL62-W1
HB,HB-QC2,2026-08-08,白班,D12,EMPHB0385,HB-QC2-QC-WATER,水糖品控,1,3,11.0,8.0,3.0,,FULL62-W1
HB,HB-SYRUP,2026-08-08,白班,D12,EMPHB0307,HB-SYRUP-SYRUP-POST1,后糖岗1,1,3,11.0,8.0,3.0,,FULL62-W1
HB,HB-SYRUP,2026-08-08,白班,D12,EMPHB0267,HB-SYRUP-SYRUP-POST2,后糖岗2,1,4,11.0,8.0,3.0,,FULL62-W1
HB,HB-SYRUP,2026-08-08,白班,D12,EMPHB0259,HB-SYRUP-WATER,水处理操作岗,1,4,11.0,8.0,3.0,,FULL62-W1
SX,SX-BIB01,2026-08-08,白班,D12,EMPSX0101,SX-BIB01-FILL,灌装岗,1,4,11.0,8.0,3.0,,FULL62-W1
SX,SX-BIB01,2026-08-08,白班,D12,EMPSX0062,SX-BIB01-PACK-1,包装岗1,0,1,11.0,8.0,3.0,,FULL62-W1
SX,SX-BIB01,2026-08-08,白班,D12,EMPSX0109,SX-BIB01-PACK-2,包装岗2,0,3,11.0,8.0,3.0,,FULL62-W1
SX,SX-BIB01,2026-08-08,白班,D12,EMPSX0113,SX-BIB01-PACK-3,包装岗3,0,4,11.0,8.0,3.0,,FULL62-W1
SX,SX-CAN01,2026-08-08,白班,D12,EMPSX0073,SX-CAN01-DEPAL-CAN,卸罐机岗,0,3,11.0,8.0,3.0,,FULL62-W1
SX,SX-CAN01,2026-08-08,白班,D12,EMPSX0058,SX-CAN01-FILL,灌注机岗,1,4,11.0,8.0,3.0,,FULL62-W1
SX,SX-CAN01,2026-08-08,白班,D12,EMPSX0070,SX-CAN01-PACK-MULTI,多包装机,0,4,11.0,8.0,3.0,,FULL62-W1
SX,SX-CAN01,2026-08-08,白班,D12,EMPSX0061,SX-CAN01-PACK-SHRINK,塑包机岗,0,3,11.0,8.0,3.0,,FULL62-W1
SX,SX-CAN01,2026-08-08,白班,D12,EMPSX0014,SX-CAN01-PALLET,码垛机岗,0,3,11.0,8.0,3.0,,FULL62-W1
SX,SX-ENG,2026-08-08,白班,D12,EMPSX0139,SX-ENG-AIRCOMP,制冷空压机岗,1,3,11.0,8.0,3.0,B,FULL62-W1
SX,SX-ENG,2026-08-08,白班,D12,EMPSX0129,SX-ENG-ELEC-LINE1,生产线电工1,1,3,11.0,8.0,3.0,B,FULL62-W1
SX,SX-PET01,2026-08-08,白班,D12,EMPSX0003,SX-PET01-BLOW-LABEL,吹贴机岗,1,4,11.0,8.0,3.0,,FULL62-W1
SX,SX-PET01,2026-08-08,白班,D12,EMPSX0017,SX-PET01-FGI,FGI岗,0,3,11.0,8.0,3.0,,FULL62-W1
SX,SX-PET01,2026-08-08,白班,D12,EMPSX0005,SX-PET01-FILL,灌注机岗,1,3,11.0,8.0,3.0,,FULL62-W1
SX,SX-PET01,2026-08-08,白班,D12,EMPSX0028,SX-PET01-HANDLE,提扣机岗,0,4,11.0,8.0,3.0,,FULL62-W1
SX,SX-PET01,2026-08-08,白班,D12,EMPSX0041,SX-PET01-PACK-SHRINK,塑包机岗,0,3,11.0,8.0,3.0,,FULL62-W1
SX,SX-PET01,2026-08-08,白班,D12,EMPSX0065,SX-PET01-PALLET,码垛机岗,0,3,11.0,8.0,3.0,,FULL62-W1
SX,SX-PET01,2026-08-08,白班,D12,EMPSX0021,SX-PET01-PALLET-LABEL,垛贴码岗,0,4,11.0,8.0,3.0,,FULL62-W1
SX,SX-PET02,2026-08-08,白班,D12,EMPSX0030,SX-PET02-BLOW,吹瓶机岗,1,3,11.0,8.0,3.0,,FULL62-W1
SX,SX-PET02,2026-08-08,白班,D12,EMPSX0008,SX-PET02-FILL,灌注机岗,1,4,11.0,8.0,3.0,,FULL62-W1
SX,SX-PET02,2026-08-08,白班,D12,EMPSX0034,SX-PET02-LABEL,贴标机岗,0,3,11.0,8.0,3.0,,FULL62-W1
SX,SX-PET02,2026-08-08,白班,D12,EMPSX0009,SX-PET02-PACK-SHRINK,塑包机岗,0,3,11.0,8.0,3.0,,FULL62-W1
SX,SX-QC,2026-08-08,白班,D12,EMPSX0153,SX-QC-QC-AUX,辅线品控（水、糖、BIB）,1,3,11.0,8.0,3.0,,FULL62-W1
SX,SX-QC,2026-08-08,白班,D12,EMPSX0178,SX-QC-QC-BLOW,吹瓶品控,1,4,11.0,8.0,3.0,,FULL62-W1
SX,SX-QC,2026-08-08,白班,D12,EMPSX0161,SX-QC-QC-IP-PET1,PET线品控1,1,3,11.0,8.0,3.0,,FULL62-W1
SX,SX-QC,2026-08-08,白班,D12,EMPSX0168,SX-QC-QC-IP-PET2,PET线品控2,1,4,11.0,8.0,3.0,,FULL62-W1
SX,SX-RB01,2026-08-08,白班,D12,EMPSX0074,SX-RB01-DEPAL,码卸垛机岗,0,3,11.0,8.0,3.0,,FULL62-W1
SX,SX-RB01,2026-08-08,白班,D12,EMPSX0039,SX-RB01-FILL,灌注机岗,1,4,11.0,8.0,3.0,,FULL62-W1
SX,SX-RB01,2026-08-08,白班,D12,EMPSX0078,SX-RB01-LOADER,装卸箱机岗,0,4,11.0,8.0,3.0,,FULL62-W1
SX,SX-RB01,2026-08-08,白班,D12,EMPSX0098,SX-RB01-QC-BOTTLE,空瓶检测岗,1,3,11.0,8.0,3.0,,FULL62-W1
SX,SX-RB01,2026-08-08,白班,D12,EMPSX0092,SX-RB01-QC-FGI1,成品目检岗1,1,3,11.0,8.0,3.0,,FULL62-W1
SX,SX-RB01,2026-08-08,白班,D12,EMPSX0096,SX-RB01-QC-FGI2,成品目检岗2,1,3,11.0,8.0,3.0,,FULL62-W1
SX,SX-RB01,2026-08-08,白班,D12,EMPSX0084,SX-RB01-WASHER,洗瓶机岗,0,3,11.0,8.0,3.0,,FULL62-W1
SX,SX-SYRUP,2026-08-08,白班,D12,EMPSX0117,SX-SYRUP-SYRUP-POST1,后糖岗1,1,3,11.0,8.0,3.0,,FULL62-W1
SX,SX-SYRUP,2026-08-08,白班,D12,EMPSX0122,SX-SYRUP-SYRUP-POST2,后糖岗2,1,3,11.0,8.0,3.0,,FULL62-W1
HB,HB-ENG,2026-08-08,常白班,D8,EMPHB0324,HB-ENG-ELEC-2,电气维修工程师2,1,4,8.0,8.0,0.0,,FULL62-W1
HB,HB-ENG,2026-08-08,常白班,D8,EMPHB0326,HB-ENG-ENG-BLOW,吹瓶机工程师,1,4,8.0,8.0,0.0,,FULL62-W1
HB,HB-ENG,2026-08-08,常白班,D8,EMPHB0327,HB-ENG-ENG-FILL,灌装机工程师,1,3,8.0,8.0,0.0,,FULL62-W1
HB,HB-ENG,2026-08-08,常白班,D8,EMPHB0330,HB-ENG-ENG-LABEL,贴标机工程师,1,4,8.0,8.0,0.0,,FULL62-W1
HB,HB-ENG,2026-08-08,常白班,D8,EMPHB0331,HB-ENG-ENG-PACK,膜包机工程师,1,3,8.0,8.0,0.0,,FULL62-W1
HB,HB-ENG,2026-08-08,常白班,D8,EMPHB0334,HB-ENG-ENG-PALLET,码垛机工程师,1,3,8.0,8.0,0.0,,FULL62-W1
HB,HB-ENG2,2026-08-08,常白班,D8,EMPHB0339,HB-ENG2-ELEC-OUT2,外围电工2,1,3,8.0,8.0,0.0,,FULL62-W1
HB,HB-QC,2026-08-08,常白班,D8,EMPHB0364,HB-QC-QC-MICRO-AS1,无菌线微生物品控1,1,4,8.0,8.0,0.0,A,FULL62-W1
HB,HB-QC,2026-08-08,常白班,D8,EMPHB0365,HB-QC-QC-MICRO-AS2,无菌线微生物品控2,1,3,8.0,8.0,0.0,A,FULL62-W1
HB,HB-QC,2026-08-08,常白班,D8,EMPHB0368,HB-QC-QC-MICRO-AS3,无菌线微生物品控3,1,4,8.0,8.0,0.0,A,FULL62-W1
HB,HB-QC,2026-08-08,常白班,D8,EMPHB0361,HB-QC-QC-MICRO-SODA,汽水线微生物品控,1,4,8.0,8.0,0.0,A,FULL62-W1
HB,HB-SYRUP,2026-08-08,常白班,D8,EMPHB0261,HB-SYRUP-SYRUP-PRE,前糖岗,1,3,8.0,8.0,0.0,,FULL62-W1
SX,SX-ENG,2026-08-08,常白班,D8,EMPSX0134,SX-ENG-ELEC-LINE2,生产线电工2,1,3,8.0,8.0,0.0,,FULL62-W1
SX,SX-ENG,2026-08-08,常白班,D8,EMPSX0135,SX-ENG-ELEC-OUT,外围电工,1,4,8.0,8.0,0.0,,FULL62-W1
SX,SX-QC,2026-08-08,常白班,D8,EMPSX0160,SX-QC-QC-MICRO,微生物品控,1,4,8.0,8.0,0.0,,FULL62-W1
SX,SX-QC,2026-08-08,常白班,D8,EMPSX0158,SX-QC-QC-RM,原物料品控,1,4,8.0,8.0,0.0,,FULL62-W1
SX,SX-SYRUP,2026-08-08,常白班,D8,EMPSX0116,SX-SYRUP-SYRUP-PRE,前糖岗,1,3,8.0,8.0,0.0,,FULL62-W1
SX,SX-UTIL,2026-08-08,常白班,D8,EMPSX0125,SX-UTIL-WATER,水处理操作岗,1,3,8.0,8.0,0.0,,FULL62-W1
HB,HB-AS01,2026-08-08,夜班,N12,EMPHB0303,HB-AS01-CARTON,上纸箱岗,0,4,11.0,8.0,3.0,,FULL62-W1
HB,HB-AS01,2026-08-08,夜班,N12,EMPHB0250,HB-AS01-HANDLE-1,提扣机岗1,0,3,11.0,8.0,3.0,,FULL62-W1
HB,HB-AS01,2026-08-08,夜班,N12,EMPHB0256,HB-AS01-HANDLE-2,提扣机岗2,0,3,11.0,8.0,3.0,,FULL62-W1
HB,HB-AS01,2026-08-08,夜班,N12,EMPHB0219,HB-AS01-LABEL,贴标机岗,0,4,11.0,8.0,3.0,,FULL62-W1
HB,HB-AS01,2026-08-08,夜班,N12,EMPHB0221,HB-AS01-PACK-SHRINK,膜包机岗,0,4,11.0,8.0,3.0,,FULL62-W1
HB,HB-AS01,2026-08-08,夜班,N12,EMPHB0245,HB-AS01-PALLET,码垛机岗,0,3,11.0,8.0,3.0,,FULL62-W1
HB,HB-AS01,2026-08-08,夜班,N12,EMPHB0271,HB-AS01-SHIFT-LEADER,生产领班,1,3,11.0,8.0,3.0,,FULL62-W1
HB,HB-AS01,2026-08-08,夜班,N12,EMPHB0309,HB-AS01-UHT-1,UHT&调配&果肉操作1,1,3,11.0,8.0,3.0,,FULL62-W1
HB,HB-AS01,2026-08-08,夜班,N12,EMPHB0313,HB-AS01-UHT-2,UHT&调配&果肉操作2,1,4,11.0,8.0,3.0,,FULL62-W1
HB,HB-AS01,2026-08-08,夜班,N12,EMPHB0296,HB-AS01-UHT-AUX,辅助工,0,2,11.0,8.0,3.0,,FULL62-W1
HB,HB-ENG2,2026-08-08,夜班,N12,EMPHB0341,HB-ENG2-AIRCOMP,空压岗,1,3,11.0,8.0,3.0,,FULL62-W1
HB,HB-ENG2,2026-08-08,夜班,N12,EMPHB0338,HB-ENG2-ELEC-OUT1,外围电工1,1,3,11.0,8.0,3.0,,FULL62-W1
HB,HB-ENG2,2026-08-08,夜班,N12,EMPHB0352,HB-ENG2-WWTP,污水岗,0,3,11.0,8.0,3.0,,FULL62-W1
HB,HB-PET01,2026-08-08,夜班,N12,EMPHB0281,HB-PET01-FILL,灌注机岗,1,4,11.0,8.0,3.0,,FULL62-W1
HB,HB-PET01,2026-08-08,夜班,N12,EMPHB0252,HB-PET01-HANDLE-1,提扣机岗1,0,3,11.0,8.0,3.0,,FULL62-W1
HB,HB-PET01,2026-08-08,夜班,N12,EMPHB0300,HB-PET01-HANDLE-2,提扣机岗2,0,3,11.0,8.0,3.0,,FULL62-W1
HB,HB-PET01,2026-08-08,夜班,N12,EMPHB0284,HB-PET01-LABEL,贴标机岗,0,3,11.0,8.0,3.0,,FULL62-W1
HB,HB-PET01,2026-08-08,夜班,N12,EMPHB0199,HB-PET01-PACK-SHRINK,膜包机岗,0,3,11.0,8.0,3.0,,FULL62-W1
HB,HB-PET01,2026-08-08,夜班,N12,EMPHB0294,HB-PET01-PALLET,码垛机岗,0,3,11.0,8.0,3.0,,FULL62-W1
HB,HB-PET02,2026-08-08,夜班,N12,EMPHB0216,HB-PET02-BLOW-FILL,吹瓶、灌装岗位,1,3,11.0,8.0,3.0,,FULL62-W1
HB,HB-PET02,2026-08-08,夜班,N12,EMPHB0239,HB-PET02-LABEL,贴标机岗,0,3,11.0,8.0,3.0,,FULL62-W1
HB,HB-PET02,2026-08-08,夜班,N12,EMPHB0224,HB-PET02-PACK-SHRINK,膜包机岗,0,4,11.0,8.0,3.0,,FULL62-W1
HB,HB-PET03,2026-08-08,夜班,N12,EMPHB0229,HB-PET03-BLOW,吹瓶机岗,1,4,11.0,8.0,3.0,,FULL62-W1
HB,HB-PET03,2026-08-08,夜班,N12,EMPHB0282,HB-PET03-FILL,灌注机岗,1,4,11.0,8.0,3.0,,FULL62-W1
HB,HB-PET03,2026-08-08,夜班,N12,EMPHB0295,HB-PET03-HANDLE-1,提扣机岗1,0,3,11.0,8.0,3.0,,FULL62-W1
HB,HB-PET03,2026-08-08,夜班,N12,EMPHB0237,HB-PET03-LABEL,贴标机岗,0,3,11.0,8.0,3.0,,FULL62-W1
HB,HB-PET03,2026-08-08,夜班,N12,EMPHB0200,HB-PET03-PACK-SHRINK,膜包机岗,0,3,11.0,8.0,3.0,,FULL62-W1
HB,HB-QC,2026-08-08,夜班,N12,EMPHB0359,HB-QC-QC-RM-AS,无菌线原物料品控,1,3,11.0,8.0,3.0,,FULL62-W1
HB,HB-QC,2026-08-08,夜班,N12,EMPHB0353,HB-QC-QC-RM-SODA,汽水线原物料品控,1,4,11.0,8.0,3.0,,FULL62-W1
HB,HB-QC2,2026-08-08,夜班,N12,EMPHB0383,HB-QC2-QC-BLOW,吹瓶品控,1,4,11.0,8.0,3.0,,FULL62-W1
HB,HB-QC2,2026-08-08,夜班,N12,EMPHB0392,HB-QC2-QC-IP-AS,无菌线制程品控,1,3,11.0,8.0,3.0,,FULL62-W1
HB,HB-QC2,2026-08-08,夜班,N12,EMPHB0371,HB-QC2-QC-IP-PET01,PET01线制程品控,1,3,11.0,8.0,3.0,,FULL62-W1
HB,HB-QC2,2026-08-08,夜班,N12,EMPHB0376,HB-QC2-QC-IP-PET02,PET02线制程品控,1,3,11.0,8.0,3.0,,FULL62-W1
HB,HB-QC2,2026-08-08,夜班,N12,EMPHB0386,HB-QC2-QC-WATER,水糖品控,1,3,11.0,8.0,3.0,,FULL62-W1
HB,HB-SYRUP,2026-08-08,夜班,N12,EMPHB0265,HB-SYRUP-SYRUP-POST1,后糖岗1,1,4,11.0,8.0,3.0,,FULL62-W1
HB,HB-SYRUP,2026-08-08,夜班,N12,EMPHB0270,HB-SYRUP-SYRUP-POST2,后糖岗2,1,4,11.0,8.0,3.0,,FULL62-W1
HB,HB-SYRUP,2026-08-08,夜班,N12,EMPHB0257,HB-SYRUP-WATER,水处理操作岗,1,3,11.0,8.0,3.0,,FULL62-W1
SX,SX-BIB01,2026-08-08,夜班,N12,EMPSX0103,SX-BIB01-FILL,灌装岗,1,3,11.0,8.0,3.0,,FULL62-W1
SX,SX-BIB01,2026-08-08,夜班,N12,EMPSX0106,SX-BIB01-PACK-1,包装岗1,0,3,11.0,8.0,3.0,,FULL62-W1
SX,SX-CAN01,2026-08-08,夜班,N12,EMPSX0040,SX-CAN01-FILL,灌注机岗,1,3,11.0,8.0,3.0,B,FULL62-W1
SX,SX-ENG,2026-08-08,夜班,N12,EMPSX0140,SX-ENG-AIRCOMP,制冷空压机岗,1,4,11.0,8.0,3.0,,FULL62-W1
SX,SX-ENG,2026-08-08,夜班,N12,EMPSX0141,SX-ENG-BOILER,锅炉操作岗,0,3,11.0,8.0,3.0,,FULL62-W1
SX,SX-ENG,2026-08-08,夜班,N12,EMPSX0132,SX-ENG-ELEC-LINE1,生产线电工1,1,3,11.0,8.0,3.0,,FULL62-W1
SX,SX-ENG,2026-08-08,夜班,N12,EMPSX0148,SX-ENG-MECH-LINE,生产线机修岗,0,3,11.0,8.0,3.0,,FULL62-W1
SX,SX-PET01,2026-08-08,夜班,N12,EMPSX0002,SX-PET01-BLOW-LABEL,吹贴机岗,1,3,11.0,8.0,3.0,,FULL62-W1
SX,SX-PET01,2026-08-08,夜班,N12,EMPSX0020,SX-PET01-FGI,FGI岗,0,3,11.0,8.0,3.0,,FULL62-W1
SX,SX-PET01,2026-08-08,夜班,N12,EMPSX0037,SX-PET01-FILL,灌注机岗,1,3,11.0,8.0,3.0,,FULL62-W1
SX,SX-PET01,2026-08-08,夜班,N12,EMPSX0027,SX-PET01-HANDLE,提扣机岗,0,3,11.0,8.0,3.0,,FULL62-W1
SX,SX-PET01,2026-08-08,夜班,N12,EMPSX0046,SX-PET01-PALLET,码垛机岗,0,3,11.0,8.0,3.0,,FULL62-W1
SX,SX-PET01,2026-08-08,夜班,N12,EMPSX0050,SX-PET01-PALLET-LABEL,垛贴码岗,0,3,11.0,8.0,3.0,,FULL62-W1
SX,SX-PET02,2026-08-08,夜班,N12,EMPSX0029,SX-PET02-BLOW,吹瓶机岗,1,3,11.0,8.0,3.0,,FULL62-W1
SX,SX-PET02,2026-08-08,夜班,N12,EMPSX0038,SX-PET02-FILL,灌注机岗,1,3,11.0,8.0,3.0,,FULL62-W1
SX,SX-PET02,2026-08-08,夜班,N12,EMPSX0036,SX-PET02-LABEL,贴标机岗,0,3,11.0,8.0,3.0,,FULL62-W1
SX,SX-PET02,2026-08-08,夜班,N12,EMPSX0012,SX-PET02-PACK-SHRINK,塑包机岗,0,4,11.0,8.0,3.0,,FULL62-W1
SX,SX-PET02,2026-08-08,夜班,N12,EMPSX0068,SX-PET02-PALLET,码垛机岗,0,3,11.0,8.0,3.0,,FULL62-W1
SX,SX-PET02,2026-08-08,夜班,N12,EMPSX0055,SX-PET02-PALLET-LABEL,垛贴码岗,0,3,11.0,8.0,3.0,,FULL62-W1
SX,SX-QC,2026-08-08,夜班,N12,EMPSX0154,SX-QC-QC-AUX,辅线品控（水、糖、BIB）,1,3,11.0,8.0,3.0,,FULL62-W1
SX,SX-QC,2026-08-08,夜班,N12,EMPSX0177,SX-QC-QC-BLOW,吹瓶品控,1,3,11.0,8.0,3.0,,FULL62-W1
SX,SX-QC,2026-08-08,夜班,N12,EMPSX0170,SX-QC-QC-IP-CAN,CAN线品控,1,3,11.0,8.0,3.0,,FULL62-W1
SX,SX-QC,2026-08-08,夜班,N12,EMPSX0162,SX-QC-QC-IP-PET1,PET线品控1,1,4,11.0,8.0,3.0,,FULL62-W1
SX,SX-QC,2026-08-08,夜班,N12,EMPSX0167,SX-QC-QC-IP-PET2,PET线品控2,1,4,11.0,8.0,3.0,,FULL62-W1
SX,SX-RB01,2026-08-08,夜班,N12,EMPSX0076,SX-RB01-DEPAL,码卸垛机岗,0,3,11.0,8.0,3.0,,FULL62-W1
SX,SX-RB01,2026-08-08,夜班,N12,EMPSX0087,SX-RB01-FILL,灌注机岗,1,3,11.0,8.0,3.0,,FULL62-W1
SX,SX-RB01,2026-08-08,夜班,N12,EMPSX0077,SX-RB01-LOADER,装卸箱机岗,0,3,11.0,8.0,3.0,,FULL62-W1
SX,SX-RB01,2026-08-08,夜班,N12,EMPSX0099,SX-RB01-QC-BOTTLE,空瓶检测岗,1,3,11.0,8.0,3.0,,FULL62-W1
SX,SX-RB01,2026-08-08,夜班,N12,EMPSX0091,SX-RB01-QC-FGI1,成品目检岗1,1,3,11.0,8.0,3.0,,FULL62-W1
SX,SX-RB01,2026-08-08,夜班,N12,EMPSX0095,SX-RB01-QC-FGI2,成品目检岗2,1,3,11.0,8.0,3.0,,FULL62-W1
SX,SX-RB01,2026-08-08,夜班,N12,EMPSX0081,SX-RB01-WASHER,洗瓶机岗,0,4,11.0,8.0,3.0,,FULL62-W1
SX,SX-SYRUP,2026-08-08,夜班,N12,EMPSX0118,SX-SYRUP-SYRUP-POST1,后糖岗1,1,3,11.0,8.0,3.0,,FULL62-W1
SX,SX-SYRUP,2026-08-08,夜班,N12,EMPSX0123,SX-SYRUP-SYRUP-POST2,后糖岗2,1,3,11.0,8.0,3.0,,FULL62-W1
HB,HB-AS01,2026-08-09,白班,D12,EMPHB0275,HB-AS01-BLOW,吹瓶机岗,1,3,11.0,8.0,3.0,,FULL62-W1
HB,HB-AS01,2026-08-09,白班,D12,EMPHB0306,HB-AS01-CARTON,上纸箱岗,0,4,11.0,8.0,3.0,,FULL62-W1
HB,HB-AS01,2026-08-09,白班,D12,EMPHB0235,HB-AS01-FILL,灌注机岗,1,3,11.0,8.0,3.0,,FULL62-W1
HB,HB-AS01,2026-08-09,白班,D12,EMPHB0298,HB-AS01-HANDLE-1,提扣机岗1,0,3,11.0,8.0,3.0,,FULL62-W1
HB,HB-AS01,2026-08-09,白班,D12,EMPHB0217,HB-AS01-LABEL,贴标机岗,0,3,11.0,8.0,3.0,,FULL62-W1
HB,HB-AS01,2026-08-09,白班,D12,EMPHB0289,HB-AS01-PACK-SHRINK,膜包机岗,0,3,11.0,8.0,3.0,,FULL62-W1
HB,HB-AS01,2026-08-09,白班,D12,EMPHB0204,HB-AS01-PALLET,码垛机岗,0,3,11.0,8.0,3.0,,FULL62-W1
HB,HB-AS01,2026-08-09,白班,D12,EMPHB0273,HB-AS01-SHIFT-LEADER,生产领班,1,3,11.0,8.0,3.0,,FULL62-W1
HB,HB-AS01,2026-08-09,白班,D12,EMPHB0302,HB-AS01-UHT-AUX,辅助工,0,2,11.0,8.0,3.0,,FULL62-W1
HB,HB-ENG,2026-08-09,白班,D12,EMPHB0321,HB-ENG-ELEC-1,电气维修工程师1,1,4,11.0,8.0,3.0,,FULL62-W1
HB,HB-ENG2,2026-08-09,白班,D12,EMPHB0348,HB-ENG2-AIRCOMP,空压岗,1,4,11.0,8.0,3.0,,FULL62-W1
HB,HB-ENG2,2026-08-09,白班,D12,EMPHB0344,HB-ENG2-BOILER,锅炉岗,0,4,11.0,8.0,3.0,,FULL62-W1
HB,HB-ENG2,2026-08-09,白班,D12,EMPHB0336,HB-ENG2-ELEC-OUT1,外围电工1,1,3,11.0,8.0,3.0,,FULL62-W1
HB,HB-ENG2,2026-08-09,白班,D12,EMPHB0351,HB-ENG2-WWTP,污水岗,0,3,11.0,8.0,3.0,,FULL62-W1
HB,HB-PET01,2026-08-09,白班,D12,EMPHB0213,HB-PET01-FILL,灌注机岗,1,3,11.0,8.0,3.0,,FULL62-W1
HB,HB-PET01,2026-08-09,白班,D12,EMPHB0299,HB-PET01-HANDLE-1,提扣机岗1,0,2,11.0,8.0,3.0,,FULL62-W1
HB,HB-PET01,2026-08-09,白班,D12,EMPHB0210,HB-PET01-HANDLE-2,提扣机岗2,0,3,11.0,8.0,3.0,,FULL62-W1
HB,HB-PET01,2026-08-09,白班,D12,EMPHB0283,HB-PET01-LABEL,贴标机岗,0,3,11.0,8.0,3.0,,FULL62-W1
HB,HB-PET01,2026-08-09,白班,D12,EMPHB0226,HB-PET01-PALLET,码垛机岗,0,3,11.0,8.0,3.0,,FULL62-W1
HB,HB-PET02,2026-08-09,白班,D12,EMPHB0192,HB-PET02-BLOW-FILL,吹瓶、灌装岗位,1,3,11.0,8.0,3.0,,FULL62-W1
HB,HB-PET02,2026-08-09,白班,D12,EMPHB0197,HB-PET02-PACK-SHRINK,膜包机岗,0,4,11.0,8.0,3.0,,FULL62-W1
HB,HB-PET02,2026-08-09,白班,D12,EMPHB0248,HB-PET02-PALLET,码垛机岗,0,3,11.0,8.0,3.0,,FULL62-W1
HB,HB-PET03,2026-08-09,白班,D12,EMPHB0277,HB-PET03-BLOW,吹瓶机岗,1,3,11.0,8.0,3.0,,FULL62-W1
HB,HB-PET03,2026-08-09,白班,D12,EMPHB0234,HB-PET03-FILL,灌注机岗,1,4,11.0,8.0,3.0,,FULL62-W1
HB,HB-PET03,2026-08-09,白班,D12,EMPHB0305,HB-PET03-HANDLE-1,提扣机岗1,0,3,11.0,8.0,3.0,,FULL62-W1
HB,HB-PET03,2026-08-09,白班,D12,EMPHB0212,HB-PET03-HANDLE-2,提扣机岗2,0,3,11.0,8.0,3.0,,FULL62-W1
HB,HB-PET03,2026-08-09,白班,D12,EMPHB0238,HB-PET03-LABEL,贴标机岗,0,3,11.0,8.0,3.0,,FULL62-W1
HB,HB-PET03,2026-08-09,白班,D12,EMPHB0243,HB-PET03-PACK-SHRINK,膜包机岗,0,3,11.0,8.0,3.0,,FULL62-W1
HB,HB-PET03,2026-08-09,白班,D12,EMPHB0291,HB-PET03-PALLET,码垛机岗,0,3,11.0,8.0,3.0,,FULL62-W1
HB,HB-QC,2026-08-09,白班,D12,EMPHB0358,HB-QC-QC-RM-AS,无菌线原物料品控,1,4,11.0,8.0,3.0,,FULL62-W1
HB,HB-QC,2026-08-09,白班,D12,EMPHB0356,HB-QC-QC-RM-SODA,汽水线原物料品控,1,3,11.0,8.0,3.0,,FULL62-W1
HB,HB-QC2,2026-08-09,白班,D12,EMPHB0382,HB-QC2-QC-BLOW,吹瓶品控,1,4,11.0,8.0,3.0,,FULL62-W1
HB,HB-QC2,2026-08-09,白班,D12,EMPHB0391,HB-QC2-QC-IP-AS,无菌线制程品控,1,3,11.0,8.0,3.0,,FULL62-W1
HB,HB-QC2,2026-08-09,白班,D12,EMPHB0374,HB-QC2-QC-IP-PET02,PET02线制程品控,1,3,11.0,8.0,3.0,,FULL62-W1
HB,HB-QC2,2026-08-09,白班,D12,EMPHB0378,HB-QC2-QC-IP-PET03,PET03线制程品控,1,3,11.0,8.0,3.0,,FULL62-W1
HB,HB-QC2,2026-08-09,白班,D12,EMPHB0387,HB-QC2-QC-WATER,水糖品控,1,3,11.0,8.0,3.0,,FULL62-W1
HB,HB-SYRUP,2026-08-09,白班,D12,EMPHB0264,HB-SYRUP-SYRUP-POST1,后糖岗1,1,4,11.0,8.0,3.0,,FULL62-W1
HB,HB-SYRUP,2026-08-09,白班,D12,EMPHB0269,HB-SYRUP-SYRUP-POST2,后糖岗2,1,4,11.0,8.0,3.0,,FULL62-W1
HB,HB-SYRUP,2026-08-09,白班,D12,EMPHB0260,HB-SYRUP-WATER,水处理操作岗,1,3,11.0,8.0,3.0,,FULL62-W1
SX,SX-BIB01,2026-08-09,白班,D12,EMPSX0102,SX-BIB01-FILL,灌装岗,1,3,11.0,8.0,3.0,,FULL62-W1
SX,SX-BIB01,2026-08-09,白班,D12,EMPSX0042,SX-BIB01-PACK-1,包装岗1,0,1,11.0,8.0,3.0,,FULL62-W1
SX,SX-BIB01,2026-08-09,白班,D12,EMPSX0114,SX-BIB01-PACK-3,包装岗3,0,3,11.0,8.0,3.0,,FULL62-W1
SX,SX-CAN01,2026-08-09,白班,D12,EMPSX0053,SX-CAN01-DEPAL-CAN,卸罐机岗,0,3,11.0,8.0,3.0,,FULL62-W1
SX,SX-CAN01,2026-08-09,白班,D12,EMPSX0039,SX-CAN01-FILL,灌注机岗,1,4,11.0,8.0,3.0,,FULL62-W1
SX,SX-CAN01,2026-08-09,白班,D12,EMPSX0071,SX-CAN01-PACK-MULTI,多包装机,0,4,11.0,8.0,3.0,,FULL62-W1
SX,SX-CAN01,2026-08-09,白班,D12,EMPSX0010,SX-CAN01-PACK-SHRINK,塑包机岗,0,3,11.0,8.0,3.0,,FULL62-W1
SX,SX-ENG,2026-08-09,白班,D12,EMPSX0137,SX-ENG-AIRCOMP,制冷空压机岗,1,3,11.0,8.0,3.0,,FULL62-W1
SX,SX-ENG,2026-08-09,白班,D12,EMPSX0142,SX-ENG-BOILER,锅炉操作岗,0,3,11.0,8.0,3.0,,FULL62-W1
SX,SX-ENG,2026-08-09,白班,D12,EMPSX0130,SX-ENG-ELEC-LINE1,生产线电工1,1,3,11.0,8.0,3.0,,FULL62-W1
SX,SX-ENG,2026-08-09,白班,D12,EMPSX0145,SX-ENG-MECH-LINE,生产线机修岗,0,3,11.0,8.0,3.0,,FULL62-W1
SX,SX-ENG,2026-08-09,白班,D12,EMPSX0150,SX-ENG-MECH-LINE,生产线机修岗,0,3,11.0,8.0,3.0,,FULL62-W1
SX,SX-ENG,2026-08-09,白班,D12,EMPSX0152,SX-ENG-MECH-LINE,生产线机修岗,0,3,11.0,8.0,3.0,,FULL62-W1
SX,SX-PET01,2026-08-09,白班,D12,EMPSX0001,SX-PET01-BLOW-LABEL,吹贴机岗,1,3,11.0,8.0,3.0,,FULL62-W1
SX,SX-PET01,2026-08-09,白班,D12,EMPSX0018,SX-PET01-FGI,FGI岗,0,4,11.0,8.0,3.0,,FULL62-W1
SX,SX-PET01,2026-08-09,白班,D12,EMPSX0058,SX-PET01-FILL,灌注机岗,1,4,11.0,8.0,3.0,,FULL62-W1
SX,SX-PET01,2026-08-09,白班,D12,EMPSX0025,SX-PET01-HANDLE,提扣机岗,0,3,11.0,8.0,3.0,,FULL62-W1
SX,SX-PET01,2026-08-09,白班,D12,EMPSX0041,SX-PET01-PACK-SHRINK,塑包机岗,0,3,11.0,8.0,3.0,,FULL62-W1
SX,SX-PET01,2026-08-09,白班,D12,EMPSX0048,SX-PET01-PALLET,码垛机岗,0,3,11.0,8.0,3.0,,FULL62-W1
SX,SX-PET01,2026-08-09,白班,D12,EMPSX0023,SX-PET01-PALLET-LABEL,垛贴码岗,0,3,11.0,8.0,3.0,,FULL62-W1
SX,SX-PET02,2026-08-09,白班,D12,EMPSX0006,SX-PET02-FILL,灌注机岗,1,4,11.0,8.0,3.0,,FULL62-W1
SX,SX-PET02,2026-08-09,白班,D12,EMPSX0035,SX-PET02-LABEL,贴标机岗,0,3,11.0,8.0,3.0,,FULL62-W1
SX,SX-PET02,2026-08-09,白班,D12,EMPSX0065,SX-PET02-PALLET,码垛机岗,0,3,11.0,8.0,3.0,,FULL62-W1
SX,SX-PET02,2026-08-09,白班,D12,EMPSX0051,SX-PET02-PALLET-LABEL,垛贴码岗,0,3,11.0,8.0,3.0,,FULL62-W1
SX,SX-QC,2026-08-09,白班,D12,EMPSX0155,SX-QC-QC-AUX,辅线品控（水、糖、BIB）,1,3,11.0,8.0,3.0,,FULL62-W1
SX,SX-QC,2026-08-09,白班,D12,EMPSX0179,SX-QC-QC-BLOW,吹瓶品控,1,3,11.0,8.0,3.0,,FULL62-W1
SX,SX-QC,2026-08-09,白班,D12,EMPSX0169,SX-QC-QC-IP-CAN,CAN线品控,1,4,11.0,8.0,3.0,,FULL62-W1
SX,SX-QC,2026-08-09,白班,D12,EMPSX0163,SX-QC-QC-IP-PET1,PET线品控1,1,3,11.0,8.0,3.0,,FULL62-W1
SX,SX-QC,2026-08-09,白班,D12,EMPSX0165,SX-QC-QC-IP-PET2,PET线品控2,1,3,11.0,8.0,3.0,,FULL62-W1
SX,SX-QC,2026-08-09,白班,D12,EMPSX0174,SX-QC-QC-IP-RB,RB线品控,1,3,11.0,8.0,3.0,,FULL62-W1
SX,SX-RB01,2026-08-09,白班,D12,EMPSX0073,SX-RB01-DEPAL,码卸垛机岗,0,3,11.0,8.0,3.0,,FULL62-W1
SX,SX-RB01,2026-08-09,白班,D12,EMPSX0060,SX-RB01-FILL,灌注机岗,1,3,11.0,8.0,3.0,,FULL62-W1
SX,SX-RB01,2026-08-09,白班,D12,EMPSX0080,SX-RB01-LOADER,装卸箱机岗,0,3,11.0,8.0,3.0,,FULL62-W1
SX,SX-RB01,2026-08-09,白班,D12,EMPSX0098,SX-RB01-QC-BOTTLE,空瓶检测岗,1,3,11.0,8.0,3.0,,FULL62-W1
SX,SX-RB01,2026-08-09,白班,D12,EMPSX0092,SX-RB01-QC-FGI1,成品目检岗1,1,3,11.0,8.0,3.0,,FULL62-W1
SX,SX-RB01,2026-08-09,白班,D12,EMPSX0093,SX-RB01-QC-FGI2,成品目检岗2,1,3,11.0,8.0,3.0,,FULL62-W1
SX,SX-RB01,2026-08-09,白班,D12,EMPSX0082,SX-RB01-WASHER,洗瓶机岗,0,3,11.0,8.0,3.0,,FULL62-W1
SX,SX-SYRUP,2026-08-09,白班,D12,EMPSX0117,SX-SYRUP-SYRUP-POST1,后糖岗1,1,3,11.0,8.0,3.0,,FULL62-W1
SX,SX-SYRUP,2026-08-09,白班,D12,EMPSX0121,SX-SYRUP-SYRUP-POST2,后糖岗2,1,3,11.0,8.0,3.0,,FULL62-W1
HB,HB-ENG,2026-08-09,常白班,D8,EMPHB0323,HB-ENG-ELEC-2,电气维修工程师2,1,4,8.0,8.0,0.0,,FULL62-W1
HB,HB-ENG,2026-08-09,常白班,D8,EMPHB0325,HB-ENG-ENG-BLOW,吹瓶机工程师,1,3,8.0,8.0,0.0,,FULL62-W1
HB,HB-ENG,2026-08-09,常白班,D8,EMPHB0327,HB-ENG-ENG-FILL,灌装机工程师,1,3,8.0,8.0,0.0,,FULL62-W1
HB,HB-ENG,2026-08-09,常白班,D8,EMPHB0330,HB-ENG-ENG-LABEL,贴标机工程师,1,4,8.0,8.0,0.0,,FULL62-W1
HB,HB-ENG,2026-08-09,常白班,D8,EMPHB0332,HB-ENG-ENG-PACK,膜包机工程师,1,3,8.0,8.0,0.0,,FULL62-W1
HB,HB-ENG,2026-08-09,常白班,D8,EMPHB0333,HB-ENG-ENG-PALLET,码垛机工程师,1,4,8.0,8.0,0.0,,FULL62-W1
HB,HB-ENG2,2026-08-09,常白班,D8,EMPHB0339,HB-ENG2-ELEC-OUT2,外围电工2,1,3,8.0,8.0,0.0,,FULL62-W1
HB,HB-QC,2026-08-09,常白班,D8,EMPHB0363,HB-QC-QC-MICRO-AS1,无菌线微生物品控1,1,3,8.0,8.0,0.0,,FULL62-W1
HB,HB-QC,2026-08-09,常白班,D8,EMPHB0366,HB-QC-QC-MICRO-AS2,无菌线微生物品控2,1,3,8.0,8.0,0.0,,FULL62-W1
HB,HB-QC,2026-08-09,常白班,D8,EMPHB0368,HB-QC-QC-MICRO-AS3,无菌线微生物品控3,1,4,8.0,8.0,0.0,,FULL62-W1
HB,HB-QC,2026-08-09,常白班,D8,EMPHB0361,HB-QC-QC-MICRO-SODA,汽水线微生物品控,1,4,8.0,8.0,0.0,,FULL62-W1
HB,HB-SYRUP,2026-08-09,常白班,D8,EMPHB0262,HB-SYRUP-SYRUP-PRE,前糖岗,1,3,8.0,8.0,0.0,,FULL62-W1
SX,SX-ENG,2026-08-09,常白班,D8,EMPSX0133,SX-ENG-ELEC-LINE2,生产线电工2,1,3,8.0,8.0,0.0,,FULL62-W1
SX,SX-ENG,2026-08-09,常白班,D8,EMPSX0136,SX-ENG-ELEC-OUT,外围电工,1,4,8.0,8.0,0.0,,FULL62-W1
SX,SX-QC,2026-08-09,常白班,D8,EMPSX0160,SX-QC-QC-MICRO,微生物品控,1,4,8.0,8.0,0.0,C,FULL62-W1
SX,SX-QC,2026-08-09,常白班,D8,EMPSX0157,SX-QC-QC-RM,原物料品控,1,3,8.0,8.0,0.0,C,FULL62-W1
SX,SX-SYRUP,2026-08-09,常白班,D8,EMPSX0115,SX-SYRUP-SYRUP-PRE,前糖岗,1,3,8.0,8.0,0.0,,FULL62-W1
SX,SX-UTIL,2026-08-09,常白班,D8,EMPSX0125,SX-UTIL-WATER,水处理操作岗,1,3,8.0,8.0,0.0,,FULL62-W1
HB,HB-AS01,2026-08-09,夜班,N12,EMPHB0230,HB-AS01-BLOW,吹瓶机岗,1,3,11.0,8.0,3.0,,FULL62-W1
HB,HB-AS01,2026-08-09,夜班,N12,EMPHB0303,HB-AS01-CARTON,上纸箱岗,0,4,11.0,8.0,3.0,,FULL62-W1
HB,HB-AS01,2026-08-09,夜班,N12,EMPHB0295,HB-AS01-HANDLE-1,提扣机岗1,0,3,11.0,8.0,3.0,,FULL62-W1
HB,HB-AS01,2026-08-09,夜班,N12,EMPHB0301,HB-AS01-HANDLE-2,提扣机岗2,0,4,11.0,8.0,3.0,,FULL62-W1
HB,HB-AS01,2026-08-09,夜班,N12,EMPHB0224,HB-AS01-PACK-SHRINK,膜包机岗,0,4,11.0,8.0,3.0,,FULL62-W1
HB,HB-AS01,2026-08-09,夜班,N12,EMPHB0183,HB-AS01-SHIFT-LEADER,生产领班,1,3,11.0,8.0,3.0,,FULL62-W1
HB,HB-AS01,2026-08-09,夜班,N12,EMPHB0308,HB-AS01-UHT-1,UHT&调配&果肉操作1,1,4,11.0,8.0,3.0,,FULL62-W1
HB,HB-AS01,2026-08-09,夜班,N12,EMPHB0312,HB-AS01-UHT-2,UHT&调配&果肉操作2,1,3,11.0,8.0,3.0,,FULL62-W1
HB,HB-AS01,2026-08-09,夜班,N12,EMPHB0317,HB-AS01-UHT-AUX,辅助工,0,3,11.0,8.0,3.0,,FULL62-W1
HB,HB-ENG2,2026-08-09,夜班,N12,EMPHB0346,HB-ENG2-AIRCOMP,空压岗,1,3,11.0,8.0,3.0,,FULL62-W1
HB,HB-ENG2,2026-08-09,夜班,N12,EMPHB0352,HB-ENG2-WWTP,污水岗,0,3,11.0,8.0,3.0,,FULL62-W1
HB,HB-PET01,2026-08-09,夜班,N12,EMPHB0188,HB-PET01-BLOW,吹瓶机岗,1,3,11.0,8.0,3.0,,FULL62-W1
HB,HB-PET01,2026-08-09,夜班,N12,EMPHB0279,HB-PET01-FILL,灌注机岗,1,3,11.0,8.0,3.0,,FULL62-W1
HB,HB-PET01,2026-08-09,夜班,N12,EMPHB0250,HB-PET01-HANDLE-1,提扣机岗1,0,3,11.0,8.0,3.0,,FULL62-W1
HB,HB-PET01,2026-08-09,夜班,N12,EMPHB0253,HB-PET01-HANDLE-2,提扣机岗2,0,3,11.0,8.0,3.0,,FULL62-W1
HB,HB-PET01,2026-08-09,夜班,N12,EMPHB0290,HB-PET01-PACK-SHRINK,膜包机岗,0,3,11.0,8.0,3.0,,FULL62-W1
HB,HB-PET01,2026-08-09,夜班,N12,EMPHB0182,HB-PET01-SHIFT-ENG,倒班工程师,1,3,11.0,8.0,3.0,,FULL62-W1
HB,HB-PET02,2026-08-09,夜班,N12,EMPHB0220,HB-PET02-LABEL,贴标机岗,0,4,11.0,8.0,3.0,,FULL62-W1
HB,HB-PET02,2026-08-09,夜班,N12,EMPHB0244,HB-PET02-PACK-SHRINK,膜包机岗,0,3,11.0,8.0,3.0,,FULL62-W1
HB,HB-PET02,2026-08-09,夜班,N12,EMPHB0225,HB-PET02-PALLET,码垛机岗,0,3,11.0,8.0,3.0,,FULL62-W1
HB,HB-PET03,2026-08-09,夜班,N12,EMPHB0276,HB-PET03-BLOW,吹瓶机岗,1,3,11.0,8.0,3.0,,FULL62-W1
HB,HB-PET03,2026-08-09,夜班,N12,EMPHB0233,HB-PET03-FILL,灌注机岗,1,3,11.0,8.0,3.0,,FULL62-W1
HB,HB-PET03,2026-08-09,夜班,N12,EMPHB0208,HB-PET03-HANDLE-1,提扣机岗1,0,4,11.0,8.0,3.0,,FULL62-W1
HB,HB-PET03,2026-08-09,夜班,N12,EMPHB0318,HB-PET03-HANDLE-2,提扣机岗2,0,2,11.0,8.0,3.0,,FULL62-W1
HB,HB-PET03,2026-08-09,夜班,N12,EMPHB0196,HB-PET03-LABEL,贴标机岗,0,4,11.0,8.0,3.0,,FULL62-W1
HB,HB-PET03,2026-08-09,夜班,N12,EMPHB0241,HB-PET03-PACK-SHRINK,膜包机岗,0,4,11.0,8.0,3.0,,FULL62-W1
HB,HB-PET03,2026-08-09,夜班,N12,EMPHB0201,HB-PET03-PALLET,码垛机岗,0,4,11.0,8.0,3.0,,FULL62-W1
HB,HB-QC,2026-08-09,夜班,N12,EMPHB0359,HB-QC-QC-RM-AS,无菌线原物料品控,1,3,11.0,8.0,3.0,,FULL62-W1
HB,HB-QC,2026-08-09,夜班,N12,EMPHB0353,HB-QC-QC-RM-SODA,汽水线原物料品控,1,4,11.0,8.0,3.0,,FULL62-W1
HB,HB-QC2,2026-08-09,夜班,N12,EMPHB0381,HB-QC2-QC-BLOW,吹瓶品控,1,3,11.0,8.0,3.0,,FULL62-W1
HB,HB-QC2,2026-08-09,夜班,N12,EMPHB0389,HB-QC2-QC-IP-AS,无菌线制程品控,1,3,11.0,8.0,3.0,,FULL62-W1
HB,HB-QC2,2026-08-09,夜班,N12,EMPHB0370,HB-QC2-QC-IP-PET01,PET01线制程品控,1,3,11.0,8.0,3.0,,FULL62-W1
HB,HB-QC2,2026-08-09,夜班,N12,EMPHB0375,HB-QC2-QC-IP-PET02,PET02线制程品控,1,3,11.0,8.0,3.0,,FULL62-W1
HB,HB-QC2,2026-08-09,夜班,N12,EMPHB0386,HB-QC2-QC-WATER,水糖品控,1,3,11.0,8.0,3.0,,FULL62-W1
HB,HB-SYRUP,2026-08-09,夜班,N12,EMPHB0266,HB-SYRUP-SYRUP-POST1,后糖岗1,1,4,11.0,8.0,3.0,,FULL62-W1
HB,HB-SYRUP,2026-08-09,夜班,N12,EMPHB0257,HB-SYRUP-WATER,水处理操作岗,1,3,11.0,8.0,3.0,,FULL62-W1
SX,SX-BIB01,2026-08-09,夜班,N12,EMPSX0101,SX-BIB01-FILL,灌装岗,1,4,11.0,8.0,3.0,,FULL62-W1
SX,SX-BIB01,2026-08-09,夜班,N12,EMPSX0062,SX-BIB01-PACK-1,包装岗1,0,1,11.0,8.0,3.0,,FULL62-W1
SX,SX-BIB01,2026-08-09,夜班,N12,EMPSX0110,SX-BIB01-PACK-2,包装岗2,0,3,11.0,8.0,3.0,,FULL62-W1
SX,SX-CAN01,2026-08-09,夜班,N12,EMPSX0056,SX-CAN01-DEPAL-CAN,卸罐机岗,0,3,11.0,8.0,3.0,,FULL62-W1
SX,SX-CAN01,2026-08-09,夜班,N12,EMPSX0066,SX-CAN01-PALLET,码垛机岗,0,3,11.0,8.0,3.0,,FULL62-W1
SX,SX-ENG,2026-08-09,夜班,N12,EMPSX0138,SX-ENG-AIRCOMP,制冷空压机岗,1,4,11.0,8.0,3.0,B,FULL62-W1
SX,SX-ENG,2026-08-09,夜班,N12,EMPSX0129,SX-ENG-ELEC-LINE1,生产线电工1,1,3,11.0,8.0,3.0,B,FULL62-W1
SX,SX-PET01,2026-08-09,夜班,N12,EMPSX0002,SX-PET01-BLOW-LABEL,吹贴机岗,1,3,11.0,8.0,3.0,,FULL62-W1
SX,SX-PET01,2026-08-09,夜班,N12,EMPSX0017,SX-PET01-FGI,FGI岗,0,3,11.0,8.0,3.0,,FULL62-W1
SX,SX-PET01,2026-08-09,夜班,N12,EMPSX0027,SX-PET01-HANDLE,提扣机岗,0,3,11.0,8.0,3.0,,FULL62-W1
SX,SX-PET01,2026-08-09,夜班,N12,EMPSX0011,SX-PET01-PACK-SHRINK,塑包机岗,0,3,11.0,8.0,3.0,,FULL62-W1
SX,SX-PET01,2026-08-09,夜班,N12,EMPSX0067,SX-PET01-PALLET,码垛机岗,0,3,11.0,8.0,3.0,,FULL62-W1
SX,SX-PET01,2026-08-09,夜班,N12,EMPSX0050,SX-PET01-PALLET-LABEL,垛贴码岗,0,3,11.0,8.0,3.0,,FULL62-W1
SX,SX-PET02,2026-08-09,夜班,N12,EMPSX0031,SX-PET02-BLOW,吹瓶机岗,1,3,11.0,8.0,3.0,,FULL62-W1
SX,SX-PET02,2026-08-09,夜班,N12,EMPSX0009,SX-PET02-PACK-SHRINK,塑包机岗,0,3,11.0,8.0,3.0,,FULL62-W1
SX,SX-PET02,2026-08-09,夜班,N12,EMPSX0049,SX-PET02-PALLET,码垛机岗,0,3,11.0,8.0,3.0,,FULL62-W1
SX,SX-PET02,2026-08-09,夜班,N12,EMPSX0021,SX-PET02-PALLET-LABEL,垛贴码岗,0,4,11.0,8.0,3.0,,FULL62-W1
SX,SX-QC,2026-08-09,夜班,N12,EMPSX0156,SX-QC-QC-AUX,辅线品控（水、糖、BIB）,1,3,11.0,8.0,3.0,A,FULL62-W1
SX,SX-QC,2026-08-09,夜班,N12,EMPSX0177,SX-QC-QC-BLOW,吹瓶品控,1,3,11.0,8.0,3.0,A,FULL62-W1
SX,SX-QC,2026-08-09,夜班,N12,EMPSX0170,SX-QC-QC-IP-CAN,CAN线品控,1,3,11.0,8.0,3.0,A,FULL62-W1
SX,SX-QC,2026-08-09,夜班,N12,EMPSX0162,SX-QC-QC-IP-PET1,PET线品控1,1,4,11.0,8.0,3.0,A,FULL62-W1
SX,SX-QC,2026-08-09,夜班,N12,EMPSX0167,SX-QC-QC-IP-PET2,PET线品控2,1,4,11.0,8.0,3.0,A,FULL62-W1
SX,SX-QC,2026-08-09,夜班,N12,EMPSX0176,SX-QC-QC-IP-RB,RB线品控,1,3,11.0,8.0,3.0,A,FULL62-W1
SX,SX-RB01,2026-08-09,夜班,N12,EMPSX0075,SX-RB01-DEPAL,码卸垛机岗,0,3,11.0,8.0,3.0,,FULL62-W1
SX,SX-RB01,2026-08-09,夜班,N12,EMPSX0037,SX-RB01-FILL,灌注机岗,1,3,11.0,8.0,3.0,,FULL62-W1
SX,SX-RB01,2026-08-09,夜班,N12,EMPSX0078,SX-RB01-LOADER,装卸箱机岗,0,4,11.0,8.0,3.0,,FULL62-W1
SX,SX-RB01,2026-08-09,夜班,N12,EMPSX0099,SX-RB01-QC-BOTTLE,空瓶检测岗,1,3,11.0,8.0,3.0,,FULL62-W1
SX,SX-RB01,2026-08-09,夜班,N12,EMPSX0089,SX-RB01-QC-FGI1,成品目检岗1,1,3,11.0,8.0,3.0,,FULL62-W1
SX,SX-RB01,2026-08-09,夜班,N12,EMPSX0084,SX-RB01-WASHER,洗瓶机岗,0,3,11.0,8.0,3.0,,FULL62-W1
SX,SX-SYRUP,2026-08-09,夜班,N12,EMPSX0118,SX-SYRUP-SYRUP-POST1,后糖岗1,1,3,11.0,8.0,3.0,,FULL62-W1
SX,SX-UTIL,2026-08-09,夜班,N12,EMPSX0127,SX-UTIL-WWTP,污水处理岗,0,4,11.0,8.0,3.0,,FULL62-W1
HB,HB-AS01,2026-08-10,白班,D12,EMPHB0306,HB-AS01-CARTON,上纸箱岗,0,4,11.0,8.0,3.0,,FULL62-W1
HB,HB-AS01,2026-08-10,白班,D12,EMPHB0235,HB-AS01-FILL,灌注机岗,1,3,11.0,8.0,3.0,,FULL62-W1
HB,HB-AS01,2026-08-10,白班,D12,EMPHB0249,HB-AS01-HANDLE-1,提扣机岗1,0,3,11.0,8.0,3.0,,FULL62-W1
HB,HB-AS01,2026-08-10,白班,D12,EMPHB0255,HB-AS01-HANDLE-2,提扣机岗2,0,3,11.0,8.0,3.0,,FULL62-W1
HB,HB-AS01,2026-08-10,白班,D12,EMPHB0287,HB-AS01-PACK-SHRINK,膜包机岗,0,3,11.0,8.0,3.0,,FULL62-W1
HB,HB-AS01,2026-08-10,白班,D12,EMPHB0202,HB-AS01-PALLET,码垛机岗,0,3,11.0,8.0,3.0,,FULL62-W1
HB,HB-AS01,2026-08-10,白班,D12,EMPHB0273,HB-AS01-SHIFT-LEADER,生产领班,1,3,11.0,8.0,3.0,,FULL62-W1
HB,HB-AS01,2026-08-10,白班,D12,EMPHB0307,HB-AS01-UHT-1,UHT&调配&果肉操作1,1,4,11.0,8.0,3.0,,FULL62-W1
HB,HB-AS01,2026-08-10,白班,D12,EMPHB0313,HB-AS01-UHT-2,UHT&调配&果肉操作2,1,4,11.0,8.0,3.0,,FULL62-W1
HB,HB-AS01,2026-08-10,白班,D12,EMPHB0298,HB-AS01-UHT-AUX,辅助工,0,3,11.0,8.0,3.0,,FULL62-W1
HB,HB-ENG,2026-08-10,白班,D12,EMPHB0319,HB-ENG-ELEC-1,电气维修工程师1,1,3,11.0,8.0,3.0,,FULL62-W1
HB,HB-ENG2,2026-08-10,白班,D12,EMPHB0348,HB-ENG2-AIRCOMP,空压岗,1,4,11.0,8.0,3.0,C,FULL62-W1
HB,HB-ENG2,2026-08-10,白班,D12,EMPHB0337,HB-ENG2-ELEC-OUT1,外围电工1,1,4,11.0,8.0,3.0,C,FULL62-W1
HB,HB-PET01,2026-08-10,白班,D12,EMPHB0277,HB-PET01-BLOW,吹瓶机岗,1,3,11.0,8.0,3.0,,FULL62-W1
HB,HB-PET01,2026-08-10,白班,D12,EMPHB0191,HB-PET01-FILL,灌注机岗,1,4,11.0,8.0,3.0,,FULL62-W1
HB,HB-PET01,2026-08-10,白班,D12,EMPHB0251,HB-PET01-HANDLE-1,提扣机岗1,0,4,11.0,8.0,3.0,,FULL62-W1
HB,HB-PET01,2026-08-10,白班,D12,EMPHB0299,HB-PET01-HANDLE-2,提扣机岗2,0,3,11.0,8.0,3.0,,FULL62-W1
HB,HB-PET01,2026-08-10,白班,D12,EMPHB0284,HB-PET01-LABEL,贴标机岗,0,3,11.0,8.0,3.0,,FULL62-W1
HB,HB-PET01,2026-08-10,白班,D12,EMPHB0243,HB-PET01-PACK-SHRINK,膜包机岗,0,3,11.0,8.0,3.0,,FULL62-W1
HB,HB-PET01,2026-08-10,白班,D12,EMPHB0294,HB-PET01-PALLET,码垛机岗,0,3,11.0,8.0,3.0,,FULL62-W1
HB,HB-PET01,2026-08-10,白班,D12,EMPHB0181,HB-PET01-SHIFT-ENG,倒班工程师,1,4,11.0,8.0,3.0,,FULL62-W1
HB,HB-PET02,2026-08-10,白班,D12,EMPHB0215,HB-PET02-BLOW-FILL,吹瓶、灌装岗位,1,3,11.0,8.0,3.0,,FULL62-W1
HB,HB-PET02,2026-08-10,白班,D12,EMPHB0195,HB-PET02-LABEL,贴标机岗,0,3,11.0,8.0,3.0,,FULL62-W1
HB,HB-PET02,2026-08-10,白班,D12,EMPHB0288,HB-PET02-PACK-SHRINK,膜包机岗,0,3,11.0,8.0,3.0,,FULL62-W1
HB,HB-PET02,2026-08-10,白班,D12,EMPHB0227,HB-PET02-PALLET,码垛机岗,0,4,11.0,8.0,3.0,,FULL62-W1
HB,HB-PET03,2026-08-10,白班,D12,EMPHB0275,HB-PET03-BLOW,吹瓶机岗,1,3,11.0,8.0,3.0,,FULL62-W1
HB,HB-PET03,2026-08-10,白班,D12,EMPHB0280,HB-PET03-FILL,灌注机岗,1,3,11.0,8.0,3.0,,FULL62-W1
HB,HB-PET03,2026-08-10,白班,D12,EMPHB0305,HB-PET03-HANDLE-1,提扣机岗1,0,3,11.0,8.0,3.0,,FULL62-W1
HB,HB-PET03,2026-08-10,白班,D12,EMPHB0211,HB-PET03-HANDLE-2,提扣机岗2,0,4,11.0,8.0,3.0,,FULL62-W1
HB,HB-PET03,2026-08-10,白班,D12,EMPHB0219,HB-PET03-LABEL,贴标机岗,0,4,11.0,8.0,3.0,,FULL62-W1
HB,HB-PET03,2026-08-10,白班,D12,EMPHB0198,HB-PET03-PACK-SHRINK,膜包机岗,0,3,11.0,8.0,3.0,,FULL62-W1
HB,HB-PET03,2026-08-10,白班,D12,EMPHB0293,HB-PET03-PALLET,码垛机岗,0,4,11.0,8.0,3.0,,FULL62-W1
HB,HB-QC,2026-08-10,白班,D12,EMPHB0358,HB-QC-QC-RM-AS,无菌线原物料品控,1,4,11.0,8.0,3.0,,FULL62-W1
HB,HB-QC,2026-08-10,白班,D12,EMPHB0354,HB-QC-QC-RM-SODA,汽水线原物料品控,1,3,11.0,8.0,3.0,,FULL62-W1
HB,HB-QC2,2026-08-10,白班,D12,EMPHB0361,HB-QC2-QC-BLOW,吹瓶品控,1,3,11.0,8.0,3.0,,FULL62-W1
HB,HB-QC2,2026-08-10,白班,D12,EMPHB0390,HB-QC2-QC-IP-AS,无菌线制程品控,1,3,11.0,8.0,3.0,,FULL62-W1
HB,HB-QC2,2026-08-10,白班,D12,EMPHB0371,HB-QC2-QC-IP-PET01,PET01线制程品控,1,3,11.0,8.0,3.0,,FULL62-W1
HB,HB-QC2,2026-08-10,白班,D12,EMPHB0376,HB-QC2-QC-IP-PET02,PET02线制程品控,1,3,11.0,8.0,3.0,,FULL62-W1
HB,HB-QC2,2026-08-10,白班,D12,EMPHB0380,HB-QC2-QC-IP-PET03,PET03线制程品控,1,4,11.0,8.0,3.0,,FULL62-W1
HB,HB-QC2,2026-08-10,白班,D12,EMPHB0385,HB-QC2-QC-WATER,水糖品控,1,3,11.0,8.0,3.0,,FULL62-W1
HB,HB-SYRUP,2026-08-10,白班,D12,EMPHB0263,HB-SYRUP-SYRUP-POST1,后糖岗1,1,4,11.0,8.0,3.0,,FULL62-W1
HB,HB-SYRUP,2026-08-10,白班,D12,EMPHB0259,HB-SYRUP-WATER,水处理操作岗,1,4,11.0,8.0,3.0,,FULL62-W1
SX,SX-BIB01,2026-08-10,白班,D12,EMPSX0104,SX-BIB01-FILL,灌装岗,1,3,11.0,8.0,3.0,,FULL62-W1
SX,SX-BIB01,2026-08-10,白班,D12,EMPSX0107,SX-BIB01-PACK-1,包装岗1,0,3,11.0,8.0,3.0,,FULL62-W1
SX,SX-BIB01,2026-08-10,白班,D12,EMPSX0105,SX-BIB01-PACK-2,包装岗2,0,3,11.0,8.0,3.0,,FULL62-W1
SX,SX-BIB01,2026-08-10,白班,D12,EMPSX0113,SX-BIB01-PACK-3,包装岗3,0,4,11.0,8.0,3.0,,FULL62-W1
SX,SX-CAN01,2026-08-10,白班,D12,EMPSX0054,SX-CAN01-DEPAL-CAN,卸罐机岗,0,4,11.0,8.0,3.0,,FULL62-W1
SX,SX-CAN01,2026-08-10,白班,D12,EMPSX0112,SX-CAN01-PACK-MULTI,多包装机,0,3,11.0,8.0,3.0,,FULL62-W1
SX,SX-CAN01,2026-08-10,白班,D12,EMPSX0109,SX-CAN01-PACK-SHRINK,塑包机岗,0,2,11.0,8.0,3.0,,FULL62-W1
SX,SX-ENG,2026-08-10,白班,D12,EMPSX0141,SX-ENG-BOILER,锅炉操作岗,0,3,11.0,8.0,3.0,,FULL62-W1
SX,SX-ENG,2026-08-10,白班,D12,EMPSX0131,SX-ENG-ELEC-LINE1,生产线电工1,1,3,11.0,8.0,3.0,,FULL62-W1
SX,SX-ENG,2026-08-10,白班,D12,EMPSX0147,SX-ENG-MECH-LINE,生产线机修岗,0,4,11.0,8.0,3.0,,FULL62-W1
SX,SX-ENG,2026-08-10,白班,D12,EMPSX0150,SX-ENG-MECH-LINE,生产线机修岗,0,3,11.0,8.0,3.0,,FULL62-W1
SX,SX-ENG,2026-08-10,白班,D12,EMPSX0151,SX-ENG-MECH-LINE,生产线机修岗,0,3,11.0,8.0,3.0,,FULL62-W1
SX,SX-PET01,2026-08-10,白班,D12,EMPSX0003,SX-PET01-BLOW-LABEL,吹贴机岗,1,4,11.0,8.0,3.0,,FULL62-W1
SX,SX-PET01,2026-08-10,白班,D12,EMPSX0020,SX-PET01-FGI,FGI岗,0,3,11.0,8.0,3.0,,FULL62-W1
SX,SX-PET01,2026-08-10,白班,D12,EMPSX0088,SX-PET01-FILL,灌注机岗,1,3,11.0,8.0,3.0,,FULL62-W1
SX,SX-PET01,2026-08-10,白班,D12,EMPSX0026,SX-PET01-HANDLE,提扣机岗,0,3,11.0,8.0,3.0,,FULL62-W1
SX,SX-PET01,2026-08-10,白班,D12,EMPSX0061,SX-PET01-PACK-SHRINK,塑包机岗,0,3,11.0,8.0,3.0,,FULL62-W1
SX,SX-PET01,2026-08-10,白班,D12,EMPSX0013,SX-PET01-PALLET,码垛机岗,0,3,11.0,8.0,3.0,,FULL62-W1
SX,SX-PET01,2026-08-10,白班,D12,EMPSX0015,SX-PET01-PALLET-LABEL,垛贴码岗,0,2,11.0,8.0,3.0,,FULL62-W1
SX,SX-PET02,2026-08-10,白班,D12,EMPSX0030,SX-PET02-BLOW,吹瓶机岗,1,3,11.0,8.0,3.0,,FULL62-W1
SX,SX-PET02,2026-08-10,白班,D12,EMPSX0005,SX-PET02-FILL,灌注机岗,1,3,11.0,8.0,3.0,,FULL62-W1
SX,SX-PET02,2026-08-10,白班,D12,EMPSX0033,SX-PET02-LABEL,贴标机岗,0,3,11.0,8.0,3.0,,FULL62-W1
SX,SX-PET02,2026-08-10,白班,D12,EMPSX0068,SX-PET02-PALLET,码垛机岗,0,3,11.0,8.0,3.0,,FULL62-W1
SX,SX-PET02,2026-08-10,白班,D12,EMPSX0024,SX-PET02-PALLET-LABEL,垛贴码岗,0,3,11.0,8.0,3.0,,FULL62-W1
SX,SX-QC,2026-08-10,白班,D12,EMPSX0153,SX-QC-QC-AUX,辅线品控（水、糖、BIB）,1,3,11.0,8.0,3.0,,FULL62-W1
SX,SX-QC,2026-08-10,白班,D12,EMPSX0097,SX-QC-QC-IP-CAN,CAN线品控,1,3,11.0,8.0,3.0,,FULL62-W1
SX,SX-QC,2026-08-10,白班,D12,EMPSX0163,SX-QC-QC-IP-PET1,PET线品控1,1,3,11.0,8.0,3.0,,FULL62-W1
SX,SX-QC,2026-08-10,白班,D12,EMPSX0166,SX-QC-QC-IP-PET2,PET线品控2,1,3,11.0,8.0,3.0,,FULL62-W1
SX,SX-QC,2026-08-10,白班,D12,EMPSX0175,SX-QC-QC-IP-RB,RB线品控,1,4,11.0,8.0,3.0,,FULL62-W1
SX,SX-RB01,2026-08-10,白班,D12,EMPSX0076,SX-RB01-DEPAL,码卸垛机岗,0,3,11.0,8.0,3.0,,FULL62-W1
SX,SX-RB01,2026-08-10,白班,D12,EMPSX0008,SX-RB01-FILL,灌注机岗,1,4,11.0,8.0,3.0,,FULL62-W1
SX,SX-RB01,2026-08-10,白班,D12,EMPSX0080,SX-RB01-LOADER,装卸箱机岗,0,3,11.0,8.0,3.0,,FULL62-W1
SX,SX-RB01,2026-08-10,白班,D12,EMPSX0098,SX-RB01-QC-BOTTLE,空瓶检测岗,1,3,11.0,8.0,3.0,,FULL62-W1
SX,SX-RB01,2026-08-10,白班,D12,EMPSX0095,SX-RB01-QC-FGI2,成品目检岗2,1,3,11.0,8.0,3.0,,FULL62-W1
SX,SX-RB01,2026-08-10,白班,D12,EMPSX0082,SX-RB01-WASHER,洗瓶机岗,0,3,11.0,8.0,3.0,,FULL62-W1
SX,SX-SYRUP,2026-08-10,白班,D12,EMPSX0115,SX-SYRUP-SYRUP-POST1,后糖岗1,1,3,11.0,8.0,3.0,,FULL62-W1
HB,HB-ENG,2026-08-10,常白班,D8,EMPHB0323,HB-ENG-ELEC-2,电气维修工程师2,1,4,8.0,8.0,0.0,,FULL62-W1
HB,HB-ENG,2026-08-10,常白班,D8,EMPHB0326,HB-ENG-ENG-BLOW,吹瓶机工程师,1,4,8.0,8.0,0.0,,FULL62-W1
HB,HB-ENG,2026-08-10,常白班,D8,EMPHB0328,HB-ENG-ENG-FILL,灌装机工程师,1,3,8.0,8.0,0.0,,FULL62-W1
HB,HB-ENG,2026-08-10,常白班,D8,EMPHB0330,HB-ENG-ENG-LABEL,贴标机工程师,1,4,8.0,8.0,0.0,,FULL62-W1
HB,HB-ENG,2026-08-10,常白班,D8,EMPHB0331,HB-ENG-ENG-PACK,膜包机工程师,1,3,8.0,8.0,0.0,,FULL62-W1
HB,HB-ENG,2026-08-10,常白班,D8,EMPHB0333,HB-ENG-ENG-PALLET,码垛机工程师,1,4,8.0,8.0,0.0,,FULL62-W1
HB,HB-ENG2,2026-08-10,常白班,D8,EMPHB0339,HB-ENG2-ELEC-OUT2,外围电工2,1,3,8.0,8.0,0.0,,FULL62-W1
HB,HB-QC,2026-08-10,常白班,D8,EMPHB0364,HB-QC-QC-MICRO-AS1,无菌线微生物品控1,1,4,8.0,8.0,0.0,,FULL62-W1
HB,HB-QC,2026-08-10,常白班,D8,EMPHB0365,HB-QC-QC-MICRO-AS2,无菌线微生物品控2,1,3,8.0,8.0,0.0,,FULL62-W1
HB,HB-QC,2026-08-10,常白班,D8,EMPHB0368,HB-QC-QC-MICRO-AS3,无菌线微生物品控3,1,4,8.0,8.0,0.0,,FULL62-W1
HB,HB-QC,2026-08-10,常白班,D8,EMPHB0362,HB-QC-QC-MICRO-SODA,汽水线微生物品控,1,3,8.0,8.0,0.0,,FULL62-W1
HB,HB-SYRUP,2026-08-10,常白班,D8,EMPHB0262,HB-SYRUP-SYRUP-PRE,前糖岗,1,3,8.0,8.0,0.0,,FULL62-W1
SX,SX-ENG,2026-08-10,常白班,D8,EMPSX0134,SX-ENG-ELEC-LINE2,生产线电工2,1,3,8.0,8.0,0.0,,FULL62-W1
SX,SX-ENG,2026-08-10,常白班,D8,EMPSX0136,SX-ENG-ELEC-OUT,外围电工,1,4,8.0,8.0,0.0,,FULL62-W1
SX,SX-QC,2026-08-10,常白班,D8,EMPSX0160,SX-QC-QC-MICRO,微生物品控,1,4,8.0,8.0,0.0,,FULL62-W1
SX,SX-QC,2026-08-10,常白班,D8,EMPSX0157,SX-QC-QC-RM,原物料品控,1,3,8.0,8.0,0.0,,FULL62-W1
SX,SX-SYRUP,2026-08-10,常白班,D8,EMPSX0116,SX-SYRUP-SYRUP-PRE,前糖岗,1,3,8.0,8.0,0.0,,FULL62-W1
SX,SX-UTIL,2026-08-10,常白班,D8,EMPSX0126,SX-UTIL-WATER,水处理操作岗,1,4,8.0,8.0,0.0,,FULL62-W1
HB,HB-AS01,2026-08-10,夜班,N12,EMPHB0303,HB-AS01-CARTON,上纸箱岗,0,4,11.0,8.0,3.0,,FULL62-W1
HB,HB-AS01,2026-08-10,夜班,N12,EMPHB0282,HB-AS01-FILL,灌注机岗,1,4,11.0,8.0,3.0,,FULL62-W1
HB,HB-AS01,2026-08-10,夜班,N12,EMPHB0254,HB-AS01-HANDLE-1,提扣机岗1,0,3,11.0,8.0,3.0,,FULL62-W1
HB,HB-AS01,2026-08-10,夜班,N12,EMPHB0301,HB-AS01-HANDLE-2,提扣机岗2,0,4,11.0,8.0,3.0,,FULL62-W1
HB,HB-AS01,2026-08-10,夜班,N12,EMPHB0238,HB-AS01-LABEL,贴标机岗,0,3,11.0,8.0,3.0,,FULL62-W1
HB,HB-AS01,2026-08-10,夜班,N12,EMPHB0222,HB-AS01-PACK-SHRINK,膜包机岗,0,3,11.0,8.0,3.0,,FULL62-W1
HB,HB-AS01,2026-08-10,夜班,N12,EMPHB0203,HB-AS01-PALLET,码垛机岗,0,3,11.0,8.0,3.0,,FULL62-W1
HB,HB-AS01,2026-08-10,夜班,N12,EMPHB0271,HB-AS01-SHIFT-LEADER,生产领班,1,3,11.0,8.0,3.0,,FULL62-W1
HB,HB-AS01,2026-08-10,夜班,N12,EMPHB0309,HB-AS01-UHT-1,UHT&调配&果肉操作1,1,3,11.0,8.0,3.0,,FULL62-W1
HB,HB-AS01,2026-08-10,夜班,N12,EMPHB0311,HB-AS01-UHT-2,UHT&调配&果肉操作2,1,3,11.0,8.0,3.0,,FULL62-W1
HB,HB-AS01,2026-08-10,夜班,N12,EMPHB0302,HB-AS01-UHT-AUX,辅助工,0,2,11.0,8.0,3.0,,FULL62-W1
HB,HB-ENG2,2026-08-10,夜班,N12,EMPHB0345,HB-ENG2-AIRCOMP,空压岗,1,3,11.0,8.0,3.0,F,FULL62-W1
HB,HB-ENG2,2026-08-10,夜班,N12,EMPHB0336,HB-ENG2-ELEC-OUT1,外围电工1,1,3,11.0,8.0,3.0,F,FULL62-W1
HB,HB-PET01,2026-08-10,夜班,N12,EMPHB0231,HB-PET01-BLOW,吹瓶机岗,1,4,11.0,8.0,3.0,,FULL62-W1
HB,HB-PET01,2026-08-10,夜班,N12,EMPHB0296,HB-PET01-HANDLE-1,提扣机岗1,0,3,11.0,8.0,3.0,,FULL62-W1
HB,HB-PET01,2026-08-10,夜班,N12,EMPHB0253,HB-PET01-HANDLE-2,提扣机岗2,0,3,11.0,8.0,3.0,,FULL62-W1
HB,HB-PET01,2026-08-10,夜班,N12,EMPHB0240,HB-PET01-LABEL,贴标机岗,0,3,11.0,8.0,3.0,,FULL62-W1
HB,HB-PET01,2026-08-10,夜班,N12,EMPHB0200,HB-PET01-PACK-SHRINK,膜包机岗,0,3,11.0,8.0,3.0,,FULL62-W1
HB,HB-PET01,2026-08-10,夜班,N12,EMPHB0246,HB-PET01-PALLET,码垛机岗,0,4,11.0,8.0,3.0,,FULL62-W1
HB,HB-PET01,2026-08-10,夜班,N12,EMPHB0182,HB-PET01-SHIFT-ENG,倒班工程师,1,3,11.0,8.0,3.0,,FULL62-W1
HB,HB-PET02,2026-08-10,夜班,N12,EMPHB0213,HB-PET02-BLOW-FILL,吹瓶、灌装岗位,1,3,11.0,8.0,3.0,,FULL62-W1
HB,HB-PET02,2026-08-10,夜班,N12,EMPHB0194,HB-PET02-LABEL,贴标机岗,0,4,11.0,8.0,3.0,,FULL62-W1
HB,HB-PET02,2026-08-10,夜班,N12,EMPHB0221,HB-PET02-PACK-SHRINK,膜包机岗,0,4,11.0,8.0,3.0,,FULL62-W1
HB,HB-PET02,2026-08-10,夜班,N12,EMPHB0291,HB-PET02-PALLET,码垛机岗,0,3,11.0,8.0,3.0,,FULL62-W1
HB,HB-PET03,2026-08-10,夜班,N12,EMPHB0186,HB-PET03-BLOW,吹瓶机岗,1,3,11.0,8.0,3.0,,FULL62-W1
HB,HB-PET03,2026-08-10,夜班,N12,EMPHB0250,HB-PET03-HANDLE-1,提扣机岗1,0,3,11.0,8.0,3.0,,FULL62-W1
HB,HB-PET03,2026-08-10,夜班,N12,EMPHB0209,HB-PET03-HANDLE-2,提扣机岗2,0,4,11.0,8.0,3.0,,FULL62-W1
HB,HB-PET03,2026-08-10,夜班,N12,EMPHB0193,HB-PET03-LABEL,贴标机岗,0,3,11.0,8.0,3.0,,FULL62-W1
HB,HB-PET03,2026-08-10,夜班,N12,EMPHB0292,HB-PET03-PALLET,码垛机岗,0,4,11.0,8.0,3.0,,FULL62-W1
HB,HB-QC,2026-08-10,夜班,N12,EMPHB0360,HB-QC-QC-RM-AS,无菌线原物料品控,1,3,11.0,8.0,3.0,,FULL62-W1
HB,HB-QC,2026-08-10,夜班,N12,EMPHB0356,HB-QC-QC-RM-SODA,汽水线原物料品控,1,3,11.0,8.0,3.0,,FULL62-W1
HB,HB-QC2,2026-08-10,夜班,N12,EMPHB0383,HB-QC2-QC-BLOW,吹瓶品控,1,4,11.0,8.0,3.0,,FULL62-W1
HB,HB-QC2,2026-08-10,夜班,N12,EMPHB0391,HB-QC2-QC-IP-AS,无菌线制程品控,1,3,11.0,8.0,3.0,,FULL62-W1
HB,HB-QC2,2026-08-10,夜班,N12,EMPHB0370,HB-QC2-QC-IP-PET01,PET01线制程品控,1,3,11.0,8.0,3.0,,FULL62-W1
HB,HB-QC2,2026-08-10,夜班,N12,EMPHB0374,HB-QC2-QC-IP-PET02,PET02线制程品控,1,3,11.0,8.0,3.0,,FULL62-W1
HB,HB-QC2,2026-08-10,夜班,N12,EMPHB0377,HB-QC2-QC-IP-PET03,PET03线制程品控,1,3,11.0,8.0,3.0,,FULL62-W1
HB,HB-QC2,2026-08-10,夜班,N12,EMPHB0388,HB-QC2-QC-WATER,水糖品控,1,3,11.0,8.0,3.0,,FULL62-W1
HB,HB-SYRUP,2026-08-10,夜班,N12,EMPHB0266,HB-SYRUP-SYRUP-POST1,后糖岗1,1,4,11.0,8.0,3.0,,FULL62-W1
HB,HB-SYRUP,2026-08-10,夜班,N12,EMPHB0267,HB-SYRUP-SYRUP-POST2,后糖岗2,1,4,11.0,8.0,3.0,,FULL62-W1
HB,HB-SYRUP,2026-08-10,夜班,N12,EMPHB0258,HB-SYRUP-WATER,水处理操作岗,1,3,11.0,8.0,3.0,,FULL62-W1
SX,SX-BIB01,2026-08-10,夜班,N12,EMPSX0101,SX-BIB01-FILL,灌装岗,1,4,11.0,8.0,3.0,A,FULL62-W1
SX,SX-CAN01,2026-08-10,夜班,N12,EMPSX0056,SX-CAN01-DEPAL-CAN,卸罐机岗,0,3,11.0,8.0,3.0,,FULL62-W1
SX,SX-CAN01,2026-08-10,夜班,N12,EMPSX0085,SX-CAN01-FILL,灌注机岗,1,3,11.0,8.0,3.0,,FULL62-W1
SX,SX-CAN01,2026-08-10,夜班,N12,EMPSX0070,SX-CAN01-PACK-MULTI,多包装机,0,4,11.0,8.0,3.0,,FULL62-W1
SX,SX-ENG,2026-08-10,夜班,N12,EMPSX0140,SX-ENG-AIRCOMP,制冷空压机岗,1,4,11.0,8.0,3.0,,FULL62-W1
SX,SX-ENG,2026-08-10,夜班,N12,EMPSX0142,SX-ENG-BOILER,锅炉操作岗,0,3,11.0,8.0,3.0,,FULL62-W1
SX,SX-ENG,2026-08-10,夜班,N12,EMPSX0132,SX-ENG-ELEC-LINE1,生产线电工1,1,3,11.0,8.0,3.0,,FULL62-W1
SX,SX-ENG,2026-08-10,夜班,N12,EMPSX0146,SX-ENG-MECH-LINE,生产线机修岗,0,3,11.0,8.0,3.0,,FULL62-W1
SX,SX-PET01,2026-08-10,夜班,N12,EMPSX0004,SX-PET01-BLOW-LABEL,吹贴机岗,1,4,11.0,8.0,3.0,,FULL62-W1
SX,SX-PET01,2026-08-10,夜班,N12,EMPSX0018,SX-PET01-FGI,FGI岗,0,4,11.0,8.0,3.0,,FULL62-W1
SX,SX-PET01,2026-08-10,夜班,N12,EMPSX0038,SX-PET01-FILL,灌注机岗,1,3,11.0,8.0,3.0,,FULL62-W1
SX,SX-PET01,2026-08-10,夜班,N12,EMPSX0025,SX-PET01-HANDLE,提扣机岗,0,3,11.0,8.0,3.0,,FULL62-W1
SX,SX-PET01,2026-08-10,夜班,N12,EMPSX0016,SX-PET01-PALLET,码垛机岗,0,4,11.0,8.0,3.0,,FULL62-W1
SX,SX-PET01,2026-08-10,夜班,N12,EMPSX0055,SX-PET01-PALLET-LABEL,垛贴码岗,0,3,11.0,8.0,3.0,,FULL62-W1
SX,SX-PET02,2026-08-10,夜班,N12,EMPSX0039,SX-PET02-FILL,灌注机岗,1,4,11.0,8.0,3.0,,FULL62-W1
SX,SX-PET02,2026-08-10,夜班,N12,EMPSX0034,SX-PET02-LABEL,贴标机岗,0,3,11.0,8.0,3.0,,FULL62-W1
SX,SX-PET02,2026-08-10,夜班,N12,EMPSX0041,SX-PET02-PACK-SHRINK,塑包机岗,0,3,11.0,8.0,3.0,,FULL62-W1
SX,SX-PET02,2026-08-10,夜班,N12,EMPSX0045,SX-PET02-PALLET,码垛机岗,0,3,11.0,8.0,3.0,,FULL62-W1
SX,SX-PET02,2026-08-10,夜班,N12,EMPSX0050,SX-PET02-PALLET-LABEL,垛贴码岗,0,3,11.0,8.0,3.0,,FULL62-W1
SX,SX-RB01,2026-08-10,夜班,N12,EMPSX0065,SX-RB01-DEPAL,码卸垛机岗,0,2,11.0,8.0,3.0,,FULL62-W1
SX,SX-RB01,2026-08-10,夜班,N12,EMPSX0083,SX-RB01-LOADER,装卸箱机岗,0,2,11.0,8.0,3.0,,FULL62-W1
SX,SX-RB01,2026-08-10,夜班,N12,EMPSX0091,SX-RB01-QC-FGI1,成品目检岗1,1,3,11.0,8.0,3.0,,FULL62-W1
SX,SX-RB01,2026-08-10,夜班,N12,EMPSX0172,SX-RB01-QC-FGI2,成品目检岗2,1,3,11.0,8.0,3.0,,FULL62-W1
SX,SX-SYRUP,2026-08-10,夜班,N12,EMPSX0117,SX-SYRUP-SYRUP-POST1,后糖岗1,1,3,11.0,8.0,3.0,,FULL62-W1
SX,SX-SYRUP,2026-08-10,夜班,N12,EMPSX0122,SX-SYRUP-SYRUP-POST2,后糖岗2,1,3,11.0,8.0,3.0,,FULL62-W1
SX,SX-UTIL,2026-08-10,夜班,N12,EMPSX0127,SX-UTIL-WWTP,污水处理岗,0,4,11.0,8.0,3.0,,FULL62-W1
HB,HB-AS01,2026-08-11,白班,D12,EMPHB0276,HB-AS01-BLOW,吹瓶机岗,1,3,11.0,8.0,3.0,,FULL62-W1
HB,HB-AS01,2026-08-11,白班,D12,EMPHB0205,HB-AS01-CARTON,上纸箱岗,0,3,11.0,8.0,3.0,,FULL62-W1
HB,HB-AS01,2026-08-11,白班,D12,EMPHB0252,HB-AS01-HANDLE-1,提扣机岗1,0,3,11.0,8.0,3.0,,FULL62-W1
HB,HB-AS01,2026-08-11,白班,D12,EMPHB0299,HB-AS01-HANDLE-2,提扣机岗2,0,3,11.0,8.0,3.0,,FULL62-W1
HB,HB-AS01,2026-08-11,白班,D12,EMPHB0195,HB-AS01-LABEL,贴标机岗,0,3,11.0,8.0,3.0,,FULL62-W1
HB,HB-AS01,2026-08-11,白班,D12,EMPHB0243,HB-AS01-PACK-SHRINK,膜包机岗,0,3,11.0,8.0,3.0,,FULL62-W1
HB,HB-AS01,2026-08-11,白班,D12,EMPHB0248,HB-AS01-PALLET,码垛机岗,0,3,11.0,8.0,3.0,,FULL62-W1
HB,HB-AS01,2026-08-11,白班,D12,EMPHB0272,HB-AS01-SHIFT-LEADER,生产领班,1,3,11.0,8.0,3.0,,FULL62-W1
HB,HB-AS01,2026-08-11,白班,D12,EMPHB0308,HB-AS01-UHT-1,UHT&调配&果肉操作1,1,4,11.0,8.0,3.0,,FULL62-W1
HB,HB-AS01,2026-08-11,白班,D12,EMPHB0314,HB-AS01-UHT-2,UHT&调配&果肉操作2,1,3,11.0,8.0,3.0,,FULL62-W1
HB,HB-ENG,2026-08-11,白班,D12,EMPHB0319,HB-ENG-ELEC-1,电气维修工程师1,1,3,11.0,8.0,3.0,,FULL62-W1
HB,HB-ENG2,2026-08-11,白班,D12,EMPHB0342,HB-ENG2-BOILER,锅炉岗,0,3,11.0,8.0,3.0,,FULL62-W1
HB,HB-ENG2,2026-08-11,白班,D12,EMPHB0337,HB-ENG2-ELEC-OUT1,外围电工1,1,4,11.0,8.0,3.0,,FULL62-W1
HB,HB-ENG2,2026-08-11,白班,D12,EMPHB0351,HB-ENG2-WWTP,污水岗,0,3,11.0,8.0,3.0,,FULL62-W1
HB,HB-PET01,2026-08-11,白班,D12,EMPHB0185,HB-PET01-BLOW,吹瓶机岗,1,3,11.0,8.0,3.0,,FULL62-W1
HB,HB-PET01,2026-08-11,白班,D12,EMPHB0279,HB-PET01-FILL,灌注机岗,1,3,11.0,8.0,3.0,,FULL62-W1
HB,HB-PET01,2026-08-11,白班,D12,EMPHB0256,HB-PET01-HANDLE-1,提扣机岗1,0,2,11.0,8.0,3.0,,FULL62-W1
HB,HB-PET01,2026-08-11,白班,D12,EMPHB0239,HB-PET01-LABEL,贴标机岗,0,3,11.0,8.0,3.0,,FULL62-W1
HB,HB-PET01,2026-08-11,白班,D12,EMPHB0242,HB-PET01-PACK-SHRINK,膜包机岗,0,3,11.0,8.0,3.0,,FULL62-W1
HB,HB-PET01,2026-08-11,白班,D12,EMPHB0204,HB-PET01-PALLET,码垛机岗,0,3,11.0,8.0,3.0,,FULL62-W1
HB,HB-PET02,2026-08-11,白班,D12,EMPHB0214,HB-PET02-BLOW-FILL,吹瓶、灌装岗位,1,3,11.0,8.0,3.0,,FULL62-W1
HB,HB-PET02,2026-08-11,白班,D12,EMPHB0285,HB-PET02-LABEL,贴标机岗,0,3,11.0,8.0,3.0,,FULL62-W1
HB,HB-PET02,2026-08-11,白班,D12,EMPHB0228,HB-PET02-PALLET,码垛机岗,0,3,11.0,8.0,3.0,,FULL62-W1
HB,HB-PET03,2026-08-11,白班,D12,EMPHB0188,HB-PET03-BLOW,吹瓶机岗,1,3,11.0,8.0,3.0,A,FULL62-W1
HB,HB-PET03,2026-08-11,白班,D12,EMPHB0189,HB-PET03-FILL,灌注机岗,1,4,11.0,8.0,3.0,A,FULL62-W1
HB,HB-QC,2026-08-11,白班,D12,EMPHB0353,HB-QC-QC-RM-SODA,汽水线原物料品控,1,4,11.0,8.0,3.0,,FULL62-W1
HB,HB-QC2,2026-08-11,白班,D12,EMPHB0361,HB-QC2-QC-BLOW,吹瓶品控,1,3,11.0,8.0,3.0,,FULL62-W1
HB,HB-QC2,2026-08-11,白班,D12,EMPHB0389,HB-QC2-QC-IP-AS,无菌线制程品控,1,3,11.0,8.0,3.0,,FULL62-W1
HB,HB-QC2,2026-08-11,白班,D12,EMPHB0371,HB-QC2-QC-IP-PET01,PET01线制程品控,1,3,11.0,8.0,3.0,,FULL62-W1
HB,HB-QC2,2026-08-11,白班,D12,EMPHB0378,HB-QC2-QC-IP-PET03,PET03线制程品控,1,3,11.0,8.0,3.0,,FULL62-W1
HB,HB-QC2,2026-08-11,白班,D12,EMPHB0387,HB-QC2-QC-WATER,水糖品控,1,3,11.0,8.0,3.0,,FULL62-W1
HB,HB-SYRUP,2026-08-11,白班,D12,EMPHB0264,HB-SYRUP-SYRUP-POST1,后糖岗1,1,4,11.0,8.0,3.0,,FULL62-W1
HB,HB-SYRUP,2026-08-11,白班,D12,EMPHB0268,HB-SYRUP-SYRUP-POST2,后糖岗2,1,3,11.0,8.0,3.0,,FULL62-W1
HB,HB-SYRUP,2026-08-11,白班,D12,EMPHB0259,HB-SYRUP-WATER,水处理操作岗,1,4,11.0,8.0,3.0,,FULL62-W1
SX,SX-BIB01,2026-08-11,白班,D12,EMPSX0104,SX-BIB01-FILL,灌装岗,1,3,11.0,8.0,3.0,,FULL62-W1
SX,SX-BIB01,2026-08-11,白班,D12,EMPSX0105,SX-BIB01-PACK-1,包装岗1,0,3,11.0,8.0,3.0,,FULL62-W1
SX,SX-BIB01,2026-08-11,白班,D12,EMPSX0110,SX-BIB01-PACK-2,包装岗2,0,3,11.0,8.0,3.0,,FULL62-W1
SX,SX-BIB01,2026-08-11,白班,D12,EMPSX0114,SX-BIB01-PACK-3,包装岗3,0,3,11.0,8.0,3.0,,FULL62-W1
SX,SX-CAN01,2026-08-11,白班,D12,EMPSX0053,SX-CAN01-DEPAL-CAN,卸罐机岗,0,3,11.0,8.0,3.0,,FULL62-W1
SX,SX-CAN01,2026-08-11,白班,D12,EMPSX0005,SX-CAN01-FILL,灌注机岗,1,3,11.0,8.0,3.0,,FULL62-W1
SX,SX-CAN01,2026-08-11,白班,D12,EMPSX0072,SX-CAN01-PACK-MULTI,多包装机,0,3,11.0,8.0,3.0,,FULL62-W1
SX,SX-CAN01,2026-08-11,白班,D12,EMPSX0043,SX-CAN01-PACK-SHRINK,塑包机岗,0,3,11.0,8.0,3.0,,FULL62-W1
SX,SX-CAN01,2026-08-11,白班,D12,EMPSX0015,SX-CAN01-PALLET,码垛机岗,0,3,11.0,8.0,3.0,,FULL62-W1
SX,SX-ENG,2026-08-11,白班,D12,EMPSX0139,SX-ENG-AIRCOMP,制冷空压机岗,1,3,11.0,8.0,3.0,,FULL62-W1
SX,SX-ENG,2026-08-11,白班,D12,EMPSX0141,SX-ENG-BOILER,锅炉操作岗,0,3,11.0,8.0,3.0,,FULL62-W1
SX,SX-PET01,2026-08-11,白班,D12,EMPSX0001,SX-PET01-BLOW-LABEL,吹贴机岗,1,3,11.0,8.0,3.0,,FULL62-W1
SX,SX-PET01,2026-08-11,白班,D12,EMPSX0019,SX-PET01-FGI,FGI岗,0,3,11.0,8.0,3.0,,FULL62-W1
SX,SX-PET01,2026-08-11,白班,D12,EMPSX0007,SX-PET01-FILL,灌注机岗,1,3,11.0,8.0,3.0,,FULL62-W1
SX,SX-PET01,2026-08-11,白班,D12,EMPSX0028,SX-PET01-HANDLE,提扣机岗,0,4,11.0,8.0,3.0,,FULL62-W1
SX,SX-PET01,2026-08-11,白班,D12,EMPSX0062,SX-PET01-PACK-SHRINK,塑包机岗,0,3,11.0,8.0,3.0,,FULL62-W1
SX,SX-PET01,2026-08-11,白班,D12,EMPSX0051,SX-PET01-PALLET-LABEL,垛贴码岗,0,3,11.0,8.0,3.0,,FULL62-W1
SX,SX-PET02,2026-08-11,白班,D12,EMPSX0032,SX-PET02-BLOW,吹瓶机岗,1,3,11.0,8.0,3.0,B,FULL62-W1
SX,SX-PET02,2026-08-11,白班,D12,EMPSX0037,SX-PET02-FILL,灌注机岗,1,3,11.0,8.0,3.0,B,FULL62-W1
SX,SX-QC,2026-08-11,白班,D12,EMPSX0154,SX-QC-QC-AUX,辅线品控（水、糖、BIB）,1,3,11.0,8.0,3.0,,FULL62-W1
SX,SX-QC,2026-08-11,白班,D12,EMPSX0180,SX-QC-QC-BLOW,吹瓶品控,1,3,11.0,8.0,3.0,,FULL62-W1
SX,SX-QC,2026-08-11,白班,D12,EMPSX0170,SX-QC-QC-IP-CAN,CAN线品控,1,3,11.0,8.0,3.0,,FULL62-W1
SX,SX-QC,2026-08-11,白班,D12,EMPSX0161,SX-QC-QC-IP-PET1,PET线品控1,1,3,11.0,8.0,3.0,,FULL62-W1
SX,SX-QC,2026-08-11,白班,D12,EMPSX0168,SX-QC-QC-IP-PET2,PET线品控2,1,4,11.0,8.0,3.0,,FULL62-W1
SX,SX-QC,2026-08-11,白班,D12,EMPSX0173,SX-QC-QC-IP-RB,RB线品控,1,3,11.0,8.0,3.0,,FULL62-W1
SX,SX-RB01,2026-08-11,白班,D12,EMPSX0013,SX-RB01-DEPAL,码卸垛机岗,0,2,11.0,8.0,3.0,,FULL62-W1
SX,SX-RB01,2026-08-11,白班,D12,EMPSX0006,SX-RB01-FILL,灌注机岗,1,4,11.0,8.0,3.0,,FULL62-W1
SX,SX-RB01,2026-08-11,白班,D12,EMPSX0080,SX-RB01-LOADER,装卸箱机岗,0,3,11.0,8.0,3.0,,FULL62-W1
SX,SX-RB01,2026-08-11,白班,D12,EMPSX0097,SX-RB01-QC-BOTTLE,空瓶检测岗,1,3,11.0,8.0,3.0,,FULL62-W1
SX,SX-RB01,2026-08-11,白班,D12,EMPSX0089,SX-RB01-QC-FGI1,成品目检岗1,1,3,11.0,8.0,3.0,,FULL62-W1
SX,SX-RB01,2026-08-11,白班,D12,EMPSX0096,SX-RB01-QC-FGI2,成品目检岗2,1,3,11.0,8.0,3.0,,FULL62-W1
SX,SX-RB01,2026-08-11,白班,D12,EMPSX0084,SX-RB01-WASHER,洗瓶机岗,0,3,11.0,8.0,3.0,,FULL62-W1
SX,SX-SYRUP,2026-08-11,白班,D12,EMPSX0115,SX-SYRUP-SYRUP-POST1,后糖岗1,1,3,11.0,8.0,3.0,,FULL62-W1
SX,SX-SYRUP,2026-08-11,白班,D12,EMPSX0123,SX-SYRUP-SYRUP-POST2,后糖岗2,1,3,11.0,8.0,3.0,,FULL62-W1
HB,HB-ENG,2026-08-11,常白班,D8,EMPHB0323,HB-ENG-ELEC-2,电气维修工程师2,1,4,8.0,8.0,0.0,,FULL62-W1
HB,HB-ENG,2026-08-11,常白班,D8,EMPHB0326,HB-ENG-ENG-BLOW,吹瓶机工程师,1,4,8.0,8.0,0.0,,FULL62-W1
HB,HB-ENG,2026-08-11,常白班,D8,EMPHB0327,HB-ENG-ENG-FILL,灌装机工程师,1,3,8.0,8.0,0.0,,FULL62-W1
HB,HB-ENG,2026-08-11,常白班,D8,EMPHB0329,HB-ENG-ENG-LABEL,贴标机工程师,1,3,8.0,8.0,0.0,,FULL62-W1
HB,HB-ENG,2026-08-11,常白班,D8,EMPHB0331,HB-ENG-ENG-PACK,膜包机工程师,1,3,8.0,8.0,0.0,,FULL62-W1
HB,HB-ENG,2026-08-11,常白班,D8,EMPHB0334,HB-ENG-ENG-PALLET,码垛机工程师,1,3,8.0,8.0,0.0,,FULL62-W1
HB,HB-ENG2,2026-08-11,常白班,D8,EMPHB0340,HB-ENG2-ELEC-OUT2,外围电工2,1,4,8.0,8.0,0.0,,FULL62-W1
HB,HB-QC,2026-08-11,常白班,D8,EMPHB0364,HB-QC-QC-MICRO-AS1,无菌线微生物品控1,1,4,8.0,8.0,0.0,,FULL62-W1
HB,HB-QC,2026-08-11,常白班,D8,EMPHB0366,HB-QC-QC-MICRO-AS2,无菌线微生物品控2,1,3,8.0,8.0,0.0,,FULL62-W1
HB,HB-QC,2026-08-11,常白班,D8,EMPHB0367,HB-QC-QC-MICRO-AS3,无菌线微生物品控3,1,3,8.0,8.0,0.0,,FULL62-W1
HB,HB-QC,2026-08-11,常白班,D8,EMPHB0362,HB-QC-QC-MICRO-SODA,汽水线微生物品控,1,3,8.0,8.0,0.0,,FULL62-W1
HB,HB-SYRUP,2026-08-11,常白班,D8,EMPHB0261,HB-SYRUP-SYRUP-PRE,前糖岗,1,3,8.0,8.0,0.0,,FULL62-W1
SX,SX-ENG,2026-08-11,常白班,D8,EMPSX0134,SX-ENG-ELEC-LINE2,生产线电工2,1,3,8.0,8.0,0.0,,FULL62-W1
SX,SX-ENG,2026-08-11,常白班,D8,EMPSX0136,SX-ENG-ELEC-OUT,外围电工,1,4,8.0,8.0,0.0,,FULL62-W1
SX,SX-QC,2026-08-11,常白班,D8,EMPSX0159,SX-QC-QC-MICRO,微生物品控,1,3,8.0,8.0,0.0,,FULL62-W1
SX,SX-QC,2026-08-11,常白班,D8,EMPSX0157,SX-QC-QC-RM,原物料品控,1,3,8.0,8.0,0.0,,FULL62-W1
SX,SX-SYRUP,2026-08-11,常白班,D8,EMPSX0116,SX-SYRUP-SYRUP-PRE,前糖岗,1,3,8.0,8.0,0.0,,FULL62-W1
SX,SX-UTIL,2026-08-11,常白班,D8,EMPSX0125,SX-UTIL-WATER,水处理操作岗,1,3,8.0,8.0,0.0,,FULL62-W1
HB,HB-AS01,2026-08-11,夜班,N12,EMPHB0186,HB-AS01-BLOW,吹瓶机岗,1,3,11.0,8.0,3.0,,FULL62-W1
HB,HB-AS01,2026-08-11,夜班,N12,EMPHB0315,HB-AS01-CARTON,上纸箱岗,0,2,11.0,8.0,3.0,,FULL62-W1
HB,HB-AS01,2026-08-11,夜班,N12,EMPHB0281,HB-AS01-FILL,灌注机岗,1,4,11.0,8.0,3.0,,FULL62-W1
HB,HB-AS01,2026-08-11,夜班,N12,EMPHB0206,HB-AS01-HANDLE-1,提扣机岗1,0,4,11.0,8.0,3.0,,FULL62-W1
HB,HB-AS01,2026-08-11,夜班,N12,EMPHB0253,HB-AS01-HANDLE-2,提扣机岗2,0,3,11.0,8.0,3.0,,FULL62-W1
HB,HB-AS01,2026-08-11,夜班,N12,EMPHB0194,HB-AS01-LABEL,贴标机岗,0,4,11.0,8.0,3.0,,FULL62-W1
HB,HB-AS01,2026-08-11,夜班,N12,EMPHB0244,HB-AS01-PACK-SHRINK,膜包机岗,0,3,11.0,8.0,3.0,,FULL62-W1
HB,HB-AS01,2026-08-11,夜班,N12,EMPHB0201,HB-AS01-PALLET,码垛机岗,0,4,11.0,8.0,3.0,,FULL62-W1
HB,HB-AS01,2026-08-11,夜班,N12,EMPHB0183,HB-AS01-SHIFT-LEADER,生产领班,1,3,11.0,8.0,3.0,,FULL62-W1
HB,HB-AS01,2026-08-11,夜班,N12,EMPHB0310,HB-AS01-UHT-1,UHT&调配&果肉操作1,1,3,11.0,8.0,3.0,,FULL62-W1
HB,HB-AS01,2026-08-11,夜班,N12,EMPHB0311,HB-AS01-UHT-2,UHT&调配&果肉操作2,1,3,11.0,8.0,3.0,,FULL62-W1
HB,HB-AS01,2026-08-11,夜班,N12,EMPHB0296,HB-AS01-UHT-AUX,辅助工,0,2,11.0,8.0,3.0,,FULL62-W1
HB,HB-ENG,2026-08-11,夜班,N12,EMPHB0322,HB-ENG-ELEC-1,电气维修工程师1,1,4,11.0,8.0,3.0,,FULL62-W1
HB,HB-ENG2,2026-08-11,夜班,N12,EMPHB0345,HB-ENG2-AIRCOMP,空压岗,1,3,11.0,8.0,3.0,,FULL62-W1
HB,HB-ENG2,2026-08-11,夜班,N12,EMPHB0336,HB-ENG2-ELEC-OUT1,外围电工1,1,3,11.0,8.0,3.0,,FULL62-W1
HB,HB-ENG2,2026-08-11,夜班,N12,EMPHB0352,HB-ENG2-WWTP,污水岗,0,3,11.0,8.0,3.0,,FULL62-W1
HB,HB-PET01,2026-08-11,夜班,N12,EMPHB0232,HB-PET01-BLOW,吹瓶机岗,1,3,11.0,8.0,3.0,,FULL62-W1
HB,HB-PET01,2026-08-11,夜班,N12,EMPHB0190,HB-PET01-FILL,灌注机岗,1,4,11.0,8.0,3.0,,FULL62-W1
HB,HB-PET01,2026-08-11,夜班,N12,EMPHB0295,HB-PET01-HANDLE-1,提扣机岗1,0,3,11.0,8.0,3.0,,FULL62-W1
HB,HB-PET01,2026-08-11,夜班,N12,EMPHB0300,HB-PET01-HANDLE-2,提扣机岗2,0,3,11.0,8.0,3.0,,FULL62-W1
HB,HB-PET01,2026-08-11,夜班,N12,EMPHB0220,HB-PET01-LABEL,贴标机岗,0,4,11.0,8.0,3.0,,FULL62-W1
HB,HB-PET01,2026-08-11,夜班,N12,EMPHB0199,HB-PET01-PACK-SHRINK,膜包机岗,0,3,11.0,8.0,3.0,,FULL62-W1
HB,HB-PET01,2026-08-11,夜班,N12,EMPHB0202,HB-PET01-PALLET,码垛机岗,0,3,11.0,8.0,3.0,,FULL62-W1
HB,HB-PET02,2026-08-11,夜班,N12,EMPHB0216,HB-PET02-BLOW-FILL,吹瓶、灌装岗位,1,3,11.0,8.0,3.0,,FULL62-W1
HB,HB-PET02,2026-08-11,夜班,N12,EMPHB0238,HB-PET02-LABEL,贴标机岗,0,3,11.0,8.0,3.0,,FULL62-W1
HB,HB-PET02,2026-08-11,夜班,N12,EMPHB0288,HB-PET02-PACK-SHRINK,膜包机岗,0,3,11.0,8.0,3.0,,FULL62-W1
HB,HB-PET02,2026-08-11,夜班,N12,EMPHB0291,HB-PET02-PALLET,码垛机岗,0,3,11.0,8.0,3.0,,FULL62-W1
HB,HB-PET03,2026-08-11,夜班,N12,EMPHB0187,HB-PET03-BLOW,吹瓶机岗,1,3,11.0,8.0,3.0,C,FULL62-W1
HB,HB-PET03,2026-08-11,夜班,N12,EMPHB0233,HB-PET03-FILL,灌注机岗,1,3,11.0,8.0,3.0,C,FULL62-W1
HB,HB-QC,2026-08-11,夜班,N12,EMPHB0360,HB-QC-QC-RM-AS,无菌线原物料品控,1,3,11.0,8.0,3.0,,FULL62-W1
HB,HB-QC2,2026-08-11,夜班,N12,EMPHB0384,HB-QC2-QC-BLOW,吹瓶品控,1,3,11.0,8.0,3.0,C,FULL62-W1
HB,HB-QC2,2026-08-11,夜班,N12,EMPHB0392,HB-QC2-QC-IP-AS,无菌线制程品控,1,3,11.0,8.0,3.0,C,FULL62-W1
HB,HB-QC2,2026-08-11,夜班,N12,EMPHB0369,HB-QC2-QC-IP-PET01,PET01线制程品控,1,3,11.0,8.0,3.0,C,FULL62-W1
HB,HB-QC2,2026-08-11,夜班,N12,EMPHB0373,HB-QC2-QC-IP-PET02,PET02线制程品控,1,4,11.0,8.0,3.0,C,FULL62-W1
HB,HB-QC2,2026-08-11,夜班,N12,EMPHB0379,HB-QC2-QC-IP-PET03,PET03线制程品控,1,3,11.0,8.0,3.0,C,FULL62-W1
HB,HB-QC2,2026-08-11,夜班,N12,EMPHB0388,HB-QC2-QC-WATER,水糖品控,1,3,11.0,8.0,3.0,C,FULL62-W1
HB,HB-SYRUP,2026-08-11,夜班,N12,EMPHB0265,HB-SYRUP-SYRUP-POST1,后糖岗1,1,4,11.0,8.0,3.0,,FULL62-W1
HB,HB-SYRUP,2026-08-11,夜班,N12,EMPHB0267,HB-SYRUP-SYRUP-POST2,后糖岗2,1,4,11.0,8.0,3.0,,FULL62-W1
HB,HB-SYRUP,2026-08-11,夜班,N12,EMPHB0257,HB-SYRUP-WATER,水处理操作岗,1,3,11.0,8.0,3.0,,FULL62-W1
SX,SX-BIB01,2026-08-11,夜班,N12,EMPSX0102,SX-BIB01-FILL,灌装岗,1,3,11.0,8.0,3.0,,FULL62-W1
SX,SX-BIB01,2026-08-11,夜班,N12,EMPSX0106,SX-BIB01-PACK-1,包装岗1,0,3,11.0,8.0,3.0,,FULL62-W1
SX,SX-BIB01,2026-08-11,夜班,N12,EMPSX0033,SX-BIB01-PACK-2,包装岗2,0,3,11.0,8.0,3.0,,FULL62-W1
SX,SX-CAN01,2026-08-11,夜班,N12,EMPSX0054,SX-CAN01-DEPAL-CAN,卸罐机岗,0,4,11.0,8.0,3.0,,FULL62-W1
SX,SX-CAN01,2026-08-11,夜班,N12,EMPSX0060,SX-CAN01-FILL,灌注机岗,1,3,11.0,8.0,3.0,,FULL62-W1
SX,SX-CAN01,2026-08-11,夜班,N12,EMPSX0012,SX-CAN01-PACK-SHRINK,塑包机岗,0,4,11.0,8.0,3.0,,FULL62-W1
SX,SX-CAN01,2026-08-11,夜班,N12,EMPSX0068,SX-CAN01-PALLET,码垛机岗,0,3,11.0,8.0,3.0,,FULL62-W1
SX,SX-ENG,2026-08-11,夜班,N12,EMPSX0140,SX-ENG-AIRCOMP,制冷空压机岗,1,4,11.0,8.0,3.0,,FULL62-W1
SX,SX-ENG,2026-08-11,夜班,N12,EMPSX0143,SX-ENG-BOILER,锅炉操作岗,0,3,11.0,8.0,3.0,,FULL62-W1
SX,SX-ENG,2026-08-11,夜班,N12,EMPSX0150,SX-ENG-MECH-LINE,生产线机修岗,0,3,11.0,8.0,3.0,,FULL62-W1
SX,SX-PET01,2026-08-11,夜班,N12,EMPSX0003,SX-PET01-BLOW-LABEL,吹贴机岗,1,4,11.0,8.0,3.0,,FULL62-W1
SX,SX-PET01,2026-08-11,夜班,N12,EMPSX0020,SX-PET01-FGI,FGI岗,0,3,11.0,8.0,3.0,,FULL62-W1
SX,SX-PET01,2026-08-11,夜班,N12,EMPSX0086,SX-PET01-FILL,灌注机岗,1,3,11.0,8.0,3.0,,FULL62-W1
SX,SX-PET01,2026-08-11,夜班,N12,EMPSX0025,SX-PET01-HANDLE,提扣机岗,0,3,11.0,8.0,3.0,,FULL62-W1
SX,SX-PET01,2026-08-11,夜班,N12,EMPSX0009,SX-PET01-PACK-SHRINK,塑包机岗,0,3,11.0,8.0,3.0,,FULL62-W1
SX,SX-PET01,2026-08-11,夜班,N12,EMPSX0048,SX-PET01-PALLET,码垛机岗,0,3,11.0,8.0,3.0,,FULL62-W1
SX,SX-PET01,2026-08-11,夜班,N12,EMPSX0052,SX-PET01-PALLET-LABEL,垛贴码岗,0,3,11.0,8.0,3.0,,FULL62-W1
SX,SX-PET02,2026-08-11,夜班,N12,EMPSX0031,SX-PET02-BLOW,吹瓶机岗,1,3,11.0,8.0,3.0,A,FULL62-W1
SX,SX-PET02,2026-08-11,夜班,N12,EMPSX0039,SX-PET02-FILL,灌注机岗,1,4,11.0,8.0,3.0,A,FULL62-W1
SX,SX-QC,2026-08-11,夜班,N12,EMPSX0153,SX-QC-QC-AUX,辅线品控（水、糖、BIB）,1,3,11.0,8.0,3.0,,FULL62-W1
SX,SX-QC,2026-08-11,夜班,N12,EMPSX0178,SX-QC-QC-BLOW,吹瓶品控,1,4,11.0,8.0,3.0,,FULL62-W1
SX,SX-QC,2026-08-11,夜班,N12,EMPSX0172,SX-QC-QC-IP-CAN,CAN线品控,1,3,11.0,8.0,3.0,,FULL62-W1
SX,SX-QC,2026-08-11,夜班,N12,EMPSX0162,SX-QC-QC-IP-PET1,PET线品控1,1,4,11.0,8.0,3.0,,FULL62-W1
SX,SX-QC,2026-08-11,夜班,N12,EMPSX0166,SX-QC-QC-IP-PET2,PET线品控2,1,3,11.0,8.0,3.0,,FULL62-W1
SX,SX-QC,2026-08-11,夜班,N12,EMPSX0176,SX-QC-QC-IP-RB,RB线品控,1,3,11.0,8.0,3.0,,FULL62-W1
SX,SX-RB01,2026-08-11,夜班,N12,EMPSX0076,SX-RB01-DEPAL,码卸垛机岗,0,3,11.0,8.0,3.0,,FULL62-W1
SX,SX-RB01,2026-08-11,夜班,N12,EMPSX0077,SX-RB01-LOADER,装卸箱机岗,0,3,11.0,8.0,3.0,,FULL62-W1
SX,SX-RB01,2026-08-11,夜班,N12,EMPSX0100,SX-RB01-QC-BOTTLE,空瓶检测岗,1,3,11.0,8.0,3.0,,FULL62-W1
SX,SX-RB01,2026-08-11,夜班,N12,EMPSX0014,SX-RB01-WASHER,洗瓶机岗,0,3,11.0,8.0,3.0,,FULL62-W1
SX,SX-SYRUP,2026-08-11,夜班,N12,EMPSX0117,SX-SYRUP-SYRUP-POST1,后糖岗1,1,3,11.0,8.0,3.0,B,FULL62-W1
SX,SX-SYRUP,2026-08-11,夜班,N12,EMPSX0124,SX-SYRUP-SYRUP-POST2,后糖岗2,1,3,11.0,8.0,3.0,B,FULL62-W1
SX,SX-UTIL,2026-08-11,夜班,N12,EMPSX0127,SX-UTIL-WWTP,污水处理岗,0,4,11.0,8.0,3.0,,FULL62-W1
HB,HB-AS01,2026-08-12,白班,D12,EMPHB0231,HB-AS01-BLOW,吹瓶机岗,1,4,11.0,8.0,3.0,,FULL62-W1
HB,HB-AS01,2026-08-12,白班,D12,EMPHB0205,HB-AS01-CARTON,上纸箱岗,0,3,11.0,8.0,3.0,,FULL62-W1
HB,HB-AS01,2026-08-12,白班,D12,EMPHB0189,HB-AS01-FILL,灌注机岗,1,4,11.0,8.0,3.0,,FULL62-W1
HB,HB-AS01,2026-08-12,白班,D12,EMPHB0255,HB-AS01-HANDLE-2,提扣机岗2,0,3,11.0,8.0,3.0,,FULL62-W1
HB,HB-AS01,2026-08-12,白班,D12,EMPHB0239,HB-AS01-LABEL,贴标机岗,0,3,11.0,8.0,3.0,,FULL62-W1
HB,HB-AS01,2026-08-12,白班,D12,EMPHB0242,HB-AS01-PACK-SHRINK,膜包机岗,0,3,11.0,8.0,3.0,,FULL62-W1
HB,HB-AS01,2026-08-12,白班,D12,EMPHB0245,HB-AS01-PALLET,码垛机岗,0,3,11.0,8.0,3.0,,FULL62-W1
HB,HB-AS01,2026-08-12,白班,D12,EMPHB0272,HB-AS01-SHIFT-LEADER,生产领班,1,3,11.0,8.0,3.0,,FULL62-W1
HB,HB-AS01,2026-08-12,白班,D12,EMPHB0309,HB-AS01-UHT-1,UHT&调配&果肉操作1,1,3,11.0,8.0,3.0,,FULL62-W1
HB,HB-AS01,2026-08-12,白班,D12,EMPHB0314,HB-AS01-UHT-2,UHT&调配&果肉操作2,1,3,11.0,8.0,3.0,,FULL62-W1
HB,HB-AS01,2026-08-12,白班,D12,EMPHB0317,HB-AS01-UHT-AUX,辅助工,0,3,11.0,8.0,3.0,,FULL62-W1
HB,HB-ENG,2026-08-12,白班,D12,EMPHB0320,HB-ENG-ELEC-1,电气维修工程师1,1,3,11.0,8.0,3.0,,FULL62-W1
HB,HB-ENG2,2026-08-12,白班,D12,EMPHB0346,HB-ENG2-AIRCOMP,空压岗,1,3,11.0,8.0,3.0,,FULL62-W1
HB,HB-ENG2,2026-08-12,白班,D12,EMPHB0343,HB-ENG2-BOILER,锅炉岗,0,3,11.0,8.0,3.0,,FULL62-W1
HB,HB-ENG2,2026-08-12,白班,D12,EMPHB0337,HB-ENG2-ELEC-OUT1,外围电工1,1,4,11.0,8.0,3.0,,FULL62-W1
HB,HB-ENG2,2026-08-12,白班,D12,EMPHB0351,HB-ENG2-WWTP,污水岗,0,3,11.0,8.0,3.0,,FULL62-W1
HB,HB-PET01,2026-08-12,白班,D12,EMPHB0275,HB-PET01-BLOW,吹瓶机岗,1,3,11.0,8.0,3.0,,FULL62-W1
HB,HB-PET01,2026-08-12,白班,D12,EMPHB0210,HB-PET01-HANDLE-1,提扣机岗1,0,2,11.0,8.0,3.0,,FULL62-W1
HB,HB-PET01,2026-08-12,白班,D12,EMPHB0256,HB-PET01-HANDLE-2,提扣机岗2,0,3,11.0,8.0,3.0,,FULL62-W1
HB,HB-PET01,2026-08-12,白班,D12,EMPHB0193,HB-PET01-LABEL,贴标机岗,0,3,11.0,8.0,3.0,,FULL62-W1
HB,HB-PET01,2026-08-12,白班,D12,EMPHB0200,HB-PET01-PACK-SHRINK,膜包机岗,0,3,11.0,8.0,3.0,,FULL62-W1
HB,HB-PET01,2026-08-12,白班,D12,EMPHB0226,HB-PET01-PALLET,码垛机岗,0,3,11.0,8.0,3.0,,FULL62-W1
HB,HB-PET01,2026-08-12,白班,D12,EMPHB0181,HB-PET01-SHIFT-ENG,倒班工程师,1,4,11.0,8.0,3.0,,FULL62-W1
HB,HB-PET02,2026-08-12,白班,D12,EMPHB0192,HB-PET02-BLOW-FILL,吹瓶、灌装岗位,1,3,11.0,8.0,3.0,,FULL62-W1
HB,HB-PET02,2026-08-12,白班,D12,EMPHB0283,HB-PET02-LABEL,贴标机岗,0,3,11.0,8.0,3.0,,FULL62-W1
HB,HB-PET02,2026-08-12,白班,D12,EMPHB0246,HB-PET02-PALLET,码垛机岗,0,4,11.0,8.0,3.0,,FULL62-W1
HB,HB-PET03,2026-08-12,白班,D12,EMPHB0230,HB-PET03-BLOW,吹瓶机岗,1,3,11.0,8.0,3.0,,FULL62-W1
HB,HB-PET03,2026-08-12,白班,D12,EMPHB0316,HB-PET03-HANDLE-1,提扣机岗1,0,3,11.0,8.0,3.0,,FULL62-W1
HB,HB-PET03,2026-08-12,白班,D12,EMPHB0209,HB-PET03-HANDLE-2,提扣机岗2,0,4,11.0,8.0,3.0,,FULL62-W1
HB,HB-PET03,2026-08-12,白班,D12,EMPHB0287,HB-PET03-PACK-SHRINK,膜包机岗,0,3,11.0,8.0,3.0,,FULL62-W1
HB,HB-PET03,2026-08-12,白班,D12,EMPHB0294,HB-PET03-PALLET,码垛机岗,0,3,11.0,8.0,3.0,,FULL62-W1
HB,HB-QC,2026-08-12,白班,D12,EMPHB0359,HB-QC-QC-RM-AS,无菌线原物料品控,1,3,11.0,8.0,3.0,,FULL62-W1
HB,HB-QC,2026-08-12,白班,D12,EMPHB0354,HB-QC-QC-RM-SODA,汽水线原物料品控,1,3,11.0,8.0,3.0,,FULL62-W1
HB,HB-QC2,2026-08-12,白班,D12,EMPHB0361,HB-QC2-QC-BLOW,吹瓶品控,1,3,11.0,8.0,3.0,,FULL62-W1
HB,HB-QC2,2026-08-12,白班,D12,EMPHB0391,HB-QC2-QC-IP-AS,无菌线制程品控,1,3,11.0,8.0,3.0,,FULL62-W1
HB,HB-QC2,2026-08-12,白班,D12,EMPHB0372,HB-QC2-QC-IP-PET01,PET01线制程品控,1,3,11.0,8.0,3.0,,FULL62-W1
HB,HB-QC2,2026-08-12,白班,D12,EMPHB0376,HB-QC2-QC-IP-PET02,PET02线制程品控,1,3,11.0,8.0,3.0,,FULL62-W1
HB,HB-QC2,2026-08-12,白班,D12,EMPHB0377,HB-QC2-QC-IP-PET03,PET03线制程品控,1,3,11.0,8.0,3.0,,FULL62-W1
HB,HB-QC2,2026-08-12,白班,D12,EMPHB0386,HB-QC2-QC-WATER,水糖品控,1,3,11.0,8.0,3.0,,FULL62-W1
HB,HB-SYRUP,2026-08-12,白班,D12,EMPHB0266,HB-SYRUP-SYRUP-POST1,后糖岗1,1,4,11.0,8.0,3.0,,FULL62-W1
HB,HB-SYRUP,2026-08-12,白班,D12,EMPHB0268,HB-SYRUP-SYRUP-POST2,后糖岗2,1,3,11.0,8.0,3.0,,FULL62-W1
HB,HB-SYRUP,2026-08-12,白班,D12,EMPHB0258,HB-SYRUP-WATER,水处理操作岗,1,3,11.0,8.0,3.0,,FULL62-W1
SX,SX-BIB01,2026-08-12,白班,D12,EMPSX0103,SX-BIB01-FILL,灌装岗,1,3,11.0,8.0,3.0,,FULL62-W1
SX,SX-BIB01,2026-08-12,白班,D12,EMPSX0107,SX-BIB01-PACK-1,包装岗1,0,3,11.0,8.0,3.0,,FULL62-W1
SX,SX-BIB01,2026-08-12,白班,D12,EMPSX0112,SX-BIB01-PACK-2,包装岗2,0,3,11.0,8.0,3.0,,FULL62-W1
SX,SX-BIB01,2026-08-12,白班,D12,EMPSX0011,SX-BIB01-PACK-3,包装岗3,0,1,11.0,8.0,3.0,,FULL62-W1
SX,SX-CAN01,2026-08-12,白班,D12,EMPSX0073,SX-CAN01-DEPAL-CAN,卸罐机岗,0,3,11.0,8.0,3.0,,FULL62-W1
SX,SX-CAN01,2026-08-12,白班,D12,EMPSX0085,SX-CAN01-FILL,灌注机岗,1,3,11.0,8.0,3.0,,FULL62-W1
SX,SX-CAN01,2026-08-12,白班,D12,EMPSX0069,SX-CAN01-PACK-MULTI,多包装机,0,4,11.0,8.0,3.0,,FULL62-W1
SX,SX-CAN01,2026-08-12,白班,D12,EMPSX0065,SX-CAN01-PALLET,码垛机岗,0,3,11.0,8.0,3.0,,FULL62-W1
SX,SX-ENG,2026-08-12,白班,D12,EMPSX0138,SX-ENG-AIRCOMP,制冷空压机岗,1,4,11.0,8.0,3.0,,FULL62-W1
SX,SX-ENG,2026-08-12,白班,D12,EMPSX0129,SX-ENG-ELEC-LINE1,生产线电工1,1,3,11.0,8.0,3.0,,FULL62-W1
SX,SX-ENG,2026-08-12,白班,D12,EMPSX0147,SX-ENG-MECH-LINE,生产线机修岗,0,4,11.0,8.0,3.0,,FULL62-W1
SX,SX-ENG,2026-08-12,白班,D12,EMPSX0148,SX-ENG-MECH-LINE,生产线机修岗,0,3,11.0,8.0,3.0,,FULL62-W1
SX,SX-ENG,2026-08-12,白班,D12,EMPSX0149,SX-ENG-MECH-LINE,生产线机修岗,0,3,11.0,8.0,3.0,,FULL62-W1
SX,SX-PET01,2026-08-12,白班,D12,EMPSX0002,SX-PET01-BLOW-LABEL,吹贴机岗,1,3,11.0,8.0,3.0,,FULL62-W1
SX,SX-PET01,2026-08-12,白班,D12,EMPSX0018,SX-PET01-FGI,FGI岗,0,4,11.0,8.0,3.0,,FULL62-W1
SX,SX-PET01,2026-08-12,白班,D12,EMPSX0026,SX-PET01-HANDLE,提扣机岗,0,3,11.0,8.0,3.0,,FULL62-W1
SX,SX-PET01,2026-08-12,白班,D12,EMPSX0043,SX-PET01-PACK-SHRINK,塑包机岗,0,3,11.0,8.0,3.0,,FULL62-W1
SX,SX-PET01,2026-08-12,白班,D12,EMPSX0047,SX-PET01-PALLET,码垛机岗,0,3,11.0,8.0,3.0,,FULL62-W1
SX,SX-PET01,2026-08-12,白班,D12,EMPSX0015,SX-PET01-PALLET-LABEL,垛贴码岗,0,2,11.0,8.0,3.0,,FULL62-W1
SX,SX-PET02,2026-08-12,白班,D12,EMPSX0008,SX-PET02-FILL,灌注机岗,1,4,11.0,8.0,3.0,,FULL62-W1
SX,SX-PET02,2026-08-12,白班,D12,EMPSX0036,SX-PET02-LABEL,贴标机岗,0,3,11.0,8.0,3.0,,FULL62-W1
SX,SX-PET02,2026-08-12,白班,D12,EMPSX0109,SX-PET02-PACK-SHRINK,塑包机岗,0,2,11.0,8.0,3.0,,FULL62-W1
SX,SX-PET02,2026-08-12,白班,D12,EMPSX0067,SX-PET02-PALLET,码垛机岗,0,3,11.0,8.0,3.0,,FULL62-W1
SX,SX-PET02,2026-08-12,白班,D12,EMPSX0022,SX-PET02-PALLET-LABEL,垛贴码岗,0,3,11.0,8.0,3.0,,FULL62-W1
SX,SX-QC,2026-08-12,白班,D12,EMPSX0154,SX-QC-QC-AUX,辅线品控（水、糖、BIB）,1,3,11.0,8.0,3.0,,FULL62-W1
SX,SX-QC,2026-08-12,白班,D12,EMPSX0180,SX-QC-QC-BLOW,吹瓶品控,1,3,11.0,8.0,3.0,,FULL62-W1
SX,SX-QC,2026-08-12,白班,D12,EMPSX0170,SX-QC-QC-IP-CAN,CAN线品控,1,3,11.0,8.0,3.0,,FULL62-W1
SX,SX-QC,2026-08-12,白班,D12,EMPSX0165,SX-QC-QC-IP-PET2,PET线品控2,1,3,11.0,8.0,3.0,,FULL62-W1
SX,SX-QC,2026-08-12,白班,D12,EMPSX0173,SX-QC-QC-IP-RB,RB线品控,1,3,11.0,8.0,3.0,,FULL62-W1
SX,SX-RB01,2026-08-12,白班,D12,EMPSX0074,SX-RB01-DEPAL,码卸垛机岗,0,3,11.0,8.0,3.0,,FULL62-W1
SX,SX-RB01,2026-08-12,白班,D12,EMPSX0037,SX-RB01-FILL,灌注机岗,1,3,11.0,8.0,3.0,,FULL62-W1
SX,SX-RB01,2026-08-12,白班,D12,EMPSX0099,SX-RB01-QC-BOTTLE,空瓶检测岗,1,3,11.0,8.0,3.0,,FULL62-W1
SX,SX-RB01,2026-08-12,白班,D12,EMPSX0092,SX-RB01-QC-FGI1,成品目检岗1,1,3,11.0,8.0,3.0,,FULL62-W1
SX,SX-RB01,2026-08-12,白班,D12,EMPSX0096,SX-RB01-QC-FGI2,成品目检岗2,1,3,11.0,8.0,3.0,,FULL62-W1
SX,SX-RB01,2026-08-12,白班,D12,EMPSX0081,SX-RB01-WASHER,洗瓶机岗,0,4,11.0,8.0,3.0,,FULL62-W1
SX,SX-SYRUP,2026-08-12,白班,D12,EMPSX0118,SX-SYRUP-SYRUP-POST1,后糖岗1,1,3,11.0,8.0,3.0,,FULL62-W1
SX,SX-SYRUP,2026-08-12,白班,D12,EMPSX0122,SX-SYRUP-SYRUP-POST2,后糖岗2,1,3,11.0,8.0,3.0,,FULL62-W1
HB,HB-ENG,2026-08-12,常白班,D8,EMPHB0324,HB-ENG-ELEC-2,电气维修工程师2,1,4,8.0,8.0,0.0,,FULL62-W1
HB,HB-ENG,2026-08-12,常白班,D8,EMPHB0325,HB-ENG-ENG-BLOW,吹瓶机工程师,1,3,8.0,8.0,0.0,,FULL62-W1
HB,HB-ENG,2026-08-12,常白班,D8,EMPHB0327,HB-ENG-ENG-FILL,灌装机工程师,1,3,8.0,8.0,0.0,,FULL62-W1
HB,HB-ENG,2026-08-12,常白班,D8,EMPHB0330,HB-ENG-ENG-LABEL,贴标机工程师,1,4,8.0,8.0,0.0,,FULL62-W1
HB,HB-ENG,2026-08-12,常白班,D8,EMPHB0332,HB-ENG-ENG-PACK,膜包机工程师,1,3,8.0,8.0,0.0,,FULL62-W1
HB,HB-ENG,2026-08-12,常白班,D8,EMPHB0334,HB-ENG-ENG-PALLET,码垛机工程师,1,3,8.0,8.0,0.0,,FULL62-W1
HB,HB-ENG2,2026-08-12,常白班,D8,EMPHB0340,HB-ENG2-ELEC-OUT2,外围电工2,1,4,8.0,8.0,0.0,,FULL62-W1
HB,HB-QC,2026-08-12,常白班,D8,EMPHB0363,HB-QC-QC-MICRO-AS1,无菌线微生物品控1,1,3,8.0,8.0,0.0,,FULL62-W1
HB,HB-QC,2026-08-12,常白班,D8,EMPHB0365,HB-QC-QC-MICRO-AS2,无菌线微生物品控2,1,3,8.0,8.0,0.0,,FULL62-W1
HB,HB-QC,2026-08-12,常白班,D8,EMPHB0367,HB-QC-QC-MICRO-AS3,无菌线微生物品控3,1,3,8.0,8.0,0.0,,FULL62-W1
HB,HB-QC,2026-08-12,常白班,D8,EMPHB0362,HB-QC-QC-MICRO-SODA,汽水线微生物品控,1,3,8.0,8.0,0.0,,FULL62-W1
HB,HB-SYRUP,2026-08-12,常白班,D8,EMPHB0261,HB-SYRUP-SYRUP-PRE,前糖岗,1,3,8.0,8.0,0.0,,FULL62-W1
SX,SX-ENG,2026-08-12,常白班,D8,EMPSX0133,SX-ENG-ELEC-LINE2,生产线电工2,1,3,8.0,8.0,0.0,,FULL62-W1
SX,SX-ENG,2026-08-12,常白班,D8,EMPSX0135,SX-ENG-ELEC-OUT,外围电工,1,4,8.0,8.0,0.0,,FULL62-W1
SX,SX-QC,2026-08-12,常白班,D8,EMPSX0160,SX-QC-QC-MICRO,微生物品控,1,4,8.0,8.0,0.0,,FULL62-W1
SX,SX-QC,2026-08-12,常白班,D8,EMPSX0157,SX-QC-QC-RM,原物料品控,1,3,8.0,8.0,0.0,,FULL62-W1
SX,SX-SYRUP,2026-08-12,常白班,D8,EMPSX0115,SX-SYRUP-SYRUP-PRE,前糖岗,1,3,8.0,8.0,0.0,,FULL62-W1
SX,SX-UTIL,2026-08-12,常白班,D8,EMPSX0126,SX-UTIL-WATER,水处理操作岗,1,4,8.0,8.0,0.0,,FULL62-W1
HB,HB-AS01,2026-08-12,夜班,N12,EMPHB0277,HB-AS01-BLOW,吹瓶机岗,1,3,11.0,8.0,3.0,,FULL62-W1
HB,HB-AS01,2026-08-12,夜班,N12,EMPHB0306,HB-AS01-CARTON,上纸箱岗,0,4,11.0,8.0,3.0,,FULL62-W1
HB,HB-AS01,2026-08-12,夜班,N12,EMPHB0301,HB-AS01-HANDLE-2,提扣机岗2,0,4,11.0,8.0,3.0,,FULL62-W1
HB,HB-AS01,2026-08-12,夜班,N12,EMPHB0223,HB-AS01-PACK-SHRINK,膜包机岗,0,3,11.0,8.0,3.0,,FULL62-W1
HB,HB-AS01,2026-08-12,夜班,N12,EMPHB0271,HB-AS01-SHIFT-LEADER,生产领班,1,3,11.0,8.0,3.0,,FULL62-W1
HB,HB-AS01,2026-08-12,夜班,N12,EMPHB0307,HB-AS01-UHT-1,UHT&调配&果肉操作1,1,4,11.0,8.0,3.0,,FULL62-W1
HB,HB-AS01,2026-08-12,夜班,N12,EMPHB0302,HB-AS01-UHT-AUX,辅助工,0,2,11.0,8.0,3.0,,FULL62-W1
HB,HB-ENG,2026-08-12,夜班,N12,EMPHB0319,HB-ENG-ELEC-1,电气维修工程师1,1,3,11.0,8.0,3.0,,FULL62-W1
HB,HB-ENG2,2026-08-12,夜班,N12,EMPHB0347,HB-ENG2-AIRCOMP,空压岗,1,3,11.0,8.0,3.0,,FULL62-W1
HB,HB-ENG2,2026-08-12,夜班,N12,EMPHB0344,HB-ENG2-BOILER,锅炉岗,0,4,11.0,8.0,3.0,,FULL62-W1
HB,HB-ENG2,2026-08-12,夜班,N12,EMPHB0352,HB-ENG2-WWTP,污水岗,0,3,11.0,8.0,3.0,,FULL62-W1
HB,HB-PET01,2026-08-12,夜班,N12,EMPHB0188,HB-PET01-BLOW,吹瓶机岗,1,3,11.0,8.0,3.0,,FULL62-W1
HB,HB-PET01,2026-08-12,夜班,N12,EMPHB0280,HB-PET01-FILL,灌注机岗,1,3,11.0,8.0,3.0,,FULL62-W1
HB,HB-PET01,2026-08-12,夜班,N12,EMPHB0299,HB-PET01-HANDLE-2,提扣机岗2,0,3,11.0,8.0,3.0,,FULL62-W1
HB,HB-PET01,2026-08-12,夜班,N12,EMPHB0196,HB-PET01-LABEL,贴标机岗,0,4,11.0,8.0,3.0,,FULL62-W1
HB,HB-PET01,2026-08-12,夜班,N12,EMPHB0290,HB-PET01-PACK-SHRINK,膜包机岗,0,3,11.0,8.0,3.0,,FULL62-W1
HB,HB-PET01,2026-08-12,夜班,N12,EMPHB0293,HB-PET01-PALLET,码垛机岗,0,4,11.0,8.0,3.0,,FULL62-W1
HB,HB-PET01,2026-08-12,夜班,N12,EMPHB0182,HB-PET01-SHIFT-ENG,倒班工程师,1,3,11.0,8.0,3.0,,FULL62-W1
HB,HB-PET02,2026-08-12,夜班,N12,EMPHB0214,HB-PET02-BLOW-FILL,吹瓶、灌装岗位,1,3,11.0,8.0,3.0,,FULL62-W1
HB,HB-PET02,2026-08-12,夜班,N12,EMPHB0238,HB-PET02-LABEL,贴标机岗,0,3,11.0,8.0,3.0,,FULL62-W1
HB,HB-PET02,2026-08-12,夜班,N12,EMPHB0222,HB-PET02-PACK-SHRINK,膜包机岗,0,3,11.0,8.0,3.0,,FULL62-W1
HB,HB-PET02,2026-08-12,夜班,N12,EMPHB0291,HB-PET02-PALLET,码垛机岗,0,3,11.0,8.0,3.0,,FULL62-W1
HB,HB-PET03,2026-08-12,夜班,N12,EMPHB0249,HB-PET03-HANDLE-1,提扣机岗1,0,3,11.0,8.0,3.0,,FULL62-W1
HB,HB-PET03,2026-08-12,夜班,N12,EMPHB0211,HB-PET03-HANDLE-2,提扣机岗2,0,4,11.0,8.0,3.0,,FULL62-W1
HB,HB-PET03,2026-08-12,夜班,N12,EMPHB0195,HB-PET03-LABEL,贴标机岗,0,3,11.0,8.0,3.0,,FULL62-W1
HB,HB-PET03,2026-08-12,夜班,N12,EMPHB0225,HB-PET03-PALLET,码垛机岗,0,3,11.0,8.0,3.0,,FULL62-W1
HB,HB-QC,2026-08-12,夜班,N12,EMPHB0360,HB-QC-QC-RM-AS,无菌线原物料品控,1,3,11.0,8.0,3.0,,FULL62-W1
HB,HB-QC,2026-08-12,夜班,N12,EMPHB0356,HB-QC-QC-RM-SODA,汽水线原物料品控,1,3,11.0,8.0,3.0,,FULL62-W1
HB,HB-QC2,2026-08-12,夜班,N12,EMPHB0381,HB-QC2-QC-BLOW,吹瓶品控,1,3,11.0,8.0,3.0,,FULL62-W1
HB,HB-QC2,2026-08-12,夜班,N12,EMPHB0389,HB-QC2-QC-IP-AS,无菌线制程品控,1,3,11.0,8.0,3.0,,FULL62-W1
HB,HB-QC2,2026-08-12,夜班,N12,EMPHB0380,HB-QC2-QC-IP-PET01,PET01线制程品控,1,3,11.0,8.0,3.0,,FULL62-W1
HB,HB-QC2,2026-08-12,夜班,N12,EMPHB0373,HB-QC2-QC-IP-PET02,PET02线制程品控,1,4,11.0,8.0,3.0,,FULL62-W1
HB,HB-QC2,2026-08-12,夜班,N12,EMPHB0388,HB-QC2-QC-WATER,水糖品控,1,3,11.0,8.0,3.0,,FULL62-W1
HB,HB-SYRUP,2026-08-12,夜班,N12,EMPHB0264,HB-SYRUP-SYRUP-POST1,后糖岗1,1,4,11.0,8.0,3.0,,FULL62-W1
HB,HB-SYRUP,2026-08-12,夜班,N12,EMPHB0269,HB-SYRUP-SYRUP-POST2,后糖岗2,1,4,11.0,8.0,3.0,,FULL62-W1
HB,HB-SYRUP,2026-08-12,夜班,N12,EMPHB0257,HB-SYRUP-WATER,水处理操作岗,1,3,11.0,8.0,3.0,,FULL62-W1
SX,SX-BIB01,2026-08-12,夜班,N12,EMPSX0102,SX-BIB01-FILL,灌装岗,1,3,11.0,8.0,3.0,,FULL62-W1
SX,SX-BIB01,2026-08-12,夜班,N12,EMPSX0042,SX-BIB01-PACK-1,包装岗1,0,1,11.0,8.0,3.0,,FULL62-W1
SX,SX-BIB01,2026-08-12,夜班,N12,EMPSX0110,SX-BIB01-PACK-2,包装岗2,0,3,11.0,8.0,3.0,,FULL62-W1
SX,SX-CAN01,2026-08-12,夜班,N12,EMPSX0053,SX-CAN01-DEPAL-CAN,卸罐机岗,0,3,11.0,8.0,3.0,,FULL62-W1
SX,SX-CAN01,2026-08-12,夜班,N12,EMPSX0086,SX-CAN01-FILL,灌注机岗,1,3,11.0,8.0,3.0,,FULL62-W1
SX,SX-CAN01,2026-08-12,夜班,N12,EMPSX0072,SX-CAN01-PACK-MULTI,多包装机,0,3,11.0,8.0,3.0,,FULL62-W1
SX,SX-CAN01,2026-08-12,夜班,N12,EMPSX0063,SX-CAN01-PACK-SHRINK,塑包机岗,0,3,11.0,8.0,3.0,,FULL62-W1
SX,SX-ENG,2026-08-12,夜班,N12,EMPSX0140,SX-ENG-AIRCOMP,制冷空压机岗,1,4,11.0,8.0,3.0,,FULL62-W1
SX,SX-ENG,2026-08-12,夜班,N12,EMPSX0143,SX-ENG-BOILER,锅炉操作岗,0,3,11.0,8.0,3.0,,FULL62-W1
SX,SX-ENG,2026-08-12,夜班,N12,EMPSX0146,SX-ENG-MECH-LINE,生产线机修岗,0,3,11.0,8.0,3.0,,FULL62-W1
SX,SX-PET01,2026-08-12,夜班,N12,EMPSX0055,SX-PET01-FGI,FGI岗,0,3,11.0,8.0,3.0,,FULL62-W1
SX,SX-PET01,2026-08-12,夜班,N12,EMPSX0088,SX-PET01-FILL,灌注机岗,1,3,11.0,8.0,3.0,,FULL62-W1
SX,SX-PET01,2026-08-12,夜班,N12,EMPSX0041,SX-PET01-PACK-SHRINK,塑包机岗,0,3,11.0,8.0,3.0,,FULL62-W1
SX,SX-PET01,2026-08-12,夜班,N12,EMPSX0045,SX-PET01-PALLET,码垛机岗,0,3,11.0,8.0,3.0,,FULL62-W1
SX,SX-PET01,2026-08-12,夜班,N12,EMPSX0051,SX-PET01-PALLET-LABEL,垛贴码岗,0,3,11.0,8.0,3.0,,FULL62-W1
SX,SX-PET02,2026-08-12,夜班,N12,EMPSX0029,SX-PET02-BLOW,吹瓶机岗,1,3,11.0,8.0,3.0,,FULL62-W1
SX,SX-PET02,2026-08-12,夜班,N12,EMPSX0046,SX-PET02-PALLET,码垛机岗,0,3,11.0,8.0,3.0,,FULL62-W1
SX,SX-PET02,2026-08-12,夜班,N12,EMPSX0024,SX-PET02-PALLET-LABEL,垛贴码岗,0,3,11.0,8.0,3.0,,FULL62-W1
SX,SX-QC,2026-08-12,夜班,N12,EMPSX0153,SX-QC-QC-AUX,辅线品控（水、糖、BIB）,1,3,11.0,8.0,3.0,C,FULL62-W1
SX,SX-QC,2026-08-12,夜班,N12,EMPSX0178,SX-QC-QC-BLOW,吹瓶品控,1,4,11.0,8.0,3.0,C,FULL62-W1
SX,SX-QC,2026-08-12,夜班,N12,EMPSX0169,SX-QC-QC-IP-CAN,CAN线品控,1,4,11.0,8.0,3.0,C,FULL62-W1
SX,SX-QC,2026-08-12,夜班,N12,EMPSX0164,SX-QC-QC-IP-PET1,PET线品控1,1,3,11.0,8.0,3.0,C,FULL62-W1
SX,SX-QC,2026-08-12,夜班,N12,EMPSX0168,SX-QC-QC-IP-PET2,PET线品控2,1,4,11.0,8.0,3.0,C,FULL62-W1
SX,SX-QC,2026-08-12,夜班,N12,EMPSX0174,SX-QC-QC-IP-RB,RB线品控,1,3,11.0,8.0,3.0,C,FULL62-W1
SX,SX-RB01,2026-08-12,夜班,N12,EMPSX0075,SX-RB01-DEPAL,码卸垛机岗,0,3,11.0,8.0,3.0,,FULL62-W1
SX,SX-RB01,2026-08-12,夜班,N12,EMPSX0058,SX-RB01-FILL,灌注机岗,1,4,11.0,8.0,3.0,,FULL62-W1
SX,SX-RB01,2026-08-12,夜班,N12,EMPSX0098,SX-RB01-QC-BOTTLE,空瓶检测岗,1,3,11.0,8.0,3.0,,FULL62-W1
SX,SX-RB01,2026-08-12,夜班,N12,EMPSX0094,SX-RB01-QC-FGI2,成品目检岗2,1,3,11.0,8.0,3.0,,FULL62-W1
SX,SX-SYRUP,2026-08-12,夜班,N12,EMPSX0119,SX-SYRUP-SYRUP-POST1,后糖岗1,1,3,11.0,8.0,3.0,,FULL62-W1
SX,SX-SYRUP,2026-08-12,夜班,N12,EMPSX0121,SX-SYRUP-SYRUP-POST2,后糖岗2,1,3,11.0,8.0,3.0,,FULL62-W1
SX,SX-UTIL,2026-08-12,夜班,N12,EMPSX0127,SX-UTIL-WWTP,污水处理岗,0,4,11.0,8.0,3.0,,FULL62-W1
HB,HB-AS01,2026-08-13,白班,D12,EMPHB0232,HB-AS01-BLOW,吹瓶机岗,1,3,11.0,8.0,3.0,,FULL62-W1
HB,HB-AS01,2026-08-13,白班,D12,EMPHB0304,HB-AS01-CARTON,上纸箱岗,0,3,11.0,8.0,3.0,,FULL62-W1
HB,HB-AS01,2026-08-13,白班,D12,EMPHB0236,HB-AS01-FILL,灌注机岗,1,3,11.0,8.0,3.0,,FULL62-W1
HB,HB-AS01,2026-08-13,白班,D12,EMPHB0205,HB-AS01-HANDLE-1,提扣机岗1,0,4,11.0,8.0,3.0,,FULL62-W1
HB,HB-AS01,2026-08-13,白班,D12,EMPHB0254,HB-AS01-HANDLE-2,提扣机岗2,0,4,11.0,8.0,3.0,,FULL62-W1
HB,HB-AS01,2026-08-13,白班,D12,EMPHB0240,HB-AS01-LABEL,贴标机岗,0,3,11.0,8.0,3.0,,FULL62-W1
HB,HB-AS01,2026-08-13,白班,D12,EMPHB0224,HB-AS01-PACK-SHRINK,膜包机岗,0,4,11.0,8.0,3.0,,FULL62-W1
HB,HB-AS01,2026-08-13,白班,D12,EMPHB0245,HB-AS01-PALLET,码垛机岗,0,3,11.0,8.0,3.0,,FULL62-W1
HB,HB-AS01,2026-08-13,白班,D12,EMPHB0272,HB-AS01-SHIFT-LEADER,生产领班,1,3,11.0,8.0,3.0,,FULL62-W1
HB,HB-AS01,2026-08-13,白班,D12,EMPHB0314,HB-AS01-UHT-2,UHT&调配&果肉操作2,1,3,11.0,8.0,3.0,,FULL62-W1
HB,HB-AS01,2026-08-13,白班,D12,EMPHB0317,HB-AS01-UHT-AUX,辅助工,0,3,11.0,8.0,3.0,,FULL62-W1
HB,HB-ENG,2026-08-13,白班,D12,EMPHB0322,HB-ENG-ELEC-1,电气维修工程师1,1,4,11.0,8.0,3.0,A,FULL62-W1
HB,HB-ENG2,2026-08-13,白班,D12,EMPHB0346,HB-ENG2-AIRCOMP,空压岗,1,3,11.0,8.0,3.0,,FULL62-W1
HB,HB-ENG2,2026-08-13,白班,D12,EMPHB0338,HB-ENG2-ELEC-OUT1,外围电工1,1,3,11.0,8.0,3.0,,FULL62-W1
HB,HB-ENG2,2026-08-13,白班,D12,EMPHB0349,HB-ENG2-WWTP,污水岗,0,3,11.0,8.0,3.0,,FULL62-W1
HB,HB-PET01,2026-08-13,白班,D12,EMPHB0187,HB-PET01-BLOW,吹瓶机岗,1,3,11.0,8.0,3.0,,FULL62-W1
HB,HB-PET01,2026-08-13,白班,D12,EMPHB0213,HB-PET01-FILL,灌注机岗,1,3,11.0,8.0,3.0,,FULL62-W1
HB,HB-PET01,2026-08-13,白班,D12,EMPHB0207,HB-PET01-HANDLE-1,提扣机岗1,0,3,11.0,8.0,3.0,,FULL62-W1
HB,HB-PET01,2026-08-13,白班,D12,EMPHB0297,HB-PET01-HANDLE-2,提扣机岗2,0,1,11.0,8.0,3.0,,FULL62-W1
HB,HB-PET01,2026-08-13,白班,D12,EMPHB0218,HB-PET01-LABEL,贴标机岗,0,3,11.0,8.0,3.0,,FULL62-W1
HB,HB-PET01,2026-08-13,白班,D12,EMPHB0201,HB-PET01-PALLET,码垛机岗,0,4,11.0,8.0,3.0,,FULL62-W1
HB,HB-PET02,2026-08-13,白班,D12,EMPHB0216,HB-PET02-BLOW-FILL,吹瓶、灌装岗位,1,3,11.0,8.0,3.0,,FULL62-W1
HB,HB-PET02,2026-08-13,白班,D12,EMPHB0284,HB-PET02-LABEL,贴标机岗,0,3,11.0,8.0,3.0,,FULL62-W1
HB,HB-PET02,2026-08-13,白班,D12,EMPHB0287,HB-PET02-PACK-SHRINK,膜包机岗,0,3,11.0,8.0,3.0,,FULL62-W1
HB,HB-PET02,2026-08-13,白班,D12,EMPHB0227,HB-PET02-PALLET,码垛机岗,0,4,11.0,8.0,3.0,,FULL62-W1
HB,HB-PET03,2026-08-13,白班,D12,EMPHB0278,HB-PET03-BLOW,吹瓶机岗,1,4,11.0,8.0,3.0,,FULL62-W1
HB,HB-PET03,2026-08-13,白班,D12,EMPHB0235,HB-PET03-FILL,灌注机岗,1,3,11.0,8.0,3.0,,FULL62-W1
HB,HB-PET03,2026-08-13,白班,D12,EMPHB0316,HB-PET03-HANDLE-1,提扣机岗1,0,3,11.0,8.0,3.0,,FULL62-W1
HB,HB-PET03,2026-08-13,白班,D12,EMPHB0206,HB-PET03-HANDLE-2,提扣机岗2,0,2,11.0,8.0,3.0,,FULL62-W1
HB,HB-PET03,2026-08-13,白班,D12,EMPHB0217,HB-PET03-LABEL,贴标机岗,0,3,11.0,8.0,3.0,,FULL62-W1
HB,HB-PET03,2026-08-13,白班,D12,EMPHB0200,HB-PET03-PACK-SHRINK,膜包机岗,0,3,11.0,8.0,3.0,,FULL62-W1
HB,HB-PET03,2026-08-13,白班,D12,EMPHB0247,HB-PET03-PALLET,码垛机岗,0,3,11.0,8.0,3.0,,FULL62-W1
HB,HB-QC,2026-08-13,白班,D12,EMPHB0359,HB-QC-QC-RM-AS,无菌线原物料品控,1,3,11.0,8.0,3.0,,FULL62-W1
HB,HB-QC,2026-08-13,白班,D12,EMPHB0355,HB-QC-QC-RM-SODA,汽水线原物料品控,1,4,11.0,8.0,3.0,,FULL62-W1
HB,HB-QC2,2026-08-13,白班,D12,EMPHB0383,HB-QC2-QC-BLOW,吹瓶品控,1,4,11.0,8.0,3.0,,FULL62-W1
HB,HB-QC2,2026-08-13,白班,D12,EMPHB0392,HB-QC2-QC-IP-AS,无菌线制程品控,1,3,11.0,8.0,3.0,,FULL62-W1
HB,HB-QC2,2026-08-13,白班,D12,EMPHB0378,HB-QC2-QC-IP-PET03,PET03线制程品控,1,3,11.0,8.0,3.0,,FULL62-W1
HB,HB-QC2,2026-08-13,白班,D12,EMPHB0387,HB-QC2-QC-WATER,水糖品控,1,3,11.0,8.0,3.0,,FULL62-W1
HB,HB-SYRUP,2026-08-13,白班,D12,EMPHB0266,HB-SYRUP-SYRUP-POST1,后糖岗1,1,4,11.0,8.0,3.0,,FULL62-W1
HB,HB-SYRUP,2026-08-13,白班,D12,EMPHB0270,HB-SYRUP-SYRUP-POST2,后糖岗2,1,4,11.0,8.0,3.0,,FULL62-W1
HB,HB-SYRUP,2026-08-13,白班,D12,EMPHB0260,HB-SYRUP-WATER,水处理操作岗,1,3,11.0,8.0,3.0,,FULL62-W1
SX,SX-BIB01,2026-08-13,白班,D12,EMPSX0104,SX-BIB01-FILL,灌装岗,1,3,11.0,8.0,3.0,,FULL62-W1
SX,SX-BIB01,2026-08-13,白班,D12,EMPSX0106,SX-BIB01-PACK-1,包装岗1,0,3,11.0,8.0,3.0,,FULL62-W1
SX,SX-BIB01,2026-08-13,白班,D12,EMPSX0112,SX-BIB01-PACK-2,包装岗2,0,3,11.0,8.0,3.0,,FULL62-W1
SX,SX-CAN01,2026-08-13,白班,D12,EMPSX0056,SX-CAN01-DEPAL-CAN,卸罐机岗,0,3,11.0,8.0,3.0,,FULL62-W1
SX,SX-CAN01,2026-08-13,白班,D12,EMPSX0071,SX-CAN01-PACK-MULTI,多包装机,0,4,11.0,8.0,3.0,,FULL62-W1
SX,SX-CAN01,2026-08-13,白班,D12,EMPSX0061,SX-CAN01-PACK-SHRINK,塑包机岗,0,3,11.0,8.0,3.0,,FULL62-W1
SX,SX-CAN01,2026-08-13,白班,D12,EMPSX0014,SX-CAN01-PALLET,码垛机岗,0,3,11.0,8.0,3.0,,FULL62-W1
SX,SX-ENG,2026-08-13,白班,D12,EMPSX0142,SX-ENG-BOILER,锅炉操作岗,0,3,11.0,8.0,3.0,,FULL62-W1
SX,SX-ENG,2026-08-13,白班,D12,EMPSX0130,SX-ENG-ELEC-LINE1,生产线电工1,1,3,11.0,8.0,3.0,,FULL62-W1
SX,SX-ENG,2026-08-13,白班,D12,EMPSX0145,SX-ENG-MECH-LINE,生产线机修岗,0,3,11.0,8.0,3.0,,FULL62-W1
SX,SX-ENG,2026-08-13,白班,D12,EMPSX0148,SX-ENG-MECH-LINE,生产线机修岗,0,3,11.0,8.0,3.0,,FULL62-W1
SX,SX-ENG,2026-08-13,白班,D12,EMPSX0151,SX-ENG-MECH-LINE,生产线机修岗,0,3,11.0,8.0,3.0,,FULL62-W1
SX,SX-PET01,2026-08-13,白班,D12,EMPSX0004,SX-PET01-BLOW-LABEL,吹贴机岗,1,4,11.0,8.0,3.0,,FULL62-W1
SX,SX-PET01,2026-08-13,白班,D12,EMPSX0020,SX-PET01-FGI,FGI岗,0,3,11.0,8.0,3.0,,FULL62-W1
SX,SX-PET01,2026-08-13,白班,D12,EMPSX0007,SX-PET01-FILL,灌注机岗,1,3,11.0,8.0,3.0,,FULL62-W1
SX,SX-PET01,2026-08-13,白班,D12,EMPSX0027,SX-PET01-HANDLE,提扣机岗,0,3,11.0,8.0,3.0,,FULL62-W1
SX,SX-PET01,2026-08-13,白班,D12,EMPSX0010,SX-PET01-PACK-SHRINK,塑包机岗,0,3,11.0,8.0,3.0,,FULL62-W1
SX,SX-PET01,2026-08-13,白班,D12,EMPSX0021,SX-PET01-PALLET-LABEL,垛贴码岗,0,4,11.0,8.0,3.0,,FULL62-W1
SX,SX-PET02,2026-08-13,白班,D12,EMPSX0031,SX-PET02-BLOW,吹瓶机岗,1,3,11.0,8.0,3.0,,FULL62-W1
SX,SX-PET02,2026-08-13,白班,D12,EMPSX0008,SX-PET02-FILL,灌注机岗,1,4,11.0,8.0,3.0,,FULL62-W1
SX,SX-PET02,2026-08-13,白班,D12,EMPSX0035,SX-PET02-LABEL,贴标机岗,0,3,11.0,8.0,3.0,,FULL62-W1
SX,SX-PET02,2026-08-13,白班,D12,EMPSX0011,SX-PET02-PACK-SHRINK,塑包机岗,0,3,11.0,8.0,3.0,,FULL62-W1
SX,SX-PET02,2026-08-13,白班,D12,EMPSX0067,SX-PET02-PALLET,码垛机岗,0,3,11.0,8.0,3.0,,FULL62-W1
SX,SX-PET02,2026-08-13,白班,D12,EMPSX0052,SX-PET02-PALLET-LABEL,垛贴码岗,0,3,11.0,8.0,3.0,,FULL62-W1
SX,SX-QC,2026-08-13,白班,D12,EMPSX0177,SX-QC-QC-BLOW,吹瓶品控,1,3,11.0,8.0,3.0,,FULL62-W1
SX,SX-QC,2026-08-13,白班,D12,EMPSX0172,SX-QC-QC-IP-CAN,CAN线品控,1,3,11.0,8.0,3.0,,FULL62-W1
SX,SX-QC,2026-08-13,白班,D12,EMPSX0162,SX-QC-QC-IP-PET1,PET线品控1,1,4,11.0,8.0,3.0,,FULL62-W1
SX,SX-QC,2026-08-13,白班,D12,EMPSX0166,SX-QC-QC-IP-PET2,PET线品控2,1,3,11.0,8.0,3.0,,FULL62-W1
SX,SX-QC,2026-08-13,白班,D12,EMPSX0173,SX-QC-QC-IP-RB,RB线品控,1,3,11.0,8.0,3.0,,FULL62-W1
SX,SX-RB01,2026-08-13,白班,D12,EMPSX0040,SX-RB01-FILL,灌注机岗,1,3,11.0,8.0,3.0,,FULL62-W1
SX,SX-RB01,2026-08-13,白班,D12,EMPSX0080,SX-RB01-LOADER,装卸箱机岗,0,3,11.0,8.0,3.0,,FULL62-W1
SX,SX-RB01,2026-08-13,白班,D12,EMPSX0099,SX-RB01-QC-BOTTLE,空瓶检测岗,1,3,11.0,8.0,3.0,,FULL62-W1
SX,SX-RB01,2026-08-13,白班,D12,EMPSX0095,SX-RB01-QC-FGI2,成品目检岗2,1,3,11.0,8.0,3.0,,FULL62-W1
SX,SX-SYRUP,2026-08-13,白班,D12,EMPSX0120,SX-SYRUP-SYRUP-POST1,后糖岗1,1,3,11.0,8.0,3.0,,FULL62-W1
SX,SX-SYRUP,2026-08-13,白班,D12,EMPSX0124,SX-SYRUP-SYRUP-POST2,后糖岗2,1,3,11.0,8.0,3.0,,FULL62-W1
HB,HB-ENG,2026-08-13,常白班,D8,EMPHB0324,HB-ENG-ELEC-2,电气维修工程师2,1,4,8.0,8.0,0.0,,FULL62-W1
HB,HB-ENG,2026-08-13,常白班,D8,EMPHB0326,HB-ENG-ENG-BLOW,吹瓶机工程师,1,4,8.0,8.0,0.0,,FULL62-W1
HB,HB-ENG,2026-08-13,常白班,D8,EMPHB0328,HB-ENG-ENG-FILL,灌装机工程师,1,3,8.0,8.0,0.0,,FULL62-W1
HB,HB-ENG,2026-08-13,常白班,D8,EMPHB0330,HB-ENG-ENG-LABEL,贴标机工程师,1,4,8.0,8.0,0.0,,FULL62-W1
HB,HB-ENG,2026-08-13,常白班,D8,EMPHB0331,HB-ENG-ENG-PACK,膜包机工程师,1,3,8.0,8.0,0.0,,FULL62-W1
HB,HB-ENG,2026-08-13,常白班,D8,EMPHB0334,HB-ENG-ENG-PALLET,码垛机工程师,1,3,8.0,8.0,0.0,,FULL62-W1
HB,HB-ENG2,2026-08-13,常白班,D8,EMPHB0339,HB-ENG2-ELEC-OUT2,外围电工2,1,3,8.0,8.0,0.0,,FULL62-W1
HB,HB-QC,2026-08-13,常白班,D8,EMPHB0364,HB-QC-QC-MICRO-AS1,无菌线微生物品控1,1,4,8.0,8.0,0.0,,FULL62-W1
HB,HB-QC,2026-08-13,常白班,D8,EMPHB0366,HB-QC-QC-MICRO-AS2,无菌线微生物品控2,1,3,8.0,8.0,0.0,,FULL62-W1
HB,HB-QC,2026-08-13,常白班,D8,EMPHB0367,HB-QC-QC-MICRO-AS3,无菌线微生物品控3,1,3,8.0,8.0,0.0,,FULL62-W1
HB,HB-QC,2026-08-13,常白班,D8,EMPHB0362,HB-QC-QC-MICRO-SODA,汽水线微生物品控,1,3,8.0,8.0,0.0,,FULL62-W1
HB,HB-SYRUP,2026-08-13,常白班,D8,EMPHB0261,HB-SYRUP-SYRUP-PRE,前糖岗,1,3,8.0,8.0,0.0,,FULL62-W1
SX,SX-ENG,2026-08-13,常白班,D8,EMPSX0134,SX-ENG-ELEC-LINE2,生产线电工2,1,3,8.0,8.0,0.0,B,FULL62-W1
SX,SX-ENG,2026-08-13,常白班,D8,EMPSX0136,SX-ENG-ELEC-OUT,外围电工,1,4,8.0,8.0,0.0,B,FULL62-W1
SX,SX-QC,2026-08-13,常白班,D8,EMPSX0160,SX-QC-QC-MICRO,微生物品控,1,4,8.0,8.0,0.0,,FULL62-W1
SX,SX-QC,2026-08-13,常白班,D8,EMPSX0158,SX-QC-QC-RM,原物料品控,1,4,8.0,8.0,0.0,,FULL62-W1
SX,SX-SYRUP,2026-08-13,常白班,D8,EMPSX0116,SX-SYRUP-SYRUP-PRE,前糖岗,1,3,8.0,8.0,0.0,,FULL62-W1
SX,SX-UTIL,2026-08-13,常白班,D8,EMPSX0126,SX-UTIL-WATER,水处理操作岗,1,4,8.0,8.0,0.0,,FULL62-W1
HB,HB-AS01,2026-08-13,夜班,N12,EMPHB0229,HB-AS01-BLOW,吹瓶机岗,1,4,11.0,8.0,3.0,,FULL62-W1
HB,HB-AS01,2026-08-13,夜班,N12,EMPHB0212,HB-AS01-CARTON,上纸箱岗,0,3,11.0,8.0,3.0,,FULL62-W1
HB,HB-AS01,2026-08-13,夜班,N12,EMPHB0255,HB-AS01-HANDLE-2,提扣机岗2,0,3,11.0,8.0,3.0,,FULL62-W1
HB,HB-AS01,2026-08-13,夜班,N12,EMPHB0286,HB-AS01-LABEL,贴标机岗,0,3,11.0,8.0,3.0,,FULL62-W1
HB,HB-AS01,2026-08-13,夜班,N12,EMPHB0223,HB-AS01-PACK-SHRINK,膜包机岗,0,3,11.0,8.0,3.0,,FULL62-W1
HB,HB-AS01,2026-08-13,夜班,N12,EMPHB0202,HB-AS01-PALLET,码垛机岗,0,3,11.0,8.0,3.0,,FULL62-W1
HB,HB-AS01,2026-08-13,夜班,N12,EMPHB0183,HB-AS01-SHIFT-LEADER,生产领班,1,3,11.0,8.0,3.0,,FULL62-W1
HB,HB-AS01,2026-08-13,夜班,N12,EMPHB0307,HB-AS01-UHT-1,UHT&调配&果肉操作1,1,4,11.0,8.0,3.0,,FULL62-W1
HB,HB-AS01,2026-08-13,夜班,N12,EMPHB0311,HB-AS01-UHT-2,UHT&调配&果肉操作2,1,3,11.0,8.0,3.0,,FULL62-W1
HB,HB-ENG,2026-08-13,夜班,N12,EMPHB0321,HB-ENG-ELEC-1,电气维修工程师1,1,4,11.0,8.0,3.0,,FULL62-W1
HB,HB-ENG2,2026-08-13,夜班,N12,EMPHB0348,HB-ENG2-AIRCOMP,空压岗,1,4,11.0,8.0,3.0,,FULL62-W1
HB,HB-ENG2,2026-08-13,夜班,N12,EMPHB0344,HB-ENG2-BOILER,锅炉岗,0,4,11.0,8.0,3.0,,FULL62-W1
HB,HB-ENG2,2026-08-13,夜班,N12,EMPHB0351,HB-ENG2-WWTP,污水岗,0,3,11.0,8.0,3.0,,FULL62-W1
HB,HB-PET01,2026-08-13,夜班,N12,EMPHB0230,HB-PET01-BLOW,吹瓶机岗,1,3,11.0,8.0,3.0,,FULL62-W1
HB,HB-PET01,2026-08-13,夜班,N12,EMPHB0189,HB-PET01-FILL,灌注机岗,1,4,11.0,8.0,3.0,,FULL62-W1
HB,HB-PET01,2026-08-13,夜班,N12,EMPHB0252,HB-PET01-HANDLE-1,提扣机岗1,0,3,11.0,8.0,3.0,,FULL62-W1
HB,HB-PET01,2026-08-13,夜班,N12,EMPHB0209,HB-PET01-HANDLE-2,提扣机岗2,0,4,11.0,8.0,3.0,,FULL62-W1
HB,HB-PET01,2026-08-13,夜班,N12,EMPHB0283,HB-PET01-LABEL,贴标机岗,0,3,11.0,8.0,3.0,,FULL62-W1
HB,HB-PET01,2026-08-13,夜班,N12,EMPHB0198,HB-PET01-PACK-SHRINK,膜包机岗,0,3,11.0,8.0,3.0,,FULL62-W1
HB,HB-PET01,2026-08-13,夜班,N12,EMPHB0182,HB-PET01-SHIFT-ENG,倒班工程师,1,3,11.0,8.0,3.0,,FULL62-W1
HB,HB-PET02,2026-08-13,夜班,N12,EMPHB0290,HB-PET02-PACK-SHRINK,膜包机岗,0,3,11.0,8.0,3.0,,FULL62-W1
HB,HB-PET02,2026-08-13,夜班,N12,EMPHB0225,HB-PET02-PALLET,码垛机岗,0,3,11.0,8.0,3.0,,FULL62-W1
HB,HB-PET03,2026-08-13,夜班,N12,EMPHB0191,HB-PET03-FILL,灌注机岗,1,4,11.0,8.0,3.0,,FULL62-W1
HB,HB-PET03,2026-08-13,夜班,N12,EMPHB0296,HB-PET03-HANDLE-1,提扣机岗1,0,3,11.0,8.0,3.0,,FULL62-W1
HB,HB-PET03,2026-08-13,夜班,N12,EMPHB0194,HB-PET03-LABEL,贴标机岗,0,4,11.0,8.0,3.0,,FULL62-W1
HB,HB-PET03,2026-08-13,夜班,N12,EMPHB0199,HB-PET03-PACK-SHRINK,膜包机岗,0,3,11.0,8.0,3.0,,FULL62-W1
HB,HB-PET03,2026-08-13,夜班,N12,EMPHB0228,HB-PET03-PALLET,码垛机岗,0,3,11.0,8.0,3.0,,FULL62-W1
HB,HB-QC,2026-08-13,夜班,N12,EMPHB0358,HB-QC-QC-RM-AS,无菌线原物料品控,1,4,11.0,8.0,3.0,,FULL62-W1
HB,HB-QC,2026-08-13,夜班,N12,EMPHB0354,HB-QC-QC-RM-SODA,汽水线原物料品控,1,3,11.0,8.0,3.0,,FULL62-W1
HB,HB-QC2,2026-08-13,夜班,N12,EMPHB0381,HB-QC2-QC-BLOW,吹瓶品控,1,3,11.0,8.0,3.0,,FULL62-W1
HB,HB-QC2,2026-08-13,夜班,N12,EMPHB0391,HB-QC2-QC-IP-AS,无菌线制程品控,1,3,11.0,8.0,3.0,,FULL62-W1
HB,HB-QC2,2026-08-13,夜班,N12,EMPHB0370,HB-QC2-QC-IP-PET01,PET01线制程品控,1,3,11.0,8.0,3.0,,FULL62-W1
HB,HB-QC2,2026-08-13,夜班,N12,EMPHB0377,HB-QC2-QC-IP-PET03,PET03线制程品控,1,3,11.0,8.0,3.0,,FULL62-W1
HB,HB-QC2,2026-08-13,夜班,N12,EMPHB0388,HB-QC2-QC-WATER,水糖品控,1,3,11.0,8.0,3.0,,FULL62-W1
HB,HB-SYRUP,2026-08-13,夜班,N12,EMPHB0264,HB-SYRUP-SYRUP-POST1,后糖岗1,1,4,11.0,8.0,3.0,,FULL62-W1
HB,HB-SYRUP,2026-08-13,夜班,N12,EMPHB0269,HB-SYRUP-SYRUP-POST2,后糖岗2,1,4,11.0,8.0,3.0,,FULL62-W1
HB,HB-SYRUP,2026-08-13,夜班,N12,EMPHB0259,HB-SYRUP-WATER,水处理操作岗,1,4,11.0,8.0,3.0,,FULL62-W1
SX,SX-BIB01,2026-08-13,夜班,N12,EMPSX0103,SX-BIB01-FILL,灌装岗,1,3,11.0,8.0,3.0,,FULL62-W1
SX,SX-BIB01,2026-08-13,夜班,N12,EMPSX0107,SX-BIB01-PACK-1,包装岗1,0,3,11.0,8.0,3.0,,FULL62-W1
SX,SX-BIB01,2026-08-13,夜班,N12,EMPSX0111,SX-BIB01-PACK-2,包装岗2,0,3,11.0,8.0,3.0,,FULL62-W1
SX,SX-CAN01,2026-08-13,夜班,N12,EMPSX0053,SX-CAN01-DEPAL-CAN,卸罐机岗,0,3,11.0,8.0,3.0,,FULL62-W1
SX,SX-CAN01,2026-08-13,夜班,N12,EMPSX0086,SX-CAN01-FILL,灌注机岗,1,3,11.0,8.0,3.0,,FULL62-W1
SX,SX-CAN01,2026-08-13,夜班,N12,EMPSX0070,SX-CAN01-PACK-MULTI,多包装机,0,4,11.0,8.0,3.0,,FULL62-W1
SX,SX-CAN01,2026-08-13,夜班,N12,EMPSX0109,SX-CAN01-PACK-SHRINK,塑包机岗,0,2,11.0,8.0,3.0,,FULL62-W1
SX,SX-CAN01,2026-08-13,夜班,N12,EMPSX0065,SX-CAN01-PALLET,码垛机岗,0,3,11.0,8.0,3.0,,FULL62-W1
SX,SX-ENG,2026-08-13,夜班,N12,EMPSX0137,SX-ENG-AIRCOMP,制冷空压机岗,1,3,11.0,8.0,3.0,,FULL62-W1
SX,SX-ENG,2026-08-13,夜班,N12,EMPSX0131,SX-ENG-ELEC-LINE1,生产线电工1,1,3,11.0,8.0,3.0,,FULL62-W1
SX,SX-ENG,2026-08-13,夜班,N12,EMPSX0152,SX-ENG-MECH-LINE,生产线机修岗,0,3,11.0,8.0,3.0,,FULL62-W1
SX,SX-PET01,2026-08-13,夜班,N12,EMPSX0003,SX-PET01-BLOW-LABEL,吹贴机岗,1,4,11.0,8.0,3.0,,FULL62-W1
SX,SX-PET01,2026-08-13,夜班,N12,EMPSX0019,SX-PET01-FGI,FGI岗,0,3,11.0,8.0,3.0,,FULL62-W1
SX,SX-PET01,2026-08-13,夜班,N12,EMPSX0059,SX-PET01-FILL,灌注机岗,1,4,11.0,8.0,3.0,,FULL62-W1
SX,SX-PET01,2026-08-13,夜班,N12,EMPSX0028,SX-PET01-HANDLE,提扣机岗,0,4,11.0,8.0,3.0,,FULL62-W1
SX,SX-PET01,2026-08-13,夜班,N12,EMPSX0016,SX-PET01-PALLET,码垛机岗,0,4,11.0,8.0,3.0,,FULL62-W1
SX,SX-PET01,2026-08-13,夜班,N12,EMPSX0022,SX-PET01-PALLET-LABEL,垛贴码岗,0,3,11.0,8.0,3.0,,FULL62-W1
SX,SX-PET02,2026-08-13,夜班,N12,EMPSX0030,SX-PET02-BLOW,吹瓶机岗,1,3,11.0,8.0,3.0,,FULL62-W1
SX,SX-PET02,2026-08-13,夜班,N12,EMPSX0034,SX-PET02-LABEL,贴标机岗,0,3,11.0,8.0,3.0,,FULL62-W1
SX,SX-PET02,2026-08-13,夜班,N12,EMPSX0044,SX-PET02-PACK-SHRINK,塑包机岗,0,4,11.0,8.0,3.0,,FULL62-W1
SX,SX-PET02,2026-08-13,夜班,N12,EMPSX0051,SX-PET02-PALLET,码垛机岗,0,3,11.0,8.0,3.0,,FULL62-W1
SX,SX-QC,2026-08-13,夜班,N12,EMPSX0156,SX-QC-QC-AUX,辅线品控（水、糖、BIB）,1,3,11.0,8.0,3.0,,FULL62-W1
SX,SX-QC,2026-08-13,夜班,N12,EMPSX0180,SX-QC-QC-BLOW,吹瓶品控,1,3,11.0,8.0,3.0,,FULL62-W1
SX,SX-QC,2026-08-13,夜班,N12,EMPSX0169,SX-QC-QC-IP-CAN,CAN线品控,1,4,11.0,8.0,3.0,,FULL62-W1
SX,SX-QC,2026-08-13,夜班,N12,EMPSX0161,SX-QC-QC-IP-PET1,PET线品控1,1,3,11.0,8.0,3.0,,FULL62-W1
SX,SX-QC,2026-08-13,夜班,N12,EMPSX0168,SX-QC-QC-IP-PET2,PET线品控2,1,4,11.0,8.0,3.0,,FULL62-W1
SX,SX-QC,2026-08-13,夜班,N12,EMPSX0175,SX-QC-QC-IP-RB,RB线品控,1,4,11.0,8.0,3.0,,FULL62-W1
SX,SX-RB01,2026-08-13,夜班,N12,EMPSX0074,SX-RB01-DEPAL,码卸垛机岗,0,3,11.0,8.0,3.0,,FULL62-W1
SX,SX-RB01,2026-08-13,夜班,N12,EMPSX0087,SX-RB01-FILL,灌注机岗,1,3,11.0,8.0,3.0,,FULL62-W1
SX,SX-RB01,2026-08-13,夜班,N12,EMPSX0097,SX-RB01-QC-BOTTLE,空瓶检测岗,1,3,11.0,8.0,3.0,,FULL62-W1
SX,SX-RB01,2026-08-13,夜班,N12,EMPSX0093,SX-RB01-QC-FGI2,成品目检岗2,1,3,11.0,8.0,3.0,,FULL62-W1
SX,SX-RB01,2026-08-13,夜班,N12,EMPSX0082,SX-RB01-WASHER,洗瓶机岗,0,3,11.0,8.0,3.0,,FULL62-W1
SX,SX-SYRUP,2026-08-13,夜班,N12,EMPSX0117,SX-SYRUP-SYRUP-POST1,后糖岗1,1,3,11.0,8.0,3.0,,FULL62-W1
SX,SX-UTIL,2026-08-13,夜班,N12,EMPSX0128,SX-UTIL-WWTP,污水处理岗,0,3,11.0,8.0,3.0,,FULL62-W1
HB,HB-AS01,2026-08-14,白班,D12,EMPHB0187,HB-AS01-BLOW,吹瓶机岗,1,3,11.0,8.0,3.0,C,FULL62-W1
HB,HB-AS01,2026-08-14,白班,D12,EMPHB0213,HB-AS01-FILL,灌注机岗,1,3,11.0,8.0,3.0,C,FULL62-W1
HB,HB-AS01,2026-08-14,白班,D12,EMPHB0272,HB-AS01-SHIFT-LEADER,生产领班,1,3,11.0,8.0,3.0,C,FULL62-W1
HB,HB-AS01,2026-08-14,白班,D12,EMPHB0309,HB-AS01-UHT-1,UHT&调配&果肉操作1,1,3,11.0,8.0,3.0,C,FULL62-W1
HB,HB-AS01,2026-08-14,白班,D12,EMPHB0314,HB-AS01-UHT-2,UHT&调配&果肉操作2,1,3,11.0,8.0,3.0,C,FULL62-W1
HB,HB-ENG2,2026-08-14,白班,D12,EMPHB0341,HB-ENG2-AIRCOMP,空压岗,1,3,11.0,8.0,3.0,,FULL62-W1
HB,HB-ENG2,2026-08-14,白班,D12,EMPHB0335,HB-ENG2-ELEC-OUT1,外围电工1,1,4,11.0,8.0,3.0,,FULL62-W1
HB,HB-ENG2,2026-08-14,白班,D12,EMPHB0349,HB-ENG2-WWTP,污水岗,0,3,11.0,8.0,3.0,,FULL62-W1
HB,HB-PET01,2026-08-14,白班,D12,EMPHB0276,HB-PET01-BLOW,吹瓶机岗,1,3,11.0,8.0,3.0,,FULL62-W1
HB,HB-PET01,2026-08-14,白班,D12,EMPHB0235,HB-PET01-FILL,灌注机岗,1,3,11.0,8.0,3.0,,FULL62-W1
HB,HB-PET01,2026-08-14,白班,D12,EMPHB0250,HB-PET01-HANDLE-1,提扣机岗1,0,3,11.0,8.0,3.0,,FULL62-W1
HB,HB-PET01,2026-08-14,白班,D12,EMPHB0299,HB-PET01-HANDLE-2,提扣机岗2,0,3,11.0,8.0,3.0,,FULL62-W1
HB,HB-PET01,2026-08-14,白班,D12,EMPHB0218,HB-PET01-LABEL,贴标机岗,0,3,11.0,8.0,3.0,,FULL62-W1
HB,HB-PET01,2026-08-14,白班,D12,EMPHB0244,HB-PET01-PACK-SHRINK,膜包机岗,0,3,11.0,8.0,3.0,,FULL62-W1
HB,HB-PET01,2026-08-14,白班,D12,EMPHB0246,HB-PET01-PALLET,码垛机岗,0,4,11.0,8.0,3.0,,FULL62-W1
HB,HB-PET01,2026-08-14,白班,D12,EMPHB0274,HB-PET01-SHIFT-ENG,倒班工程师,1,3,11.0,8.0,3.0,,FULL62-W1
HB,HB-PET02,2026-08-14,白班,D12,EMPHB0215,HB-PET02-BLOW-FILL,吹瓶、灌装岗位,1,3,11.0,8.0,3.0,,FULL62-W1
HB,HB-PET02,2026-08-14,白班,D12,EMPHB0196,HB-PET02-LABEL,贴标机岗,0,4,11.0,8.0,3.0,,FULL62-W1
HB,HB-PET02,2026-08-14,白班,D12,EMPHB0289,HB-PET02-PACK-SHRINK,膜包机岗,0,3,11.0,8.0,3.0,,FULL62-W1
HB,HB-PET02,2026-08-14,白班,D12,EMPHB0294,HB-PET02-PALLET,码垛机岗,0,3,11.0,8.0,3.0,,FULL62-W1
HB,HB-PET03,2026-08-14,白班,D12,EMPHB0231,HB-PET03-BLOW,吹瓶机岗,1,4,11.0,8.0,3.0,,FULL62-W1
HB,HB-PET03,2026-08-14,白班,D12,EMPHB0279,HB-PET03-FILL,灌注机岗,1,3,11.0,8.0,3.0,,FULL62-W1
HB,HB-PET03,2026-08-14,白班,D12,EMPHB0316,HB-PET03-HANDLE-1,提扣机岗1,0,3,11.0,8.0,3.0,,FULL62-W1
HB,HB-PET03,2026-08-14,白班,D12,EMPHB0318,HB-PET03-HANDLE-2,提扣机岗2,0,2,11.0,8.0,3.0,,FULL62-W1
HB,HB-PET03,2026-08-14,白班,D12,EMPHB0285,HB-PET03-LABEL,贴标机岗,0,3,11.0,8.0,3.0,,FULL62-W1
HB,HB-PET03,2026-08-14,白班,D12,EMPHB0224,HB-PET03-PACK-SHRINK,膜包机岗,0,4,11.0,8.0,3.0,,FULL62-W1
HB,HB-PET03,2026-08-14,白班,D12,EMPHB0201,HB-PET03-PALLET,码垛机岗,0,4,11.0,8.0,3.0,,FULL62-W1
HB,HB-QC,2026-08-14,白班,D12,EMPHB0372,HB-QC-QC-RM-AS,无菌线原物料品控,1,3,11.0,8.0,3.0,,FULL62-W1
HB,HB-QC2,2026-08-14,白班,D12,EMPHB0384,HB-QC2-QC-BLOW,吹瓶品控,1,3,11.0,8.0,3.0,,FULL62-W1
HB,HB-QC2,2026-08-14,白班,D12,EMPHB0389,HB-QC2-QC-IP-AS,无菌线制程品控,1,3,11.0,8.0,3.0,,FULL62-W1
HB,HB-QC2,2026-08-14,白班,D12,EMPHB0369,HB-QC2-QC-IP-PET01,PET01线制程品控,1,3,11.0,8.0,3.0,,FULL62-W1
HB,HB-QC2,2026-08-14,白班,D12,EMPHB0373,HB-QC2-QC-IP-PET02,PET02线制程品控,1,4,11.0,8.0,3.0,,FULL62-W1
HB,HB-QC2,2026-08-14,白班,D12,EMPHB0379,HB-QC2-QC-IP-PET03,PET03线制程品控,1,3,11.0,8.0,3.0,,FULL62-W1
HB,HB-QC2,2026-08-14,白班,D12,EMPHB0385,HB-QC2-QC-WATER,水糖品控,1,3,11.0,8.0,3.0,,FULL62-W1
HB,HB-SYRUP,2026-08-14,白班,D12,EMPHB0266,HB-SYRUP-SYRUP-POST1,后糖岗1,1,4,11.0,8.0,3.0,,FULL62-W1
SX,SX-BIB01,2026-08-14,白班,D12,EMPSX0101,SX-BIB01-FILL,灌装岗,1,4,11.0,8.0,3.0,,FULL62-W1
SX,SX-BIB01,2026-08-14,白班,D12,EMPSX0114,SX-BIB01-PACK-3,包装岗3,0,3,11.0,8.0,3.0,,FULL62-W1
SX,SX-CAN01,2026-08-14,白班,D12,EMPSX0040,SX-CAN01-FILL,灌注机岗,1,3,11.0,8.0,3.0,B,FULL62-W1
SX,SX-ENG,2026-08-14,白班,D12,EMPSX0147,SX-ENG-MECH-LINE,生产线机修岗,0,4,11.0,8.0,3.0,,FULL62-W1
SX,SX-PET01,2026-08-14,白班,D12,EMPSX0001,SX-PET01-BLOW-LABEL,吹贴机岗,1,3,11.0,8.0,3.0,,FULL62-W1
SX,SX-PET01,2026-08-14,白班,D12,EMPSX0017,SX-PET01-FGI,FGI岗,0,3,11.0,8.0,3.0,,FULL62-W1
SX,SX-PET01,2026-08-14,白班,D12,EMPSX0057,SX-PET01-FILL,灌注机岗,1,3,11.0,8.0,3.0,,FULL62-W1
SX,SX-PET01,2026-08-14,白班,D12,EMPSX0027,SX-PET01-HANDLE,提扣机岗,0,3,11.0,8.0,3.0,,FULL62-W1
SX,SX-PET01,2026-08-14,白班,D12,EMPSX0042,SX-PET01-PACK-SHRINK,塑包机岗,0,3,11.0,8.0,3.0,,FULL62-W1
SX,SX-PET01,2026-08-14,白班,D12,EMPSX0052,SX-PET01-PALLET-LABEL,垛贴码岗,0,3,11.0,8.0,3.0,,FULL62-W1
SX,SX-PET02,2026-08-14,白班,D12,EMPSX0038,SX-PET02-FILL,灌注机岗,1,3,11.0,8.0,3.0,,FULL62-W1
SX,SX-PET02,2026-08-14,白班,D12,EMPSX0033,SX-PET02-LABEL,贴标机岗,0,3,11.0,8.0,3.0,,FULL62-W1
SX,SX-PET02,2026-08-14,白班,D12,EMPSX0010,SX-PET02-PACK-SHRINK,塑包机岗,0,3,11.0,8.0,3.0,,FULL62-W1
SX,SX-PET02,2026-08-14,白班,D12,EMPSX0015,SX-PET02-PALLET-LABEL,垛贴码岗,0,2,11.0,8.0,3.0,,FULL62-W1
SX,SX-QC,2026-08-14,白班,D12,EMPSX0154,SX-QC-QC-AUX,辅线品控（水、糖、BIB）,1,3,11.0,8.0,3.0,,FULL62-W1
SX,SX-QC,2026-08-14,白班,D12,EMPSX0179,SX-QC-QC-BLOW,吹瓶品控,1,3,11.0,8.0,3.0,,FULL62-W1
SX,SX-QC,2026-08-14,白班,D12,EMPSX0170,SX-QC-QC-IP-CAN,CAN线品控,1,3,11.0,8.0,3.0,,FULL62-W1
SX,SX-QC,2026-08-14,白班,D12,EMPSX0163,SX-QC-QC-IP-PET1,PET线品控1,1,3,11.0,8.0,3.0,,FULL62-W1
SX,SX-QC,2026-08-14,白班,D12,EMPSX0165,SX-QC-QC-IP-PET2,PET线品控2,1,3,11.0,8.0,3.0,,FULL62-W1
SX,SX-QC,2026-08-14,白班,D12,EMPSX0173,SX-QC-QC-IP-RB,RB线品控,1,3,11.0,8.0,3.0,,FULL62-W1
SX,SX-RB01,2026-08-14,白班,D12,EMPSX0008,SX-RB01-FILL,灌注机岗,1,4,11.0,8.0,3.0,,FULL62-W1
SX,SX-RB01,2026-08-14,白班,D12,EMPSX0078,SX-RB01-LOADER,装卸箱机岗,0,4,11.0,8.0,3.0,,FULL62-W1
SX,SX-RB01,2026-08-14,白班,D12,EMPSX0099,SX-RB01-QC-BOTTLE,空瓶检测岗,1,3,11.0,8.0,3.0,,FULL62-W1
SX,SX-RB01,2026-08-14,白班,D12,EMPSX0089,SX-RB01-QC-FGI1,成品目检岗1,1,3,11.0,8.0,3.0,,FULL62-W1
SX,SX-RB01,2026-08-14,白班,D12,EMPSX0094,SX-RB01-QC-FGI2,成品目检岗2,1,3,11.0,8.0,3.0,,FULL62-W1
SX,SX-RB01,2026-08-14,白班,D12,EMPSX0083,SX-RB01-WASHER,洗瓶机岗,0,3,11.0,8.0,3.0,,FULL62-W1
SX,SX-SYRUP,2026-08-14,白班,D12,EMPSX0120,SX-SYRUP-SYRUP-POST1,后糖岗1,1,3,11.0,8.0,3.0,,FULL62-W1
HB,HB-ENG,2026-08-14,常白班,D8,EMPHB0324,HB-ENG-ELEC-2,电气维修工程师2,1,4,8.0,8.0,0.0,,FULL62-W1
HB,HB-ENG,2026-08-14,常白班,D8,EMPHB0326,HB-ENG-ENG-BLOW,吹瓶机工程师,1,4,8.0,8.0,0.0,,FULL62-W1
HB,HB-ENG,2026-08-14,常白班,D8,EMPHB0328,HB-ENG-ENG-FILL,灌装机工程师,1,3,8.0,8.0,0.0,,FULL62-W1
HB,HB-ENG,2026-08-14,常白班,D8,EMPHB0330,HB-ENG-ENG-LABEL,贴标机工程师,1,4,8.0,8.0,0.0,,FULL62-W1
HB,HB-ENG,2026-08-14,常白班,D8,EMPHB0332,HB-ENG-ENG-PACK,膜包机工程师,1,3,8.0,8.0,0.0,,FULL62-W1
HB,HB-ENG,2026-08-14,常白班,D8,EMPHB0334,HB-ENG-ENG-PALLET,码垛机工程师,1,3,8.0,8.0,0.0,,FULL62-W1
HB,HB-ENG2,2026-08-14,常白班,D8,EMPHB0340,HB-ENG2-ELEC-OUT2,外围电工2,1,4,8.0,8.0,0.0,,FULL62-W1
HB,HB-QC,2026-08-14,常白班,D8,EMPHB0363,HB-QC-QC-MICRO-AS1,无菌线微生物品控1,1,3,8.0,8.0,0.0,,FULL62-W1
HB,HB-QC,2026-08-14,常白班,D8,EMPHB0366,HB-QC-QC-MICRO-AS2,无菌线微生物品控2,1,3,8.0,8.0,0.0,,FULL62-W1
HB,HB-QC,2026-08-14,常白班,D8,EMPHB0368,HB-QC-QC-MICRO-AS3,无菌线微生物品控3,1,4,8.0,8.0,0.0,,FULL62-W1
HB,HB-QC,2026-08-14,常白班,D8,EMPHB0361,HB-QC-QC-MICRO-SODA,汽水线微生物品控,1,4,8.0,8.0,0.0,,FULL62-W1
HB,HB-SYRUP,2026-08-14,常白班,D8,EMPHB0261,HB-SYRUP-SYRUP-PRE,前糖岗,1,3,8.0,8.0,0.0,,FULL62-W1
SX,SX-ENG,2026-08-14,常白班,D8,EMPSX0134,SX-ENG-ELEC-LINE2,生产线电工2,1,3,8.0,8.0,0.0,,FULL62-W1
SX,SX-ENG,2026-08-14,常白班,D8,EMPSX0135,SX-ENG-ELEC-OUT,外围电工,1,4,8.0,8.0,0.0,,FULL62-W1
SX,SX-QC,2026-08-14,常白班,D8,EMPSX0159,SX-QC-QC-MICRO,微生物品控,1,3,8.0,8.0,0.0,,FULL62-W1
SX,SX-QC,2026-08-14,常白班,D8,EMPSX0157,SX-QC-QC-RM,原物料品控,1,3,8.0,8.0,0.0,,FULL62-W1
SX,SX-SYRUP,2026-08-14,常白班,D8,EMPSX0116,SX-SYRUP-SYRUP-PRE,前糖岗,1,3,8.0,8.0,0.0,,FULL62-W1
SX,SX-UTIL,2026-08-14,常白班,D8,EMPSX0126,SX-UTIL-WATER,水处理操作岗,1,4,8.0,8.0,0.0,,FULL62-W1
HB,HB-AS01,2026-08-14,夜班,N12,EMPHB0186,HB-AS01-BLOW,吹瓶机岗,1,3,11.0,8.0,3.0,,FULL62-W1
HB,HB-AS01,2026-08-14,夜班,N12,EMPHB0210,HB-AS01-CARTON,上纸箱岗,0,3,11.0,8.0,3.0,,FULL62-W1
HB,HB-AS01,2026-08-14,夜班,N12,EMPHB0208,HB-AS01-HANDLE-1,提扣机岗1,0,4,11.0,8.0,3.0,,FULL62-W1
HB,HB-AS01,2026-08-14,夜班,N12,EMPHB0302,HB-AS01-HANDLE-2,提扣机岗2,0,3,11.0,8.0,3.0,,FULL62-W1
HB,HB-AS01,2026-08-14,夜班,N12,EMPHB0195,HB-AS01-LABEL,贴标机岗,0,3,11.0,8.0,3.0,,FULL62-W1
HB,HB-AS01,2026-08-14,夜班,N12,EMPHB0242,HB-AS01-PACK-SHRINK,膜包机岗,0,3,11.0,8.0,3.0,,FULL62-W1
HB,HB-AS01,2026-08-14,夜班,N12,EMPHB0293,HB-AS01-PALLET,码垛机岗,0,4,11.0,8.0,3.0,,FULL62-W1
HB,HB-AS01,2026-08-14,夜班,N12,EMPHB0271,HB-AS01-SHIFT-LEADER,生产领班,1,3,11.0,8.0,3.0,,FULL62-W1
HB,HB-AS01,2026-08-14,夜班,N12,EMPHB0308,HB-AS01-UHT-1,UHT&调配&果肉操作1,1,4,11.0,8.0,3.0,,FULL62-W1
HB,HB-AS01,2026-08-14,夜班,N12,EMPHB0311,HB-AS01-UHT-2,UHT&调配&果肉操作2,1,3,11.0,8.0,3.0,,FULL62-W1
HB,HB-AS01,2026-08-14,夜班,N12,EMPHB0317,HB-AS01-UHT-AUX,辅助工,0,3,11.0,8.0,3.0,,FULL62-W1
HB,HB-ENG2,2026-08-14,夜班,N12,EMPHB0347,HB-ENG2-AIRCOMP,空压岗,1,3,11.0,8.0,3.0,,FULL62-W1
HB,HB-ENG2,2026-08-14,夜班,N12,EMPHB0342,HB-ENG2-BOILER,锅炉岗,0,3,11.0,8.0,3.0,,FULL62-W1
HB,HB-ENG2,2026-08-14,夜班,N12,EMPHB0350,HB-ENG2-WWTP,污水岗,0,3,11.0,8.0,3.0,,FULL62-W1
HB,HB-PET01,2026-08-14,夜班,N12,EMPHB0190,HB-PET01-FILL,灌注机岗,1,4,11.0,8.0,3.0,,FULL62-W1
HB,HB-PET01,2026-08-14,夜班,N12,EMPHB0295,HB-PET01-HANDLE-1,提扣机岗1,0,3,11.0,8.0,3.0,,FULL62-W1
HB,HB-PET01,2026-08-14,夜班,N12,EMPHB0209,HB-PET01-HANDLE-2,提扣机岗2,0,4,11.0,8.0,3.0,,FULL62-W1
HB,HB-PET01,2026-08-14,夜班,N12,EMPHB0219,HB-PET01-LABEL,贴标机岗,0,4,11.0,8.0,3.0,,FULL62-W1
HB,HB-PET01,2026-08-14,夜班,N12,EMPHB0290,HB-PET01-PACK-SHRINK,膜包机岗,0,3,11.0,8.0,3.0,,FULL62-W1
HB,HB-PET01,2026-08-14,夜班,N12,EMPHB0247,HB-PET01-PALLET,码垛机岗,0,3,11.0,8.0,3.0,,FULL62-W1
HB,HB-PET02,2026-08-14,夜班,N12,EMPHB0193,HB-PET02-LABEL,贴标机岗,0,3,11.0,8.0,3.0,,FULL62-W1
HB,HB-PET02,2026-08-14,夜班,N12,EMPHB0288,HB-PET02-PACK-SHRINK,膜包机岗,0,3,11.0,8.0,3.0,,FULL62-W1
HB,HB-PET02,2026-08-14,夜班,N12,EMPHB0202,HB-PET02-PALLET,码垛机岗,0,3,11.0,8.0,3.0,,FULL62-W1
HB,HB-PET03,2026-08-14,夜班,N12,EMPHB0278,HB-PET03-BLOW,吹瓶机岗,1,4,11.0,8.0,3.0,,FULL62-W1
HB,HB-PET03,2026-08-14,夜班,N12,EMPHB0191,HB-PET03-FILL,灌注机岗,1,4,11.0,8.0,3.0,,FULL62-W1
HB,HB-PET03,2026-08-14,夜班,N12,EMPHB0301,HB-PET03-HANDLE-2,提扣机岗2,0,4,11.0,8.0,3.0,,FULL62-W1
HB,HB-PET03,2026-08-14,夜班,N12,EMPHB0200,HB-PET03-PACK-SHRINK,膜包机岗,0,3,11.0,8.0,3.0,,FULL62-W1
HB,HB-PET03,2026-08-14,夜班,N12,EMPHB0248,HB-PET03-PALLET,码垛机岗,0,3,11.0,8.0,3.0,,FULL62-W1
HB,HB-QC,2026-08-14,夜班,N12,EMPHB0359,HB-QC-QC-RM-AS,无菌线原物料品控,1,3,11.0,8.0,3.0,,FULL62-W1
HB,HB-QC,2026-08-14,夜班,N12,EMPHB0353,HB-QC-QC-RM-SODA,汽水线原物料品控,1,4,11.0,8.0,3.0,,FULL62-W1
HB,HB-QC2,2026-08-14,夜班,N12,EMPHB0383,HB-QC2-QC-BLOW,吹瓶品控,1,4,11.0,8.0,3.0,,FULL62-W1
HB,HB-QC2,2026-08-14,夜班,N12,EMPHB0392,HB-QC2-QC-IP-AS,无菌线制程品控,1,3,11.0,8.0,3.0,,FULL62-W1
HB,HB-QC2,2026-08-14,夜班,N12,EMPHB0370,HB-QC2-QC-IP-PET01,PET01线制程品控,1,3,11.0,8.0,3.0,,FULL62-W1
HB,HB-QC2,2026-08-14,夜班,N12,EMPHB0374,HB-QC2-QC-IP-PET02,PET02线制程品控,1,3,11.0,8.0,3.0,,FULL62-W1
HB,HB-QC2,2026-08-14,夜班,N12,EMPHB0378,HB-QC2-QC-IP-PET03,PET03线制程品控,1,3,11.0,8.0,3.0,,FULL62-W1
HB,HB-QC2,2026-08-14,夜班,N12,EMPHB0388,HB-QC2-QC-WATER,水糖品控,1,3,11.0,8.0,3.0,,FULL62-W1
HB,HB-SYRUP,2026-08-14,夜班,N12,EMPHB0264,HB-SYRUP-SYRUP-POST1,后糖岗1,1,4,11.0,8.0,3.0,,FULL62-W1
HB,HB-SYRUP,2026-08-14,夜班,N12,EMPHB0270,HB-SYRUP-SYRUP-POST2,后糖岗2,1,4,11.0,8.0,3.0,,FULL62-W1
HB,HB-SYRUP,2026-08-14,夜班,N12,EMPHB0260,HB-SYRUP-WATER,水处理操作岗,1,3,11.0,8.0,3.0,,FULL62-W1
SX,SX-BIB01,2026-08-14,夜班,N12,EMPSX0102,SX-BIB01-FILL,灌装岗,1,3,11.0,8.0,3.0,,FULL62-W1
SX,SX-BIB01,2026-08-14,夜班,N12,EMPSX0107,SX-BIB01-PACK-1,包装岗1,0,3,11.0,8.0,3.0,,FULL62-W1
SX,SX-BIB01,2026-08-14,夜班,N12,EMPSX0036,SX-BIB01-PACK-2,包装岗2,0,3,11.0,8.0,3.0,,FULL62-W1
SX,SX-CAN01,2026-08-14,夜班,N12,EMPSX0073,SX-CAN01-DEPAL-CAN,卸罐机岗,0,3,11.0,8.0,3.0,,FULL62-W1
SX,SX-CAN01,2026-08-14,夜班,N12,EMPSX0007,SX-CAN01-FILL,灌注机岗,1,3,11.0,8.0,3.0,,FULL62-W1
SX,SX-CAN01,2026-08-14,夜班,N12,EMPSX0072,SX-CAN01-PACK-MULTI,多包装机,0,3,11.0,8.0,3.0,,FULL62-W1
SX,SX-CAN01,2026-08-14,夜班,N12,EMPSX0011,SX-CAN01-PACK-SHRINK,塑包机岗,0,3,11.0,8.0,3.0,,FULL62-W1
SX,SX-CAN01,2026-08-14,夜班,N12,EMPSX0051,SX-CAN01-PALLET,码垛机岗,0,3,11.0,8.0,3.0,,FULL62-W1
SX,SX-ENG,2026-08-14,夜班,N12,EMPSX0138,SX-ENG-AIRCOMP,制冷空压机岗,1,4,11.0,8.0,3.0,,FULL62-W1
SX,SX-ENG,2026-08-14,夜班,N12,EMPSX0144,SX-ENG-BOILER,锅炉操作岗,0,4,11.0,8.0,3.0,,FULL62-W1
SX,SX-ENG,2026-08-14,夜班,N12,EMPSX0131,SX-ENG-ELEC-LINE1,生产线电工1,1,3,11.0,8.0,3.0,,FULL62-W1
SX,SX-ENG,2026-08-14,夜班,N12,EMPSX0146,SX-ENG-MECH-LINE,生产线机修岗,0,3,11.0,8.0,3.0,,FULL62-W1
SX,SX-PET01,2026-08-14,夜班,N12,EMPSX0019,SX-PET01-FGI,FGI岗,0,3,11.0,8.0,3.0,,FULL62-W1
SX,SX-PET01,2026-08-14,夜班,N12,EMPSX0026,SX-PET01-HANDLE,提扣机岗,0,3,11.0,8.0,3.0,,FULL62-W1
SX,SX-PET01,2026-08-14,夜班,N12,EMPSX0066,SX-PET01-PALLET,码垛机岗,0,3,11.0,8.0,3.0,,FULL62-W1
SX,SX-PET01,2026-08-14,夜班,N12,EMPSX0024,SX-PET01-PALLET-LABEL,垛贴码岗,0,3,11.0,8.0,3.0,,FULL62-W1
SX,SX-PET02,2026-08-14,夜班,N12,EMPSX0005,SX-PET02-FILL,灌注机岗,1,3,11.0,8.0,3.0,,FULL62-W1
SX,SX-PET02,2026-08-14,夜班,N12,EMPSX0034,SX-PET02-LABEL,贴标机岗,0,3,11.0,8.0,3.0,,FULL62-W1
SX,SX-PET02,2026-08-14,夜班,N12,EMPSX0063,SX-PET02-PACK-SHRINK,塑包机岗,0,3,11.0,8.0,3.0,,FULL62-W1
SX,SX-PET02,2026-08-14,夜班,N12,EMPSX0047,SX-PET02-PALLET,码垛机岗,0,3,11.0,8.0,3.0,,FULL62-W1
SX,SX-QC,2026-08-14,夜班,N12,EMPSX0155,SX-QC-QC-AUX,辅线品控（水、糖、BIB）,1,3,11.0,8.0,3.0,,FULL62-W1
SX,SX-QC,2026-08-14,夜班,N12,EMPSX0178,SX-QC-QC-BLOW,吹瓶品控,1,4,11.0,8.0,3.0,,FULL62-W1
SX,SX-QC,2026-08-14,夜班,N12,EMPSX0161,SX-QC-QC-IP-PET1,PET线品控1,1,3,11.0,8.0,3.0,,FULL62-W1
SX,SX-QC,2026-08-14,夜班,N12,EMPSX0167,SX-QC-QC-IP-PET2,PET线品控2,1,4,11.0,8.0,3.0,,FULL62-W1
SX,SX-RB01,2026-08-14,夜班,N12,EMPSX0060,SX-RB01-FILL,灌注机岗,1,3,11.0,8.0,3.0,,FULL62-W1
SX,SX-RB01,2026-08-14,夜班,N12,EMPSX0077,SX-RB01-LOADER,装卸箱机岗,0,3,11.0,8.0,3.0,,FULL62-W1
SX,SX-RB01,2026-08-14,夜班,N12,EMPSX0097,SX-RB01-QC-BOTTLE,空瓶检测岗,1,3,11.0,8.0,3.0,,FULL62-W1
SX,SX-RB01,2026-08-14,夜班,N12,EMPSX0096,SX-RB01-QC-FGI2,成品目检岗2,1,3,11.0,8.0,3.0,,FULL62-W1
SX,SX-RB01,2026-08-14,夜班,N12,EMPSX0084,SX-RB01-WASHER,洗瓶机岗,0,3,11.0,8.0,3.0,,FULL62-W1
SX,SX-SYRUP,2026-08-14,夜班,N12,EMPSX0118,SX-SYRUP-SYRUP-POST1,后糖岗1,1,3,11.0,8.0,3.0,,FULL62-W1
SX,SX-UTIL,2026-08-14,夜班,N12,EMPSX0127,SX-UTIL-WWTP,污水处理岗,0,4,11.0,8.0,3.0,,FULL62-W1
HB,HB-AS01,2026-08-15,白班,D12,EMPHB0229,HB-AS01-BLOW,吹瓶机岗,1,4,11.0,8.0,3.0,,FULL62-W1
HB,HB-AS01,2026-08-15,白班,D12,EMPHB0303,HB-AS01-CARTON,上纸箱岗,0,4,11.0,8.0,3.0,,FULL62-W1
HB,HB-AS01,2026-08-15,白班,D12,EMPHB0282,HB-AS01-FILL,灌注机岗,1,4,11.0,8.0,3.0,,FULL62-W1
HB,HB-AS01,2026-08-15,白班,D12,EMPHB0206,HB-AS01-HANDLE-2,提扣机岗2,0,2,11.0,8.0,3.0,,FULL62-W1
HB,HB-AS01,2026-08-15,白班,D12,EMPHB0221,HB-AS01-PACK-SHRINK,膜包机岗,0,4,11.0,8.0,3.0,,FULL62-W1
HB,HB-AS01,2026-08-15,白班,D12,EMPHB0226,HB-AS01-PALLET,码垛机岗,0,3,11.0,8.0,3.0,,FULL62-W1
HB,HB-AS01,2026-08-15,白班,D12,EMPHB0272,HB-AS01-SHIFT-LEADER,生产领班,1,3,11.0,8.0,3.0,,FULL62-W1
HB,HB-AS01,2026-08-15,白班,D12,EMPHB0309,HB-AS01-UHT-1,UHT&调配&果肉操作1,1,3,11.0,8.0,3.0,,FULL62-W1
HB,HB-ENG,2026-08-15,白班,D12,EMPHB0320,HB-ENG-ELEC-1,电气维修工程师1,1,3,11.0,8.0,3.0,,FULL62-W1
HB,HB-ENG2,2026-08-15,白班,D12,EMPHB0346,HB-ENG2-AIRCOMP,空压岗,1,3,11.0,8.0,3.0,,FULL62-W1
HB,HB-ENG2,2026-08-15,白班,D12,EMPHB0343,HB-ENG2-BOILER,锅炉岗,0,3,11.0,8.0,3.0,,FULL62-W1
HB,HB-ENG2,2026-08-15,白班,D12,EMPHB0351,HB-ENG2-WWTP,污水岗,0,3,11.0,8.0,3.0,,FULL62-W1
HB,HB-PET01,2026-08-15,白班,D12,EMPHB0230,HB-PET01-BLOW,吹瓶机岗,1,3,11.0,8.0,3.0,,FULL62-W1
HB,HB-PET01,2026-08-15,白班,D12,EMPHB0205,HB-PET01-HANDLE-1,提扣机岗1,0,4,11.0,8.0,3.0,,FULL62-W1
HB,HB-PET01,2026-08-15,白班,D12,EMPHB0300,HB-PET01-HANDLE-2,提扣机岗2,0,3,11.0,8.0,3.0,,FULL62-W1
HB,HB-PET01,2026-08-15,白班,D12,EMPHB0194,HB-PET01-LABEL,贴标机岗,0,4,11.0,8.0,3.0,,FULL62-W1
HB,HB-PET01,2026-08-15,白班,D12,EMPHB0223,HB-PET01-PACK-SHRINK,膜包机岗,0,3,11.0,8.0,3.0,,FULL62-W1
HB,HB-PET01,2026-08-15,白班,D12,EMPHB0294,HB-PET01-PALLET,码垛机岗,0,3,11.0,8.0,3.0,,FULL62-W1
HB,HB-PET01,2026-08-15,白班,D12,EMPHB0274,HB-PET01-SHIFT-ENG,倒班工程师,1,3,11.0,8.0,3.0,,FULL62-W1
HB,HB-PET02,2026-08-15,白班,D12,EMPHB0236,HB-PET02-BLOW-FILL,吹瓶、灌装岗位,1,3,11.0,8.0,3.0,,FULL62-W1
HB,HB-PET02,2026-08-15,白班,D12,EMPHB0239,HB-PET02-LABEL,贴标机岗,0,3,11.0,8.0,3.0,,FULL62-W1
HB,HB-PET02,2026-08-15,白班,D12,EMPHB0241,HB-PET02-PACK-SHRINK,膜包机岗,0,4,11.0,8.0,3.0,,FULL62-W1
HB,HB-PET02,2026-08-15,白班,D12,EMPHB0227,HB-PET02-PALLET,码垛机岗,0,4,11.0,8.0,3.0,,FULL62-W1
HB,HB-PET03,2026-08-15,白班,D12,EMPHB0215,HB-PET03-FILL,灌注机岗,1,3,11.0,8.0,3.0,,FULL62-W1
HB,HB-PET03,2026-08-15,白班,D12,EMPHB0316,HB-PET03-HANDLE-1,提扣机岗1,0,3,11.0,8.0,3.0,,FULL62-W1
HB,HB-PET03,2026-08-15,白班,D12,EMPHB0297,HB-PET03-HANDLE-2,提扣机岗2,0,1,11.0,8.0,3.0,,FULL62-W1
HB,HB-PET03,2026-08-15,白班,D12,EMPHB0244,HB-PET03-PACK-SHRINK,膜包机岗,0,3,11.0,8.0,3.0,,FULL62-W1
HB,HB-PET03,2026-08-15,白班,D12,EMPHB0228,HB-PET03-PALLET,码垛机岗,0,3,11.0,8.0,3.0,,FULL62-W1
HB,HB-QC,2026-08-15,白班,D12,EMPHB0356,HB-QC-QC-RM-SODA,汽水线原物料品控,1,3,11.0,8.0,3.0,,FULL62-W1
HB,HB-QC2,2026-08-15,白班,D12,EMPHB0361,HB-QC2-QC-BLOW,吹瓶品控,1,3,11.0,8.0,3.0,,FULL62-W1
HB,HB-QC2,2026-08-15,白班,D12,EMPHB0391,HB-QC2-QC-IP-AS,无菌线制程品控,1,3,11.0,8.0,3.0,,FULL62-W1
HB,HB-QC2,2026-08-15,白班,D12,EMPHB0372,HB-QC2-QC-IP-PET01,PET01线制程品控,1,3,11.0,8.0,3.0,,FULL62-W1
HB,HB-QC2,2026-08-15,白班,D12,EMPHB0373,HB-QC2-QC-IP-PET02,PET02线制程品控,1,4,11.0,8.0,3.0,,FULL62-W1
HB,HB-QC2,2026-08-15,白班,D12,EMPHB0386,HB-QC2-QC-WATER,水糖品控,1,3,11.0,8.0,3.0,,FULL62-W1
HB,HB-SYRUP,2026-08-15,白班,D12,EMPHB0263,HB-SYRUP-SYRUP-POST1,后糖岗1,1,4,11.0,8.0,3.0,,FULL62-W1
HB,HB-SYRUP,2026-08-15,白班,D12,EMPHB0268,HB-SYRUP-SYRUP-POST2,后糖岗2,1,3,11.0,8.0,3.0,,FULL62-W1
HB,HB-SYRUP,2026-08-15,白班,D12,EMPHB0259,HB-SYRUP-WATER,水处理操作岗,1,4,11.0,8.0,3.0,,FULL62-W1
SX,SX-BIB01,2026-08-15,白班,D12,EMPSX0101,SX-BIB01-FILL,灌装岗,1,4,11.0,8.0,3.0,,FULL62-W1
SX,SX-BIB01,2026-08-15,白班,D12,EMPSX0062,SX-BIB01-PACK-1,包装岗1,0,1,11.0,8.0,3.0,,FULL62-W1
SX,SX-BIB01,2026-08-15,白班,D12,EMPSX0043,SX-BIB01-PACK-2,包装岗2,0,2,11.0,8.0,3.0,,FULL62-W1
SX,SX-CAN01,2026-08-15,白班,D12,EMPSX0053,SX-CAN01-DEPAL-CAN,卸罐机岗,0,3,11.0,8.0,3.0,,FULL62-W1
SX,SX-CAN01,2026-08-15,白班,D12,EMPSX0086,SX-CAN01-FILL,灌注机岗,1,3,11.0,8.0,3.0,,FULL62-W1
SX,SX-CAN01,2026-08-15,白班,D12,EMPSX0069,SX-CAN01-PACK-MULTI,多包装机,0,4,11.0,8.0,3.0,,FULL62-W1
SX,SX-CAN01,2026-08-15,白班,D12,EMPSX0046,SX-CAN01-PALLET,码垛机岗,0,3,11.0,8.0,3.0,,FULL62-W1
SX,SX-ENG,2026-08-15,白班,D12,EMPSX0140,SX-ENG-AIRCOMP,制冷空压机岗,1,4,11.0,8.0,3.0,,FULL62-W1
SX,SX-ENG,2026-08-15,白班,D12,EMPSX0141,SX-ENG-BOILER,锅炉操作岗,0,3,11.0,8.0,3.0,,FULL62-W1
SX,SX-ENG,2026-08-15,白班,D12,EMPSX0130,SX-ENG-ELEC-LINE1,生产线电工1,1,3,11.0,8.0,3.0,,FULL62-W1
SX,SX-ENG,2026-08-15,白班,D12,EMPSX0148,SX-ENG-MECH-LINE,生产线机修岗,0,3,11.0,8.0,3.0,,FULL62-W1
SX,SX-ENG,2026-08-15,白班,D12,EMPSX0149,SX-ENG-MECH-LINE,生产线机修岗,0,3,11.0,8.0,3.0,,FULL62-W1
SX,SX-ENG,2026-08-15,白班,D12,EMPSX0151,SX-ENG-MECH-LINE,生产线机修岗,0,3,11.0,8.0,3.0,,FULL62-W1
SX,SX-PET01,2026-08-15,白班,D12,EMPSX0003,SX-PET01-BLOW-LABEL,吹贴机岗,1,4,11.0,8.0,3.0,,FULL62-W1
SX,SX-PET01,2026-08-15,白班,D12,EMPSX0027,SX-PET01-HANDLE,提扣机岗,0,3,11.0,8.0,3.0,,FULL62-W1
SX,SX-PET01,2026-08-15,白班,D12,EMPSX0012,SX-PET01-PACK-SHRINK,塑包机岗,0,4,11.0,8.0,3.0,,FULL62-W1
SX,SX-PET01,2026-08-15,白班,D12,EMPSX0013,SX-PET01-PALLET,码垛机岗,0,3,11.0,8.0,3.0,,FULL62-W1
SX,SX-PET02,2026-08-15,白班,D12,EMPSX0029,SX-PET02-BLOW,吹瓶机岗,1,3,11.0,8.0,3.0,,FULL62-W1
SX,SX-PET02,2026-08-15,白班,D12,EMPSX0088,SX-PET02-FILL,灌注机岗,1,3,11.0,8.0,3.0,,FULL62-W1
SX,SX-PET02,2026-08-15,白班,D12,EMPSX0033,SX-PET02-LABEL,贴标机岗,0,3,11.0,8.0,3.0,,FULL62-W1
SX,SX-PET02,2026-08-15,白班,D12,EMPSX0044,SX-PET02-PACK-SHRINK,塑包机岗,0,4,11.0,8.0,3.0,,FULL62-W1
SX,SX-PET02,2026-08-15,白班,D12,EMPSX0049,SX-PET02-PALLET,码垛机岗,0,3,11.0,8.0,3.0,,FULL62-W1
SX,SX-PET02,2026-08-15,白班,D12,EMPSX0050,SX-PET02-PALLET-LABEL,垛贴码岗,0,3,11.0,8.0,3.0,,FULL62-W1
SX,SX-QC,2026-08-15,白班,D12,EMPSX0153,SX-QC-QC-AUX,辅线品控（水、糖、BIB）,1,3,11.0,8.0,3.0,,FULL62-W1
SX,SX-QC,2026-08-15,白班,D12,EMPSX0179,SX-QC-QC-BLOW,吹瓶品控,1,3,11.0,8.0,3.0,,FULL62-W1
SX,SX-QC,2026-08-15,白班,D12,EMPSX0172,SX-QC-QC-IP-CAN,CAN线品控,1,3,11.0,8.0,3.0,,FULL62-W1
SX,SX-QC,2026-08-15,白班,D12,EMPSX0164,SX-QC-QC-IP-PET1,PET线品控1,1,3,11.0,8.0,3.0,,FULL62-W1
SX,SX-QC,2026-08-15,白班,D12,EMPSX0166,SX-QC-QC-IP-PET2,PET线品控2,1,3,11.0,8.0,3.0,,FULL62-W1
SX,SX-QC,2026-08-15,白班,D12,EMPSX0175,SX-QC-QC-IP-RB,RB线品控,1,4,11.0,8.0,3.0,,FULL62-W1
SX,SX-RB01,2026-08-15,白班,D12,EMPSX0076,SX-RB01-DEPAL,码卸垛机岗,0,3,11.0,8.0,3.0,,FULL62-W1
SX,SX-RB01,2026-08-15,白班,D12,EMPSX0059,SX-RB01-FILL,灌注机岗,1,4,11.0,8.0,3.0,,FULL62-W1
SX,SX-RB01,2026-08-15,白班,D12,EMPSX0099,SX-RB01-QC-BOTTLE,空瓶检测岗,1,3,11.0,8.0,3.0,,FULL62-W1
SX,SX-RB01,2026-08-15,白班,D12,EMPSX0090,SX-RB01-QC-FGI1,成品目检岗1,1,3,11.0,8.0,3.0,,FULL62-W1
SX,SX-RB01,2026-08-15,白班,D12,EMPSX0094,SX-RB01-QC-FGI2,成品目检岗2,1,3,11.0,8.0,3.0,,FULL62-W1
SX,SX-RB01,2026-08-15,白班,D12,EMPSX0082,SX-RB01-WASHER,洗瓶机岗,0,3,11.0,8.0,3.0,,FULL62-W1
SX,SX-SYRUP,2026-08-15,白班,D12,EMPSX0119,SX-SYRUP-SYRUP-POST1,后糖岗1,1,3,11.0,8.0,3.0,,FULL62-W1
SX,SX-SYRUP,2026-08-15,白班,D12,EMPSX0123,SX-SYRUP-SYRUP-POST2,后糖岗2,1,3,11.0,8.0,3.0,,FULL62-W1
HB,HB-ENG,2026-08-15,常白班,D8,EMPHB0323,HB-ENG-ELEC-2,电气维修工程师2,1,4,8.0,8.0,0.0,,FULL62-W1
HB,HB-ENG,2026-08-15,常白班,D8,EMPHB0325,HB-ENG-ENG-BLOW,吹瓶机工程师,1,3,8.0,8.0,0.0,,FULL62-W1
HB,HB-ENG,2026-08-15,常白班,D8,EMPHB0327,HB-ENG-ENG-FILL,灌装机工程师,1,3,8.0,8.0,0.0,,FULL62-W1
HB,HB-ENG,2026-08-15,常白班,D8,EMPHB0329,HB-ENG-ENG-LABEL,贴标机工程师,1,3,8.0,8.0,0.0,,FULL62-W1
HB,HB-ENG,2026-08-15,常白班,D8,EMPHB0332,HB-ENG-ENG-PACK,膜包机工程师,1,3,8.0,8.0,0.0,,FULL62-W1
HB,HB-ENG,2026-08-15,常白班,D8,EMPHB0334,HB-ENG-ENG-PALLET,码垛机工程师,1,3,8.0,8.0,0.0,,FULL62-W1
HB,HB-ENG2,2026-08-15,常白班,D8,EMPHB0339,HB-ENG2-ELEC-OUT2,外围电工2,1,3,8.0,8.0,0.0,,FULL62-W1
HB,HB-QC,2026-08-15,常白班,D8,EMPHB0363,HB-QC-QC-MICRO-AS1,无菌线微生物品控1,1,3,8.0,8.0,0.0,B,FULL62-W1
HB,HB-QC,2026-08-15,常白班,D8,EMPHB0365,HB-QC-QC-MICRO-AS2,无菌线微生物品控2,1,3,8.0,8.0,0.0,B,FULL62-W1
HB,HB-QC,2026-08-15,常白班,D8,EMPHB0368,HB-QC-QC-MICRO-AS3,无菌线微生物品控3,1,4,8.0,8.0,0.0,B,FULL62-W1
HB,HB-QC,2026-08-15,常白班,D8,EMPHB0362,HB-QC-QC-MICRO-SODA,汽水线微生物品控,1,3,8.0,8.0,0.0,B,FULL62-W1
HB,HB-SYRUP,2026-08-15,常白班,D8,EMPHB0261,HB-SYRUP-SYRUP-PRE,前糖岗,1,3,8.0,8.0,0.0,,FULL62-W1
SX,SX-ENG,2026-08-15,常白班,D8,EMPSX0134,SX-ENG-ELEC-LINE2,生产线电工2,1,3,8.0,8.0,0.0,,FULL62-W1
SX,SX-ENG,2026-08-15,常白班,D8,EMPSX0135,SX-ENG-ELEC-OUT,外围电工,1,4,8.0,8.0,0.0,,FULL62-W1
SX,SX-QC,2026-08-15,常白班,D8,EMPSX0159,SX-QC-QC-MICRO,微生物品控,1,3,8.0,8.0,0.0,,FULL62-W1
SX,SX-QC,2026-08-15,常白班,D8,EMPSX0158,SX-QC-QC-RM,原物料品控,1,4,8.0,8.0,0.0,,FULL62-W1
SX,SX-SYRUP,2026-08-15,常白班,D8,EMPSX0116,SX-SYRUP-SYRUP-PRE,前糖岗,1,3,8.0,8.0,0.0,,FULL62-W1
SX,SX-UTIL,2026-08-15,常白班,D8,EMPSX0126,SX-UTIL-WATER,水处理操作岗,1,4,8.0,8.0,0.0,,FULL62-W1
HB,HB-AS01,2026-08-15,夜班,N12,EMPHB0306,HB-AS01-CARTON,上纸箱岗,0,4,11.0,8.0,3.0,,FULL62-W1
HB,HB-AS01,2026-08-15,夜班,N12,EMPHB0191,HB-AS01-FILL,灌注机岗,1,4,11.0,8.0,3.0,,FULL62-W1
HB,HB-AS01,2026-08-15,夜班,N12,EMPHB0254,HB-AS01-HANDLE-1,提扣机岗1,0,3,11.0,8.0,3.0,,FULL62-W1
HB,HB-AS01,2026-08-15,夜班,N12,EMPHB0256,HB-AS01-HANDLE-2,提扣机岗2,0,3,11.0,8.0,3.0,,FULL62-W1
HB,HB-AS01,2026-08-15,夜班,N12,EMPHB0220,HB-AS01-LABEL,贴标机岗,0,4,11.0,8.0,3.0,,FULL62-W1
HB,HB-AS01,2026-08-15,夜班,N12,EMPHB0197,HB-AS01-PACK-SHRINK,膜包机岗,0,4,11.0,8.0,3.0,,FULL62-W1
HB,HB-AS01,2026-08-15,夜班,N12,EMPHB0313,HB-AS01-UHT-2,UHT&调配&果肉操作2,1,4,11.0,8.0,3.0,,FULL62-W1
HB,HB-AS01,2026-08-15,夜班,N12,EMPHB0296,HB-AS01-UHT-AUX,辅助工,0,2,11.0,8.0,3.0,,FULL62-W1
HB,HB-ENG,2026-08-15,夜班,N12,EMPHB0321,HB-ENG-ELEC-1,电气维修工程师1,1,4,11.0,8.0,3.0,,FULL62-W1
HB,HB-ENG2,2026-08-15,夜班,N12,EMPHB0348,HB-ENG2-AIRCOMP,空压岗,1,4,11.0,8.0,3.0,,FULL62-W1
HB,HB-ENG2,2026-08-15,夜班,N12,EMPHB0344,HB-ENG2-BOILER,锅炉岗,0,4,11.0,8.0,3.0,,FULL62-W1
HB,HB-ENG2,2026-08-15,夜班,N12,EMPHB0337,HB-ENG2-ELEC-OUT1,外围电工1,1,4,11.0,8.0,3.0,,FULL62-W1
HB,HB-ENG2,2026-08-15,夜班,N12,EMPHB0350,HB-ENG2-WWTP,污水岗,0,3,11.0,8.0,3.0,,FULL62-W1
HB,HB-PET01,2026-08-15,夜班,N12,EMPHB0275,HB-PET01-BLOW,吹瓶机岗,1,3,11.0,8.0,3.0,,FULL62-W1
HB,HB-PET01,2026-08-15,夜班,N12,EMPHB0281,HB-PET01-FILL,灌注机岗,1,4,11.0,8.0,3.0,,FULL62-W1
HB,HB-PET01,2026-08-15,夜班,N12,EMPHB0251,HB-PET01-HANDLE-1,提扣机岗1,0,4,11.0,8.0,3.0,,FULL62-W1
HB,HB-PET01,2026-08-15,夜班,N12,EMPHB0253,HB-PET01-HANDLE-2,提扣机岗2,0,3,11.0,8.0,3.0,,FULL62-W1
HB,HB-PET01,2026-08-15,夜班,N12,EMPHB0284,HB-PET01-LABEL,贴标机岗,0,3,11.0,8.0,3.0,,FULL62-W1
HB,HB-PET01,2026-08-15,夜班,N12,EMPHB0288,HB-PET01-PACK-SHRINK,膜包机岗,0,3,11.0,8.0,3.0,,FULL62-W1
HB,HB-PET01,2026-08-15,夜班,N12,EMPHB0246,HB-PET01-PALLET,码垛机岗,0,4,11.0,8.0,3.0,,FULL62-W1
HB,HB-PET01,2026-08-15,夜班,N12,EMPHB0182,HB-PET01-SHIFT-ENG,倒班工程师,1,3,11.0,8.0,3.0,,FULL62-W1
HB,HB-PET02,2026-08-15,夜班,N12,EMPHB0198,HB-PET02-PACK-SHRINK,膜包机岗,0,3,11.0,8.0,3.0,,FULL62-W1
HB,HB-PET02,2026-08-15,夜班,N12,EMPHB0204,HB-PET02-PALLET,码垛机岗,0,3,11.0,8.0,3.0,,FULL62-W1
HB,HB-PET03,2026-08-15,夜班,N12,EMPHB0188,HB-PET03-BLOW,吹瓶机岗,1,3,11.0,8.0,3.0,,FULL62-W1
HB,HB-PET03,2026-08-15,夜班,N12,EMPHB0208,HB-PET03-HANDLE-1,提扣机岗1,0,4,11.0,8.0,3.0,,FULL62-W1
HB,HB-PET03,2026-08-15,夜班,N12,EMPHB0240,HB-PET03-LABEL,贴标机岗,0,3,11.0,8.0,3.0,,FULL62-W1
HB,HB-PET03,2026-08-15,夜班,N12,EMPHB0224,HB-PET03-PACK-SHRINK,膜包机岗,0,4,11.0,8.0,3.0,,FULL62-W1
HB,HB-PET03,2026-08-15,夜班,N12,EMPHB0293,HB-PET03-PALLET,码垛机岗,0,4,11.0,8.0,3.0,,FULL62-W1
HB,HB-QC,2026-08-15,夜班,N12,EMPHB0357,HB-QC-QC-RM-AS,无菌线原物料品控,1,3,11.0,8.0,3.0,,FULL62-W1
HB,HB-QC,2026-08-15,夜班,N12,EMPHB0355,HB-QC-QC-RM-SODA,汽水线原物料品控,1,4,11.0,8.0,3.0,,FULL62-W1
HB,HB-QC2,2026-08-15,夜班,N12,EMPHB0384,HB-QC2-QC-BLOW,吹瓶品控,1,3,11.0,8.0,3.0,,FULL62-W1
HB,HB-QC2,2026-08-15,夜班,N12,EMPHB0389,HB-QC2-QC-IP-AS,无菌线制程品控,1,3,11.0,8.0,3.0,,FULL62-W1
HB,HB-QC2,2026-08-15,夜班,N12,EMPHB0369,HB-QC2-QC-IP-PET01,PET01线制程品控,1,3,11.0,8.0,3.0,,FULL62-W1
HB,HB-QC2,2026-08-15,夜班,N12,EMPHB0375,HB-QC2-QC-IP-PET02,PET02线制程品控,1,3,11.0,8.0,3.0,,FULL62-W1
HB,HB-QC2,2026-08-15,夜班,N12,EMPHB0378,HB-QC2-QC-IP-PET03,PET03线制程品控,1,3,11.0,8.0,3.0,,FULL62-W1
HB,HB-QC2,2026-08-15,夜班,N12,EMPHB0387,HB-QC2-QC-WATER,水糖品控,1,3,11.0,8.0,3.0,,FULL62-W1
HB,HB-SYRUP,2026-08-15,夜班,N12,EMPHB0265,HB-SYRUP-SYRUP-POST1,后糖岗1,1,4,11.0,8.0,3.0,,FULL62-W1
SX,SX-BIB01,2026-08-15,夜班,N12,EMPSX0111,SX-BIB01-PACK-2,包装岗2,0,3,11.0,8.0,3.0,,FULL62-W1
SX,SX-CAN01,2026-08-15,夜班,N12,EMPSX0079,SX-CAN01-DEPAL-CAN,卸罐机岗,0,2,11.0,8.0,3.0,,FULL62-W1
SX,SX-CAN01,2026-08-15,夜班,N12,EMPSX0057,SX-CAN01-FILL,灌注机岗,1,3,11.0,8.0,3.0,,FULL62-W1
SX,SX-CAN01,2026-08-15,夜班,N12,EMPSX0071,SX-CAN01-PACK-MULTI,多包装机,0,4,11.0,8.0,3.0,,FULL62-W1
SX,SX-CAN01,2026-08-15,夜班,N12,EMPSX0010,SX-CAN01-PACK-SHRINK,塑包机岗,0,3,11.0,8.0,3.0,,FULL62-W1
SX,SX-CAN01,2026-08-15,夜班,N12,EMPSX0066,SX-CAN01-PALLET,码垛机岗,0,3,11.0,8.0,3.0,,FULL62-W1
SX,SX-PET01,2026-08-15,夜班,N12,EMPSX0002,SX-PET01-BLOW-LABEL,吹贴机岗,1,3,11.0,8.0,3.0,,FULL62-W1
SX,SX-PET01,2026-08-15,夜班,N12,EMPSX0019,SX-PET01-FGI,FGI岗,0,3,11.0,8.0,3.0,,FULL62-W1
SX,SX-PET01,2026-08-15,夜班,N12,EMPSX0028,SX-PET01-HANDLE,提扣机岗,0,4,11.0,8.0,3.0,,FULL62-W1
SX,SX-PET01,2026-08-15,夜班,N12,EMPSX0065,SX-PET01-PALLET,码垛机岗,0,3,11.0,8.0,3.0,,FULL62-W1
SX,SX-PET01,2026-08-15,夜班,N12,EMPSX0023,SX-PET01-PALLET-LABEL,垛贴码岗,0,3,11.0,8.0,3.0,,FULL62-W1
SX,SX-PET02,2026-08-15,夜班,N12,EMPSX0032,SX-PET02-BLOW,吹瓶机岗,1,3,11.0,8.0,3.0,,FULL62-W1
SX,SX-PET02,2026-08-15,夜班,N12,EMPSX0085,SX-PET02-FILL,灌注机岗,1,3,11.0,8.0,3.0,,FULL62-W1
SX,SX-PET02,2026-08-15,夜班,N12,EMPSX0034,SX-PET02-LABEL,贴标机岗,0,3,11.0,8.0,3.0,,FULL62-W1
SX,SX-PET02,2026-08-15,夜班,N12,EMPSX0048,SX-PET02-PALLET,码垛机岗,0,3,11.0,8.0,3.0,,FULL62-W1
SX,SX-QC,2026-08-15,夜班,N12,EMPSX0171,SX-QC-QC-IP-CAN,CAN线品控,1,3,11.0,8.0,3.0,,FULL62-W1
SX,SX-QC,2026-08-15,夜班,N12,EMPSX0162,SX-QC-QC-IP-PET1,PET线品控1,1,4,11.0,8.0,3.0,,FULL62-W1
SX,SX-QC,2026-08-15,夜班,N12,EMPSX0167,SX-QC-QC-IP-PET2,PET线品控2,1,4,11.0,8.0,3.0,,FULL62-W1
SX,SX-RB01,2026-08-15,夜班,N12,EMPSX0075,SX-RB01-DEPAL,码卸垛机岗,0,3,11.0,8.0,3.0,,FULL62-W1
SX,SX-RB01,2026-08-15,夜班,N12,EMPSX0068,SX-RB01-LOADER,装卸箱机岗,0,3,11.0,8.0,3.0,,FULL62-W1
SX,SX-RB01,2026-08-15,夜班,N12,EMPSX0100,SX-RB01-QC-BOTTLE,空瓶检测岗,1,3,11.0,8.0,3.0,,FULL62-W1
SX,SX-RB01,2026-08-15,夜班,N12,EMPSX0095,SX-RB01-QC-FGI2,成品目检岗2,1,3,11.0,8.0,3.0,,FULL62-W1
SX,SX-RB01,2026-08-15,夜班,N12,EMPSX0021,SX-RB01-WASHER,洗瓶机岗,0,3,11.0,8.0,3.0,,FULL62-W1
SX,SX-SYRUP,2026-08-15,夜班,N12,EMPSX0121,SX-SYRUP-SYRUP-POST2,后糖岗2,1,3,11.0,8.0,3.0,,FULL62-W1
SX,SX-UTIL,2026-08-15,夜班,N12,EMPSX0128,SX-UTIL-WWTP,污水处理岗,0,3,11.0,8.0,3.0,,FULL62-W1
HB,HB-AS01,2026-08-16,白班,D12,EMPHB0186,HB-AS01-BLOW,吹瓶机岗,1,3,11.0,8.0,3.0,,FULL62-W1
HB,HB-AS01,2026-08-16,白班,D12,EMPHB0303,HB-AS01-CARTON,上纸箱岗,0,4,11.0,8.0,3.0,,FULL62-W1
HB,HB-AS01,2026-08-16,白班,D12,EMPHB0282,HB-AS01-FILL,灌注机岗,1,4,11.0,8.0,3.0,,FULL62-W1
HB,HB-AS01,2026-08-16,白班,D12,EMPHB0209,HB-AS01-HANDLE-2,提扣机岗2,0,4,11.0,8.0,3.0,,FULL62-W1
HB,HB-AS01,2026-08-16,白班,D12,EMPHB0195,HB-AS01-LABEL,贴标机岗,0,3,11.0,8.0,3.0,,FULL62-W1
HB,HB-AS01,2026-08-16,白班,D12,EMPHB0225,HB-AS01-PALLET,码垛机岗,0,3,11.0,8.0,3.0,,FULL62-W1
HB,HB-AS01,2026-08-16,白班,D12,EMPHB0273,HB-AS01-SHIFT-LEADER,生产领班,1,3,11.0,8.0,3.0,,FULL62-W1
HB,HB-AS01,2026-08-16,白班,D12,EMPHB0310,HB-AS01-UHT-1,UHT&调配&果肉操作1,1,3,11.0,8.0,3.0,,FULL62-W1
HB,HB-AS01,2026-08-16,白班,D12,EMPHB0314,HB-AS01-UHT-2,UHT&调配&果肉操作2,1,3,11.0,8.0,3.0,,FULL62-W1
HB,HB-AS01,2026-08-16,白班,D12,EMPHB0316,HB-AS01-UHT-AUX,辅助工,0,3,11.0,8.0,3.0,,FULL62-W1
HB,HB-ENG,2026-08-16,白班,D12,EMPHB0320,HB-ENG-ELEC-1,电气维修工程师1,1,3,11.0,8.0,3.0,,FULL62-W1
HB,HB-ENG2,2026-08-16,白班,D12,EMPHB0341,HB-ENG2-AIRCOMP,空压岗,1,3,11.0,8.0,3.0,,FULL62-W1
HB,HB-ENG2,2026-08-16,白班,D12,EMPHB0342,HB-ENG2-BOILER,锅炉岗,0,3,11.0,8.0,3.0,,FULL62-W1
HB,HB-ENG2,2026-08-16,白班,D12,EMPHB0349,HB-ENG2-WWTP,污水岗,0,3,11.0,8.0,3.0,,FULL62-W1
HB,HB-PET01,2026-08-16,白班,D12,EMPHB0187,HB-PET01-BLOW,吹瓶机岗,1,3,11.0,8.0,3.0,,FULL62-W1
HB,HB-PET01,2026-08-16,白班,D12,EMPHB0190,HB-PET01-FILL,灌注机岗,1,4,11.0,8.0,3.0,,FULL62-W1
HB,HB-PET01,2026-08-16,白班,D12,EMPHB0297,HB-PET01-HANDLE-1,提扣机岗1,0,3,11.0,8.0,3.0,,FULL62-W1
HB,HB-PET01,2026-08-16,白班,D12,EMPHB0300,HB-PET01-HANDLE-2,提扣机岗2,0,3,11.0,8.0,3.0,,FULL62-W1
HB,HB-PET01,2026-08-16,白班,D12,EMPHB0285,HB-PET01-LABEL,贴标机岗,0,3,11.0,8.0,3.0,,FULL62-W1
HB,HB-PET01,2026-08-16,白班,D12,EMPHB0221,HB-PET01-PACK-SHRINK,膜包机岗,0,4,11.0,8.0,3.0,,FULL62-W1
HB,HB-PET01,2026-08-16,白班,D12,EMPHB0245,HB-PET01-PALLET,码垛机岗,0,3,11.0,8.0,3.0,,FULL62-W1
HB,HB-PET01,2026-08-16,白班,D12,EMPHB0184,HB-PET01-SHIFT-ENG,倒班工程师,1,4,11.0,8.0,3.0,,FULL62-W1
HB,HB-PET02,2026-08-16,白班,D12,EMPHB0217,HB-PET02-LABEL,贴标机岗,0,3,11.0,8.0,3.0,,FULL62-W1
HB,HB-PET02,2026-08-16,白班,D12,EMPHB0199,HB-PET02-PACK-SHRINK,膜包机岗,0,3,11.0,8.0,3.0,,FULL62-W1
HB,HB-PET02,2026-08-16,白班,D12,EMPHB0248,HB-PET02-PALLET,码垛机岗,0,3,11.0,8.0,3.0,,FULL62-W1
HB,HB-PET03,2026-08-16,白班,D12,EMPHB0234,HB-PET03-FILL,灌注机岗,1,4,11.0,8.0,3.0,,FULL62-W1
HB,HB-PET03,2026-08-16,白班,D12,EMPHB0252,HB-PET03-HANDLE-1,提扣机岗1,0,3,11.0,8.0,3.0,,FULL62-W1
HB,HB-PET03,2026-08-16,白班,D12,EMPHB0211,HB-PET03-HANDLE-2,提扣机岗2,0,4,11.0,8.0,3.0,,FULL62-W1
HB,HB-PET03,2026-08-16,白班,D12,EMPHB0286,HB-PET03-LABEL,贴标机岗,0,3,11.0,8.0,3.0,,FULL62-W1
HB,HB-PET03,2026-08-16,白班,D12,EMPHB0287,HB-PET03-PACK-SHRINK,膜包机岗,0,3,11.0,8.0,3.0,,FULL62-W1
HB,HB-PET03,2026-08-16,白班,D12,EMPHB0227,HB-PET03-PALLET,码垛机岗,0,4,11.0,8.0,3.0,,FULL62-W1
HB,HB-QC,2026-08-16,白班,D12,EMPHB0360,HB-QC-QC-RM-AS,无菌线原物料品控,1,3,11.0,8.0,3.0,,FULL62-W1
HB,HB-QC,2026-08-16,白班,D12,EMPHB0353,HB-QC-QC-RM-SODA,汽水线原物料品控,1,4,11.0,8.0,3.0,,FULL62-W1
HB,HB-SYRUP,2026-08-16,白班,D12,EMPHB0264,HB-SYRUP-SYRUP-POST1,后糖岗1,1,4,11.0,8.0,3.0,,FULL62-W1
HB,HB-SYRUP,2026-08-16,白班,D12,EMPHB0267,HB-SYRUP-SYRUP-POST2,后糖岗2,1,4,11.0,8.0,3.0,,FULL62-W1
SX,SX-BIB01,2026-08-16,白班,D12,EMPSX0104,SX-BIB01-FILL,灌装岗,1,3,11.0,8.0,3.0,,FULL62-W1
SX,SX-BIB01,2026-08-16,白班,D12,EMPSX0106,SX-BIB01-PACK-1,包装岗1,0,3,11.0,8.0,3.0,,FULL62-W1
SX,SX-BIB01,2026-08-16,白班,D12,EMPSX0110,SX-BIB01-PACK-2,包装岗2,0,3,11.0,8.0,3.0,,FULL62-W1
SX,SX-CAN01,2026-08-16,白班,D12,EMPSX0054,SX-CAN01-DEPAL-CAN,卸罐机岗,0,4,11.0,8.0,3.0,,FULL62-W1
SX,SX-CAN01,2026-08-16,白班,D12,EMPSX0058,SX-CAN01-FILL,灌注机岗,1,4,11.0,8.0,3.0,,FULL62-W1
SX,SX-CAN01,2026-08-16,白班,D12,EMPSX0069,SX-CAN01-PACK-MULTI,多包装机,0,4,11.0,8.0,3.0,,FULL62-W1
SX,SX-CAN01,2026-08-16,白班,D12,EMPSX0063,SX-CAN01-PACK-SHRINK,塑包机岗,0,3,11.0,8.0,3.0,,FULL62-W1
SX,SX-CAN01,2026-08-16,白班,D12,EMPSX0014,SX-CAN01-PALLET,码垛机岗,0,3,11.0,8.0,3.0,,FULL62-W1
SX,SX-ENG,2026-08-16,白班,D12,EMPSX0142,SX-ENG-BOILER,锅炉操作岗,0,3,11.0,8.0,3.0,,FULL62-W1
SX,SX-ENG,2026-08-16,白班,D12,EMPSX0132,SX-ENG-ELEC-LINE1,生产线电工1,1,3,11.0,8.0,3.0,,FULL62-W1
SX,SX-ENG,2026-08-16,白班,D12,EMPSX0145,SX-ENG-MECH-LINE,生产线机修岗,0,3,11.0,8.0,3.0,,FULL62-W1
SX,SX-ENG,2026-08-16,白班,D12,EMPSX0151,SX-ENG-MECH-LINE,生产线机修岗,0,3,11.0,8.0,3.0,,FULL62-W1
SX,SX-ENG,2026-08-16,白班,D12,EMPSX0152,SX-ENG-MECH-LINE,生产线机修岗,0,3,11.0,8.0,3.0,,FULL62-W1
SX,SX-PET01,2026-08-16,白班,D12,EMPSX0004,SX-PET01-BLOW-LABEL,吹贴机岗,1,4,11.0,8.0,3.0,,FULL62-W1
SX,SX-PET01,2026-08-16,白班,D12,EMPSX0018,SX-PET01-FGI,FGI岗,0,4,11.0,8.0,3.0,,FULL62-W1
SX,SX-PET01,2026-08-16,白班,D12,EMPSX0059,SX-PET01-FILL,灌注机岗,1,4,11.0,8.0,3.0,,FULL62-W1
SX,SX-PET01,2026-08-16,白班,D12,EMPSX0025,SX-PET01-HANDLE,提扣机岗,0,3,11.0,8.0,3.0,,FULL62-W1
SX,SX-PET01,2026-08-16,白班,D12,EMPSX0011,SX-PET01-PACK-SHRINK,塑包机岗,0,3,11.0,8.0,3.0,,FULL62-W1
SX,SX-PET01,2026-08-16,白班,D12,EMPSX0045,SX-PET01-PALLET,码垛机岗,0,3,11.0,8.0,3.0,,FULL62-W1
SX,SX-PET01,2026-08-16,白班,D12,EMPSX0052,SX-PET01-PALLET-LABEL,垛贴码岗,0,3,11.0,8.0,3.0,,FULL62-W1
SX,SX-PET02,2026-08-16,白班,D12,EMPSX0030,SX-PET02-BLOW,吹瓶机岗,1,3,11.0,8.0,3.0,,FULL62-W1
SX,SX-PET02,2026-08-16,白班,D12,EMPSX0035,SX-PET02-LABEL,贴标机岗,0,3,11.0,8.0,3.0,,FULL62-W1
SX,SX-PET02,2026-08-16,白班,D12,EMPSX0044,SX-PET02-PACK-SHRINK,塑包机岗,0,4,11.0,8.0,3.0,,FULL62-W1
SX,SX-PET02,2026-08-16,白班,D12,EMPSX0067,SX-PET02-PALLET,码垛机岗,0,3,11.0,8.0,3.0,,FULL62-W1
SX,SX-QC,2026-08-16,白班,D12,EMPSX0154,SX-QC-QC-AUX,辅线品控（水、糖、BIB）,1,3,11.0,8.0,3.0,,FULL62-W1
SX,SX-QC,2026-08-16,白班,D12,EMPSX0179,SX-QC-QC-BLOW,吹瓶品控,1,3,11.0,8.0,3.0,,FULL62-W1
SX,SX-QC,2026-08-16,白班,D12,EMPSX0172,SX-QC-QC-IP-CAN,CAN线品控,1,3,11.0,8.0,3.0,,FULL62-W1
SX,SX-QC,2026-08-16,白班,D12,EMPSX0166,SX-QC-QC-IP-PET2,PET线品控2,1,3,11.0,8.0,3.0,,FULL62-W1
SX,SX-QC,2026-08-16,白班,D12,EMPSX0175,SX-QC-QC-IP-RB,RB线品控,1,4,11.0,8.0,3.0,,FULL62-W1
SX,SX-RB01,2026-08-16,白班,D12,EMPSX0076,SX-RB01-DEPAL,码卸垛机岗,0,3,11.0,8.0,3.0,,FULL62-W1
SX,SX-RB01,2026-08-16,白班,D12,EMPSX0007,SX-RB01-FILL,灌注机岗,1,3,11.0,8.0,3.0,,FULL62-W1
SX,SX-RB01,2026-08-16,白班,D12,EMPSX0078,SX-RB01-LOADER,装卸箱机岗,0,4,11.0,8.0,3.0,,FULL62-W1
SX,SX-RB01,2026-08-16,白班,D12,EMPSX0099,SX-RB01-QC-BOTTLE,空瓶检测岗,1,3,11.0,8.0,3.0,,FULL62-W1
SX,SX-RB01,2026-08-16,白班,D12,EMPSX0092,SX-RB01-QC-FGI1,成品目检岗1,1,3,11.0,8.0,3.0,,FULL62-W1
SX,SX-RB01,2026-08-16,白班,D12,EMPSX0093,SX-RB01-QC-FGI2,成品目检岗2,1,3,11.0,8.0,3.0,,FULL62-W1
SX,SX-RB01,2026-08-16,白班,D12,EMPSX0082,SX-RB01-WASHER,洗瓶机岗,0,3,11.0,8.0,3.0,,FULL62-W1
SX,SX-SYRUP,2026-08-16,白班,D12,EMPSX0120,SX-SYRUP-SYRUP-POST1,后糖岗1,1,3,11.0,8.0,3.0,,FULL62-W1
SX,SX-SYRUP,2026-08-16,白班,D12,EMPSX0124,SX-SYRUP-SYRUP-POST2,后糖岗2,1,3,11.0,8.0,3.0,,FULL62-W1
HB,HB-ENG,2026-08-16,常白班,D8,EMPHB0324,HB-ENG-ELEC-2,电气维修工程师2,1,4,8.0,8.0,0.0,,FULL62-W1
HB,HB-ENG,2026-08-16,常白班,D8,EMPHB0326,HB-ENG-ENG-BLOW,吹瓶机工程师,1,4,8.0,8.0,0.0,,FULL62-W1
HB,HB-ENG,2026-08-16,常白班,D8,EMPHB0327,HB-ENG-ENG-FILL,灌装机工程师,1,3,8.0,8.0,0.0,,FULL62-W1
HB,HB-ENG,2026-08-16,常白班,D8,EMPHB0330,HB-ENG-ENG-LABEL,贴标机工程师,1,4,8.0,8.0,0.0,,FULL62-W1
HB,HB-ENG,2026-08-16,常白班,D8,EMPHB0331,HB-ENG-ENG-PACK,膜包机工程师,1,3,8.0,8.0,0.0,,FULL62-W1
HB,HB-ENG,2026-08-16,常白班,D8,EMPHB0333,HB-ENG-ENG-PALLET,码垛机工程师,1,4,8.0,8.0,0.0,,FULL62-W1
HB,HB-ENG2,2026-08-16,常白班,D8,EMPHB0340,HB-ENG2-ELEC-OUT2,外围电工2,1,4,8.0,8.0,0.0,A,FULL62-W1
HB,HB-QC,2026-08-16,常白班,D8,EMPHB0364,HB-QC-QC-MICRO-AS1,无菌线微生物品控1,1,4,8.0,8.0,0.0,,FULL62-W1
HB,HB-QC,2026-08-16,常白班,D8,EMPHB0366,HB-QC-QC-MICRO-AS2,无菌线微生物品控2,1,3,8.0,8.0,0.0,,FULL62-W1
HB,HB-QC,2026-08-16,常白班,D8,EMPHB0368,HB-QC-QC-MICRO-AS3,无菌线微生物品控3,1,4,8.0,8.0,0.0,,FULL62-W1
HB,HB-QC,2026-08-16,常白班,D8,EMPHB0362,HB-QC-QC-MICRO-SODA,汽水线微生物品控,1,3,8.0,8.0,0.0,,FULL62-W1
HB,HB-SYRUP,2026-08-16,常白班,D8,EMPHB0262,HB-SYRUP-SYRUP-PRE,前糖岗,1,3,8.0,8.0,0.0,,FULL62-W1
SX,SX-ENG,2026-08-16,常白班,D8,EMPSX0133,SX-ENG-ELEC-LINE2,生产线电工2,1,3,8.0,8.0,0.0,,FULL62-W1
SX,SX-ENG,2026-08-16,常白班,D8,EMPSX0135,SX-ENG-ELEC-OUT,外围电工,1,4,8.0,8.0,0.0,,FULL62-W1
SX,SX-QC,2026-08-16,常白班,D8,EMPSX0159,SX-QC-QC-MICRO,微生物品控,1,3,8.0,8.0,0.0,,FULL62-W1
SX,SX-QC,2026-08-16,常白班,D8,EMPSX0157,SX-QC-QC-RM,原物料品控,1,3,8.0,8.0,0.0,,FULL62-W1
SX,SX-SYRUP,2026-08-16,常白班,D8,EMPSX0115,SX-SYRUP-SYRUP-PRE,前糖岗,1,3,8.0,8.0,0.0,,FULL62-W1
SX,SX-UTIL,2026-08-16,常白班,D8,EMPSX0125,SX-UTIL-WATER,水处理操作岗,1,3,8.0,8.0,0.0,,FULL62-W1
HB,HB-AS01,2026-08-16,夜班,N12,EMPHB0230,HB-AS01-BLOW,吹瓶机岗,1,3,11.0,8.0,3.0,,FULL62-W1
HB,HB-AS01,2026-08-16,夜班,N12,EMPHB0306,HB-AS01-CARTON,上纸箱岗,0,4,11.0,8.0,3.0,,FULL62-W1
HB,HB-AS01,2026-08-16,夜班,N12,EMPHB0189,HB-AS01-FILL,灌注机岗,1,4,11.0,8.0,3.0,,FULL62-W1
HB,HB-AS01,2026-08-16,夜班,N12,EMPHB0250,HB-AS01-HANDLE-1,提扣机岗1,0,3,11.0,8.0,3.0,,FULL62-W1
HB,HB-AS01,2026-08-16,夜班,N12,EMPHB0301,HB-AS01-HANDLE-2,提扣机岗2,0,4,11.0,8.0,3.0,,FULL62-W1
HB,HB-AS01,2026-08-16,夜班,N12,EMPHB0194,HB-AS01-LABEL,贴标机岗,0,4,11.0,8.0,3.0,,FULL62-W1
HB,HB-AS01,2026-08-16,夜班,N12,EMPHB0226,HB-AS01-PALLET,码垛机岗,0,3,11.0,8.0,3.0,,FULL62-W1
HB,HB-AS01,2026-08-16,夜班,N12,EMPHB0271,HB-AS01-SHIFT-LEADER,生产领班,1,3,11.0,8.0,3.0,,FULL62-W1
HB,HB-AS01,2026-08-16,夜班,N12,EMPHB0309,HB-AS01-UHT-1,UHT&调配&果肉操作1,1,3,11.0,8.0,3.0,,FULL62-W1
HB,HB-AS01,2026-08-16,夜班,N12,EMPHB0311,HB-AS01-UHT-2,UHT&调配&果肉操作2,1,3,11.0,8.0,3.0,,FULL62-W1
HB,HB-AS01,2026-08-16,夜班,N12,EMPHB0315,HB-AS01-UHT-AUX,辅助工,0,3,11.0,8.0,3.0,,FULL62-W1
HB,HB-ENG,2026-08-16,夜班,N12,EMPHB0319,HB-ENG-ELEC-1,电气维修工程师1,1,3,11.0,8.0,3.0,,FULL62-W1
HB,HB-ENG2,2026-08-16,夜班,N12,EMPHB0346,HB-ENG2-AIRCOMP,空压岗,1,3,11.0,8.0,3.0,,FULL62-W1
HB,HB-ENG2,2026-08-16,夜班,N12,EMPHB0335,HB-ENG2-ELEC-OUT1,外围电工1,1,4,11.0,8.0,3.0,,FULL62-W1
HB,HB-ENG2,2026-08-16,夜班,N12,EMPHB0352,HB-ENG2-WWTP,污水岗,0,3,11.0,8.0,3.0,,FULL62-W1
HB,HB-PET01,2026-08-16,夜班,N12,EMPHB0276,HB-PET01-BLOW,吹瓶机岗,1,3,11.0,8.0,3.0,,FULL62-W1
HB,HB-PET01,2026-08-16,夜班,N12,EMPHB0295,HB-PET01-HANDLE-1,提扣机岗1,0,3,11.0,8.0,3.0,,FULL62-W1
HB,HB-PET01,2026-08-16,夜班,N12,EMPHB0206,HB-PET01-HANDLE-2,提扣机岗2,0,2,11.0,8.0,3.0,,FULL62-W1
HB,HB-PET01,2026-08-16,夜班,N12,EMPHB0240,HB-PET01-LABEL,贴标机岗,0,3,11.0,8.0,3.0,,FULL62-W1
HB,HB-PET01,2026-08-16,夜班,N12,EMPHB0242,HB-PET01-PACK-SHRINK,膜包机岗,0,3,11.0,8.0,3.0,,FULL62-W1
HB,HB-PET01,2026-08-16,夜班,N12,EMPHB0246,HB-PET01-PALLET,码垛机岗,0,4,11.0,8.0,3.0,,FULL62-W1
HB,HB-PET02,2026-08-16,夜班,N12,EMPHB0216,HB-PET02-BLOW-FILL,吹瓶、灌装岗位,1,3,11.0,8.0,3.0,,FULL62-W1
HB,HB-PET02,2026-08-16,夜班,N12,EMPHB0283,HB-PET02-PACK-SHRINK,膜包机岗,0,3,11.0,8.0,3.0,,FULL62-W1
HB,HB-PET02,2026-08-16,夜班,N12,EMPHB0228,HB-PET02-PALLET,码垛机岗,0,3,11.0,8.0,3.0,,FULL62-W1
HB,HB-PET03,2026-08-16,夜班,N12,EMPHB0185,HB-PET03-BLOW,吹瓶机岗,1,3,11.0,8.0,3.0,,FULL62-W1
HB,HB-PET03,2026-08-16,夜班,N12,EMPHB0281,HB-PET03-FILL,灌注机岗,1,4,11.0,8.0,3.0,,FULL62-W1
HB,HB-PET03,2026-08-16,夜班,N12,EMPHB0251,HB-PET03-HANDLE-1,提扣机岗1,0,4,11.0,8.0,3.0,,FULL62-W1
HB,HB-PET03,2026-08-16,夜班,N12,EMPHB0302,HB-PET03-HANDLE-2,提扣机岗2,0,3,11.0,8.0,3.0,,FULL62-W1
HB,HB-PET03,2026-08-16,夜班,N12,EMPHB0197,HB-PET03-LABEL,贴标机岗,0,3,11.0,8.0,3.0,,FULL62-W1
HB,HB-PET03,2026-08-16,夜班,N12,EMPHB0244,HB-PET03-PACK-SHRINK,膜包机岗,0,3,11.0,8.0,3.0,,FULL62-W1
HB,HB-PET03,2026-08-16,夜班,N12,EMPHB0291,HB-PET03-PALLET,码垛机岗,0,3,11.0,8.0,3.0,,FULL62-W1
HB,HB-QC,2026-08-16,夜班,N12,EMPHB0355,HB-QC-QC-RM-SODA,汽水线原物料品控,1,4,11.0,8.0,3.0,,FULL62-W1
HB,HB-QC2,2026-08-16,夜班,N12,EMPHB0383,HB-QC2-QC-BLOW,吹瓶品控,1,4,11.0,8.0,3.0,,FULL62-W1
HB,HB-QC2,2026-08-16,夜班,N12,EMPHB0391,HB-QC2-QC-IP-AS,无菌线制程品控,1,3,11.0,8.0,3.0,,FULL62-W1
HB,HB-QC2,2026-08-16,夜班,N12,EMPHB0371,HB-QC2-QC-IP-PET01,PET01线制程品控,1,3,11.0,8.0,3.0,,FULL62-W1
HB,HB-QC2,2026-08-16,夜班,N12,EMPHB0373,HB-QC2-QC-IP-PET02,PET02线制程品控,1,4,11.0,8.0,3.0,,FULL62-W1
HB,HB-QC2,2026-08-16,夜班,N12,EMPHB0378,HB-QC2-QC-IP-PET03,PET03线制程品控,1,3,11.0,8.0,3.0,,FULL62-W1
HB,HB-QC2,2026-08-16,夜班,N12,EMPHB0388,HB-QC2-QC-WATER,水糖品控,1,3,11.0,8.0,3.0,,FULL62-W1
HB,HB-SYRUP,2026-08-16,夜班,N12,EMPHB0265,HB-SYRUP-SYRUP-POST1,后糖岗1,1,4,11.0,8.0,3.0,C,FULL62-W1
HB,HB-SYRUP,2026-08-16,夜班,N12,EMPHB0270,HB-SYRUP-SYRUP-POST2,后糖岗2,1,4,11.0,8.0,3.0,C,FULL62-W1
HB,HB-SYRUP,2026-08-16,夜班,N12,EMPHB0257,HB-SYRUP-WATER,水处理操作岗,1,3,11.0,8.0,3.0,C,FULL62-W1
SX,SX-BIB01,2026-08-16,夜班,N12,EMPSX0107,SX-BIB01-PACK-1,包装岗1,0,3,11.0,8.0,3.0,,FULL62-W1
SX,SX-BIB01,2026-08-16,夜班,N12,EMPSX0112,SX-BIB01-PACK-2,包装岗2,0,3,11.0,8.0,3.0,,FULL62-W1
SX,SX-CAN01,2026-08-16,夜班,N12,EMPSX0056,SX-CAN01-DEPAL-CAN,卸罐机岗,0,3,11.0,8.0,3.0,,FULL62-W1
SX,SX-CAN01,2026-08-16,夜班,N12,EMPSX0086,SX-CAN01-FILL,灌注机岗,1,3,11.0,8.0,3.0,,FULL62-W1
SX,SX-CAN01,2026-08-16,夜班,N12,EMPSX0072,SX-CAN01-PACK-MULTI,多包装机,0,3,11.0,8.0,3.0,,FULL62-W1
SX,SX-CAN01,2026-08-16,夜班,N12,EMPSX0016,SX-CAN01-PALLET,码垛机岗,0,4,11.0,8.0,3.0,,FULL62-W1
SX,SX-ENG,2026-08-16,夜班,N12,EMPSX0137,SX-ENG-AIRCOMP,制冷空压机岗,1,3,11.0,8.0,3.0,,FULL62-W1
SX,SX-ENG,2026-08-16,夜班,N12,EMPSX0143,SX-ENG-BOILER,锅炉操作岗,0,3,11.0,8.0,3.0,,FULL62-W1
SX,SX-ENG,2026-08-16,夜班,N12,EMPSX0150,SX-ENG-MECH-LINE,生产线机修岗,0,3,11.0,8.0,3.0,,FULL62-W1
SX,SX-PET01,2026-08-16,夜班,N12,EMPSX0017,SX-PET01-FGI,FGI岗,0,3,11.0,8.0,3.0,,FULL62-W1
SX,SX-PET01,2026-08-16,夜班,N12,EMPSX0087,SX-PET01-FILL,灌注机岗,1,3,11.0,8.0,3.0,,FULL62-W1
SX,SX-PET01,2026-08-16,夜班,N12,EMPSX0041,SX-PET01-PACK-SHRINK,塑包机岗,0,3,11.0,8.0,3.0,,FULL62-W1
SX,SX-PET01,2026-08-16,夜班,N12,EMPSX0015,SX-PET01-PALLET-LABEL,垛贴码岗,0,2,11.0,8.0,3.0,,FULL62-W1
SX,SX-PET02,2026-08-16,夜班,N12,EMPSX0032,SX-PET02-BLOW,吹瓶机岗,1,3,11.0,8.0,3.0,,FULL62-W1
SX,SX-PET02,2026-08-16,夜班,N12,EMPSX0043,SX-PET02-PACK-SHRINK,塑包机岗,0,3,11.0,8.0,3.0,,FULL62-W1
SX,SX-PET02,2026-08-16,夜班,N12,EMPSX0049,SX-PET02-PALLET,码垛机岗,0,3,11.0,8.0,3.0,,FULL62-W1
SX,SX-PET02,2026-08-16,夜班,N12,EMPSX0023,SX-PET02-PALLET-LABEL,垛贴码岗,0,3,11.0,8.0,3.0,,FULL62-W1
SX,SX-QC,2026-08-16,夜班,N12,EMPSX0155,SX-QC-QC-AUX,辅线品控（水、糖、BIB）,1,3,11.0,8.0,3.0,B,FULL62-W1
SX,SX-QC,2026-08-16,夜班,N12,EMPSX0180,SX-QC-QC-BLOW,吹瓶品控,1,3,11.0,8.0,3.0,B,FULL62-W1
SX,SX-QC,2026-08-16,夜班,N12,EMPSX0170,SX-QC-QC-IP-CAN,CAN线品控,1,3,11.0,8.0,3.0,B,FULL62-W1
SX,SX-QC,2026-08-16,夜班,N12,EMPSX0163,SX-QC-QC-IP-PET1,PET线品控1,1,3,11.0,8.0,3.0,B,FULL62-W1
SX,SX-QC,2026-08-16,夜班,N12,EMPSX0167,SX-QC-QC-IP-PET2,PET线品控2,1,4,11.0,8.0,3.0,B,FULL62-W1
SX,SX-QC,2026-08-16,夜班,N12,EMPSX0176,SX-QC-QC-IP-RB,RB线品控,1,3,11.0,8.0,3.0,B,FULL62-W1
SX,SX-RB01,2026-08-16,夜班,N12,EMPSX0073,SX-RB01-DEPAL,码卸垛机岗,0,3,11.0,8.0,3.0,,FULL62-W1
SX,SX-RB01,2026-08-16,夜班,N12,EMPSX0077,SX-RB01-LOADER,装卸箱机岗,0,3,11.0,8.0,3.0,,FULL62-W1
SX,SX-RB01,2026-08-16,夜班,N12,EMPSX0097,SX-RB01-QC-BOTTLE,空瓶检测岗,1,3,11.0,8.0,3.0,,FULL62-W1
SX,SX-RB01,2026-08-16,夜班,N12,EMPSX0094,SX-RB01-QC-FGI2,成品目检岗2,1,3,11.0,8.0,3.0,,FULL62-W1
SX,SX-RB01,2026-08-16,夜班,N12,EMPSX0081,SX-RB01-WASHER,洗瓶机岗,0,4,11.0,8.0,3.0,,FULL62-W1
SX,SX-SYRUP,2026-08-16,夜班,N12,EMPSX0117,SX-SYRUP-SYRUP-POST1,后糖岗1,1,3,11.0,8.0,3.0,,FULL62-W1
HB,HB-AS01,2026-08-17,白班,D12,EMPHB0303,HB-AS01-CARTON,上纸箱岗,0,4,11.0,8.0,3.0,,FULL62-W1
HB,HB-AS01,2026-08-17,白班,D12,EMPHB0214,HB-AS01-FILL,灌注机岗,1,3,11.0,8.0,3.0,,FULL62-W1
HB,HB-AS01,2026-08-17,白班,D12,EMPHB0297,HB-AS01-HANDLE-1,提扣机岗1,0,3,11.0,8.0,3.0,,FULL62-W1
HB,HB-AS01,2026-08-17,白班,D12,EMPHB0217,HB-AS01-LABEL,贴标机岗,0,3,11.0,8.0,3.0,,FULL62-W1
HB,HB-AS01,2026-08-17,白班,D12,EMPHB0224,HB-AS01-PACK-SHRINK,膜包机岗,0,4,11.0,8.0,3.0,,FULL62-W1
HB,HB-AS01,2026-08-17,白班,D12,EMPHB0247,HB-AS01-PALLET,码垛机岗,0,3,11.0,8.0,3.0,,FULL62-W1
HB,HB-AS01,2026-08-17,白班,D12,EMPHB0308,HB-AS01-UHT-1,UHT&调配&果肉操作1,1,4,11.0,8.0,3.0,,FULL62-W1
HB,HB-AS01,2026-08-17,白班,D12,EMPHB0312,HB-AS01-UHT-2,UHT&调配&果肉操作2,1,3,11.0,8.0,3.0,,FULL62-W1
HB,HB-AS01,2026-08-17,白班,D12,EMPHB0249,HB-AS01-UHT-AUX,辅助工,0,3,11.0,8.0,3.0,,FULL62-W1
HB,HB-ENG,2026-08-17,白班,D12,EMPHB0321,HB-ENG-ELEC-1,电气维修工程师1,1,4,11.0,8.0,3.0,,FULL62-W1
HB,HB-ENG2,2026-08-17,白班,D12,EMPHB0341,HB-ENG2-AIRCOMP,空压岗,1,3,11.0,8.0,3.0,,FULL62-W1
HB,HB-ENG2,2026-08-17,白班,D12,EMPHB0336,HB-ENG2-ELEC-OUT1,外围电工1,1,3,11.0,8.0,3.0,,FULL62-W1
HB,HB-ENG2,2026-08-17,白班,D12,EMPHB0349,HB-ENG2-WWTP,污水岗,0,3,11.0,8.0,3.0,,FULL62-W1
HB,HB-PET01,2026-08-17,白班,D12,EMPHB0232,HB-PET01-BLOW,吹瓶机岗,1,3,11.0,8.0,3.0,,FULL62-W1
HB,HB-PET01,2026-08-17,白班,D12,EMPHB0190,HB-PET01-FILL,灌注机岗,1,4,11.0,8.0,3.0,,FULL62-W1
HB,HB-PET01,2026-08-17,白班,D12,EMPHB0296,HB-PET01-HANDLE-1,提扣机岗1,0,3,11.0,8.0,3.0,,FULL62-W1
HB,HB-PET01,2026-08-17,白班,D12,EMPHB0255,HB-PET01-HANDLE-2,提扣机岗2,0,3,11.0,8.0,3.0,,FULL62-W1
HB,HB-PET01,2026-08-17,白班,D12,EMPHB0286,HB-PET01-LABEL,贴标机岗,0,3,11.0,8.0,3.0,,FULL62-W1
HB,HB-PET01,2026-08-17,白班,D12,EMPHB0290,HB-PET01-PACK-SHRINK,膜包机岗,0,3,11.0,8.0,3.0,,FULL62-W1
HB,HB-PET01,2026-08-17,白班,D12,EMPHB0202,HB-PET01-PALLET,码垛机岗,0,3,11.0,8.0,3.0,,FULL62-W1
HB,HB-PET01,2026-08-17,白班,D12,EMPHB0274,HB-PET01-SHIFT-ENG,倒班工程师,1,3,11.0,8.0,3.0,,FULL62-W1
HB,HB-PET02,2026-08-17,白班,D12,EMPHB0222,HB-PET02-PACK-SHRINK,膜包机岗,0,3,11.0,8.0,3.0,,FULL62-W1
HB,HB-PET02,2026-08-17,白班,D12,EMPHB0294,HB-PET02-PALLET,码垛机岗,0,3,11.0,8.0,3.0,,FULL62-W1
HB,HB-PET03,2026-08-17,白班,D12,EMPHB0186,HB-PET03-BLOW,吹瓶机岗,1,3,11.0,8.0,3.0,,FULL62-W1
HB,HB-PET03,2026-08-17,白班,D12,EMPHB0282,HB-PET03-FILL,灌注机岗,1,4,11.0,8.0,3.0,,FULL62-W1
HB,HB-PET03,2026-08-17,白班,D12,EMPHB0207,HB-PET03-HANDLE-1,提扣机岗1,0,3,11.0,8.0,3.0,,FULL62-W1
HB,HB-PET03,2026-08-17,白班,D12,EMPHB0212,HB-PET03-HANDLE-2,提扣机岗2,0,3,11.0,8.0,3.0,,FULL62-W1
HB,HB-PET03,2026-08-17,白班,D12,EMPHB0220,HB-PET03-LABEL,贴标机岗,0,4,11.0,8.0,3.0,,FULL62-W1
HB,HB-PET03,2026-08-17,白班,D12,EMPHB0199,HB-PET03-PACK-SHRINK,膜包机岗,0,3,11.0,8.0,3.0,,FULL62-W1
HB,HB-PET03,2026-08-17,白班,D12,EMPHB0248,HB-PET03-PALLET,码垛机岗,0,3,11.0,8.0,3.0,,FULL62-W1
HB,HB-QC,2026-08-17,白班,D12,EMPHB0372,HB-QC-QC-RM-AS,无菌线原物料品控,1,3,11.0,8.0,3.0,,FULL62-W1
HB,HB-QC,2026-08-17,白班,D12,EMPHB0354,HB-QC-QC-RM-SODA,汽水线原物料品控,1,3,11.0,8.0,3.0,,FULL62-W1
HB,HB-QC2,2026-08-17,白班,D12,EMPHB0361,HB-QC2-QC-BLOW,吹瓶品控,1,3,11.0,8.0,3.0,F,FULL62-W1
HB,HB-QC2,2026-08-17,白班,D12,EMPHB0390,HB-QC2-QC-IP-AS,无菌线制程品控,1,3,11.0,8.0,3.0,F,FULL62-W1
HB,HB-QC2,2026-08-17,白班,D12,EMPHB0370,HB-QC2-QC-IP-PET01,PET01线制程品控,1,3,11.0,8.0,3.0,F,FULL62-W1
HB,HB-QC2,2026-08-17,白班,D12,EMPHB0374,HB-QC2-QC-IP-PET02,PET02线制程品控,1,3,11.0,8.0,3.0,F,FULL62-W1
HB,HB-QC2,2026-08-17,白班,D12,EMPHB0379,HB-QC2-QC-IP-PET03,PET03线制程品控,1,3,11.0,8.0,3.0,F,FULL62-W1
HB,HB-QC2,2026-08-17,白班,D12,EMPHB0386,HB-QC2-QC-WATER,水糖品控,1,3,11.0,8.0,3.0,F,FULL62-W1
HB,HB-SYRUP,2026-08-17,白班,D12,EMPHB0267,HB-SYRUP-SYRUP-POST2,后糖岗2,1,4,11.0,8.0,3.0,,FULL62-W1
SX,SX-BIB01,2026-08-17,白班,D12,EMPSX0102,SX-BIB01-FILL,灌装岗,1,3,11.0,8.0,3.0,,FULL62-W1
SX,SX-BIB01,2026-08-17,白班,D12,EMPSX0111,SX-BIB01-PACK-2,包装岗2,0,3,11.0,8.0,3.0,,FULL62-W1
SX,SX-BIB01,2026-08-17,白班,D12,EMPSX0113,SX-BIB01-PACK-3,包装岗3,0,4,11.0,8.0,3.0,,FULL62-W1
SX,SX-CAN01,2026-08-17,白班,D12,EMPSX0054,SX-CAN01-DEPAL-CAN,卸罐机岗,0,4,11.0,8.0,3.0,,FULL62-W1
SX,SX-CAN01,2026-08-17,白班,D12,EMPSX0070,SX-CAN01-PACK-MULTI,多包装机,0,4,11.0,8.0,3.0,,FULL62-W1
SX,SX-CAN01,2026-08-17,白班,D12,EMPSX0011,SX-CAN01-PACK-SHRINK,塑包机岗,0,3,11.0,8.0,3.0,,FULL62-W1
SX,SX-CAN01,2026-08-17,白班,D12,EMPSX0068,SX-CAN01-PALLET,码垛机岗,0,3,11.0,8.0,3.0,,FULL62-W1
SX,SX-ENG,2026-08-17,白班,D12,EMPSX0138,SX-ENG-AIRCOMP,制冷空压机岗,1,4,11.0,8.0,3.0,,FULL62-W1
SX,SX-ENG,2026-08-17,白班,D12,EMPSX0144,SX-ENG-BOILER,锅炉操作岗,0,4,11.0,8.0,3.0,,FULL62-W1
SX,SX-ENG,2026-08-17,白班,D12,EMPSX0130,SX-ENG-ELEC-LINE1,生产线电工1,1,3,11.0,8.0,3.0,,FULL62-W1
SX,SX-ENG,2026-08-17,白班,D12,EMPSX0146,SX-ENG-MECH-LINE,生产线机修岗,0,3,11.0,8.0,3.0,,FULL62-W1
SX,SX-ENG,2026-08-17,白班,D12,EMPSX0148,SX-ENG-MECH-LINE,生产线机修岗,0,3,11.0,8.0,3.0,,FULL62-W1
SX,SX-ENG,2026-08-17,白班,D12,EMPSX0149,SX-ENG-MECH-LINE,生产线机修岗,0,3,11.0,8.0,3.0,,FULL62-W1
SX,SX-PET01,2026-08-17,白班,D12,EMPSX0001,SX-PET01-BLOW-LABEL,吹贴机岗,1,3,11.0,8.0,3.0,,FULL62-W1
SX,SX-PET01,2026-08-17,白班,D12,EMPSX0020,SX-PET01-FGI,FGI岗,0,3,11.0,8.0,3.0,,FULL62-W1
SX,SX-PET01,2026-08-17,白班,D12,EMPSX0038,SX-PET01-FILL,灌注机岗,1,3,11.0,8.0,3.0,,FULL62-W1
SX,SX-PET01,2026-08-17,白班,D12,EMPSX0025,SX-PET01-HANDLE,提扣机岗,0,3,11.0,8.0,3.0,,FULL62-W1
SX,SX-PET01,2026-08-17,白班,D12,EMPSX0061,SX-PET01-PACK-SHRINK,塑包机岗,0,3,11.0,8.0,3.0,,FULL62-W1
SX,SX-PET02,2026-08-17,白班,D12,EMPSX0030,SX-PET02-BLOW,吹瓶机岗,1,3,11.0,8.0,3.0,,FULL62-W1
SX,SX-PET02,2026-08-17,白班,D12,EMPSX0006,SX-PET02-FILL,灌注机岗,1,4,11.0,8.0,3.0,,FULL62-W1
SX,SX-PET02,2026-08-17,白班,D12,EMPSX0010,SX-PET02-PACK-SHRINK,塑包机岗,0,3,11.0,8.0,3.0,,FULL62-W1
SX,SX-PET02,2026-08-17,白班,D12,EMPSX0048,SX-PET02-PALLET,码垛机岗,0,3,11.0,8.0,3.0,,FULL62-W1
SX,SX-PET02,2026-08-17,白班,D12,EMPSX0022,SX-PET02-PALLET-LABEL,垛贴码岗,0,3,11.0,8.0,3.0,,FULL62-W1
SX,SX-QC,2026-08-17,白班,D12,EMPSX0153,SX-QC-QC-AUX,辅线品控（水、糖、BIB）,1,3,11.0,8.0,3.0,,FULL62-W1
SX,SX-QC,2026-08-17,白班,D12,EMPSX0178,SX-QC-QC-BLOW,吹瓶品控,1,4,11.0,8.0,3.0,,FULL62-W1
SX,SX-QC,2026-08-17,白班,D12,EMPSX0169,SX-QC-QC-IP-CAN,CAN线品控,1,4,11.0,8.0,3.0,,FULL62-W1
SX,SX-QC,2026-08-17,白班,D12,EMPSX0168,SX-QC-QC-IP-PET2,PET线品控2,1,4,11.0,8.0,3.0,,FULL62-W1
SX,SX-QC,2026-08-17,白班,D12,EMPSX0173,SX-QC-QC-IP-RB,RB线品控,1,3,11.0,8.0,3.0,,FULL62-W1
SX,SX-RB01,2026-08-17,白班,D12,EMPSX0076,SX-RB01-DEPAL,码卸垛机岗,0,3,11.0,8.0,3.0,,FULL62-W1
SX,SX-RB01,2026-08-17,白班,D12,EMPSX0058,SX-RB01-FILL,灌注机岗,1,4,11.0,8.0,3.0,,FULL62-W1
SX,SX-RB01,2026-08-17,白班,D12,EMPSX0078,SX-RB01-LOADER,装卸箱机岗,0,4,11.0,8.0,3.0,,FULL62-W1
SX,SX-RB01,2026-08-17,白班,D12,EMPSX0098,SX-RB01-QC-BOTTLE,空瓶检测岗,1,3,11.0,8.0,3.0,,FULL62-W1
SX,SX-RB01,2026-08-17,白班,D12,EMPSX0091,SX-RB01-QC-FGI1,成品目检岗1,1,3,11.0,8.0,3.0,,FULL62-W1
SX,SX-RB01,2026-08-17,白班,D12,EMPSX0093,SX-RB01-QC-FGI2,成品目检岗2,1,3,11.0,8.0,3.0,,FULL62-W1
SX,SX-SYRUP,2026-08-17,白班,D12,EMPSX0118,SX-SYRUP-SYRUP-POST1,后糖岗1,1,3,11.0,8.0,3.0,,FULL62-W1
SX,SX-SYRUP,2026-08-17,白班,D12,EMPSX0124,SX-SYRUP-SYRUP-POST2,后糖岗2,1,3,11.0,8.0,3.0,,FULL62-W1
HB,HB-ENG,2026-08-17,常白班,D8,EMPHB0323,HB-ENG-ELEC-2,电气维修工程师2,1,4,8.0,8.0,0.0,,FULL62-W1
HB,HB-ENG,2026-08-17,常白班,D8,EMPHB0326,HB-ENG-ENG-BLOW,吹瓶机工程师,1,4,8.0,8.0,0.0,,FULL62-W1
HB,HB-ENG,2026-08-17,常白班,D8,EMPHB0328,HB-ENG-ENG-FILL,灌装机工程师,1,3,8.0,8.0,0.0,,FULL62-W1
HB,HB-ENG,2026-08-17,常白班,D8,EMPHB0330,HB-ENG-ENG-LABEL,贴标机工程师,1,4,8.0,8.0,0.0,,FULL62-W1
HB,HB-ENG,2026-08-17,常白班,D8,EMPHB0332,HB-ENG-ENG-PACK,膜包机工程师,1,3,8.0,8.0,0.0,,FULL62-W1
HB,HB-ENG,2026-08-17,常白班,D8,EMPHB0333,HB-ENG-ENG-PALLET,码垛机工程师,1,4,8.0,8.0,0.0,,FULL62-W1
HB,HB-ENG2,2026-08-17,常白班,D8,EMPHB0339,HB-ENG2-ELEC-OUT2,外围电工2,1,3,8.0,8.0,0.0,,FULL62-W1
HB,HB-QC,2026-08-17,常白班,D8,EMPHB0363,HB-QC-QC-MICRO-AS1,无菌线微生物品控1,1,3,8.0,8.0,0.0,,FULL62-W1
HB,HB-QC,2026-08-17,常白班,D8,EMPHB0365,HB-QC-QC-MICRO-AS2,无菌线微生物品控2,1,3,8.0,8.0,0.0,,FULL62-W1
HB,HB-QC,2026-08-17,常白班,D8,EMPHB0367,HB-QC-QC-MICRO-AS3,无菌线微生物品控3,1,3,8.0,8.0,0.0,,FULL62-W1
HB,HB-QC,2026-08-17,常白班,D8,EMPHB0362,HB-QC-QC-MICRO-SODA,汽水线微生物品控,1,3,8.0,8.0,0.0,,FULL62-W1
HB,HB-SYRUP,2026-08-17,常白班,D8,EMPHB0261,HB-SYRUP-SYRUP-PRE,前糖岗,1,3,8.0,8.0,0.0,,FULL62-W1
SX,SX-ENG,2026-08-17,常白班,D8,EMPSX0133,SX-ENG-ELEC-LINE2,生产线电工2,1,3,8.0,8.0,0.0,,FULL62-W1
SX,SX-ENG,2026-08-17,常白班,D8,EMPSX0136,SX-ENG-ELEC-OUT,外围电工,1,4,8.0,8.0,0.0,,FULL62-W1
SX,SX-QC,2026-08-17,常白班,D8,EMPSX0159,SX-QC-QC-MICRO,微生物品控,1,3,8.0,8.0,0.0,,FULL62-W1
SX,SX-QC,2026-08-17,常白班,D8,EMPSX0157,SX-QC-QC-RM,原物料品控,1,3,8.0,8.0,0.0,,FULL62-W1
SX,SX-SYRUP,2026-08-17,常白班,D8,EMPSX0116,SX-SYRUP-SYRUP-PRE,前糖岗,1,3,8.0,8.0,0.0,,FULL62-W1
SX,SX-UTIL,2026-08-17,常白班,D8,EMPSX0125,SX-UTIL-WATER,水处理操作岗,1,3,8.0,8.0,0.0,,FULL62-W1
HB,HB-AS01,2026-08-17,夜班,N12,EMPHB0188,HB-AS01-BLOW,吹瓶机岗,1,3,11.0,8.0,3.0,,FULL62-W1
HB,HB-AS01,2026-08-17,夜班,N12,EMPHB0299,HB-AS01-CARTON,上纸箱岗,0,3,11.0,8.0,3.0,,FULL62-W1
HB,HB-AS01,2026-08-17,夜班,N12,EMPHB0235,HB-AS01-FILL,灌注机岗,1,3,11.0,8.0,3.0,,FULL62-W1
HB,HB-AS01,2026-08-17,夜班,N12,EMPHB0251,HB-AS01-HANDLE-1,提扣机岗1,0,4,11.0,8.0,3.0,,FULL62-W1
HB,HB-AS01,2026-08-17,夜班,N12,EMPHB0302,HB-AS01-HANDLE-2,提扣机岗2,0,3,11.0,8.0,3.0,,FULL62-W1
HB,HB-AS01,2026-08-17,夜班,N12,EMPHB0239,HB-AS01-LABEL,贴标机岗,0,3,11.0,8.0,3.0,,FULL62-W1
HB,HB-AS01,2026-08-17,夜班,N12,EMPHB0225,HB-AS01-PALLET,码垛机岗,0,3,11.0,8.0,3.0,,FULL62-W1
HB,HB-AS01,2026-08-17,夜班,N12,EMPHB0183,HB-AS01-SHIFT-LEADER,生产领班,1,3,11.0,8.0,3.0,,FULL62-W1
HB,HB-AS01,2026-08-17,夜班,N12,EMPHB0317,HB-AS01-UHT-AUX,辅助工,0,3,11.0,8.0,3.0,,FULL62-W1
HB,HB-ENG2,2026-08-17,夜班,N12,EMPHB0345,HB-ENG2-AIRCOMP,空压岗,1,3,11.0,8.0,3.0,,FULL62-W1
HB,HB-ENG2,2026-08-17,夜班,N12,EMPHB0344,HB-ENG2-BOILER,锅炉岗,0,4,11.0,8.0,3.0,,FULL62-W1
HB,HB-ENG2,2026-08-17,夜班,N12,EMPHB0338,HB-ENG2-ELEC-OUT1,外围电工1,1,3,11.0,8.0,3.0,,FULL62-W1
HB,HB-ENG2,2026-08-17,夜班,N12,EMPHB0350,HB-ENG2-WWTP,污水岗,0,3,11.0,8.0,3.0,,FULL62-W1
HB,HB-PET01,2026-08-17,夜班,N12,EMPHB0185,HB-PET01-BLOW,吹瓶机岗,1,3,11.0,8.0,3.0,,FULL62-W1
HB,HB-PET01,2026-08-17,夜班,N12,EMPHB0208,HB-PET01-HANDLE-1,提扣机岗1,0,4,11.0,8.0,3.0,,FULL62-W1
HB,HB-PET01,2026-08-17,夜班,N12,EMPHB0318,HB-PET01-HANDLE-2,提扣机岗2,0,2,11.0,8.0,3.0,,FULL62-W1
HB,HB-PET01,2026-08-17,夜班,N12,EMPHB0196,HB-PET01-LABEL,贴标机岗,0,4,11.0,8.0,3.0,,FULL62-W1
HB,HB-PET01,2026-08-17,夜班,N12,EMPHB0242,HB-PET01-PACK-SHRINK,膜包机岗,0,3,11.0,8.0,3.0,,FULL62-W1
HB,HB-PET02,2026-08-17,夜班,N12,EMPHB0215,HB-PET02-BLOW-FILL,吹瓶、灌装岗位,1,3,11.0,8.0,3.0,,FULL62-W1
HB,HB-PET02,2026-08-17,夜班,N12,EMPHB0197,HB-PET02-LABEL,贴标机岗,0,3,11.0,8.0,3.0,,FULL62-W1
HB,HB-PET02,2026-08-17,夜班,N12,EMPHB0204,HB-PET02-PALLET,码垛机岗,0,3,11.0,8.0,3.0,,FULL62-W1
HB,HB-PET03,2026-08-17,夜班,N12,EMPHB0278,HB-PET03-BLOW,吹瓶机岗,1,4,11.0,8.0,3.0,,FULL62-W1
HB,HB-PET03,2026-08-17,夜班,N12,EMPHB0240,HB-PET03-LABEL,贴标机岗,0,3,11.0,8.0,3.0,,FULL62-W1
HB,HB-PET03,2026-08-17,夜班,N12,EMPHB0223,HB-PET03-PACK-SHRINK,膜包机岗,0,3,11.0,8.0,3.0,,FULL62-W1
HB,HB-PET03,2026-08-17,夜班,N12,EMPHB0227,HB-PET03-PALLET,码垛机岗,0,4,11.0,8.0,3.0,,FULL62-W1
HB,HB-QC,2026-08-17,夜班,N12,EMPHB0357,HB-QC-QC-RM-AS,无菌线原物料品控,1,3,11.0,8.0,3.0,,FULL62-W1
HB,HB-QC,2026-08-17,夜班,N12,EMPHB0356,HB-QC-QC-RM-SODA,汽水线原物料品控,1,3,11.0,8.0,3.0,,FULL62-W1
HB,HB-QC2,2026-08-17,夜班,N12,EMPHB0381,HB-QC2-QC-BLOW,吹瓶品控,1,3,11.0,8.0,3.0,A,FULL62-W1
HB,HB-QC2,2026-08-17,夜班,N12,EMPHB0391,HB-QC2-QC-IP-AS,无菌线制程品控,1,3,11.0,8.0,3.0,A,FULL62-W1
HB,HB-QC2,2026-08-17,夜班,N12,EMPHB0371,HB-QC2-QC-IP-PET01,PET01线制程品控,1,3,11.0,8.0,3.0,A,FULL62-W1
HB,HB-QC2,2026-08-17,夜班,N12,EMPHB0376,HB-QC2-QC-IP-PET02,PET02线制程品控,1,3,11.0,8.0,3.0,A,FULL62-W1
HB,HB-QC2,2026-08-17,夜班,N12,EMPHB0378,HB-QC2-QC-IP-PET03,PET03线制程品控,1,3,11.0,8.0,3.0,A,FULL62-W1
HB,HB-QC2,2026-08-17,夜班,N12,EMPHB0387,HB-QC2-QC-WATER,水糖品控,1,3,11.0,8.0,3.0,A,FULL62-W1
HB,HB-SYRUP,2026-08-17,夜班,N12,EMPHB0266,HB-SYRUP-SYRUP-POST1,后糖岗1,1,4,11.0,8.0,3.0,,FULL62-W1
HB,HB-SYRUP,2026-08-17,夜班,N12,EMPHB0269,HB-SYRUP-SYRUP-POST2,后糖岗2,1,4,11.0,8.0,3.0,,FULL62-W1
SX,SX-BIB01,2026-08-17,夜班,N12,EMPSX0107,SX-BIB01-PACK-1,包装岗1,0,3,11.0,8.0,3.0,,FULL62-W1
SX,SX-BIB01,2026-08-17,夜班,N12,EMPSX0043,SX-BIB01-PACK-2,包装岗2,0,2,11.0,8.0,3.0,,FULL62-W1
SX,SX-CAN01,2026-08-17,夜班,N12,EMPSX0055,SX-CAN01-DEPAL-CAN,卸罐机岗,0,3,11.0,8.0,3.0,,FULL62-W1
SX,SX-CAN01,2026-08-17,夜班,N12,EMPSX0085,SX-CAN01-FILL,灌注机岗,1,3,11.0,8.0,3.0,,FULL62-W1
SX,SX-CAN01,2026-08-17,夜班,N12,EMPSX0071,SX-CAN01-PACK-MULTI,多包装机,0,4,11.0,8.0,3.0,,FULL62-W1
SX,SX-CAN01,2026-08-17,夜班,N12,EMPSX0041,SX-CAN01-PACK-SHRINK,塑包机岗,0,3,11.0,8.0,3.0,,FULL62-W1
SX,SX-CAN01,2026-08-17,夜班,N12,EMPSX0065,SX-CAN01-PALLET,码垛机岗,0,3,11.0,8.0,3.0,,FULL62-W1
SX,SX-ENG,2026-08-17,夜班,N12,EMPSX0139,SX-ENG-AIRCOMP,制冷空压机岗,1,3,11.0,8.0,3.0,,FULL62-W1
SX,SX-ENG,2026-08-17,夜班,N12,EMPSX0151,SX-ENG-MECH-LINE,生产线机修岗,0,3,11.0,8.0,3.0,,FULL62-W1
SX,SX-PET01,2026-08-17,夜班,N12,EMPSX0018,SX-PET01-FGI,FGI岗,0,4,11.0,8.0,3.0,,FULL62-W1
SX,SX-PET01,2026-08-17,夜班,N12,EMPSX0012,SX-PET01-PACK-SHRINK,塑包机岗,0,4,11.0,8.0,3.0,,FULL62-W1
SX,SX-PET01,2026-08-17,夜班,N12,EMPSX0046,SX-PET01-PALLET,码垛机岗,0,3,11.0,8.0,3.0,,FULL62-W1
SX,SX-PET01,2026-08-17,夜班,N12,EMPSX0015,SX-PET01-PALLET-LABEL,垛贴码岗,0,2,11.0,8.0,3.0,,FULL62-W1
SX,SX-PET02,2026-08-17,夜班,N12,EMPSX0029,SX-PET02-BLOW,吹瓶机岗,1,3,11.0,8.0,3.0,,FULL62-W1
SX,SX-PET02,2026-08-17,夜班,N12,EMPSX0060,SX-PET02-FILL,灌注机岗,1,3,11.0,8.0,3.0,,FULL62-W1
SX,SX-PET02,2026-08-17,夜班,N12,EMPSX0033,SX-PET02-LABEL,贴标机岗,0,3,11.0,8.0,3.0,,FULL62-W1
SX,SX-PET02,2026-08-17,夜班,N12,EMPSX0042,SX-PET02-PACK-SHRINK,塑包机岗,0,3,11.0,8.0,3.0,,FULL62-W1
SX,SX-PET02,2026-08-17,夜班,N12,EMPSX0013,SX-PET02-PALLET,码垛机岗,0,3,11.0,8.0,3.0,,FULL62-W1
SX,SX-PET02,2026-08-17,夜班,N12,EMPSX0049,SX-PET02-PALLET-LABEL,垛贴码岗,0,3,11.0,8.0,3.0,,FULL62-W1
SX,SX-QC,2026-08-17,夜班,N12,EMPSX0155,SX-QC-QC-AUX,辅线品控（水、糖、BIB）,1,3,11.0,8.0,3.0,,FULL62-W1
SX,SX-QC,2026-08-17,夜班,N12,EMPSX0180,SX-QC-QC-BLOW,吹瓶品控,1,3,11.0,8.0,3.0,,FULL62-W1
SX,SX-QC,2026-08-17,夜班,N12,EMPSX0163,SX-QC-QC-IP-PET1,PET线品控1,1,3,11.0,8.0,3.0,,FULL62-W1
SX,SX-QC,2026-08-17,夜班,N12,EMPSX0174,SX-QC-QC-IP-RB,RB线品控,1,3,11.0,8.0,3.0,,FULL62-W1
SX,SX-RB01,2026-08-17,夜班,N12,EMPSX0074,SX-RB01-DEPAL,码卸垛机岗,0,3,11.0,8.0,3.0,,FULL62-W1
SX,SX-RB01,2026-08-17,夜班,N12,EMPSX0087,SX-RB01-FILL,灌注机岗,1,3,11.0,8.0,3.0,,FULL62-W1
SX,SX-RB01,2026-08-17,夜班,N12,EMPSX0097,SX-RB01-QC-BOTTLE,空瓶检测岗,1,3,11.0,8.0,3.0,,FULL62-W1
SX,SX-RB01,2026-08-17,夜班,N12,EMPSX0089,SX-RB01-QC-FGI1,成品目检岗1,1,3,11.0,8.0,3.0,,FULL62-W1
SX,SX-RB01,2026-08-17,夜班,N12,EMPSX0095,SX-RB01-QC-FGI2,成品目检岗2,1,3,11.0,8.0,3.0,,FULL62-W1
SX,SX-RB01,2026-08-17,夜班,N12,EMPSX0082,SX-RB01-WASHER,洗瓶机岗,0,3,11.0,8.0,3.0,,FULL62-W1
SX,SX-SYRUP,2026-08-17,夜班,N12,EMPSX0119,SX-SYRUP-SYRUP-POST1,后糖岗1,1,3,11.0,8.0,3.0,,FULL62-W1
SX,SX-UTIL,2026-08-17,夜班,N12,EMPSX0128,SX-UTIL-WWTP,污水处理岗,0,3,11.0,8.0,3.0,,FULL62-W1
HB,HB-AS01,2026-08-18,白班,D12,EMPHB0231,HB-AS01-BLOW,吹瓶机岗,1,4,11.0,8.0,3.0,,FULL62-W1
HB,HB-AS01,2026-08-18,白班,D12,EMPHB0304,HB-AS01-CARTON,上纸箱岗,0,3,11.0,8.0,3.0,,FULL62-W1
HB,HB-AS01,2026-08-18,白班,D12,EMPHB0206,HB-AS01-HANDLE-1,提扣机岗1,0,4,11.0,8.0,3.0,,FULL62-W1
HB,HB-AS01,2026-08-18,白班,D12,EMPHB0212,HB-AS01-HANDLE-2,提扣机岗2,0,3,11.0,8.0,3.0,,FULL62-W1
HB,HB-AS01,2026-08-18,白班,D12,EMPHB0193,HB-AS01-LABEL,贴标机岗,0,3,11.0,8.0,3.0,,FULL62-W1
HB,HB-AS01,2026-08-18,白班,D12,EMPHB0241,HB-AS01-PACK-SHRINK,膜包机岗,0,4,11.0,8.0,3.0,,FULL62-W1
HB,HB-AS01,2026-08-18,白班,D12,EMPHB0294,HB-AS01-PALLET,码垛机岗,0,3,11.0,8.0,3.0,,FULL62-W1
HB,HB-AS01,2026-08-18,白班,D12,EMPHB0274,HB-AS01-SHIFT-LEADER,生产领班,1,4,11.0,8.0,3.0,,FULL62-W1
HB,HB-AS01,2026-08-18,白班,D12,EMPHB0308,HB-AS01-UHT-1,UHT&调配&果肉操作1,1,4,11.0,8.0,3.0,,FULL62-W1
HB,HB-AS01,2026-08-18,白班,D12,EMPHB0312,HB-AS01-UHT-2,UHT&调配&果肉操作2,1,3,11.0,8.0,3.0,,FULL62-W1
HB,HB-AS01,2026-08-18,白班,D12,EMPHB0249,HB-AS01-UHT-AUX,辅助工,0,3,11.0,8.0,3.0,,FULL62-W1
HB,HB-ENG2,2026-08-18,白班,D12,EMPHB0348,HB-ENG2-AIRCOMP,空压岗,1,4,11.0,8.0,3.0,A,FULL62-W1
HB,HB-ENG2,2026-08-18,白班,D12,EMPHB0335,HB-ENG2-ELEC-OUT1,外围电工1,1,4,11.0,8.0,3.0,A,FULL62-W1
HB,HB-PET01,2026-08-18,白班,D12,EMPHB0234,HB-PET01-FILL,灌注机岗,1,4,11.0,8.0,3.0,,FULL62-W1
HB,HB-PET01,2026-08-18,白班,D12,EMPHB0256,HB-PET01-HANDLE-1,提扣机岗1,0,2,11.0,8.0,3.0,,FULL62-W1
HB,HB-PET01,2026-08-18,白班,D12,EMPHB0253,HB-PET01-HANDLE-2,提扣机岗2,0,3,11.0,8.0,3.0,,FULL62-W1
HB,HB-PET01,2026-08-18,白班,D12,EMPHB0284,HB-PET01-LABEL,贴标机岗,0,3,11.0,8.0,3.0,,FULL62-W1
HB,HB-PET01,2026-08-18,白班,D12,EMPHB0292,HB-PET01-PALLET,码垛机岗,0,4,11.0,8.0,3.0,,FULL62-W1
HB,HB-PET01,2026-08-18,白班,D12,EMPHB0184,HB-PET01-SHIFT-ENG,倒班工程师,1,4,11.0,8.0,3.0,,FULL62-W1
HB,HB-PET02,2026-08-18,白班,D12,EMPHB0192,HB-PET02-BLOW-FILL,吹瓶、灌装岗位,1,3,11.0,8.0,3.0,,FULL62-W1
HB,HB-PET02,2026-08-18,白班,D12,EMPHB0217,HB-PET02-LABEL,贴标机岗,0,3,11.0,8.0,3.0,,FULL62-W1
HB,HB-PET02,2026-08-18,白班,D12,EMPHB0243,HB-PET02-PACK-SHRINK,膜包机岗,0,3,11.0,8.0,3.0,,FULL62-W1
HB,HB-PET02,2026-08-18,白班,D12,EMPHB0246,HB-PET02-PALLET,码垛机岗,0,4,11.0,8.0,3.0,,FULL62-W1
HB,HB-PET03,2026-08-18,白班,D12,EMPHB0232,HB-PET03-BLOW,吹瓶机岗,1,3,11.0,8.0,3.0,,FULL62-W1
HB,HB-PET03,2026-08-18,白班,D12,EMPHB0300,HB-PET03-HANDLE-2,提扣机岗2,0,3,11.0,8.0,3.0,,FULL62-W1
HB,HB-PET03,2026-08-18,白班,D12,EMPHB0237,HB-PET03-LABEL,贴标机岗,0,3,11.0,8.0,3.0,,FULL62-W1
HB,HB-PET03,2026-08-18,白班,D12,EMPHB0221,HB-PET03-PACK-SHRINK,膜包机岗,0,4,11.0,8.0,3.0,,FULL62-W1
HB,HB-PET03,2026-08-18,白班,D12,EMPHB0293,HB-PET03-PALLET,码垛机岗,0,4,11.0,8.0,3.0,,FULL62-W1
HB,HB-QC,2026-08-18,白班,D12,EMPHB0372,HB-QC-QC-RM-AS,无菌线原物料品控,1,3,11.0,8.0,3.0,,FULL62-W1
HB,HB-QC,2026-08-18,白班,D12,EMPHB0355,HB-QC-QC-RM-SODA,汽水线原物料品控,1,4,11.0,8.0,3.0,,FULL62-W1
SX,SX-BIB01,2026-08-18,白班,D12,EMPSX0102,SX-BIB01-FILL,灌装岗,1,3,11.0,8.0,3.0,,FULL62-W1
SX,SX-BIB01,2026-08-18,白班,D12,EMPSX0106,SX-BIB01-PACK-1,包装岗1,0,3,11.0,8.0,3.0,,FULL62-W1
SX,SX-BIB01,2026-08-18,白班,D12,EMPSX0036,SX-BIB01-PACK-2,包装岗2,0,3,11.0,8.0,3.0,,FULL62-W1
SX,SX-BIB01,2026-08-18,白班,D12,EMPSX0113,SX-BIB01-PACK-3,包装岗3,0,4,11.0,8.0,3.0,,FULL62-W1
SX,SX-CAN01,2026-08-18,白班,D12,EMPSX0056,SX-CAN01-DEPAL-CAN,卸罐机岗,0,3,11.0,8.0,3.0,,FULL62-W1
SX,SX-CAN01,2026-08-18,白班,D12,EMPSX0069,SX-CAN01-PACK-MULTI,多包装机,0,4,11.0,8.0,3.0,,FULL62-W1
SX,SX-CAN01,2026-08-18,白班,D12,EMPSX0064,SX-CAN01-PACK-SHRINK,塑包机岗,0,3,11.0,8.0,3.0,,FULL62-W1
SX,SX-CAN01,2026-08-18,白班,D12,EMPSX0016,SX-CAN01-PALLET,码垛机岗,0,4,11.0,8.0,3.0,,FULL62-W1
SX,SX-ENG,2026-08-18,白班,D12,EMPSX0138,SX-ENG-AIRCOMP,制冷空压机岗,1,4,11.0,8.0,3.0,,FULL62-W1
SX,SX-ENG,2026-08-18,白班,D12,EMPSX0144,SX-ENG-BOILER,锅炉操作岗,0,4,11.0,8.0,3.0,,FULL62-W1
SX,SX-ENG,2026-08-18,白班,D12,EMPSX0131,SX-ENG-ELEC-LINE1,生产线电工1,1,3,11.0,8.0,3.0,,FULL62-W1
SX,SX-ENG,2026-08-18,白班,D12,EMPSX0145,SX-ENG-MECH-LINE,生产线机修岗,0,3,11.0,8.0,3.0,,FULL62-W1
SX,SX-ENG,2026-08-18,白班,D12,EMPSX0147,SX-ENG-MECH-LINE,生产线机修岗,0,4,11.0,8.0,3.0,,FULL62-W1
SX,SX-ENG,2026-08-18,白班,D12,EMPSX0149,SX-ENG-MECH-LINE,生产线机修岗,0,3,11.0,8.0,3.0,,FULL62-W1
SX,SX-PET01,2026-08-18,白班,D12,EMPSX0004,SX-PET01-BLOW-LABEL,吹贴机岗,1,4,11.0,8.0,3.0,,FULL62-W1
SX,SX-PET01,2026-08-18,白班,D12,EMPSX0020,SX-PET01-FGI,FGI岗,0,3,11.0,8.0,3.0,,FULL62-W1
SX,SX-PET01,2026-08-18,白班,D12,EMPSX0006,SX-PET01-FILL,灌注机岗,1,4,11.0,8.0,3.0,,FULL62-W1
SX,SX-PET01,2026-08-18,白班,D12,EMPSX0028,SX-PET01-HANDLE,提扣机岗,0,4,11.0,8.0,3.0,,FULL62-W1
SX,SX-PET01,2026-08-18,白班,D12,EMPSX0066,SX-PET01-PALLET,码垛机岗,0,3,11.0,8.0,3.0,,FULL62-W1
SX,SX-PET02,2026-08-18,白班,D12,EMPSX0032,SX-PET02-BLOW,吹瓶机岗,1,3,11.0,8.0,3.0,,FULL62-W1
SX,SX-PET02,2026-08-18,白班,D12,EMPSX0088,SX-PET02-FILL,灌注机岗,1,3,11.0,8.0,3.0,,FULL62-W1
SX,SX-PET02,2026-08-18,白班,D12,EMPSX0009,SX-PET02-PACK-SHRINK,塑包机岗,0,3,11.0,8.0,3.0,,FULL62-W1
SX,SX-PET02,2026-08-18,白班,D12,EMPSX0047,SX-PET02-PALLET,码垛机岗,0,3,11.0,8.0,3.0,,FULL62-W1
SX,SX-PET02,2026-08-18,白班,D12,EMPSX0022,SX-PET02-PALLET-LABEL,垛贴码岗,0,3,11.0,8.0,3.0,,FULL62-W1
SX,SX-QC,2026-08-18,白班,D12,EMPSX0153,SX-QC-QC-AUX,辅线品控（水、糖、BIB）,1,3,11.0,8.0,3.0,,FULL62-W1
SX,SX-QC,2026-08-18,白班,D12,EMPSX0177,SX-QC-QC-BLOW,吹瓶品控,1,3,11.0,8.0,3.0,,FULL62-W1
SX,SX-QC,2026-08-18,白班,D12,EMPSX0171,SX-QC-QC-IP-CAN,CAN线品控,1,3,11.0,8.0,3.0,,FULL62-W1
SX,SX-QC,2026-08-18,白班,D12,EMPSX0162,SX-QC-QC-IP-PET1,PET线品控1,1,4,11.0,8.0,3.0,,FULL62-W1
SX,SX-QC,2026-08-18,白班,D12,EMPSX0168,SX-QC-QC-IP-PET2,PET线品控2,1,4,11.0,8.0,3.0,,FULL62-W1
SX,SX-QC,2026-08-18,白班,D12,EMPSX0173,SX-QC-QC-IP-RB,RB线品控,1,3,11.0,8.0,3.0,,FULL62-W1
SX,SX-RB01,2026-08-18,白班,D12,EMPSX0073,SX-RB01-DEPAL,码卸垛机岗,0,3,11.0,8.0,3.0,,FULL62-W1
SX,SX-RB01,2026-08-18,白班,D12,EMPSX0057,SX-RB01-FILL,灌注机岗,1,3,11.0,8.0,3.0,,FULL62-W1
SX,SX-RB01,2026-08-18,白班,D12,EMPSX0077,SX-RB01-LOADER,装卸箱机岗,0,3,11.0,8.0,3.0,,FULL62-W1
SX,SX-RB01,2026-08-18,白班,D12,EMPSX0172,SX-RB01-QC-FGI2,成品目检岗2,1,3,11.0,8.0,3.0,,FULL62-W1
SX,SX-SYRUP,2026-08-18,白班,D12,EMPSX0115,SX-SYRUP-SYRUP-POST1,后糖岗1,1,3,11.0,8.0,3.0,,FULL62-W1
SX,SX-SYRUP,2026-08-18,白班,D12,EMPSX0124,SX-SYRUP-SYRUP-POST2,后糖岗2,1,3,11.0,8.0,3.0,,FULL62-W1
HB,HB-ENG,2026-08-18,常白班,D8,EMPHB0323,HB-ENG-ELEC-2,电气维修工程师2,1,4,8.0,8.0,0.0,,FULL62-W1
HB,HB-ENG,2026-08-18,常白班,D8,EMPHB0325,HB-ENG-ENG-BLOW,吹瓶机工程师,1,3,8.0,8.0,0.0,,FULL62-W1
HB,HB-ENG,2026-08-18,常白班,D8,EMPHB0327,HB-ENG-ENG-FILL,灌装机工程师,1,3,8.0,8.0,0.0,,FULL62-W1
HB,HB-ENG,2026-08-18,常白班,D8,EMPHB0330,HB-ENG-ENG-LABEL,贴标机工程师,1,4,8.0,8.0,0.0,,FULL62-W1
HB,HB-ENG,2026-08-18,常白班,D8,EMPHB0332,HB-ENG-ENG-PACK,膜包机工程师,1,3,8.0,8.0,0.0,,FULL62-W1
HB,HB-ENG,2026-08-18,常白班,D8,EMPHB0333,HB-ENG-ENG-PALLET,码垛机工程师,1,4,8.0,8.0,0.0,,FULL62-W1
HB,HB-ENG2,2026-08-18,常白班,D8,EMPHB0339,HB-ENG2-ELEC-OUT2,外围电工2,1,3,8.0,8.0,0.0,,FULL62-W1
HB,HB-QC,2026-08-18,常白班,D8,EMPHB0364,HB-QC-QC-MICRO-AS1,无菌线微生物品控1,1,4,8.0,8.0,0.0,,FULL62-W1
HB,HB-QC,2026-08-18,常白班,D8,EMPHB0365,HB-QC-QC-MICRO-AS2,无菌线微生物品控2,1,3,8.0,8.0,0.0,,FULL62-W1
HB,HB-QC,2026-08-18,常白班,D8,EMPHB0367,HB-QC-QC-MICRO-AS3,无菌线微生物品控3,1,3,8.0,8.0,0.0,,FULL62-W1
HB,HB-QC,2026-08-18,常白班,D8,EMPHB0362,HB-QC-QC-MICRO-SODA,汽水线微生物品控,1,3,8.0,8.0,0.0,,FULL62-W1
HB,HB-SYRUP,2026-08-18,常白班,D8,EMPHB0262,HB-SYRUP-SYRUP-PRE,前糖岗,1,3,8.0,8.0,0.0,,FULL62-W1
SX,SX-ENG,2026-08-18,常白班,D8,EMPSX0134,SX-ENG-ELEC-LINE2,生产线电工2,1,3,8.0,8.0,0.0,,FULL62-W1
SX,SX-ENG,2026-08-18,常白班,D8,EMPSX0136,SX-ENG-ELEC-OUT,外围电工,1,4,8.0,8.0,0.0,,FULL62-W1
SX,SX-QC,2026-08-18,常白班,D8,EMPSX0160,SX-QC-QC-MICRO,微生物品控,1,4,8.0,8.0,0.0,,FULL62-W1
SX,SX-QC,2026-08-18,常白班,D8,EMPSX0157,SX-QC-QC-RM,原物料品控,1,3,8.0,8.0,0.0,,FULL62-W1
SX,SX-SYRUP,2026-08-18,常白班,D8,EMPSX0116,SX-SYRUP-SYRUP-PRE,前糖岗,1,3,8.0,8.0,0.0,,FULL62-W1
SX,SX-UTIL,2026-08-18,常白班,D8,EMPSX0125,SX-UTIL-WATER,水处理操作岗,1,3,8.0,8.0,0.0,,FULL62-W1
HB,HB-AS01,2026-08-18,夜班,N12,EMPHB0306,HB-AS01-CARTON,上纸箱岗,0,4,11.0,8.0,3.0,,FULL62-W1
HB,HB-AS01,2026-08-18,夜班,N12,EMPHB0250,HB-AS01-HANDLE-1,提扣机岗1,0,3,11.0,8.0,3.0,,FULL62-W1
HB,HB-AS01,2026-08-18,夜班,N12,EMPHB0299,HB-AS01-HANDLE-2,提扣机岗2,0,3,11.0,8.0,3.0,,FULL62-W1
HB,HB-AS01,2026-08-18,夜班,N12,EMPHB0220,HB-AS01-LABEL,贴标机岗,0,4,11.0,8.0,3.0,,FULL62-W1
HB,HB-AS01,2026-08-18,夜班,N12,EMPHB0244,HB-AS01-PACK-SHRINK,膜包机岗,0,3,11.0,8.0,3.0,,FULL62-W1
HB,HB-AS01,2026-08-18,夜班,N12,EMPHB0225,HB-AS01-PALLET,码垛机岗,0,3,11.0,8.0,3.0,,FULL62-W1
HB,HB-AS01,2026-08-18,夜班,N12,EMPHB0272,HB-AS01-SHIFT-LEADER,生产领班,1,3,11.0,8.0,3.0,,FULL62-W1
HB,HB-AS01,2026-08-18,夜班,N12,EMPHB0307,HB-AS01-UHT-1,UHT&调配&果肉操作1,1,4,11.0,8.0,3.0,,FULL62-W1
HB,HB-AS01,2026-08-18,夜班,N12,EMPHB0314,HB-AS01-UHT-2,UHT&调配&果肉操作2,1,3,11.0,8.0,3.0,,FULL62-W1
HB,HB-AS01,2026-08-18,夜班,N12,EMPHB0317,HB-AS01-UHT-AUX,辅助工,0,3,11.0,8.0,3.0,,FULL62-W1
HB,HB-ENG,2026-08-18,夜班,N12,EMPHB0322,HB-ENG-ELEC-1,电气维修工程师1,1,4,11.0,8.0,3.0,,FULL62-W1
HB,HB-ENG2,2026-08-18,夜班,N12,EMPHB0345,HB-ENG2-AIRCOMP,空压岗,1,3,11.0,8.0,3.0,,FULL62-W1
HB,HB-ENG2,2026-08-18,夜班,N12,EMPHB0344,HB-ENG2-BOILER,锅炉岗,0,4,11.0,8.0,3.0,,FULL62-W1
HB,HB-ENG2,2026-08-18,夜班,N12,EMPHB0336,HB-ENG2-ELEC-OUT1,外围电工1,1,3,11.0,8.0,3.0,,FULL62-W1
HB,HB-ENG2,2026-08-18,夜班,N12,EMPHB0349,HB-ENG2-WWTP,污水岗,0,3,11.0,8.0,3.0,,FULL62-W1
HB,HB-PET01,2026-08-18,夜班,N12,EMPHB0275,HB-PET01-BLOW,吹瓶机岗,1,3,11.0,8.0,3.0,,FULL62-W1
HB,HB-PET01,2026-08-18,夜班,N12,EMPHB0282,HB-PET01-FILL,灌注机岗,1,4,11.0,8.0,3.0,,FULL62-W1
HB,HB-PET01,2026-08-18,夜班,N12,EMPHB0297,HB-PET01-HANDLE-1,提扣机岗1,0,3,11.0,8.0,3.0,,FULL62-W1
HB,HB-PET01,2026-08-18,夜班,N12,EMPHB0196,HB-PET01-LABEL,贴标机岗,0,4,11.0,8.0,3.0,,FULL62-W1
HB,HB-PET01,2026-08-18,夜班,N12,EMPHB0198,HB-PET01-PACK-SHRINK,膜包机岗,0,3,11.0,8.0,3.0,,FULL62-W1
HB,HB-PET01,2026-08-18,夜班,N12,EMPHB0291,HB-PET01-PALLET,码垛机岗,0,3,11.0,8.0,3.0,,FULL62-W1
HB,HB-PET01,2026-08-18,夜班,N12,EMPHB0181,HB-PET01-SHIFT-ENG,倒班工程师,1,4,11.0,8.0,3.0,,FULL62-W1
HB,HB-PET02,2026-08-18,夜班,N12,EMPHB0213,HB-PET02-BLOW-FILL,吹瓶、灌装岗位,1,3,11.0,8.0,3.0,B,FULL62-W1
HB,HB-PET03,2026-08-18,夜班,N12,EMPHB0276,HB-PET03-BLOW,吹瓶机岗,1,3,11.0,8.0,3.0,,FULL62-W1
HB,HB-PET03,2026-08-18,夜班,N12,EMPHB0281,HB-PET03-FILL,灌注机岗,1,4,11.0,8.0,3.0,,FULL62-W1
HB,HB-PET03,2026-08-18,夜班,N12,EMPHB0210,HB-PET03-HANDLE-1,提扣机岗1,0,2,11.0,8.0,3.0,,FULL62-W1
HB,HB-PET03,2026-08-18,夜班,N12,EMPHB0302,HB-PET03-HANDLE-2,提扣机岗2,0,3,11.0,8.0,3.0,,FULL62-W1
HB,HB-PET03,2026-08-18,夜班,N12,EMPHB0218,HB-PET03-LABEL,贴标机岗,0,3,11.0,8.0,3.0,,FULL62-W1
HB,HB-PET03,2026-08-18,夜班,N12,EMPHB0226,HB-PET03-PALLET,码垛机岗,0,3,11.0,8.0,3.0,,FULL62-W1
HB,HB-QC,2026-08-18,夜班,N12,EMPHB0357,HB-QC-QC-RM-AS,无菌线原物料品控,1,3,11.0,8.0,3.0,,FULL62-W1
HB,HB-QC,2026-08-18,夜班,N12,EMPHB0354,HB-QC-QC-RM-SODA,汽水线原物料品控,1,3,11.0,8.0,3.0,,FULL62-W1
HB,HB-SYRUP,2026-08-18,夜班,N12,EMPHB0266,HB-SYRUP-SYRUP-POST1,后糖岗1,1,4,11.0,8.0,3.0,,FULL62-W1
HB,HB-SYRUP,2026-08-18,夜班,N12,EMPHB0258,HB-SYRUP-WATER,水处理操作岗,1,3,11.0,8.0,3.0,,FULL62-W1
SX,SX-BIB01,2026-08-18,夜班,N12,EMPSX0104,SX-BIB01-FILL,灌装岗,1,3,11.0,8.0,3.0,,FULL62-W1
SX,SX-BIB01,2026-08-18,夜班,N12,EMPSX0108,SX-BIB01-PACK-1,包装岗1,0,3,11.0,8.0,3.0,,FULL62-W1
SX,SX-BIB01,2026-08-18,夜班,N12,EMPSX0111,SX-BIB01-PACK-2,包装岗2,0,3,11.0,8.0,3.0,,FULL62-W1
SX,SX-CAN01,2026-08-18,夜班,N12,EMPSX0087,SX-CAN01-FILL,灌注机岗,1,3,11.0,8.0,3.0,C,FULL62-W1
SX,SX-ENG,2026-08-18,夜班,N12,EMPSX0140,SX-ENG-AIRCOMP,制冷空压机岗,1,4,11.0,8.0,3.0,,FULL62-W1
SX,SX-ENG,2026-08-18,夜班,N12,EMPSX0142,SX-ENG-BOILER,锅炉操作岗,0,3,11.0,8.0,3.0,,FULL62-W1
SX,SX-ENG,2026-08-18,夜班,N12,EMPSX0129,SX-ENG-ELEC-LINE1,生产线电工1,1,3,11.0,8.0,3.0,,FULL62-W1
SX,SX-ENG,2026-08-18,夜班,N12,EMPSX0150,SX-ENG-MECH-LINE,生产线机修岗,0,3,11.0,8.0,3.0,,FULL62-W1
SX,SX-PET01,2026-08-18,夜班,N12,EMPSX0002,SX-PET01-BLOW-LABEL,吹贴机岗,1,3,11.0,8.0,3.0,,FULL62-W1
SX,SX-PET01,2026-08-18,夜班,N12,EMPSX0017,SX-PET01-FGI,FGI岗,0,3,11.0,8.0,3.0,,FULL62-W1
SX,SX-PET01,2026-08-18,夜班,N12,EMPSX0040,SX-PET01-FILL,灌注机岗,1,3,11.0,8.0,3.0,,FULL62-W1
SX,SX-PET01,2026-08-18,夜班,N12,EMPSX0026,SX-PET01-HANDLE,提扣机岗,0,3,11.0,8.0,3.0,,FULL62-W1
SX,SX-PET01,2026-08-18,夜班,N12,EMPSX0041,SX-PET01-PACK-SHRINK,塑包机岗,0,3,11.0,8.0,3.0,,FULL62-W1
SX,SX-PET01,2026-08-18,夜班,N12,EMPSX0014,SX-PET01-PALLET,码垛机岗,0,3,11.0,8.0,3.0,,FULL62-W1
SX,SX-PET02,2026-08-18,夜班,N12,EMPSX0030,SX-PET02-BLOW,吹瓶机岗,1,3,11.0,8.0,3.0,,FULL62-W1
SX,SX-PET02,2026-08-18,夜班,N12,EMPSX0035,SX-PET02-LABEL,贴标机岗,0,3,11.0,8.0,3.0,,FULL62-W1
SX,SX-PET02,2026-08-18,夜班,N12,EMPSX0021,SX-PET02-PALLET,码垛机岗,0,3,11.0,8.0,3.0,,FULL62-W1
SX,SX-PET02,2026-08-18,夜班,N12,EMPSX0055,SX-PET02-PALLET-LABEL,垛贴码岗,0,3,11.0,8.0,3.0,,FULL62-W1
SX,SX-QC,2026-08-18,夜班,N12,EMPSX0155,SX-QC-QC-AUX,辅线品控（水、糖、BIB）,1,3,11.0,8.0,3.0,,FULL62-W1
SX,SX-QC,2026-08-18,夜班,N12,EMPSX0180,SX-QC-QC-BLOW,吹瓶品控,1,3,11.0,8.0,3.0,,FULL62-W1
SX,SX-QC,2026-08-18,夜班,N12,EMPSX0170,SX-QC-QC-IP-CAN,CAN线品控,1,3,11.0,8.0,3.0,,FULL62-W1
SX,SX-QC,2026-08-18,夜班,N12,EMPSX0165,SX-QC-QC-IP-PET2,PET线品控2,1,3,11.0,8.0,3.0,,FULL62-W1
SX,SX-QC,2026-08-18,夜班,N12,EMPSX0175,SX-QC-QC-IP-RB,RB线品控,1,4,11.0,8.0,3.0,,FULL62-W1
SX,SX-RB01,2026-08-18,夜班,N12,EMPSX0076,SX-RB01-DEPAL,码卸垛机岗,0,3,11.0,8.0,3.0,,FULL62-W1
SX,SX-RB01,2026-08-18,夜班,N12,EMPSX0007,SX-RB01-FILL,灌注机岗,1,3,11.0,8.0,3.0,,FULL62-W1
SX,SX-RB01,2026-08-18,夜班,N12,EMPSX0078,SX-RB01-LOADER,装卸箱机岗,0,4,11.0,8.0,3.0,,FULL62-W1
SX,SX-RB01,2026-08-18,夜班,N12,EMPSX0100,SX-RB01-QC-BOTTLE,空瓶检测岗,1,3,11.0,8.0,3.0,,FULL62-W1
SX,SX-RB01,2026-08-18,夜班,N12,EMPSX0091,SX-RB01-QC-FGI1,成品目检岗1,1,3,11.0,8.0,3.0,,FULL62-W1
SX,SX-RB01,2026-08-18,夜班,N12,EMPSX0096,SX-RB01-QC-FGI2,成品目检岗2,1,3,11.0,8.0,3.0,,FULL62-W1
SX,SX-RB01,2026-08-18,夜班,N12,EMPSX0084,SX-RB01-WASHER,洗瓶机岗,0,3,11.0,8.0,3.0,,FULL62-W1
SX,SX-SYRUP,2026-08-18,夜班,N12,EMPSX0119,SX-SYRUP-SYRUP-POST1,后糖岗1,1,3,11.0,8.0,3.0,,FULL62-W1
SX,SX-SYRUP,2026-08-18,夜班,N12,EMPSX0121,SX-SYRUP-SYRUP-POST2,后糖岗2,1,3,11.0,8.0,3.0,,FULL62-W1
SX,SX-UTIL,2026-08-18,夜班,N12,EMPSX0128,SX-UTIL-WWTP,污水处理岗,0,3,11.0,8.0,3.0,,FULL62-W1
HB,HB-AS01,2026-08-19,白班,D12,EMPHB0316,HB-AS01-CARTON,上纸箱岗,0,2,11.0,8.0,3.0,,FULL62-W1
HB,HB-AS01,2026-08-19,白班,D12,EMPHB0208,HB-AS01-HANDLE-1,提扣机岗1,0,4,11.0,8.0,3.0,,FULL62-W1
HB,HB-AS01,2026-08-19,白班,D12,EMPHB0194,HB-AS01-LABEL,贴标机岗,0,4,11.0,8.0,3.0,,FULL62-W1
HB,HB-AS01,2026-08-19,白班,D12,EMPHB0273,HB-AS01-SHIFT-LEADER,生产领班,1,3,11.0,8.0,3.0,,FULL62-W1
HB,HB-AS01,2026-08-19,白班,D12,EMPHB0308,HB-AS01-UHT-1,UHT&调配&果肉操作1,1,4,11.0,8.0,3.0,,FULL62-W1
HB,HB-AS01,2026-08-19,白班,D12,EMPHB0311,HB-AS01-UHT-2,UHT&调配&果肉操作2,1,3,11.0,8.0,3.0,,FULL62-W1
HB,HB-AS01,2026-08-19,白班,D12,EMPHB0298,HB-AS01-UHT-AUX,辅助工,0,3,11.0,8.0,3.0,,FULL62-W1
HB,HB-ENG,2026-08-19,白班,D12,EMPHB0319,HB-ENG-ELEC-1,电气维修工程师1,1,3,11.0,8.0,3.0,,FULL62-W1
HB,HB-ENG2,2026-08-19,白班,D12,EMPHB0348,HB-ENG2-AIRCOMP,空压岗,1,4,11.0,8.0,3.0,,FULL62-W1
HB,HB-ENG2,2026-08-19,白班,D12,EMPHB0343,HB-ENG2-BOILER,锅炉岗,0,3,11.0,8.0,3.0,,FULL62-W1
HB,HB-ENG2,2026-08-19,白班,D12,EMPHB0335,HB-ENG2-ELEC-OUT1,外围电工1,1,4,11.0,8.0,3.0,,FULL62-W1
HB,HB-ENG2,2026-08-19,白班,D12,EMPHB0350,HB-ENG2-WWTP,污水岗,0,3,11.0,8.0,3.0,,FULL62-W1
HB,HB-PET01,2026-08-19,白班,D12,EMPHB0185,HB-PET01-BLOW,吹瓶机岗,1,3,11.0,8.0,3.0,,FULL62-W1
HB,HB-PET01,2026-08-19,白班,D12,EMPHB0249,HB-PET01-HANDLE-1,提扣机岗1,0,3,11.0,8.0,3.0,,FULL62-W1
HB,HB-PET01,2026-08-19,白班,D12,EMPHB0318,HB-PET01-HANDLE-2,提扣机岗2,0,2,11.0,8.0,3.0,,FULL62-W1
HB,HB-PET01,2026-08-19,白班,D12,EMPHB0195,HB-PET01-LABEL,贴标机岗,0,3,11.0,8.0,3.0,,FULL62-W1
HB,HB-PET01,2026-08-19,白班,D12,EMPHB0287,HB-PET01-PACK-SHRINK,膜包机岗,0,3,11.0,8.0,3.0,,FULL62-W1
HB,HB-PET01,2026-08-19,白班,D12,EMPHB0247,HB-PET01-PALLET,码垛机岗,0,3,11.0,8.0,3.0,,FULL62-W1
HB,HB-PET02,2026-08-19,白班,D12,EMPHB0236,HB-PET02-BLOW-FILL,吹瓶、灌装岗位,1,3,11.0,8.0,3.0,,FULL62-W1
HB,HB-PET02,2026-08-19,白班,D12,EMPHB0283,HB-PET02-LABEL,贴标机岗,0,3,11.0,8.0,3.0,,FULL62-W1
HB,HB-PET02,2026-08-19,白班,D12,EMPHB0289,HB-PET02-PACK-SHRINK,膜包机岗,0,3,11.0,8.0,3.0,,FULL62-W1
HB,HB-PET03,2026-08-19,白班,D12,EMPHB0230,HB-PET03-BLOW,吹瓶机岗,1,3,11.0,8.0,3.0,,FULL62-W1
HB,HB-PET03,2026-08-19,白班,D12,EMPHB0235,HB-PET03-FILL,灌注机岗,1,3,11.0,8.0,3.0,,FULL62-W1
HB,HB-PET03,2026-08-19,白班,D12,EMPHB0296,HB-PET03-HANDLE-1,提扣机岗1,0,3,11.0,8.0,3.0,,FULL62-W1
HB,HB-PET03,2026-08-19,白班,D12,EMPHB0211,HB-PET03-HANDLE-2,提扣机岗2,0,4,11.0,8.0,3.0,,FULL62-W1
HB,HB-PET03,2026-08-19,白班,D12,EMPHB0197,HB-PET03-LABEL,贴标机岗,0,3,11.0,8.0,3.0,,FULL62-W1
HB,HB-PET03,2026-08-19,白班,D12,EMPHB0243,HB-PET03-PACK-SHRINK,膜包机岗,0,3,11.0,8.0,3.0,,FULL62-W1
HB,HB-PET03,2026-08-19,白班,D12,EMPHB0202,HB-PET03-PALLET,码垛机岗,0,3,11.0,8.0,3.0,,FULL62-W1
HB,HB-QC,2026-08-19,白班,D12,EMPHB0360,HB-QC-QC-RM-AS,无菌线原物料品控,1,3,11.0,8.0,3.0,,FULL62-W1
HB,HB-QC2,2026-08-19,白班,D12,EMPHB0384,HB-QC2-QC-BLOW,吹瓶品控,1,3,11.0,8.0,3.0,,FULL62-W1
HB,HB-QC2,2026-08-19,白班,D12,EMPHB0389,HB-QC2-QC-IP-AS,无菌线制程品控,1,3,11.0,8.0,3.0,,FULL62-W1
HB,HB-QC2,2026-08-19,白班,D12,EMPHB0369,HB-QC2-QC-IP-PET01,PET01线制程品控,1,3,11.0,8.0,3.0,,FULL62-W1
HB,HB-QC2,2026-08-19,白班,D12,EMPHB0374,HB-QC2-QC-IP-PET02,PET02线制程品控,1,3,11.0,8.0,3.0,,FULL62-W1
HB,HB-QC2,2026-08-19,白班,D12,EMPHB0379,HB-QC2-QC-IP-PET03,PET03线制程品控,1,3,11.0,8.0,3.0,,FULL62-W1
HB,HB-SYRUP,2026-08-19,白班,D12,EMPHB0265,HB-SYRUP-SYRUP-POST1,后糖岗1,1,4,11.0,8.0,3.0,,FULL62-W1
HB,HB-SYRUP,2026-08-19,白班,D12,EMPHB0267,HB-SYRUP-SYRUP-POST2,后糖岗2,1,4,11.0,8.0,3.0,,FULL62-W1
SX,SX-BIB01,2026-08-19,白班,D12,EMPSX0101,SX-BIB01-FILL,灌装岗,1,4,11.0,8.0,3.0,,FULL62-W1
SX,SX-BIB01,2026-08-19,白班,D12,EMPSX0107,SX-BIB01-PACK-1,包装岗1,0,3,11.0,8.0,3.0,,FULL62-W1
SX,SX-BIB01,2026-08-19,白班,D12,EMPSX0110,SX-BIB01-PACK-2,包装岗2,0,3,11.0,8.0,3.0,,FULL62-W1
SX,SX-BIB01,2026-08-19,白班,D12,EMPSX0113,SX-BIB01-PACK-3,包装岗3,0,4,11.0,8.0,3.0,,FULL62-W1
SX,SX-CAN01,2026-08-19,白班,D12,EMPSX0058,SX-CAN01-FILL,灌注机岗,1,4,11.0,8.0,3.0,,FULL62-W1
SX,SX-CAN01,2026-08-19,白班,D12,EMPSX0069,SX-CAN01-PACK-MULTI,多包装机,0,4,11.0,8.0,3.0,,FULL62-W1
SX,SX-ENG,2026-08-19,白班,D12,EMPSX0138,SX-ENG-AIRCOMP,制冷空压机岗,1,4,11.0,8.0,3.0,,FULL62-W1
SX,SX-ENG,2026-08-19,白班,D12,EMPSX0141,SX-ENG-BOILER,锅炉操作岗,0,3,11.0,8.0,3.0,,FULL62-W1
SX,SX-ENG,2026-08-19,白班,D12,EMPSX0130,SX-ENG-ELEC-LINE1,生产线电工1,1,3,11.0,8.0,3.0,,FULL62-W1
SX,SX-PET01,2026-08-19,白班,D12,EMPSX0001,SX-PET01-BLOW-LABEL,吹贴机岗,1,3,11.0,8.0,3.0,,FULL62-W1
SX,SX-PET01,2026-08-19,白班,D12,EMPSX0050,SX-PET01-FGI,FGI岗,0,3,11.0,8.0,3.0,,FULL62-W1
SX,SX-PET01,2026-08-19,白班,D12,EMPSX0038,SX-PET01-FILL,灌注机岗,1,3,11.0,8.0,3.0,,FULL62-W1
SX,SX-PET01,2026-08-19,白班,D12,EMPSX0028,SX-PET01-HANDLE,提扣机岗,0,4,11.0,8.0,3.0,,FULL62-W1
SX,SX-PET01,2026-08-19,白班,D12,EMPSX0022,SX-PET01-PALLET-LABEL,垛贴码岗,0,3,11.0,8.0,3.0,,FULL62-W1
SX,SX-PET02,2026-08-19,白班,D12,EMPSX0031,SX-PET02-BLOW,吹瓶机岗,1,3,11.0,8.0,3.0,,FULL62-W1
SX,SX-PET02,2026-08-19,白班,D12,EMPSX0033,SX-PET02-LABEL,贴标机岗,0,3,11.0,8.0,3.0,,FULL62-W1
SX,SX-PET02,2026-08-19,白班,D12,EMPSX0062,SX-PET02-PACK-SHRINK,塑包机岗,0,3,11.0,8.0,3.0,,FULL62-W1
SX,SX-QC,2026-08-19,白班,D12,EMPSX0153,SX-QC-QC-AUX,辅线品控（水、糖、BIB）,1,3,11.0,8.0,3.0,,FULL62-W1
SX,SX-QC,2026-08-19,白班,D12,EMPSX0179,SX-QC-QC-BLOW,吹瓶品控,1,3,11.0,8.0,3.0,,FULL62-W1
SX,SX-QC,2026-08-19,白班,D12,EMPSX0171,SX-QC-QC-IP-CAN,CAN线品控,1,3,11.0,8.0,3.0,,FULL62-W1
SX,SX-QC,2026-08-19,白班,D12,EMPSX0161,SX-QC-QC-IP-PET1,PET线品控1,1,3,11.0,8.0,3.0,,FULL62-W1
SX,SX-QC,2026-08-19,白班,D12,EMPSX0168,SX-QC-QC-IP-PET2,PET线品控2,1,4,11.0,8.0,3.0,,FULL62-W1
SX,SX-RB01,2026-08-19,白班,D12,EMPSX0073,SX-RB01-DEPAL,码卸垛机岗,0,3,11.0,8.0,3.0,,FULL62-W1
SX,SX-RB01,2026-08-19,白班,D12,EMPSX0085,SX-RB01-FILL,灌注机岗,1,3,11.0,8.0,3.0,,FULL62-W1
SX,SX-RB01,2026-08-19,白班,D12,EMPSX0092,SX-RB01-QC-FGI1,成品目检岗1,1,3,11.0,8.0,3.0,,FULL62-W1
SX,SX-RB01,2026-08-19,白班,D12,EMPSX0093,SX-RB01-QC-FGI2,成品目检岗2,1,3,11.0,8.0,3.0,,FULL62-W1
SX,SX-RB01,2026-08-19,白班,D12,EMPSX0082,SX-RB01-WASHER,洗瓶机岗,0,3,11.0,8.0,3.0,,FULL62-W1
SX,SX-SYRUP,2026-08-19,白班,D12,EMPSX0117,SX-SYRUP-SYRUP-POST1,后糖岗1,1,3,11.0,8.0,3.0,,FULL62-W1
SX,SX-SYRUP,2026-08-19,白班,D12,EMPSX0123,SX-SYRUP-SYRUP-POST2,后糖岗2,1,3,11.0,8.0,3.0,,FULL62-W1
HB,HB-ENG,2026-08-19,常白班,D8,EMPHB0323,HB-ENG-ELEC-2,电气维修工程师2,1,4,8.0,8.0,0.0,,FULL62-W1
HB,HB-ENG,2026-08-19,常白班,D8,EMPHB0325,HB-ENG-ENG-BLOW,吹瓶机工程师,1,3,8.0,8.0,0.0,,FULL62-W1
HB,HB-ENG,2026-08-19,常白班,D8,EMPHB0328,HB-ENG-ENG-FILL,灌装机工程师,1,3,8.0,8.0,0.0,,FULL62-W1
HB,HB-ENG,2026-08-19,常白班,D8,EMPHB0330,HB-ENG-ENG-LABEL,贴标机工程师,1,4,8.0,8.0,0.0,,FULL62-W1
HB,HB-ENG,2026-08-19,常白班,D8,EMPHB0332,HB-ENG-ENG-PACK,膜包机工程师,1,3,8.0,8.0,0.0,,FULL62-W1
HB,HB-ENG,2026-08-19,常白班,D8,EMPHB0333,HB-ENG-ENG-PALLET,码垛机工程师,1,4,8.0,8.0,0.0,,FULL62-W1
HB,HB-ENG2,2026-08-19,常白班,D8,EMPHB0339,HB-ENG2-ELEC-OUT2,外围电工2,1,3,8.0,8.0,0.0,,FULL62-W1
HB,HB-QC,2026-08-19,常白班,D8,EMPHB0364,HB-QC-QC-MICRO-AS1,无菌线微生物品控1,1,4,8.0,8.0,0.0,,FULL62-W1
HB,HB-QC,2026-08-19,常白班,D8,EMPHB0365,HB-QC-QC-MICRO-AS2,无菌线微生物品控2,1,3,8.0,8.0,0.0,,FULL62-W1
HB,HB-QC,2026-08-19,常白班,D8,EMPHB0367,HB-QC-QC-MICRO-AS3,无菌线微生物品控3,1,3,8.0,8.0,0.0,,FULL62-W1
HB,HB-QC,2026-08-19,常白班,D8,EMPHB0361,HB-QC-QC-MICRO-SODA,汽水线微生物品控,1,4,8.0,8.0,0.0,,FULL62-W1
HB,HB-SYRUP,2026-08-19,常白班,D8,EMPHB0261,HB-SYRUP-SYRUP-PRE,前糖岗,1,3,8.0,8.0,0.0,,FULL62-W1
SX,SX-ENG,2026-08-19,常白班,D8,EMPSX0133,SX-ENG-ELEC-LINE2,生产线电工2,1,3,8.0,8.0,0.0,,FULL62-W1
SX,SX-ENG,2026-08-19,常白班,D8,EMPSX0136,SX-ENG-ELEC-OUT,外围电工,1,4,8.0,8.0,0.0,,FULL62-W1
SX,SX-QC,2026-08-19,常白班,D8,EMPSX0159,SX-QC-QC-MICRO,微生物品控,1,3,8.0,8.0,0.0,,FULL62-W1
SX,SX-QC,2026-08-19,常白班,D8,EMPSX0157,SX-QC-QC-RM,原物料品控,1,3,8.0,8.0,0.0,,FULL62-W1
SX,SX-SYRUP,2026-08-19,常白班,D8,EMPSX0115,SX-SYRUP-SYRUP-PRE,前糖岗,1,3,8.0,8.0,0.0,,FULL62-W1
SX,SX-UTIL,2026-08-19,常白班,D8,EMPSX0126,SX-UTIL-WATER,水处理操作岗,1,4,8.0,8.0,0.0,,FULL62-W1
HB,HB-AS01,2026-08-19,夜班,N12,EMPHB0188,HB-AS01-BLOW,吹瓶机岗,1,3,11.0,8.0,3.0,,FULL62-W1
HB,HB-AS01,2026-08-19,夜班,N12,EMPHB0303,HB-AS01-CARTON,上纸箱岗,0,4,11.0,8.0,3.0,,FULL62-W1
HB,HB-AS01,2026-08-19,夜班,N12,EMPHB0234,HB-AS01-FILL,灌注机岗,1,4,11.0,8.0,3.0,,FULL62-W1
HB,HB-AS01,2026-08-19,夜班,N12,EMPHB0252,HB-AS01-HANDLE-1,提扣机岗1,0,3,11.0,8.0,3.0,,FULL62-W1
HB,HB-AS01,2026-08-19,夜班,N12,EMPHB0206,HB-AS01-HANDLE-2,提扣机岗2,0,2,11.0,8.0,3.0,,FULL62-W1
HB,HB-AS01,2026-08-19,夜班,N12,EMPHB0218,HB-AS01-LABEL,贴标机岗,0,3,11.0,8.0,3.0,,FULL62-W1
HB,HB-AS01,2026-08-19,夜班,N12,EMPHB0222,HB-AS01-PACK-SHRINK,膜包机岗,0,3,11.0,8.0,3.0,,FULL62-W1
HB,HB-AS01,2026-08-19,夜班,N12,EMPHB0292,HB-AS01-PALLET,码垛机岗,0,4,11.0,8.0,3.0,,FULL62-W1
HB,HB-AS01,2026-08-19,夜班,N12,EMPHB0271,HB-AS01-SHIFT-LEADER,生产领班,1,3,11.0,8.0,3.0,,FULL62-W1
HB,HB-AS01,2026-08-19,夜班,N12,EMPHB0313,HB-AS01-UHT-2,UHT&调配&果肉操作2,1,4,11.0,8.0,3.0,,FULL62-W1
HB,HB-AS01,2026-08-19,夜班,N12,EMPHB0317,HB-AS01-UHT-AUX,辅助工,0,3,11.0,8.0,3.0,,FULL62-W1
HB,HB-ENG2,2026-08-19,夜班,N12,EMPHB0346,HB-ENG2-AIRCOMP,空压岗,1,3,11.0,8.0,3.0,,FULL62-W1
HB,HB-ENG2,2026-08-19,夜班,N12,EMPHB0337,HB-ENG2-ELEC-OUT1,外围电工1,1,4,11.0,8.0,3.0,,FULL62-W1
HB,HB-PET01,2026-08-19,夜班,N12,EMPHB0233,HB-PET01-FILL,灌注机岗,1,3,11.0,8.0,3.0,,FULL62-W1
HB,HB-PET01,2026-08-19,夜班,N12,EMPHB0305,HB-PET01-HANDLE-1,提扣机岗1,0,3,11.0,8.0,3.0,,FULL62-W1
HB,HB-PET01,2026-08-19,夜班,N12,EMPHB0212,HB-PET01-HANDLE-2,提扣机岗2,0,3,11.0,8.0,3.0,,FULL62-W1
HB,HB-PET01,2026-08-19,夜班,N12,EMPHB0217,HB-PET01-LABEL,贴标机岗,0,3,11.0,8.0,3.0,,FULL62-W1
HB,HB-PET01,2026-08-19,夜班,N12,EMPHB0244,HB-PET01-PACK-SHRINK,膜包机岗,0,3,11.0,8.0,3.0,,FULL62-W1
HB,HB-PET01,2026-08-19,夜班,N12,EMPHB0201,HB-PET01-PALLET,码垛机岗,0,4,11.0,8.0,3.0,,FULL62-W1
HB,HB-PET01,2026-08-19,夜班,N12,EMPHB0181,HB-PET01-SHIFT-ENG,倒班工程师,1,4,11.0,8.0,3.0,,FULL62-W1
HB,HB-PET02,2026-08-19,夜班,N12,EMPHB0192,HB-PET02-BLOW-FILL,吹瓶、灌装岗位,1,3,11.0,8.0,3.0,,FULL62-W1
HB,HB-PET02,2026-08-19,夜班,N12,EMPHB0219,HB-PET02-LABEL,贴标机岗,0,4,11.0,8.0,3.0,,FULL62-W1
HB,HB-PET02,2026-08-19,夜班,N12,EMPHB0290,HB-PET02-PACK-SHRINK,膜包机岗,0,3,11.0,8.0,3.0,,FULL62-W1
HB,HB-PET02,2026-08-19,夜班,N12,EMPHB0227,HB-PET02-PALLET,码垛机岗,0,4,11.0,8.0,3.0,,FULL62-W1
HB,HB-PET03,2026-08-19,夜班,N12,EMPHB0187,HB-PET03-BLOW,吹瓶机岗,1,3,11.0,8.0,3.0,,FULL62-W1
HB,HB-PET03,2026-08-19,夜班,N12,EMPHB0191,HB-PET03-FILL,灌注机岗,1,4,11.0,8.0,3.0,,FULL62-W1
HB,HB-PET03,2026-08-19,夜班,N12,EMPHB0295,HB-PET03-HANDLE-1,提扣机岗1,0,3,11.0,8.0,3.0,,FULL62-W1
HB,HB-PET03,2026-08-19,夜班,N12,EMPHB0238,HB-PET03-LABEL,贴标机岗,0,3,11.0,8.0,3.0,,FULL62-W1
HB,HB-PET03,2026-08-19,夜班,N12,EMPHB0242,HB-PET03-PACK-SHRINK,膜包机岗,0,3,11.0,8.0,3.0,,FULL62-W1
HB,HB-QC,2026-08-19,夜班,N12,EMPHB0358,HB-QC-QC-RM-AS,无菌线原物料品控,1,4,11.0,8.0,3.0,,FULL62-W1
HB,HB-QC2,2026-08-19,夜班,N12,EMPHB0382,HB-QC2-QC-BLOW,吹瓶品控,1,4,11.0,8.0,3.0,,FULL62-W1
HB,HB-QC2,2026-08-19,夜班,N12,EMPHB0391,HB-QC2-QC-IP-AS,无菌线制程品控,1,3,11.0,8.0,3.0,,FULL62-W1
HB,HB-QC2,2026-08-19,夜班,N12,EMPHB0370,HB-QC2-QC-IP-PET01,PET01线制程品控,1,3,11.0,8.0,3.0,,FULL62-W1
HB,HB-QC2,2026-08-19,夜班,N12,EMPHB0375,HB-QC2-QC-IP-PET02,PET02线制程品控,1,3,11.0,8.0,3.0,,FULL62-W1
HB,HB-QC2,2026-08-19,夜班,N12,EMPHB0380,HB-QC2-QC-IP-PET03,PET03线制程品控,1,4,11.0,8.0,3.0,,FULL62-W1
HB,HB-QC2,2026-08-19,夜班,N12,EMPHB0385,HB-QC2-QC-WATER,水糖品控,1,3,11.0,8.0,3.0,,FULL62-W1
HB,HB-SYRUP,2026-08-19,夜班,N12,EMPHB0263,HB-SYRUP-SYRUP-POST1,后糖岗1,1,4,11.0,8.0,3.0,,FULL62-W1
HB,HB-SYRUP,2026-08-19,夜班,N12,EMPHB0270,HB-SYRUP-SYRUP-POST2,后糖岗2,1,4,11.0,8.0,3.0,,FULL62-W1
HB,HB-SYRUP,2026-08-19,夜班,N12,EMPHB0257,HB-SYRUP-WATER,水处理操作岗,1,3,11.0,8.0,3.0,,FULL62-W1
SX,SX-BIB01,2026-08-19,夜班,N12,EMPSX0104,SX-BIB01-FILL,灌装岗,1,3,11.0,8.0,3.0,,FULL62-W1
SX,SX-BIB01,2026-08-19,夜班,N12,EMPSX0108,SX-BIB01-PACK-1,包装岗1,0,3,11.0,8.0,3.0,,FULL62-W1
SX,SX-CAN01,2026-08-19,夜班,N12,EMPSX0054,SX-CAN01-DEPAL-CAN,卸罐机岗,0,4,11.0,8.0,3.0,,FULL62-W1
SX,SX-CAN01,2026-08-19,夜班,N12,EMPSX0057,SX-CAN01-FILL,灌注机岗,1,3,11.0,8.0,3.0,,FULL62-W1
SX,SX-CAN01,2026-08-19,夜班,N12,EMPSX0071,SX-CAN01-PACK-MULTI,多包装机,0,4,11.0,8.0,3.0,,FULL62-W1
SX,SX-ENG,2026-08-19,夜班,N12,EMPSX0142,SX-ENG-BOILER,锅炉操作岗,0,3,11.0,8.0,3.0,,FULL62-W1
SX,SX-ENG,2026-08-19,夜班,N12,EMPSX0148,SX-ENG-MECH-LINE,生产线机修岗,0,3,11.0,8.0,3.0,,FULL62-W1
SX,SX-PET01,2026-08-19,夜班,N12,EMPSX0002,SX-PET01-BLOW-LABEL,吹贴机岗,1,3,11.0,8.0,3.0,,FULL62-W1
SX,SX-PET01,2026-08-19,夜班,N12,EMPSX0020,SX-PET01-FGI,FGI岗,0,3,11.0,8.0,3.0,,FULL62-W1
SX,SX-PET01,2026-08-19,夜班,N12,EMPSX0026,SX-PET01-HANDLE,提扣机岗,0,3,11.0,8.0,3.0,,FULL62-W1
SX,SX-PET01,2026-08-19,夜班,N12,EMPSX0049,SX-PET01-PALLET,码垛机岗,0,3,11.0,8.0,3.0,,FULL62-W1
SX,SX-PET01,2026-08-19,夜班,N12,EMPSX0021,SX-PET01-PALLET-LABEL,垛贴码岗,0,4,11.0,8.0,3.0,,FULL62-W1
SX,SX-PET02,2026-08-19,夜班,N12,EMPSX0032,SX-PET02-BLOW,吹瓶机岗,1,3,11.0,8.0,3.0,,FULL62-W1
SX,SX-PET02,2026-08-19,夜班,N12,EMPSX0061,SX-PET02-PACK-SHRINK,塑包机岗,0,3,11.0,8.0,3.0,,FULL62-W1
SX,SX-PET02,2026-08-19,夜班,N12,EMPSX0067,SX-PET02-PALLET,码垛机岗,0,3,11.0,8.0,3.0,,FULL62-W1
SX,SX-RB01,2026-08-19,夜班,N12,EMPSX0075,SX-RB01-DEPAL,码卸垛机岗,0,3,11.0,8.0,3.0,,FULL62-W1
SX,SX-RB01,2026-08-19,夜班,N12,EMPSX0078,SX-RB01-LOADER,装卸箱机岗,0,4,11.0,8.0,3.0,,FULL62-W1
SX,SX-RB01,2026-08-19,夜班,N12,EMPSX0098,SX-RB01-QC-BOTTLE,空瓶检测岗,1,3,11.0,8.0,3.0,,FULL62-W1
SX,SX-RB01,2026-08-19,夜班,N12,EMPSX0090,SX-RB01-QC-FGI1,成品目检岗1,1,3,11.0,8.0,3.0,,FULL62-W1
SX,SX-RB01,2026-08-19,夜班,N12,EMPSX0094,SX-RB01-QC-FGI2,成品目检岗2,1,3,11.0,8.0,3.0,,FULL62-W1
SX,SX-RB01,2026-08-19,夜班,N12,EMPSX0084,SX-RB01-WASHER,洗瓶机岗,0,3,11.0,8.0,3.0,,FULL62-W1
SX,SX-SYRUP,2026-08-19,夜班,N12,EMPSX0119,SX-SYRUP-SYRUP-POST1,后糖岗1,1,3,11.0,8.0,3.0,,FULL62-W1
SX,SX-SYRUP,2026-08-19,夜班,N12,EMPSX0124,SX-SYRUP-SYRUP-POST2,后糖岗2,1,3,11.0,8.0,3.0,,FULL62-W1
SX,SX-UTIL,2026-08-19,夜班,N12,EMPSX0128,SX-UTIL-WWTP,污水处理岗,0,3,11.0,8.0,3.0,,FULL62-W1
HB,HB-AS01,2026-08-20,白班,D12,EMPHB0316,HB-AS01-CARTON,上纸箱岗,0,2,11.0,8.0,3.0,,FULL62-W1
HB,HB-AS01,2026-08-20,白班,D12,EMPHB0281,HB-AS01-FILL,灌注机岗,1,4,11.0,8.0,3.0,,FULL62-W1
HB,HB-AS01,2026-08-20,白班,D12,EMPHB0253,HB-AS01-HANDLE-2,提扣机岗2,0,3,11.0,8.0,3.0,,FULL62-W1
HB,HB-AS01,2026-08-20,白班,D12,EMPHB0197,HB-AS01-LABEL,贴标机岗,0,3,11.0,8.0,3.0,,FULL62-W1
HB,HB-AS01,2026-08-20,白班,D12,EMPHB0199,HB-AS01-PACK-SHRINK,膜包机岗,0,3,11.0,8.0,3.0,,FULL62-W1
HB,HB-AS01,2026-08-20,白班,D12,EMPHB0247,HB-AS01-PALLET,码垛机岗,0,3,11.0,8.0,3.0,,FULL62-W1
HB,HB-AS01,2026-08-20,白班,D12,EMPHB0308,HB-AS01-UHT-1,UHT&调配&果肉操作1,1,4,11.0,8.0,3.0,,FULL62-W1
HB,HB-AS01,2026-08-20,白班,D12,EMPHB0312,HB-AS01-UHT-2,UHT&调配&果肉操作2,1,3,11.0,8.0,3.0,,FULL62-W1
HB,HB-AS01,2026-08-20,白班,D12,EMPHB0296,HB-AS01-UHT-AUX,辅助工,0,2,11.0,8.0,3.0,,FULL62-W1
HB,HB-ENG,2026-08-20,白班,D12,EMPHB0322,HB-ENG-ELEC-1,电气维修工程师1,1,4,11.0,8.0,3.0,,FULL62-W1
HB,HB-ENG2,2026-08-20,白班,D12,EMPHB0345,HB-ENG2-AIRCOMP,空压岗,1,3,11.0,8.0,3.0,,FULL62-W1
HB,HB-ENG2,2026-08-20,白班,D12,EMPHB0342,HB-ENG2-BOILER,锅炉岗,0,3,11.0,8.0,3.0,,FULL62-W1
HB,HB-ENG2,2026-08-20,白班,D12,EMPHB0335,HB-ENG2-ELEC-OUT1,外围电工1,1,4,11.0,8.0,3.0,,FULL62-W1
HB,HB-ENG2,2026-08-20,白班,D12,EMPHB0351,HB-ENG2-WWTP,污水岗,0,3,11.0,8.0,3.0,,FULL62-W1
HB,HB-PET01,2026-08-20,白班,D12,EMPHB0279,HB-PET01-FILL,灌注机岗,1,3,11.0,8.0,3.0,,FULL62-W1
HB,HB-PET01,2026-08-20,白班,D12,EMPHB0297,HB-PET01-HANDLE-2,提扣机岗2,0,1,11.0,8.0,3.0,,FULL62-W1
HB,HB-PET01,2026-08-20,白班,D12,EMPHB0237,HB-PET01-LABEL,贴标机岗,0,3,11.0,8.0,3.0,,FULL62-W1
HB,HB-PET01,2026-08-20,白班,D12,EMPHB0198,HB-PET01-PACK-SHRINK,膜包机岗,0,3,11.0,8.0,3.0,,FULL62-W1
HB,HB-PET01,2026-08-20,白班,D12,EMPHB0226,HB-PET01-PALLET,码垛机岗,0,3,11.0,8.0,3.0,,FULL62-W1
HB,HB-PET01,2026-08-20,白班,D12,EMPHB0182,HB-PET01-SHIFT-ENG,倒班工程师,1,3,11.0,8.0,3.0,,FULL62-W1
HB,HB-PET02,2026-08-20,白班,D12,EMPHB0215,HB-PET02-BLOW-FILL,吹瓶、灌装岗位,1,3,11.0,8.0,3.0,,FULL62-W1
HB,HB-PET02,2026-08-20,白班,D12,EMPHB0196,HB-PET02-LABEL,贴标机岗,0,4,11.0,8.0,3.0,,FULL62-W1
HB,HB-PET02,2026-08-20,白班,D12,EMPHB0288,HB-PET02-PACK-SHRINK,膜包机岗,0,3,11.0,8.0,3.0,,FULL62-W1
HB,HB-PET02,2026-08-20,白班,D12,EMPHB0246,HB-PET02-PALLET,码垛机岗,0,4,11.0,8.0,3.0,,FULL62-W1
HB,HB-PET03,2026-08-20,白班,D12,EMPHB0276,HB-PET03-BLOW,吹瓶机岗,1,3,11.0,8.0,3.0,,FULL62-W1
HB,HB-PET03,2026-08-20,白班,D12,EMPHB0280,HB-PET03-FILL,灌注机岗,1,3,11.0,8.0,3.0,,FULL62-W1
HB,HB-PET03,2026-08-20,白班,D12,EMPHB0286,HB-PET03-LABEL,贴标机岗,0,3,11.0,8.0,3.0,,FULL62-W1
HB,HB-PET03,2026-08-20,白班,D12,EMPHB0241,HB-PET03-PACK-SHRINK,膜包机岗,0,4,11.0,8.0,3.0,,FULL62-W1
HB,HB-PET03,2026-08-20,白班,D12,EMPHB0228,HB-PET03-PALLET,码垛机岗,0,3,11.0,8.0,3.0,,FULL62-W1
HB,HB-QC,2026-08-20,白班,D12,EMPHB0359,HB-QC-QC-RM-AS,无菌线原物料品控,1,3,11.0,8.0,3.0,,FULL62-W1
HB,HB-QC2,2026-08-20,白班,D12,EMPHB0384,HB-QC2-QC-BLOW,吹瓶品控,1,3,11.0,8.0,3.0,,FULL62-W1
HB,HB-QC2,2026-08-20,白班,D12,EMPHB0373,HB-QC2-QC-IP-PET02,PET02线制程品控,1,4,11.0,8.0,3.0,,FULL62-W1
HB,HB-QC2,2026-08-20,白班,D12,EMPHB0377,HB-QC2-QC-IP-PET03,PET03线制程品控,1,3,11.0,8.0,3.0,,FULL62-W1
HB,HB-SYRUP,2026-08-20,白班,D12,EMPHB0265,HB-SYRUP-SYRUP-POST1,后糖岗1,1,4,11.0,8.0,3.0,,FULL62-W1
HB,HB-SYRUP,2026-08-20,白班,D12,EMPHB0269,HB-SYRUP-SYRUP-POST2,后糖岗2,1,4,11.0,8.0,3.0,,FULL62-W1
HB,HB-SYRUP,2026-08-20,白班,D12,EMPHB0260,HB-SYRUP-WATER,水处理操作岗,1,3,11.0,8.0,3.0,,FULL62-W1
SX,SX-BIB01,2026-08-20,白班,D12,EMPSX0103,SX-BIB01-FILL,灌装岗,1,3,11.0,8.0,3.0,,FULL62-W1
SX,SX-BIB01,2026-08-20,白班,D12,EMPSX0062,SX-BIB01-PACK-1,包装岗1,0,1,11.0,8.0,3.0,,FULL62-W1
SX,SX-BIB01,2026-08-20,白班,D12,EMPSX0111,SX-BIB01-PACK-2,包装岗2,0,3,11.0,8.0,3.0,,FULL62-W1
SX,SX-BIB01,2026-08-20,白班,D12,EMPSX0113,SX-BIB01-PACK-3,包装岗3,0,4,11.0,8.0,3.0,,FULL62-W1
SX,SX-CAN01,2026-08-20,白班,D12,EMPSX0056,SX-CAN01-DEPAL-CAN,卸罐机岗,0,3,11.0,8.0,3.0,,FULL62-W1
SX,SX-CAN01,2026-08-20,白班,D12,EMPSX0087,SX-CAN01-FILL,灌注机岗,1,3,11.0,8.0,3.0,,FULL62-W1
SX,SX-CAN01,2026-08-20,白班,D12,EMPSX0069,SX-CAN01-PACK-MULTI,多包装机,0,4,11.0,8.0,3.0,,FULL62-W1
SX,SX-CAN01,2026-08-20,白班,D12,EMPSX0012,SX-CAN01-PACK-SHRINK,塑包机岗,0,4,11.0,8.0,3.0,,FULL62-W1
SX,SX-CAN01,2026-08-20,白班,D12,EMPSX0048,SX-CAN01-PALLET,码垛机岗,0,3,11.0,8.0,3.0,,FULL62-W1
SX,SX-ENG,2026-08-20,白班,D12,EMPSX0137,SX-ENG-AIRCOMP,制冷空压机岗,1,3,11.0,8.0,3.0,,FULL62-W1
SX,SX-ENG,2026-08-20,白班,D12,EMPSX0144,SX-ENG-BOILER,锅炉操作岗,0,4,11.0,8.0,3.0,,FULL62-W1
SX,SX-ENG,2026-08-20,白班,D12,EMPSX0132,SX-ENG-ELEC-LINE1,生产线电工1,1,3,11.0,8.0,3.0,,FULL62-W1
SX,SX-ENG,2026-08-20,白班,D12,EMPSX0146,SX-ENG-MECH-LINE,生产线机修岗,0,3,11.0,8.0,3.0,,FULL62-W1
SX,SX-PET01,2026-08-20,白班,D12,EMPSX0001,SX-PET01-BLOW-LABEL,吹贴机岗,1,3,11.0,8.0,3.0,,FULL62-W1
SX,SX-PET01,2026-08-20,白班,D12,EMPSX0055,SX-PET01-FGI,FGI岗,0,3,11.0,8.0,3.0,,FULL62-W1
SX,SX-PET01,2026-08-20,白班,D12,EMPSX0028,SX-PET01-HANDLE,提扣机岗,0,4,11.0,8.0,3.0,,FULL62-W1
SX,SX-PET01,2026-08-20,白班,D12,EMPSX0044,SX-PET01-PACK-SHRINK,塑包机岗,0,4,11.0,8.0,3.0,,FULL62-W1
SX,SX-PET01,2026-08-20,白班,D12,EMPSX0047,SX-PET01-PALLET,码垛机岗,0,3,11.0,8.0,3.0,,FULL62-W1
SX,SX-PET01,2026-08-20,白班,D12,EMPSX0052,SX-PET01-PALLET-LABEL,垛贴码岗,0,3,11.0,8.0,3.0,,FULL62-W1
SX,SX-PET02,2026-08-20,白班,D12,EMPSX0007,SX-PET02-FILL,灌注机岗,1,3,11.0,8.0,3.0,,FULL62-W1
SX,SX-PET02,2026-08-20,白班,D12,EMPSX0064,SX-PET02-PACK-SHRINK,塑包机岗,0,3,11.0,8.0,3.0,,FULL62-W1
SX,SX-QC,2026-08-20,白班,D12,EMPSX0153,SX-QC-QC-AUX,辅线品控（水、糖、BIB）,1,3,11.0,8.0,3.0,,FULL62-W1
SX,SX-QC,2026-08-20,白班,D12,EMPSX0177,SX-QC-QC-BLOW,吹瓶品控,1,3,11.0,8.0,3.0,,FULL62-W1
SX,SX-QC,2026-08-20,白班,D12,EMPSX0169,SX-QC-QC-IP-CAN,CAN线品控,1,4,11.0,8.0,3.0,,FULL62-W1
SX,SX-QC,2026-08-20,白班,D12,EMPSX0164,SX-QC-QC-IP-PET1,PET线品控1,1,3,11.0,8.0,3.0,,FULL62-W1
SX,SX-QC,2026-08-20,白班,D12,EMPSX0174,SX-QC-QC-IP-RB,RB线品控,1,3,11.0,8.0,3.0,,FULL62-W1
SX,SX-RB01,2026-08-20,白班,D12,EMPSX0073,SX-RB01-DEPAL,码卸垛机岗,0,3,11.0,8.0,3.0,,FULL62-W1
SX,SX-RB01,2026-08-20,白班,D12,EMPSX0037,SX-RB01-FILL,灌注机岗,1,3,11.0,8.0,3.0,,FULL62-W1
SX,SX-RB01,2026-08-20,白班,D12,EMPSX0083,SX-RB01-LOADER,装卸箱机岗,0,2,11.0,8.0,3.0,,FULL62-W1
SX,SX-RB01,2026-08-20,白班,D12,EMPSX0091,SX-RB01-QC-FGI1,成品目检岗1,1,3,11.0,8.0,3.0,,FULL62-W1
SX,SX-RB01,2026-08-20,白班,D12,EMPSX0093,SX-RB01-QC-FGI2,成品目检岗2,1,3,11.0,8.0,3.0,,FULL62-W1
SX,SX-SYRUP,2026-08-20,白班,D12,EMPSX0118,SX-SYRUP-SYRUP-POST1,后糖岗1,1,3,11.0,8.0,3.0,,FULL62-W1
SX,SX-SYRUP,2026-08-20,白班,D12,EMPSX0122,SX-SYRUP-SYRUP-POST2,后糖岗2,1,3,11.0,8.0,3.0,,FULL62-W1
HB,HB-ENG,2026-08-20,常白班,D8,EMPHB0324,HB-ENG-ELEC-2,电气维修工程师2,1,4,8.0,8.0,0.0,,FULL62-W1
HB,HB-ENG,2026-08-20,常白班,D8,EMPHB0325,HB-ENG-ENG-BLOW,吹瓶机工程师,1,3,8.0,8.0,0.0,,FULL62-W1
HB,HB-ENG,2026-08-20,常白班,D8,EMPHB0328,HB-ENG-ENG-FILL,灌装机工程师,1,3,8.0,8.0,0.0,,FULL62-W1
HB,HB-ENG,2026-08-20,常白班,D8,EMPHB0329,HB-ENG-ENG-LABEL,贴标机工程师,1,3,8.0,8.0,0.0,,FULL62-W1
HB,HB-ENG,2026-08-20,常白班,D8,EMPHB0331,HB-ENG-ENG-PACK,膜包机工程师,1,3,8.0,8.0,0.0,,FULL62-W1
HB,HB-ENG,2026-08-20,常白班,D8,EMPHB0334,HB-ENG-ENG-PALLET,码垛机工程师,1,3,8.0,8.0,0.0,,FULL62-W1
HB,HB-ENG2,2026-08-20,常白班,D8,EMPHB0339,HB-ENG2-ELEC-OUT2,外围电工2,1,3,8.0,8.0,0.0,A,FULL62-W1
HB,HB-QC,2026-08-20,常白班,D8,EMPHB0364,HB-QC-QC-MICRO-AS1,无菌线微生物品控1,1,4,8.0,8.0,0.0,,FULL62-W1
HB,HB-QC,2026-08-20,常白班,D8,EMPHB0366,HB-QC-QC-MICRO-AS2,无菌线微生物品控2,1,3,8.0,8.0,0.0,,FULL62-W1
HB,HB-QC,2026-08-20,常白班,D8,EMPHB0368,HB-QC-QC-MICRO-AS3,无菌线微生物品控3,1,4,8.0,8.0,0.0,,FULL62-W1
HB,HB-QC,2026-08-20,常白班,D8,EMPHB0361,HB-QC-QC-MICRO-SODA,汽水线微生物品控,1,4,8.0,8.0,0.0,,FULL62-W1
HB,HB-SYRUP,2026-08-20,常白班,D8,EMPHB0262,HB-SYRUP-SYRUP-PRE,前糖岗,1,3,8.0,8.0,0.0,,FULL62-W1
SX,SX-ENG,2026-08-20,常白班,D8,EMPSX0134,SX-ENG-ELEC-LINE2,生产线电工2,1,3,8.0,8.0,0.0,,FULL62-W1
SX,SX-ENG,2026-08-20,常白班,D8,EMPSX0135,SX-ENG-ELEC-OUT,外围电工,1,4,8.0,8.0,0.0,,FULL62-W1
SX,SX-QC,2026-08-20,常白班,D8,EMPSX0160,SX-QC-QC-MICRO,微生物品控,1,4,8.0,8.0,0.0,,FULL62-W1
SX,SX-QC,2026-08-20,常白班,D8,EMPSX0157,SX-QC-QC-RM,原物料品控,1,3,8.0,8.0,0.0,,FULL62-W1
SX,SX-SYRUP,2026-08-20,常白班,D8,EMPSX0116,SX-SYRUP-SYRUP-PRE,前糖岗,1,3,8.0,8.0,0.0,,FULL62-W1
SX,SX-UTIL,2026-08-20,常白班,D8,EMPSX0126,SX-UTIL-WATER,水处理操作岗,1,4,8.0,8.0,0.0,,FULL62-W1
HB,HB-AS01,2026-08-20,夜班,N12,EMPHB0232,HB-AS01-BLOW,吹瓶机岗,1,3,11.0,8.0,3.0,,FULL62-W1
HB,HB-AS01,2026-08-20,夜班,N12,EMPHB0306,HB-AS01-CARTON,上纸箱岗,0,4,11.0,8.0,3.0,,FULL62-W1
HB,HB-AS01,2026-08-20,夜班,N12,EMPHB0209,HB-AS01-HANDLE-2,提扣机岗2,0,4,11.0,8.0,3.0,,FULL62-W1
HB,HB-AS01,2026-08-20,夜班,N12,EMPHB0220,HB-AS01-LABEL,贴标机岗,0,4,11.0,8.0,3.0,,FULL62-W1
HB,HB-AS01,2026-08-20,夜班,N12,EMPHB0243,HB-AS01-PACK-SHRINK,膜包机岗,0,3,11.0,8.0,3.0,,FULL62-W1
HB,HB-AS01,2026-08-20,夜班,N12,EMPHB0310,HB-AS01-UHT-1,UHT&调配&果肉操作1,1,3,11.0,8.0,3.0,,FULL62-W1
HB,HB-AS01,2026-08-20,夜班,N12,EMPHB0311,HB-AS01-UHT-2,UHT&调配&果肉操作2,1,3,11.0,8.0,3.0,,FULL62-W1
HB,HB-AS01,2026-08-20,夜班,N12,EMPHB0317,HB-AS01-UHT-AUX,辅助工,0,3,11.0,8.0,3.0,,FULL62-W1
HB,HB-ENG,2026-08-20,夜班,N12,EMPHB0320,HB-ENG-ELEC-1,电气维修工程师1,1,3,11.0,8.0,3.0,,FULL62-W1
HB,HB-ENG2,2026-08-20,夜班,N12,EMPHB0341,HB-ENG2-AIRCOMP,空压岗,1,3,11.0,8.0,3.0,,FULL62-W1
HB,HB-ENG2,2026-08-20,夜班,N12,EMPHB0336,HB-ENG2-ELEC-OUT1,外围电工1,1,3,11.0,8.0,3.0,,FULL62-W1
HB,HB-PET01,2026-08-20,夜班,N12,EMPHB0185,HB-PET01-BLOW,吹瓶机岗,1,3,11.0,8.0,3.0,,FULL62-W1
HB,HB-PET01,2026-08-20,夜班,N12,EMPHB0282,HB-PET01-FILL,灌注机岗,1,4,11.0,8.0,3.0,,FULL62-W1
HB,HB-PET01,2026-08-20,夜班,N12,EMPHB0249,HB-PET01-HANDLE-1,提扣机岗1,0,3,11.0,8.0,3.0,,FULL62-W1
HB,HB-PET01,2026-08-20,夜班,N12,EMPHB0300,HB-PET01-HANDLE-2,提扣机岗2,0,3,11.0,8.0,3.0,,FULL62-W1
HB,HB-PET01,2026-08-20,夜班,N12,EMPHB0238,HB-PET01-LABEL,贴标机岗,0,3,11.0,8.0,3.0,,FULL62-W1
HB,HB-PET01,2026-08-20,夜班,N12,EMPHB0222,HB-PET01-PACK-SHRINK,膜包机岗,0,3,11.0,8.0,3.0,,FULL62-W1
HB,HB-PET01,2026-08-20,夜班,N12,EMPHB0292,HB-PET01-PALLET,码垛机岗,0,4,11.0,8.0,3.0,,FULL62-W1
HB,HB-PET01,2026-08-20,夜班,N12,EMPHB0274,HB-PET01-SHIFT-ENG,倒班工程师,1,3,11.0,8.0,3.0,,FULL62-W1
HB,HB-PET02,2026-08-20,夜班,N12,EMPHB0214,HB-PET02-BLOW-FILL,吹瓶、灌装岗位,1,3,11.0,8.0,3.0,,FULL62-W1
HB,HB-PET02,2026-08-20,夜班,N12,EMPHB0285,HB-PET02-LABEL,贴标机岗,0,3,11.0,8.0,3.0,,FULL62-W1
HB,HB-PET02,2026-08-20,夜班,N12,EMPHB0201,HB-PET02-PALLET,码垛机岗,0,4,11.0,8.0,3.0,,FULL62-W1
HB,HB-PET03,2026-08-20,夜班,N12,EMPHB0191,HB-PET03-FILL,灌注机岗,1,4,11.0,8.0,3.0,,FULL62-W1
HB,HB-PET03,2026-08-20,夜班,N12,EMPHB0207,HB-PET03-HANDLE-1,提扣机岗1,0,3,11.0,8.0,3.0,,FULL62-W1
HB,HB-PET03,2026-08-20,夜班,N12,EMPHB0299,HB-PET03-HANDLE-2,提扣机岗2,0,3,11.0,8.0,3.0,,FULL62-W1
HB,HB-PET03,2026-08-20,夜班,N12,EMPHB0194,HB-PET03-LABEL,贴标机岗,0,4,11.0,8.0,3.0,,FULL62-W1
HB,HB-PET03,2026-08-20,夜班,N12,EMPHB0221,HB-PET03-PACK-SHRINK,膜包机岗,0,4,11.0,8.0,3.0,,FULL62-W1
HB,HB-PET03,2026-08-20,夜班,N12,EMPHB0227,HB-PET03-PALLET,码垛机岗,0,4,11.0,8.0,3.0,,FULL62-W1
HB,HB-QC,2026-08-20,夜班,N12,EMPHB0358,HB-QC-QC-RM-AS,无菌线原物料品控,1,4,11.0,8.0,3.0,,FULL62-W1
HB,HB-QC,2026-08-20,夜班,N12,EMPHB0353,HB-QC-QC-RM-SODA,汽水线原物料品控,1,4,11.0,8.0,3.0,,FULL62-W1
HB,HB-QC2,2026-08-20,夜班,N12,EMPHB0381,HB-QC2-QC-BLOW,吹瓶品控,1,3,11.0,8.0,3.0,,FULL62-W1
HB,HB-QC2,2026-08-20,夜班,N12,EMPHB0389,HB-QC2-QC-IP-AS,无菌线制程品控,1,3,11.0,8.0,3.0,,FULL62-W1
HB,HB-QC2,2026-08-20,夜班,N12,EMPHB0371,HB-QC2-QC-IP-PET01,PET01线制程品控,1,3,11.0,8.0,3.0,,FULL62-W1
HB,HB-QC2,2026-08-20,夜班,N12,EMPHB0376,HB-QC2-QC-IP-PET02,PET02线制程品控,1,3,11.0,8.0,3.0,,FULL62-W1
HB,HB-QC2,2026-08-20,夜班,N12,EMPHB0380,HB-QC2-QC-IP-PET03,PET03线制程品控,1,4,11.0,8.0,3.0,,FULL62-W1
HB,HB-QC2,2026-08-20,夜班,N12,EMPHB0387,HB-QC2-QC-WATER,水糖品控,1,3,11.0,8.0,3.0,,FULL62-W1
HB,HB-SYRUP,2026-08-20,夜班,N12,EMPHB0264,HB-SYRUP-SYRUP-POST1,后糖岗1,1,4,11.0,8.0,3.0,,FULL62-W1
HB,HB-SYRUP,2026-08-20,夜班,N12,EMPHB0268,HB-SYRUP-SYRUP-POST2,后糖岗2,1,3,11.0,8.0,3.0,,FULL62-W1
HB,HB-SYRUP,2026-08-20,夜班,N12,EMPHB0258,HB-SYRUP-WATER,水处理操作岗,1,3,11.0,8.0,3.0,,FULL62-W1
SX,SX-BIB01,2026-08-20,夜班,N12,EMPSX0102,SX-BIB01-FILL,灌装岗,1,3,11.0,8.0,3.0,,FULL62-W1
SX,SX-BIB01,2026-08-20,夜班,N12,EMPSX0110,SX-BIB01-PACK-2,包装岗2,0,3,11.0,8.0,3.0,,FULL62-W1
SX,SX-CAN01,2026-08-20,夜班,N12,EMPSX0079,SX-CAN01-DEPAL-CAN,卸罐机岗,0,2,11.0,8.0,3.0,,FULL62-W1
SX,SX-CAN01,2026-08-20,夜班,N12,EMPSX0085,SX-CAN01-FILL,灌注机岗,1,3,11.0,8.0,3.0,,FULL62-W1
SX,SX-CAN01,2026-08-20,夜班,N12,EMPSX0070,SX-CAN01-PACK-MULTI,多包装机,0,4,11.0,8.0,3.0,,FULL62-W1
SX,SX-CAN01,2026-08-20,夜班,N12,EMPSX0061,SX-CAN01-PACK-SHRINK,塑包机岗,0,3,11.0,8.0,3.0,,FULL62-W1
SX,SX-ENG,2026-08-20,夜班,N12,EMPSX0141,SX-ENG-BOILER,锅炉操作岗,0,3,11.0,8.0,3.0,,FULL62-W1
SX,SX-ENG,2026-08-20,夜班,N12,EMPSX0149,SX-ENG-MECH-LINE,生产线机修岗,0,3,11.0,8.0,3.0,,FULL62-W1
SX,SX-PET01,2026-08-20,夜班,N12,EMPSX0017,SX-PET01-FGI,FGI岗,0,3,11.0,8.0,3.0,,FULL62-W1
SX,SX-PET01,2026-08-20,夜班,N12,EMPSX0005,SX-PET01-FILL,灌注机岗,1,3,11.0,8.0,3.0,,FULL62-W1
SX,SX-PET01,2026-08-20,夜班,N12,EMPSX0025,SX-PET01-HANDLE,提扣机岗,0,3,11.0,8.0,3.0,,FULL62-W1
SX,SX-PET01,2026-08-20,夜班,N12,EMPSX0042,SX-PET01-PACK-SHRINK,塑包机岗,0,3,11.0,8.0,3.0,,FULL62-W1
SX,SX-PET01,2026-08-20,夜班,N12,EMPSX0013,SX-PET01-PALLET,码垛机岗,0,3,11.0,8.0,3.0,,FULL62-W1
SX,SX-PET01,2026-08-20,夜班,N12,EMPSX0023,SX-PET01-PALLET-LABEL,垛贴码岗,0,3,11.0,8.0,3.0,,FULL62-W1
SX,SX-PET02,2026-08-20,夜班,N12,EMPSX0031,SX-PET02-BLOW,吹瓶机岗,1,3,11.0,8.0,3.0,,FULL62-W1
SX,SX-PET02,2026-08-20,夜班,N12,EMPSX0060,SX-PET02-FILL,灌注机岗,1,3,11.0,8.0,3.0,,FULL62-W1
SX,SX-PET02,2026-08-20,夜班,N12,EMPSX0035,SX-PET02-LABEL,贴标机岗,0,3,11.0,8.0,3.0,,FULL62-W1
SX,SX-PET02,2026-08-20,夜班,N12,EMPSX0109,SX-PET02-PACK-SHRINK,塑包机岗,0,2,11.0,8.0,3.0,,FULL62-W1
SX,SX-PET02,2026-08-20,夜班,N12,EMPSX0015,SX-PET02-PALLET,码垛机岗,0,3,11.0,8.0,3.0,,FULL62-W1
SX,SX-PET02,2026-08-20,夜班,N12,EMPSX0024,SX-PET02-PALLET-LABEL,垛贴码岗,0,3,11.0,8.0,3.0,,FULL62-W1
SX,SX-QC,2026-08-20,夜班,N12,EMPSX0156,SX-QC-QC-AUX,辅线品控（水、糖、BIB）,1,3,11.0,8.0,3.0,B,FULL62-W1
SX,SX-QC,2026-08-20,夜班,N12,EMPSX0178,SX-QC-QC-BLOW,吹瓶品控,1,4,11.0,8.0,3.0,B,FULL62-W1
SX,SX-QC,2026-08-20,夜班,N12,EMPSX0170,SX-QC-QC-IP-CAN,CAN线品控,1,3,11.0,8.0,3.0,B,FULL62-W1
SX,SX-QC,2026-08-20,夜班,N12,EMPSX0161,SX-QC-QC-IP-PET1,PET线品控1,1,3,11.0,8.0,3.0,B,FULL62-W1
SX,SX-QC,2026-08-20,夜班,N12,EMPSX0167,SX-QC-QC-IP-PET2,PET线品控2,1,4,11.0,8.0,3.0,B,FULL62-W1
SX,SX-QC,2026-08-20,夜班,N12,EMPSX0173,SX-QC-QC-IP-RB,RB线品控,1,3,11.0,8.0,3.0,B,FULL62-W1
SX,SX-RB01,2026-08-20,夜班,N12,EMPSX0008,SX-RB01-FILL,灌注机岗,1,4,11.0,8.0,3.0,F,FULL62-W1
SX,SX-RB01,2026-08-20,夜班,N12,EMPSX0100,SX-RB01-QC-BOTTLE,空瓶检测岗,1,3,11.0,8.0,3.0,F,FULL62-W1
SX,SX-RB01,2026-08-20,夜班,N12,EMPSX0089,SX-RB01-QC-FGI1,成品目检岗1,1,3,11.0,8.0,3.0,F,FULL62-W1
SX,SX-RB01,2026-08-20,夜班,N12,EMPSX0096,SX-RB01-QC-FGI2,成品目检岗2,1,3,11.0,8.0,3.0,F,FULL62-W1
SX,SX-SYRUP,2026-08-20,夜班,N12,EMPSX0117,SX-SYRUP-SYRUP-POST1,后糖岗1,1,3,11.0,8.0,3.0,B,FULL62-W1
SX,SX-SYRUP,2026-08-20,夜班,N12,EMPSX0124,SX-SYRUP-SYRUP-POST2,后糖岗2,1,3,11.0,8.0,3.0,B,FULL62-W1
SX,SX-UTIL,2026-08-20,夜班,N12,EMPSX0128,SX-UTIL-WWTP,污水处理岗,0,3,11.0,8.0,3.0,,FULL62-W1
HB,HB-AS01,2026-08-21,白班,D12,EMPHB0186,HB-AS01-BLOW,吹瓶机岗,1,3,11.0,8.0,3.0,,FULL62-W1
HB,HB-AS01,2026-08-21,白班,D12,EMPHB0303,HB-AS01-CARTON,上纸箱岗,0,4,11.0,8.0,3.0,,FULL62-W1
HB,HB-AS01,2026-08-21,白班,D12,EMPHB0281,HB-AS01-FILL,灌注机岗,1,4,11.0,8.0,3.0,,FULL62-W1
HB,HB-AS01,2026-08-21,白班,D12,EMPHB0305,HB-AS01-HANDLE-1,提扣机岗1,0,3,11.0,8.0,3.0,,FULL62-W1
HB,HB-AS01,2026-08-21,白班,D12,EMPHB0211,HB-AS01-HANDLE-2,提扣机岗2,0,4,11.0,8.0,3.0,,FULL62-W1
HB,HB-AS01,2026-08-21,白班,D12,EMPHB0286,HB-AS01-LABEL,贴标机岗,0,3,11.0,8.0,3.0,,FULL62-W1
HB,HB-AS01,2026-08-21,白班,D12,EMPHB0200,HB-AS01-PACK-SHRINK,膜包机岗,0,3,11.0,8.0,3.0,,FULL62-W1
HB,HB-AS01,2026-08-21,白班,D12,EMPHB0202,HB-AS01-PALLET,码垛机岗,0,3,11.0,8.0,3.0,,FULL62-W1
HB,HB-AS01,2026-08-21,白班,D12,EMPHB0273,HB-AS01-SHIFT-LEADER,生产领班,1,3,11.0,8.0,3.0,,FULL62-W1
HB,HB-AS01,2026-08-21,白班,D12,EMPHB0309,HB-AS01-UHT-1,UHT&调配&果肉操作1,1,3,11.0,8.0,3.0,,FULL62-W1
HB,HB-AS01,2026-08-21,白班,D12,EMPHB0312,HB-AS01-UHT-2,UHT&调配&果肉操作2,1,3,11.0,8.0,3.0,,FULL62-W1
HB,HB-AS01,2026-08-21,白班,D12,EMPHB0297,HB-AS01-UHT-AUX,辅助工,0,1,11.0,8.0,3.0,,FULL62-W1
HB,HB-ENG,2026-08-21,白班,D12,EMPHB0321,HB-ENG-ELEC-1,电气维修工程师1,1,4,11.0,8.0,3.0,,FULL62-W1
HB,HB-ENG2,2026-08-21,白班,D12,EMPHB0345,HB-ENG2-AIRCOMP,空压岗,1,3,11.0,8.0,3.0,,FULL62-W1
HB,HB-PET01,2026-08-21,白班,D12,EMPHB0229,HB-PET01-BLOW,吹瓶机岗,1,4,11.0,8.0,3.0,,FULL62-W1
HB,HB-PET01,2026-08-21,白班,D12,EMPHB0234,HB-PET01-FILL,灌注机岗,1,4,11.0,8.0,3.0,,FULL62-W1
HB,HB-PET01,2026-08-21,白班,D12,EMPHB0251,HB-PET01-HANDLE-1,提扣机岗1,0,4,11.0,8.0,3.0,,FULL62-W1
HB,HB-PET01,2026-08-21,白班,D12,EMPHB0246,HB-PET01-PALLET,码垛机岗,0,4,11.0,8.0,3.0,,FULL62-W1
HB,HB-PET01,2026-08-21,白班,D12,EMPHB0184,HB-PET01-SHIFT-ENG,倒班工程师,1,4,11.0,8.0,3.0,,FULL62-W1
HB,HB-PET02,2026-08-21,白班,D12,EMPHB0236,HB-PET02-BLOW-FILL,吹瓶、灌装岗位,1,3,11.0,8.0,3.0,,FULL62-W1
HB,HB-PET02,2026-08-21,白班,D12,EMPHB0195,HB-PET02-LABEL,贴标机岗,0,3,11.0,8.0,3.0,,FULL62-W1
HB,HB-PET02,2026-08-21,白班,D12,EMPHB0199,HB-PET02-PACK-SHRINK,膜包机岗,0,3,11.0,8.0,3.0,,FULL62-W1
HB,HB-PET03,2026-08-21,白班,D12,EMPHB0278,HB-PET03-BLOW,吹瓶机岗,1,4,11.0,8.0,3.0,,FULL62-W1
HB,HB-PET03,2026-08-21,白班,D12,EMPHB0189,HB-PET03-FILL,灌注机岗,1,4,11.0,8.0,3.0,,FULL62-W1
HB,HB-PET03,2026-08-21,白班,D12,EMPHB0206,HB-PET03-HANDLE-1,提扣机岗1,0,4,11.0,8.0,3.0,,FULL62-W1
HB,HB-PET03,2026-08-21,白班,D12,EMPHB0210,HB-PET03-HANDLE-2,提扣机岗2,0,3,11.0,8.0,3.0,,FULL62-W1
HB,HB-PET03,2026-08-21,白班,D12,EMPHB0237,HB-PET03-LABEL,贴标机岗,0,3,11.0,8.0,3.0,,FULL62-W1
HB,HB-PET03,2026-08-21,白班,D12,EMPHB0290,HB-PET03-PACK-SHRINK,膜包机岗,0,3,11.0,8.0,3.0,,FULL62-W1
HB,HB-PET03,2026-08-21,白班,D12,EMPHB0203,HB-PET03-PALLET,码垛机岗,0,3,11.0,8.0,3.0,,FULL62-W1
HB,HB-QC,2026-08-21,白班,D12,EMPHB0360,HB-QC-QC-RM-AS,无菌线原物料品控,1,3,11.0,8.0,3.0,,FULL62-W1
HB,HB-QC,2026-08-21,白班,D12,EMPHB0355,HB-QC-QC-RM-SODA,汽水线原物料品控,1,4,11.0,8.0,3.0,,FULL62-W1
HB,HB-SYRUP,2026-08-21,白班,D12,EMPHB0263,HB-SYRUP-SYRUP-POST1,后糖岗1,1,4,11.0,8.0,3.0,,FULL62-W1
HB,HB-SYRUP,2026-08-21,白班,D12,EMPHB0269,HB-SYRUP-SYRUP-POST2,后糖岗2,1,4,11.0,8.0,3.0,,FULL62-W1
HB,HB-SYRUP,2026-08-21,白班,D12,EMPHB0260,HB-SYRUP-WATER,水处理操作岗,1,3,11.0,8.0,3.0,,FULL62-W1
SX,SX-BIB01,2026-08-21,白班,D12,EMPSX0104,SX-BIB01-FILL,灌装岗,1,3,11.0,8.0,3.0,,FULL62-W1
SX,SX-BIB01,2026-08-21,白班,D12,EMPSX0106,SX-BIB01-PACK-1,包装岗1,0,3,11.0,8.0,3.0,,FULL62-W1
SX,SX-BIB01,2026-08-21,白班,D12,EMPSX0033,SX-BIB01-PACK-2,包装岗2,0,3,11.0,8.0,3.0,,FULL62-W1
SX,SX-BIB01,2026-08-21,白班,D12,EMPSX0113,SX-BIB01-PACK-3,包装岗3,0,4,11.0,8.0,3.0,,FULL62-W1
SX,SX-CAN01,2026-08-21,白班,D12,EMPSX0056,SX-CAN01-DEPAL-CAN,卸罐机岗,0,3,11.0,8.0,3.0,,FULL62-W1
SX,SX-CAN01,2026-08-21,白班,D12,EMPSX0087,SX-CAN01-FILL,灌注机岗,1,3,11.0,8.0,3.0,,FULL62-W1
SX,SX-CAN01,2026-08-21,白班,D12,EMPSX0069,SX-CAN01-PACK-MULTI,多包装机,0,4,11.0,8.0,3.0,,FULL62-W1
SX,SX-CAN01,2026-08-21,白班,D12,EMPSX0009,SX-CAN01-PACK-SHRINK,塑包机岗,0,3,11.0,8.0,3.0,,FULL62-W1
SX,SX-CAN01,2026-08-21,白班,D12,EMPSX0067,SX-CAN01-PALLET,码垛机岗,0,3,11.0,8.0,3.0,,FULL62-W1
SX,SX-ENG,2026-08-21,白班,D12,EMPSX0139,SX-ENG-AIRCOMP,制冷空压机岗,1,3,11.0,8.0,3.0,,FULL62-W1
SX,SX-ENG,2026-08-21,白班,D12,EMPSX0132,SX-ENG-ELEC-LINE1,生产线电工1,1,3,11.0,8.0,3.0,,FULL62-W1
SX,SX-ENG,2026-08-21,白班,D12,EMPSX0152,SX-ENG-MECH-LINE,生产线机修岗,0,3,11.0,8.0,3.0,,FULL62-W1
SX,SX-PET01,2026-08-21,白班,D12,EMPSX0003,SX-PET01-BLOW-LABEL,吹贴机岗,1,4,11.0,8.0,3.0,,FULL62-W1
SX,SX-PET01,2026-08-21,白班,D12,EMPSX0018,SX-PET01-FGI,FGI岗,0,4,11.0,8.0,3.0,,FULL62-W1
SX,SX-PET01,2026-08-21,白班,D12,EMPSX0027,SX-PET01-HANDLE,提扣机岗,0,3,11.0,8.0,3.0,,FULL62-W1
SX,SX-PET01,2026-08-21,白班,D12,EMPSX0044,SX-PET01-PACK-SHRINK,塑包机岗,0,4,11.0,8.0,3.0,,FULL62-W1
SX,SX-PET01,2026-08-21,白班,D12,EMPSX0021,SX-PET01-PALLET-LABEL,垛贴码岗,0,4,11.0,8.0,3.0,,FULL62-W1
SX,SX-PET02,2026-08-21,白班,D12,EMPSX0038,SX-PET02-FILL,灌注机岗,1,3,11.0,8.0,3.0,,FULL62-W1
SX,SX-PET02,2026-08-21,白班,D12,EMPSX0047,SX-PET02-PALLET,码垛机岗,0,3,11.0,8.0,3.0,,FULL62-W1
SX,SX-PET02,2026-08-21,白班,D12,EMPSX0049,SX-PET02-PALLET-LABEL,垛贴码岗,0,3,11.0,8.0,3.0,,FULL62-W1
SX,SX-QC,2026-08-21,白班,D12,EMPSX0155,SX-QC-QC-AUX,辅线品控（水、糖、BIB）,1,3,11.0,8.0,3.0,,FULL62-W1
SX,SX-QC,2026-08-21,白班,D12,EMPSX0179,SX-QC-QC-BLOW,吹瓶品控,1,3,11.0,8.0,3.0,,FULL62-W1
SX,SX-QC,2026-08-21,白班,D12,EMPSX0169,SX-QC-QC-IP-CAN,CAN线品控,1,4,11.0,8.0,3.0,,FULL62-W1
SX,SX-QC,2026-08-21,白班,D12,EMPSX0164,SX-QC-QC-IP-PET1,PET线品控1,1,3,11.0,8.0,3.0,,FULL62-W1
SX,SX-QC,2026-08-21,白班,D12,EMPSX0166,SX-QC-QC-IP-PET2,PET线品控2,1,3,11.0,8.0,3.0,,FULL62-W1
SX,SX-QC,2026-08-21,白班,D12,EMPSX0175,SX-QC-QC-IP-RB,RB线品控,1,4,11.0,8.0,3.0,,FULL62-W1
SX,SX-RB01,2026-08-21,白班,D12,EMPSX0074,SX-RB01-DEPAL,码卸垛机岗,0,3,11.0,8.0,3.0,,FULL62-W1
SX,SX-RB01,2026-08-21,白班,D12,EMPSX0088,SX-RB01-FILL,灌注机岗,1,3,11.0,8.0,3.0,,FULL62-W1
SX,SX-RB01,2026-08-21,白班,D12,EMPSX0077,SX-RB01-LOADER,装卸箱机岗,0,3,11.0,8.0,3.0,,FULL62-W1
SX,SX-RB01,2026-08-21,白班,D12,EMPSX0098,SX-RB01-QC-BOTTLE,空瓶检测岗,1,3,11.0,8.0,3.0,,FULL62-W1
SX,SX-RB01,2026-08-21,白班,D12,EMPSX0090,SX-RB01-QC-FGI1,成品目检岗1,1,3,11.0,8.0,3.0,,FULL62-W1
SX,SX-RB01,2026-08-21,白班,D12,EMPSX0093,SX-RB01-QC-FGI2,成品目检岗2,1,3,11.0,8.0,3.0,,FULL62-W1
SX,SX-SYRUP,2026-08-21,白班,D12,EMPSX0120,SX-SYRUP-SYRUP-POST1,后糖岗1,1,3,11.0,8.0,3.0,,FULL62-W1
SX,SX-SYRUP,2026-08-21,白班,D12,EMPSX0122,SX-SYRUP-SYRUP-POST2,后糖岗2,1,3,11.0,8.0,3.0,,FULL62-W1
HB,HB-ENG,2026-08-21,常白班,D8,EMPHB0324,HB-ENG-ELEC-2,电气维修工程师2,1,4,8.0,8.0,0.0,,FULL62-W1
HB,HB-ENG,2026-08-21,常白班,D8,EMPHB0326,HB-ENG-ENG-BLOW,吹瓶机工程师,1,4,8.0,8.0,0.0,,FULL62-W1
HB,HB-ENG,2026-08-21,常白班,D8,EMPHB0327,HB-ENG-ENG-FILL,灌装机工程师,1,3,8.0,8.0,0.0,,FULL62-W1
HB,HB-ENG,2026-08-21,常白班,D8,EMPHB0330,HB-ENG-ENG-LABEL,贴标机工程师,1,4,8.0,8.0,0.0,,FULL62-W1
HB,HB-ENG,2026-08-21,常白班,D8,EMPHB0332,HB-ENG-ENG-PACK,膜包机工程师,1,3,8.0,8.0,0.0,,FULL62-W1
HB,HB-ENG,2026-08-21,常白班,D8,EMPHB0333,HB-ENG-ENG-PALLET,码垛机工程师,1,4,8.0,8.0,0.0,,FULL62-W1
HB,HB-ENG2,2026-08-21,常白班,D8,EMPHB0339,HB-ENG2-ELEC-OUT2,外围电工2,1,3,8.0,8.0,0.0,,FULL62-W1
HB,HB-QC,2026-08-21,常白班,D8,EMPHB0364,HB-QC-QC-MICRO-AS1,无菌线微生物品控1,1,4,8.0,8.0,0.0,,FULL62-W1
HB,HB-QC,2026-08-21,常白班,D8,EMPHB0365,HB-QC-QC-MICRO-AS2,无菌线微生物品控2,1,3,8.0,8.0,0.0,,FULL62-W1
HB,HB-QC,2026-08-21,常白班,D8,EMPHB0368,HB-QC-QC-MICRO-AS3,无菌线微生物品控3,1,4,8.0,8.0,0.0,,FULL62-W1
HB,HB-QC,2026-08-21,常白班,D8,EMPHB0362,HB-QC-QC-MICRO-SODA,汽水线微生物品控,1,3,8.0,8.0,0.0,,FULL62-W1
HB,HB-SYRUP,2026-08-21,常白班,D8,EMPHB0261,HB-SYRUP-SYRUP-PRE,前糖岗,1,3,8.0,8.0,0.0,,FULL62-W1
SX,SX-ENG,2026-08-21,常白班,D8,EMPSX0134,SX-ENG-ELEC-LINE2,生产线电工2,1,3,8.0,8.0,0.0,,FULL62-W1
SX,SX-ENG,2026-08-21,常白班,D8,EMPSX0135,SX-ENG-ELEC-OUT,外围电工,1,4,8.0,8.0,0.0,,FULL62-W1
SX,SX-QC,2026-08-21,常白班,D8,EMPSX0160,SX-QC-QC-MICRO,微生物品控,1,4,8.0,8.0,0.0,,FULL62-W1
SX,SX-QC,2026-08-21,常白班,D8,EMPSX0157,SX-QC-QC-RM,原物料品控,1,3,8.0,8.0,0.0,,FULL62-W1
SX,SX-SYRUP,2026-08-21,常白班,D8,EMPSX0115,SX-SYRUP-SYRUP-PRE,前糖岗,1,3,8.0,8.0,0.0,,FULL62-W1
SX,SX-UTIL,2026-08-21,常白班,D8,EMPSX0126,SX-UTIL-WATER,水处理操作岗,1,4,8.0,8.0,0.0,,FULL62-W1
HB,HB-AS01,2026-08-21,夜班,N12,EMPHB0232,HB-AS01-BLOW,吹瓶机岗,1,3,11.0,8.0,3.0,,FULL62-W1
HB,HB-AS01,2026-08-21,夜班,N12,EMPHB0205,HB-AS01-CARTON,上纸箱岗,0,3,11.0,8.0,3.0,,FULL62-W1
HB,HB-AS01,2026-08-21,夜班,N12,EMPHB0233,HB-AS01-FILL,灌注机岗,1,3,11.0,8.0,3.0,,FULL62-W1
HB,HB-AS01,2026-08-21,夜班,N12,EMPHB0208,HB-AS01-HANDLE-1,提扣机岗1,0,4,11.0,8.0,3.0,,FULL62-W1
HB,HB-AS01,2026-08-21,夜班,N12,EMPHB0253,HB-AS01-HANDLE-2,提扣机岗2,0,3,11.0,8.0,3.0,,FULL62-W1
HB,HB-AS01,2026-08-21,夜班,N12,EMPHB0283,HB-AS01-LABEL,贴标机岗,0,3,11.0,8.0,3.0,,FULL62-W1
HB,HB-AS01,2026-08-21,夜班,N12,EMPHB0198,HB-AS01-PACK-SHRINK,膜包机岗,0,3,11.0,8.0,3.0,,FULL62-W1
HB,HB-AS01,2026-08-21,夜班,N12,EMPHB0226,HB-AS01-PALLET,码垛机岗,0,3,11.0,8.0,3.0,,FULL62-W1
HB,HB-AS01,2026-08-21,夜班,N12,EMPHB0183,HB-AS01-SHIFT-LEADER,生产领班,1,3,11.0,8.0,3.0,,FULL62-W1
HB,HB-AS01,2026-08-21,夜班,N12,EMPHB0310,HB-AS01-UHT-1,UHT&调配&果肉操作1,1,3,11.0,8.0,3.0,,FULL62-W1
HB,HB-AS01,2026-08-21,夜班,N12,EMPHB0311,HB-AS01-UHT-2,UHT&调配&果肉操作2,1,3,11.0,8.0,3.0,,FULL62-W1
HB,HB-AS01,2026-08-21,夜班,N12,EMPHB0296,HB-AS01-UHT-AUX,辅助工,0,2,11.0,8.0,3.0,,FULL62-W1
HB,HB-ENG,2026-08-21,夜班,N12,EMPHB0322,HB-ENG-ELEC-1,电气维修工程师1,1,4,11.0,8.0,3.0,,FULL62-W1
HB,HB-ENG2,2026-08-21,夜班,N12,EMPHB0347,HB-ENG2-AIRCOMP,空压岗,1,3,11.0,8.0,3.0,,FULL62-W1
HB,HB-ENG2,2026-08-21,夜班,N12,EMPHB0343,HB-ENG2-BOILER,锅炉岗,0,3,11.0,8.0,3.0,,FULL62-W1
HB,HB-ENG2,2026-08-21,夜班,N12,EMPHB0338,HB-ENG2-ELEC-OUT1,外围电工1,1,3,11.0,8.0,3.0,,FULL62-W1
HB,HB-ENG2,2026-08-21,夜班,N12,EMPHB0352,HB-ENG2-WWTP,污水岗,0,3,11.0,8.0,3.0,,FULL62-W1
HB,HB-PET01,2026-08-21,夜班,N12,EMPHB0275,HB-PET01-BLOW,吹瓶机岗,1,3,11.0,8.0,3.0,,FULL62-W1
HB,HB-PET01,2026-08-21,夜班,N12,EMPHB0280,HB-PET01-FILL,灌注机岗,1,3,11.0,8.0,3.0,,FULL62-W1
HB,HB-PET01,2026-08-21,夜班,N12,EMPHB0207,HB-PET01-HANDLE-1,提扣机岗1,0,3,11.0,8.0,3.0,,FULL62-W1
HB,HB-PET01,2026-08-21,夜班,N12,EMPHB0256,HB-PET01-HANDLE-2,提扣机岗2,0,3,11.0,8.0,3.0,,FULL62-W1
HB,HB-PET01,2026-08-21,夜班,N12,EMPHB0219,HB-PET01-LABEL,贴标机岗,0,4,11.0,8.0,3.0,,FULL62-W1
HB,HB-PET01,2026-08-21,夜班,N12,EMPHB0221,HB-PET01-PACK-SHRINK,膜包机岗,0,4,11.0,8.0,3.0,,FULL62-W1
HB,HB-PET01,2026-08-21,夜班,N12,EMPHB0292,HB-PET01-PALLET,码垛机岗,0,4,11.0,8.0,3.0,,FULL62-W1
HB,HB-PET01,2026-08-21,夜班,N12,EMPHB0182,HB-PET01-SHIFT-ENG,倒班工程师,1,3,11.0,8.0,3.0,,FULL62-W1
HB,HB-PET02,2026-08-21,夜班,N12,EMPHB0192,HB-PET02-BLOW-FILL,吹瓶、灌装岗位,1,3,11.0,8.0,3.0,,FULL62-W1
HB,HB-PET02,2026-08-21,夜班,N12,EMPHB0239,HB-PET02-LABEL,贴标机岗,0,3,11.0,8.0,3.0,,FULL62-W1
HB,HB-PET02,2026-08-21,夜班,N12,EMPHB0228,HB-PET02-PALLET,码垛机岗,0,3,11.0,8.0,3.0,,FULL62-W1
HB,HB-PET03,2026-08-21,夜班,N12,EMPHB0250,HB-PET03-HANDLE-1,提扣机岗1,0,3,11.0,8.0,3.0,,FULL62-W1
HB,HB-PET03,2026-08-21,夜班,N12,EMPHB0212,HB-PET03-HANDLE-2,提扣机岗2,0,3,11.0,8.0,3.0,,FULL62-W1
HB,HB-PET03,2026-08-21,夜班,N12,EMPHB0193,HB-PET03-LABEL,贴标机岗,0,3,11.0,8.0,3.0,,FULL62-W1
HB,HB-PET03,2026-08-21,夜班,N12,EMPHB0288,HB-PET03-PACK-SHRINK,膜包机岗,0,3,11.0,8.0,3.0,,FULL62-W1
HB,HB-PET03,2026-08-21,夜班,N12,EMPHB0245,HB-PET03-PALLET,码垛机岗,0,3,11.0,8.0,3.0,,FULL62-W1
HB,HB-QC,2026-08-21,夜班,N12,EMPHB0359,HB-QC-QC-RM-AS,无菌线原物料品控,1,3,11.0,8.0,3.0,F,FULL62-W1
HB,HB-QC,2026-08-21,夜班,N12,EMPHB0353,HB-QC-QC-RM-SODA,汽水线原物料品控,1,4,11.0,8.0,3.0,F,FULL62-W1
HB,HB-QC2,2026-08-21,夜班,N12,EMPHB0381,HB-QC2-QC-BLOW,吹瓶品控,1,3,11.0,8.0,3.0,,FULL62-W1
HB,HB-QC2,2026-08-21,夜班,N12,EMPHB0390,HB-QC2-QC-IP-AS,无菌线制程品控,1,3,11.0,8.0,3.0,,FULL62-W1
HB,HB-QC2,2026-08-21,夜班,N12,EMPHB0370,HB-QC2-QC-IP-PET01,PET01线制程品控,1,3,11.0,8.0,3.0,,FULL62-W1
HB,HB-QC2,2026-08-21,夜班,N12,EMPHB0373,HB-QC2-QC-IP-PET02,PET02线制程品控,1,4,11.0,8.0,3.0,,FULL62-W1
HB,HB-QC2,2026-08-21,夜班,N12,EMPHB0380,HB-QC2-QC-IP-PET03,PET03线制程品控,1,4,11.0,8.0,3.0,,FULL62-W1
HB,HB-QC2,2026-08-21,夜班,N12,EMPHB0385,HB-QC2-QC-WATER,水糖品控,1,3,11.0,8.0,3.0,,FULL62-W1
HB,HB-SYRUP,2026-08-21,夜班,N12,EMPHB0264,HB-SYRUP-SYRUP-POST1,后糖岗1,1,4,11.0,8.0,3.0,,FULL62-W1
HB,HB-SYRUP,2026-08-21,夜班,N12,EMPHB0267,HB-SYRUP-SYRUP-POST2,后糖岗2,1,4,11.0,8.0,3.0,,FULL62-W1
HB,HB-SYRUP,2026-08-21,夜班,N12,EMPHB0258,HB-SYRUP-WATER,水处理操作岗,1,3,11.0,8.0,3.0,,FULL62-W1
SX,SX-BIB01,2026-08-21,夜班,N12,EMPSX0103,SX-BIB01-FILL,灌装岗,1,3,11.0,8.0,3.0,,FULL62-W1
SX,SX-BIB01,2026-08-21,夜班,N12,EMPSX0105,SX-BIB01-PACK-1,包装岗1,0,3,11.0,8.0,3.0,,FULL62-W1
SX,SX-BIB01,2026-08-21,夜班,N12,EMPSX0036,SX-BIB01-PACK-2,包装岗2,0,3,11.0,8.0,3.0,,FULL62-W1
SX,SX-CAN01,2026-08-21,夜班,N12,EMPSX0053,SX-CAN01-DEPAL-CAN,卸罐机岗,0,3,11.0,8.0,3.0,,FULL62-W1
SX,SX-CAN01,2026-08-21,夜班,N12,EMPSX0039,SX-CAN01-FILL,灌注机岗,1,4,11.0,8.0,3.0,,FULL62-W1
SX,SX-CAN01,2026-08-21,夜班,N12,EMPSX0072,SX-CAN01-PACK-MULTI,多包装机,0,3,11.0,8.0,3.0,,FULL62-W1
SX,SX-CAN01,2026-08-21,夜班,N12,EMPSX0011,SX-CAN01-PACK-SHRINK,塑包机岗,0,3,11.0,8.0,3.0,,FULL62-W1
SX,SX-ENG,2026-08-21,夜班,N12,EMPSX0138,SX-ENG-AIRCOMP,制冷空压机岗,1,4,11.0,8.0,3.0,,FULL62-W1
SX,SX-ENG,2026-08-21,夜班,N12,EMPSX0143,SX-ENG-BOILER,锅炉操作岗,0,3,11.0,8.0,3.0,,FULL62-W1
SX,SX-ENG,2026-08-21,夜班,N12,EMPSX0129,SX-ENG-ELEC-LINE1,生产线电工1,1,3,11.0,8.0,3.0,,FULL62-W1
SX,SX-ENG,2026-08-21,夜班,N12,EMPSX0151,SX-ENG-MECH-LINE,生产线机修岗,0,3,11.0,8.0,3.0,,FULL62-W1
SX,SX-PET01,2026-08-21,夜班,N12,EMPSX0019,SX-PET01-FGI,FGI岗,0,3,11.0,8.0,3.0,,FULL62-W1
SX,SX-PET01,2026-08-21,夜班,N12,EMPSX0005,SX-PET01-FILL,灌注机岗,1,3,11.0,8.0,3.0,,FULL62-W1
SX,SX-PET01,2026-08-21,夜班,N12,EMPSX0109,SX-PET01-PACK-SHRINK,塑包机岗,0,2,11.0,8.0,3.0,,FULL62-W1
SX,SX-PET01,2026-08-21,夜班,N12,EMPSX0066,SX-PET01-PALLET,码垛机岗,0,3,11.0,8.0,3.0,,FULL62-W1
SX,SX-PET01,2026-08-21,夜班,N12,EMPSX0024,SX-PET01-PALLET-LABEL,垛贴码岗,0,3,11.0,8.0,3.0,,FULL62-W1
SX,SX-PET02,2026-08-21,夜班,N12,EMPSX0029,SX-PET02-BLOW,吹瓶机岗,1,3,11.0,8.0,3.0,,FULL62-W1
SX,SX-PET02,2026-08-21,夜班,N12,EMPSX0060,SX-PET02-FILL,灌注机岗,1,3,11.0,8.0,3.0,,FULL62-W1
SX,SX-PET02,2026-08-21,夜班,N12,EMPSX0035,SX-PET02-LABEL,贴标机岗,0,3,11.0,8.0,3.0,,FULL62-W1
SX,SX-PET02,2026-08-21,夜班,N12,EMPSX0052,SX-PET02-PALLET-LABEL,垛贴码岗,0,3,11.0,8.0,3.0,,FULL62-W1
SX,SX-QC,2026-08-21,夜班,N12,EMPSX0153,SX-QC-QC-AUX,辅线品控（水、糖、BIB）,1,3,11.0,8.0,3.0,,FULL62-W1
SX,SX-QC,2026-08-21,夜班,N12,EMPSX0180,SX-QC-QC-BLOW,吹瓶品控,1,3,11.0,8.0,3.0,,FULL62-W1
SX,SX-QC,2026-08-21,夜班,N12,EMPSX0171,SX-QC-QC-IP-CAN,CAN线品控,1,3,11.0,8.0,3.0,,FULL62-W1
SX,SX-QC,2026-08-21,夜班,N12,EMPSX0165,SX-QC-QC-IP-PET2,PET线品控2,1,3,11.0,8.0,3.0,,FULL62-W1
SX,SX-QC,2026-08-21,夜班,N12,EMPSX0173,SX-QC-QC-IP-RB,RB线品控,1,3,11.0,8.0,3.0,,FULL62-W1
SX,SX-RB01,2026-08-21,夜班,N12,EMPSX0075,SX-RB01-DEPAL,码卸垛机岗,0,3,11.0,8.0,3.0,,FULL62-W1
SX,SX-RB01,2026-08-21,夜班,N12,EMPSX0037,SX-RB01-FILL,灌注机岗,1,3,11.0,8.0,3.0,,FULL62-W1
SX,SX-RB01,2026-08-21,夜班,N12,EMPSX0068,SX-RB01-LOADER,装卸箱机岗,0,3,11.0,8.0,3.0,,FULL62-W1
SX,SX-RB01,2026-08-21,夜班,N12,EMPSX0100,SX-RB01-QC-BOTTLE,空瓶检测岗,1,3,11.0,8.0,3.0,,FULL62-W1
SX,SX-RB01,2026-08-21,夜班,N12,EMPSX0089,SX-RB01-QC-FGI1,成品目检岗1,1,3,11.0,8.0,3.0,,FULL62-W1
SX,SX-SYRUP,2026-08-21,夜班,N12,EMPSX0118,SX-SYRUP-SYRUP-POST1,后糖岗1,1,3,11.0,8.0,3.0,,FULL62-W1
SX,SX-SYRUP,2026-08-21,夜班,N12,EMPSX0121,SX-SYRUP-SYRUP-POST2,后糖岗2,1,3,11.0,8.0,3.0,,FULL62-W1
SX,SX-UTIL,2026-08-21,夜班,N12,EMPSX0127,SX-UTIL-WWTP,污水处理岗,0,4,11.0,8.0,3.0,,FULL62-W1
HB,HB-AS01,2026-08-22,白班,D12,EMPHB0277,HB-AS01-BLOW,吹瓶机岗,1,3,11.0,8.0,3.0,C,FULL62-W1
HB,HB-AS01,2026-08-22,白班,D12,EMPHB0189,HB-AS01-FILL,灌注机岗,1,4,11.0,8.0,3.0,C,FULL62-W1
HB,HB-AS01,2026-08-22,白班,D12,EMPHB0272,HB-AS01-SHIFT-LEADER,生产领班,1,3,11.0,8.0,3.0,C,FULL62-W1
HB,HB-AS01,2026-08-22,白班,D12,EMPHB0309,HB-AS01-UHT-1,UHT&调配&果肉操作1,1,3,11.0,8.0,3.0,C,FULL62-W1
HB,HB-AS01,2026-08-22,白班,D12,EMPHB0314,HB-AS01-UHT-2,UHT&调配&果肉操作2,1,3,11.0,8.0,3.0,C,FULL62-W1
HB,HB-ENG,2026-08-22,白班,D12,EMPHB0319,HB-ENG-ELEC-1,电气维修工程师1,1,3,11.0,8.0,3.0,,FULL62-W1
HB,HB-ENG2,2026-08-22,白班,D12,EMPHB0345,HB-ENG2-AIRCOMP,空压岗,1,3,11.0,8.0,3.0,,FULL62-W1
HB,HB-ENG2,2026-08-22,白班,D12,EMPHB0344,HB-ENG2-BOILER,锅炉岗,0,4,11.0,8.0,3.0,,FULL62-W1
HB,HB-ENG2,2026-08-22,白班,D12,EMPHB0337,HB-ENG2-ELEC-OUT1,外围电工1,1,4,11.0,8.0,3.0,,FULL62-W1
HB,HB-PET01,2026-08-22,白班,D12,EMPHB0229,HB-PET01-BLOW,吹瓶机岗,1,4,11.0,8.0,3.0,,FULL62-W1
HB,HB-PET01,2026-08-22,白班,D12,EMPHB0254,HB-PET01-HANDLE-1,提扣机岗1,0,3,11.0,8.0,3.0,,FULL62-W1
HB,HB-PET01,2026-08-22,白班,D12,EMPHB0209,HB-PET01-HANDLE-2,提扣机岗2,0,4,11.0,8.0,3.0,,FULL62-W1
HB,HB-PET01,2026-08-22,白班,D12,EMPHB0195,HB-PET01-LABEL,贴标机岗,0,3,11.0,8.0,3.0,,FULL62-W1
HB,HB-PET01,2026-08-22,白班,D12,EMPHB0224,HB-PET01-PACK-SHRINK,膜包机岗,0,4,11.0,8.0,3.0,,FULL62-W1
HB,HB-PET01,2026-08-22,白班,D12,EMPHB0248,HB-PET01-PALLET,码垛机岗,0,3,11.0,8.0,3.0,,FULL62-W1
HB,HB-PET01,2026-08-22,白班,D12,EMPHB0184,HB-PET01-SHIFT-ENG,倒班工程师,1,4,11.0,8.0,3.0,,FULL62-W1
HB,HB-PET02,2026-08-22,白班,D12,EMPHB0196,HB-PET02-LABEL,贴标机岗,0,4,11.0,8.0,3.0,,FULL62-W1
HB,HB-PET02,2026-08-22,白班,D12,EMPHB0199,HB-PET02-PACK-SHRINK,膜包机岗,0,3,11.0,8.0,3.0,,FULL62-W1
HB,HB-PET02,2026-08-22,白班,D12,EMPHB0225,HB-PET02-PALLET,码垛机岗,0,3,11.0,8.0,3.0,,FULL62-W1
HB,HB-PET03,2026-08-22,白班,D12,EMPHB0187,HB-PET03-BLOW,吹瓶机岗,1,3,11.0,8.0,3.0,,FULL62-W1
HB,HB-PET03,2026-08-22,白班,D12,EMPHB0190,HB-PET03-FILL,灌注机岗,1,4,11.0,8.0,3.0,,FULL62-W1
HB,HB-PET03,2026-08-22,白班,D12,EMPHB0305,HB-PET03-HANDLE-1,提扣机岗1,0,3,11.0,8.0,3.0,,FULL62-W1
HB,HB-PET03,2026-08-22,白班,D12,EMPHB0206,HB-PET03-HANDLE-2,提扣机岗2,0,2,11.0,8.0,3.0,,FULL62-W1
HB,HB-PET03,2026-08-22,白班,D12,EMPHB0289,HB-PET03-PACK-SHRINK,膜包机岗,0,3,11.0,8.0,3.0,,FULL62-W1
HB,HB-PET03,2026-08-22,白班,D12,EMPHB0227,HB-PET03-PALLET,码垛机岗,0,4,11.0,8.0,3.0,,FULL62-W1
HB,HB-QC2,2026-08-22,白班,D12,EMPHB0382,HB-QC2-QC-BLOW,吹瓶品控,1,4,11.0,8.0,3.0,,FULL62-W1
HB,HB-QC2,2026-08-22,白班,D12,EMPHB0391,HB-QC2-QC-IP-AS,无菌线制程品控,1,3,11.0,8.0,3.0,,FULL62-W1
HB,HB-QC2,2026-08-22,白班,D12,EMPHB0371,HB-QC2-QC-IP-PET01,PET01线制程品控,1,3,11.0,8.0,3.0,,FULL62-W1
HB,HB-QC2,2026-08-22,白班,D12,EMPHB0374,HB-QC2-QC-IP-PET02,PET02线制程品控,1,3,11.0,8.0,3.0,,FULL62-W1
HB,HB-QC2,2026-08-22,白班,D12,EMPHB0378,HB-QC2-QC-IP-PET03,PET03线制程品控,1,3,11.0,8.0,3.0,,FULL62-W1
HB,HB-SYRUP,2026-08-22,白班,D12,EMPHB0268,HB-SYRUP-SYRUP-POST2,后糖岗2,1,3,11.0,8.0,3.0,,FULL62-W1
HB,HB-SYRUP,2026-08-22,白班,D12,EMPHB0259,HB-SYRUP-WATER,水处理操作岗,1,4,11.0,8.0,3.0,,FULL62-W1
SX,SX-BIB01,2026-08-22,白班,D12,EMPSX0104,SX-BIB01-FILL,灌装岗,1,3,11.0,8.0,3.0,,FULL62-W1
SX,SX-BIB01,2026-08-22,白班,D12,EMPSX0111,SX-BIB01-PACK-2,包装岗2,0,3,11.0,8.0,3.0,,FULL62-W1
SX,SX-BIB01,2026-08-22,白班,D12,EMPSX0113,SX-BIB01-PACK-3,包装岗3,0,4,11.0,8.0,3.0,,FULL62-W1
SX,SX-CAN01,2026-08-22,白班,D12,EMPSX0079,SX-CAN01-DEPAL-CAN,卸罐机岗,0,2,11.0,8.0,3.0,,FULL62-W1
SX,SX-CAN01,2026-08-22,白班,D12,EMPSX0070,SX-CAN01-PACK-MULTI,多包装机,0,4,11.0,8.0,3.0,,FULL62-W1
SX,SX-CAN01,2026-08-22,白班,D12,EMPSX0042,SX-CAN01-PACK-SHRINK,塑包机岗,0,3,11.0,8.0,3.0,,FULL62-W1
SX,SX-CAN01,2026-08-22,白班,D12,EMPSX0015,SX-CAN01-PALLET,码垛机岗,0,3,11.0,8.0,3.0,,FULL62-W1
SX,SX-ENG,2026-08-22,白班,D12,EMPSX0139,SX-ENG-AIRCOMP,制冷空压机岗,1,3,11.0,8.0,3.0,B,FULL62-W1
SX,SX-ENG,2026-08-22,白班,D12,EMPSX0130,SX-ENG-ELEC-LINE1,生产线电工1,1,3,11.0,8.0,3.0,B,FULL62-W1
SX,SX-PET01,2026-08-22,白班,D12,EMPSX0003,SX-PET01-BLOW-LABEL,吹贴机岗,1,4,11.0,8.0,3.0,,FULL62-W1
SX,SX-PET01,2026-08-22,白班,D12,EMPSX0020,SX-PET01-FGI,FGI岗,0,3,11.0,8.0,3.0,,FULL62-W1
SX,SX-PET01,2026-08-22,白班,D12,EMPSX0008,SX-PET01-FILL,灌注机岗,1,4,11.0,8.0,3.0,,FULL62-W1
SX,SX-PET01,2026-08-22,白班,D12,EMPSX0027,SX-PET01-HANDLE,提扣机岗,0,3,11.0,8.0,3.0,,FULL62-W1
SX,SX-PET01,2026-08-22,白班,D12,EMPSX0061,SX-PET01-PACK-SHRINK,塑包机岗,0,3,11.0,8.0,3.0,,FULL62-W1
SX,SX-PET02,2026-08-22,白班,D12,EMPSX0032,SX-PET02-BLOW,吹瓶机岗,1,3,11.0,8.0,3.0,,FULL62-W1
SX,SX-PET02,2026-08-22,白班,D12,EMPSX0088,SX-PET02-FILL,灌注机岗,1,3,11.0,8.0,3.0,,FULL62-W1
SX,SX-PET02,2026-08-22,白班,D12,EMPSX0034,SX-PET02-LABEL,贴标机岗,0,3,11.0,8.0,3.0,,FULL62-W1
SX,SX-PET02,2026-08-22,白班,D12,EMPSX0044,SX-PET02-PACK-SHRINK,塑包机岗,0,4,11.0,8.0,3.0,,FULL62-W1
SX,SX-PET02,2026-08-22,白班,D12,EMPSX0016,SX-PET02-PALLET,码垛机岗,0,4,11.0,8.0,3.0,,FULL62-W1
SX,SX-QC,2026-08-22,白班,D12,EMPSX0154,SX-QC-QC-AUX,辅线品控（水、糖、BIB）,1,3,11.0,8.0,3.0,,FULL62-W1
SX,SX-QC,2026-08-22,白班,D12,EMPSX0177,SX-QC-QC-BLOW,吹瓶品控,1,3,11.0,8.0,3.0,,FULL62-W1
SX,SX-QC,2026-08-22,白班,D12,EMPSX0161,SX-QC-QC-IP-PET1,PET线品控1,1,3,11.0,8.0,3.0,,FULL62-W1
SX,SX-QC,2026-08-22,白班,D12,EMPSX0168,SX-QC-QC-IP-PET2,PET线品控2,1,4,11.0,8.0,3.0,,FULL62-W1
SX,SX-QC,2026-08-22,白班,D12,EMPSX0175,SX-QC-QC-IP-RB,RB线品控,1,4,11.0,8.0,3.0,,FULL62-W1
SX,SX-RB01,2026-08-22,白班,D12,EMPSX0059,SX-RB01-FILL,灌注机岗,1,4,11.0,8.0,3.0,,FULL62-W1
SX,SX-RB01,2026-08-22,白班,D12,EMPSX0078,SX-RB01-LOADER,装卸箱机岗,0,4,11.0,8.0,3.0,,FULL62-W1
SX,SX-RB01,2026-08-22,白班,D12,EMPSX0098,SX-RB01-QC-BOTTLE,空瓶检测岗,1,3,11.0,8.0,3.0,,FULL62-W1
SX,SX-RB01,2026-08-22,白班,D12,EMPSX0091,SX-RB01-QC-FGI1,成品目检岗1,1,3,11.0,8.0,3.0,,FULL62-W1
SX,SX-RB01,2026-08-22,白班,D12,EMPSX0094,SX-RB01-QC-FGI2,成品目检岗2,1,3,11.0,8.0,3.0,,FULL62-W1
SX,SX-RB01,2026-08-22,白班,D12,EMPSX0021,SX-RB01-WASHER,洗瓶机岗,0,3,11.0,8.0,3.0,,FULL62-W1
SX,SX-SYRUP,2026-08-22,白班,D12,EMPSX0115,SX-SYRUP-SYRUP-POST1,后糖岗1,1,3,11.0,8.0,3.0,,FULL62-W1
SX,SX-SYRUP,2026-08-22,白班,D12,EMPSX0122,SX-SYRUP-SYRUP-POST2,后糖岗2,1,3,11.0,8.0,3.0,,FULL62-W1
HB,HB-ENG,2026-08-22,常白班,D8,EMPHB0324,HB-ENG-ELEC-2,电气维修工程师2,1,4,8.0,8.0,0.0,,FULL62-W1
HB,HB-ENG,2026-08-22,常白班,D8,EMPHB0326,HB-ENG-ENG-BLOW,吹瓶机工程师,1,4,8.0,8.0,0.0,,FULL62-W1
HB,HB-ENG,2026-08-22,常白班,D8,EMPHB0328,HB-ENG-ENG-FILL,灌装机工程师,1,3,8.0,8.0,0.0,,FULL62-W1
HB,HB-ENG,2026-08-22,常白班,D8,EMPHB0329,HB-ENG-ENG-LABEL,贴标机工程师,1,3,8.0,8.0,0.0,,FULL62-W1
HB,HB-ENG,2026-08-22,常白班,D8,EMPHB0331,HB-ENG-ENG-PACK,膜包机工程师,1,3,8.0,8.0,0.0,,FULL62-W1
HB,HB-ENG,2026-08-22,常白班,D8,EMPHB0334,HB-ENG-ENG-PALLET,码垛机工程师,1,3,8.0,8.0,0.0,,FULL62-W1
HB,HB-ENG2,2026-08-22,常白班,D8,EMPHB0339,HB-ENG2-ELEC-OUT2,外围电工2,1,3,8.0,8.0,0.0,,FULL62-W1
HB,HB-QC,2026-08-22,常白班,D8,EMPHB0364,HB-QC-QC-MICRO-AS1,无菌线微生物品控1,1,4,8.0,8.0,0.0,,FULL62-W1
HB,HB-QC,2026-08-22,常白班,D8,EMPHB0365,HB-QC-QC-MICRO-AS2,无菌线微生物品控2,1,3,8.0,8.0,0.0,,FULL62-W1
HB,HB-QC,2026-08-22,常白班,D8,EMPHB0368,HB-QC-QC-MICRO-AS3,无菌线微生物品控3,1,4,8.0,8.0,0.0,,FULL62-W1
HB,HB-QC,2026-08-22,常白班,D8,EMPHB0361,HB-QC-QC-MICRO-SODA,汽水线微生物品控,1,4,8.0,8.0,0.0,,FULL62-W1
HB,HB-SYRUP,2026-08-22,常白班,D8,EMPHB0262,HB-SYRUP-SYRUP-PRE,前糖岗,1,3,8.0,8.0,0.0,,FULL62-W1
SX,SX-ENG,2026-08-22,常白班,D8,EMPSX0134,SX-ENG-ELEC-LINE2,生产线电工2,1,3,8.0,8.0,0.0,,FULL62-W1
SX,SX-ENG,2026-08-22,常白班,D8,EMPSX0136,SX-ENG-ELEC-OUT,外围电工,1,4,8.0,8.0,0.0,,FULL62-W1
SX,SX-QC,2026-08-22,常白班,D8,EMPSX0160,SX-QC-QC-MICRO,微生物品控,1,4,8.0,8.0,0.0,,FULL62-W1
SX,SX-QC,2026-08-22,常白班,D8,EMPSX0158,SX-QC-QC-RM,原物料品控,1,4,8.0,8.0,0.0,,FULL62-W1
SX,SX-SYRUP,2026-08-22,常白班,D8,EMPSX0116,SX-SYRUP-SYRUP-PRE,前糖岗,1,3,8.0,8.0,0.0,,FULL62-W1
SX,SX-UTIL,2026-08-22,常白班,D8,EMPSX0125,SX-UTIL-WATER,水处理操作岗,1,3,8.0,8.0,0.0,,FULL62-W1
HB,HB-AS01,2026-08-22,夜班,N12,EMPHB0186,HB-AS01-BLOW,吹瓶机岗,1,3,11.0,8.0,3.0,,FULL62-W1
HB,HB-AS01,2026-08-22,夜班,N12,EMPHB0315,HB-AS01-CARTON,上纸箱岗,0,2,11.0,8.0,3.0,,FULL62-W1
HB,HB-AS01,2026-08-22,夜班,N12,EMPHB0234,HB-AS01-FILL,灌注机岗,1,4,11.0,8.0,3.0,,FULL62-W1
HB,HB-AS01,2026-08-22,夜班,N12,EMPHB0250,HB-AS01-HANDLE-1,提扣机岗1,0,3,11.0,8.0,3.0,,FULL62-W1
HB,HB-AS01,2026-08-22,夜班,N12,EMPHB0300,HB-AS01-HANDLE-2,提扣机岗2,0,3,11.0,8.0,3.0,,FULL62-W1
HB,HB-AS01,2026-08-22,夜班,N12,EMPHB0239,HB-AS01-LABEL,贴标机岗,0,3,11.0,8.0,3.0,,FULL62-W1
HB,HB-AS01,2026-08-22,夜班,N12,EMPHB0288,HB-AS01-PACK-SHRINK,膜包机岗,0,3,11.0,8.0,3.0,,FULL62-W1
HB,HB-AS01,2026-08-22,夜班,N12,EMPHB0201,HB-AS01-PALLET,码垛机岗,0,4,11.0,8.0,3.0,,FULL62-W1
HB,HB-AS01,2026-08-22,夜班,N12,EMPHB0271,HB-AS01-SHIFT-LEADER,生产领班,1,3,11.0,8.0,3.0,,FULL62-W1
HB,HB-AS01,2026-08-22,夜班,N12,EMPHB0310,HB-AS01-UHT-1,UHT&调配&果肉操作1,1,3,11.0,8.0,3.0,,FULL62-W1
HB,HB-AS01,2026-08-22,夜班,N12,EMPHB0312,HB-AS01-UHT-2,UHT&调配&果肉操作2,1,3,11.0,8.0,3.0,,FULL62-W1
HB,HB-AS01,2026-08-22,夜班,N12,EMPHB0298,HB-AS01-UHT-AUX,辅助工,0,3,11.0,8.0,3.0,,FULL62-W1
HB,HB-ENG,2026-08-22,夜班,N12,EMPHB0320,HB-ENG-ELEC-1,电气维修工程师1,1,3,11.0,8.0,3.0,,FULL62-W1
HB,HB-ENG2,2026-08-22,夜班,N12,EMPHB0348,HB-ENG2-AIRCOMP,空压岗,1,4,11.0,8.0,3.0,,FULL62-W1
HB,HB-ENG2,2026-08-22,夜班,N12,EMPHB0338,HB-ENG2-ELEC-OUT1,外围电工1,1,3,11.0,8.0,3.0,,FULL62-W1
HB,HB-PET01,2026-08-22,夜班,N12,EMPHB0278,HB-PET01-BLOW,吹瓶机岗,1,4,11.0,8.0,3.0,,FULL62-W1
HB,HB-PET01,2026-08-22,夜班,N12,EMPHB0233,HB-PET01-FILL,灌注机岗,1,3,11.0,8.0,3.0,,FULL62-W1
HB,HB-PET01,2026-08-22,夜班,N12,EMPHB0207,HB-PET01-HANDLE-1,提扣机岗1,0,3,11.0,8.0,3.0,,FULL62-W1
HB,HB-PET01,2026-08-22,夜班,N12,EMPHB0301,HB-PET01-HANDLE-2,提扣机岗2,0,4,11.0,8.0,3.0,,FULL62-W1
HB,HB-PET01,2026-08-22,夜班,N12,EMPHB0237,HB-PET01-LABEL,贴标机岗,0,3,11.0,8.0,3.0,,FULL62-W1
HB,HB-PET01,2026-08-22,夜班,N12,EMPHB0182,HB-PET01-SHIFT-ENG,倒班工程师,1,3,11.0,8.0,3.0,,FULL62-W1
HB,HB-PET02,2026-08-22,夜班,N12,EMPHB0214,HB-PET02-BLOW-FILL,吹瓶、灌装岗位,1,3,11.0,8.0,3.0,,FULL62-W1
HB,HB-PET02,2026-08-22,夜班,N12,EMPHB0238,HB-PET02-LABEL,贴标机岗,0,3,11.0,8.0,3.0,,FULL62-W1
HB,HB-PET02,2026-08-22,夜班,N12,EMPHB0228,HB-PET02-PALLET,码垛机岗,0,3,11.0,8.0,3.0,,FULL62-W1
HB,HB-PET03,2026-08-22,夜班,N12,EMPHB0299,HB-PET03-HANDLE-2,提扣机岗2,0,3,11.0,8.0,3.0,,FULL62-W1
HB,HB-PET03,2026-08-22,夜班,N12,EMPHB0197,HB-PET03-LABEL,贴标机岗,0,3,11.0,8.0,3.0,,FULL62-W1
HB,HB-PET03,2026-08-22,夜班,N12,EMPHB0200,HB-PET03-PACK-SHRINK,膜包机岗,0,3,11.0,8.0,3.0,,FULL62-W1
HB,HB-PET03,2026-08-22,夜班,N12,EMPHB0293,HB-PET03-PALLET,码垛机岗,0,4,11.0,8.0,3.0,,FULL62-W1
HB,HB-QC,2026-08-22,夜班,N12,EMPHB0357,HB-QC-QC-RM-AS,无菌线原物料品控,1,3,11.0,8.0,3.0,,FULL62-W1
HB,HB-QC,2026-08-22,夜班,N12,EMPHB0354,HB-QC-QC-RM-SODA,汽水线原物料品控,1,3,11.0,8.0,3.0,,FULL62-W1
HB,HB-QC2,2026-08-22,夜班,N12,EMPHB0383,HB-QC2-QC-BLOW,吹瓶品控,1,4,11.0,8.0,3.0,,FULL62-W1
HB,HB-QC2,2026-08-22,夜班,N12,EMPHB0390,HB-QC2-QC-IP-AS,无菌线制程品控,1,3,11.0,8.0,3.0,,FULL62-W1
HB,HB-QC2,2026-08-22,夜班,N12,EMPHB0369,HB-QC2-QC-IP-PET01,PET01线制程品控,1,3,11.0,8.0,3.0,,FULL62-W1
HB,HB-QC2,2026-08-22,夜班,N12,EMPHB0375,HB-QC2-QC-IP-PET02,PET02线制程品控,1,3,11.0,8.0,3.0,,FULL62-W1
HB,HB-QC2,2026-08-22,夜班,N12,EMPHB0377,HB-QC2-QC-IP-PET03,PET03线制程品控,1,3,11.0,8.0,3.0,,FULL62-W1
HB,HB-QC2,2026-08-22,夜班,N12,EMPHB0387,HB-QC2-QC-WATER,水糖品控,1,3,11.0,8.0,3.0,,FULL62-W1
HB,HB-SYRUP,2026-08-22,夜班,N12,EMPHB0263,HB-SYRUP-SYRUP-POST1,后糖岗1,1,4,11.0,8.0,3.0,,FULL62-W1
HB,HB-SYRUP,2026-08-22,夜班,N12,EMPHB0267,HB-SYRUP-SYRUP-POST2,后糖岗2,1,4,11.0,8.0,3.0,,FULL62-W1
SX,SX-BIB01,2026-08-22,夜班,N12,EMPSX0087,SX-BIB01-FILL,灌装岗,1,3,11.0,8.0,3.0,,FULL62-W1
SX,SX-BIB01,2026-08-22,夜班,N12,EMPSX0105,SX-BIB01-PACK-1,包装岗1,0,3,11.0,8.0,3.0,,FULL62-W1
SX,SX-BIB01,2026-08-22,夜班,N12,EMPSX0012,SX-BIB01-PACK-2,包装岗2,0,3,11.0,8.0,3.0,,FULL62-W1
SX,SX-CAN01,2026-08-22,夜班,N12,EMPSX0053,SX-CAN01-DEPAL-CAN,卸罐机岗,0,3,11.0,8.0,3.0,,FULL62-W1
SX,SX-CAN01,2026-08-22,夜班,N12,EMPSX0072,SX-CAN01-PACK-MULTI,多包装机,0,3,11.0,8.0,3.0,,FULL62-W1
SX,SX-CAN01,2026-08-22,夜班,N12,EMPSX0009,SX-CAN01-PACK-SHRINK,塑包机岗,0,3,11.0,8.0,3.0,,FULL62-W1
SX,SX-CAN01,2026-08-22,夜班,N12,EMPSX0051,SX-CAN01-PALLET,码垛机岗,0,3,11.0,8.0,3.0,,FULL62-W1
SX,SX-ENG,2026-08-22,夜班,N12,EMPSX0140,SX-ENG-AIRCOMP,制冷空压机岗,1,4,11.0,8.0,3.0,,FULL62-W1
SX,SX-ENG,2026-08-22,夜班,N12,EMPSX0143,SX-ENG-BOILER,锅炉操作岗,0,3,11.0,8.0,3.0,,FULL62-W1
SX,SX-ENG,2026-08-22,夜班,N12,EMPSX0131,SX-ENG-ELEC-LINE1,生产线电工1,1,3,11.0,8.0,3.0,,FULL62-W1
SX,SX-ENG,2026-08-22,夜班,N12,EMPSX0148,SX-ENG-MECH-LINE,生产线机修岗,0,3,11.0,8.0,3.0,,FULL62-W1
SX,SX-PET01,2026-08-22,夜班,N12,EMPSX0019,SX-PET01-FGI,FGI岗,0,3,11.0,8.0,3.0,,FULL62-W1
SX,SX-PET01,2026-08-22,夜班,N12,EMPSX0039,SX-PET01-FILL,灌注机岗,1,4,11.0,8.0,3.0,,FULL62-W1
SX,SX-PET01,2026-08-22,夜班,N12,EMPSX0025,SX-PET01-HANDLE,提扣机岗,0,3,11.0,8.0,3.0,,FULL62-W1
SX,SX-PET01,2026-08-22,夜班,N12,EMPSX0064,SX-PET01-PACK-SHRINK,塑包机岗,0,3,11.0,8.0,3.0,,FULL62-W1
SX,SX-PET01,2026-08-22,夜班,N12,EMPSX0066,SX-PET01-PALLET,码垛机岗,0,3,11.0,8.0,3.0,,FULL62-W1
SX,SX-PET02,2026-08-22,夜班,N12,EMPSX0029,SX-PET02-BLOW,吹瓶机岗,1,3,11.0,8.0,3.0,,FULL62-W1
SX,SX-PET02,2026-08-22,夜班,N12,EMPSX0085,SX-PET02-FILL,灌注机岗,1,3,11.0,8.0,3.0,,FULL62-W1
SX,SX-PET02,2026-08-22,夜班,N12,EMPSX0108,SX-PET02-LABEL,贴标机岗,0,3,11.0,8.0,3.0,,FULL62-W1
SX,SX-PET02,2026-08-22,夜班,N12,EMPSX0063,SX-PET02-PACK-SHRINK,塑包机岗,0,3,11.0,8.0,3.0,,FULL62-W1
SX,SX-PET02,2026-08-22,夜班,N12,EMPSX0045,SX-PET02-PALLET,码垛机岗,0,3,11.0,8.0,3.0,,FULL62-W1
SX,SX-QC,2026-08-22,夜班,N12,EMPSX0155,SX-QC-QC-AUX,辅线品控（水、糖、BIB）,1,3,11.0,8.0,3.0,,FULL62-W1
SX,SX-QC,2026-08-22,夜班,N12,EMPSX0179,SX-QC-QC-BLOW,吹瓶品控,1,3,11.0,8.0,3.0,,FULL62-W1
SX,SX-QC,2026-08-22,夜班,N12,EMPSX0171,SX-QC-QC-IP-CAN,CAN线品控,1,3,11.0,8.0,3.0,,FULL62-W1
SX,SX-QC,2026-08-22,夜班,N12,EMPSX0163,SX-QC-QC-IP-PET1,PET线品控1,1,3,11.0,8.0,3.0,,FULL62-W1
SX,SX-QC,2026-08-22,夜班,N12,EMPSX0165,SX-QC-QC-IP-PET2,PET线品控2,1,3,11.0,8.0,3.0,,FULL62-W1
SX,SX-QC,2026-08-22,夜班,N12,EMPSX0174,SX-QC-QC-IP-RB,RB线品控,1,3,11.0,8.0,3.0,,FULL62-W1
SX,SX-RB01,2026-08-22,夜班,N12,EMPSX0038,SX-RB01-FILL,灌注机岗,1,3,11.0,8.0,3.0,F,FULL62-W1
SX,SX-RB01,2026-08-22,夜班,N12,EMPSX0099,SX-RB01-QC-BOTTLE,空瓶检测岗,1,3,11.0,8.0,3.0,F,FULL62-W1
SX,SX-RB01,2026-08-22,夜班,N12,EMPSX0092,SX-RB01-QC-FGI1,成品目检岗1,1,3,11.0,8.0,3.0,F,FULL62-W1
SX,SX-RB01,2026-08-22,夜班,N12,EMPSX0095,SX-RB01-QC-FGI2,成品目检岗2,1,3,11.0,8.0,3.0,F,FULL62-W1
SX,SX-SYRUP,2026-08-22,夜班,N12,EMPSX0120,SX-SYRUP-SYRUP-POST1,后糖岗1,1,3,11.0,8.0,3.0,,FULL62-W1
SX,SX-SYRUP,2026-08-22,夜班,N12,EMPSX0124,SX-SYRUP-SYRUP-POST2,后糖岗2,1,3,11.0,8.0,3.0,,FULL62-W1
SX,SX-UTIL,2026-08-22,夜班,N12,EMPSX0127,SX-UTIL-WWTP,污水处理岗,0,4,11.0,8.0,3.0,,FULL62-W1
HB,HB-AS01,2026-08-23,白班,D12,EMPHB0304,HB-AS01-CARTON,上纸箱岗,0,3,11.0,8.0,3.0,,FULL62-W1
HB,HB-AS01,2026-08-23,白班,D12,EMPHB0235,HB-AS01-FILL,灌注机岗,1,3,11.0,8.0,3.0,,FULL62-W1
HB,HB-AS01,2026-08-23,白班,D12,EMPHB0205,HB-AS01-HANDLE-1,提扣机岗1,0,4,11.0,8.0,3.0,,FULL62-W1
HB,HB-AS01,2026-08-23,白班,D12,EMPHB0253,HB-AS01-HANDLE-2,提扣机岗2,0,3,11.0,8.0,3.0,,FULL62-W1
HB,HB-AS01,2026-08-23,白班,D12,EMPHB0196,HB-AS01-LABEL,贴标机岗,0,4,11.0,8.0,3.0,,FULL62-W1
HB,HB-AS01,2026-08-23,白班,D12,EMPHB0199,HB-AS01-PACK-SHRINK,膜包机岗,0,3,11.0,8.0,3.0,,FULL62-W1
HB,HB-AS01,2026-08-23,白班,D12,EMPHB0246,HB-AS01-PALLET,码垛机岗,0,4,11.0,8.0,3.0,,FULL62-W1
HB,HB-AS01,2026-08-23,白班,D12,EMPHB0273,HB-AS01-SHIFT-LEADER,生产领班,1,3,11.0,8.0,3.0,,FULL62-W1
HB,HB-AS01,2026-08-23,白班,D12,EMPHB0307,HB-AS01-UHT-1,UHT&调配&果肉操作1,1,4,11.0,8.0,3.0,,FULL62-W1
HB,HB-AS01,2026-08-23,白班,D12,EMPHB0314,HB-AS01-UHT-2,UHT&调配&果肉操作2,1,3,11.0,8.0,3.0,,FULL62-W1
HB,HB-ENG,2026-08-23,白班,D12,EMPHB0321,HB-ENG-ELEC-1,电气维修工程师1,1,4,11.0,8.0,3.0,,FULL62-W1
HB,HB-ENG2,2026-08-23,白班,D12,EMPHB0341,HB-ENG2-AIRCOMP,空压岗,1,3,11.0,8.0,3.0,,FULL62-W1
HB,HB-ENG2,2026-08-23,白班,D12,EMPHB0344,HB-ENG2-BOILER,锅炉岗,0,4,11.0,8.0,3.0,,FULL62-W1
HB,HB-ENG2,2026-08-23,白班,D12,EMPHB0335,HB-ENG2-ELEC-OUT1,外围电工1,1,4,11.0,8.0,3.0,,FULL62-W1
HB,HB-ENG2,2026-08-23,白班,D12,EMPHB0351,HB-ENG2-WWTP,污水岗,0,3,11.0,8.0,3.0,,FULL62-W1
HB,HB-PET01,2026-08-23,白班,D12,EMPHB0185,HB-PET01-BLOW,吹瓶机岗,1,3,11.0,8.0,3.0,,FULL62-W1
HB,HB-PET01,2026-08-23,白班,D12,EMPHB0280,HB-PET01-FILL,灌注机岗,1,3,11.0,8.0,3.0,,FULL62-W1
HB,HB-PET01,2026-08-23,白班,D12,EMPHB0251,HB-PET01-HANDLE-1,提扣机岗1,0,4,11.0,8.0,3.0,,FULL62-W1
HB,HB-PET01,2026-08-23,白班,D12,EMPHB0297,HB-PET01-HANDLE-2,提扣机岗2,0,1,11.0,8.0,3.0,,FULL62-W1
HB,HB-PET01,2026-08-23,白班,D12,EMPHB0289,HB-PET01-PACK-SHRINK,膜包机岗,0,3,11.0,8.0,3.0,,FULL62-W1
HB,HB-PET01,2026-08-23,白班,D12,EMPHB0227,HB-PET01-PALLET,码垛机岗,0,4,11.0,8.0,3.0,,FULL62-W1
HB,HB-PET01,2026-08-23,白班,D12,EMPHB0183,HB-PET01-SHIFT-ENG,倒班工程师,1,4,11.0,8.0,3.0,,FULL62-W1
HB,HB-PET02,2026-08-23,白班,D12,EMPHB0216,HB-PET02-BLOW-FILL,吹瓶、灌装岗位,1,3,11.0,8.0,3.0,A,FULL62-W1
HB,HB-PET03,2026-08-23,白班,D12,EMPHB0276,HB-PET03-BLOW,吹瓶机岗,1,3,11.0,8.0,3.0,,FULL62-W1
HB,HB-PET03,2026-08-23,白班,D12,EMPHB0236,HB-PET03-FILL,灌注机岗,1,3,11.0,8.0,3.0,,FULL62-W1
HB,HB-PET03,2026-08-23,白班,D12,EMPHB0206,HB-PET03-HANDLE-2,提扣机岗2,0,2,11.0,8.0,3.0,,FULL62-W1
HB,HB-PET03,2026-08-23,白班,D12,EMPHB0219,HB-PET03-LABEL,贴标机岗,0,4,11.0,8.0,3.0,,FULL62-W1
HB,HB-PET03,2026-08-23,白班,D12,EMPHB0224,HB-PET03-PACK-SHRINK,膜包机岗,0,4,11.0,8.0,3.0,,FULL62-W1
HB,HB-PET03,2026-08-23,白班,D12,EMPHB0202,HB-PET03-PALLET,码垛机岗,0,3,11.0,8.0,3.0,,FULL62-W1
HB,HB-QC,2026-08-23,白班,D12,EMPHB0358,HB-QC-QC-RM-AS,无菌线原物料品控,1,4,11.0,8.0,3.0,,FULL62-W1
HB,HB-QC,2026-08-23,白班,D12,EMPHB0356,HB-QC-QC-RM-SODA,汽水线原物料品控,1,3,11.0,8.0,3.0,,FULL62-W1
HB,HB-QC2,2026-08-23,白班,D12,EMPHB0384,HB-QC2-QC-BLOW,吹瓶品控,1,3,11.0,8.0,3.0,,FULL62-W1
HB,HB-QC2,2026-08-23,白班,D12,EMPHB0392,HB-QC2-QC-IP-AS,无菌线制程品控,1,3,11.0,8.0,3.0,,FULL62-W1
HB,HB-QC2,2026-08-23,白班,D12,EMPHB0374,HB-QC2-QC-IP-PET02,PET02线制程品控,1,3,11.0,8.0,3.0,,FULL62-W1
HB,HB-QC2,2026-08-23,白班,D12,EMPHB0379,HB-QC2-QC-IP-PET03,PET03线制程品控,1,3,11.0,8.0,3.0,,FULL62-W1
HB,HB-QC2,2026-08-23,白班,D12,EMPHB0388,HB-QC2-QC-WATER,水糖品控,1,3,11.0,8.0,3.0,,FULL62-W1
HB,HB-SYRUP,2026-08-23,白班,D12,EMPHB0266,HB-SYRUP-SYRUP-POST1,后糖岗1,1,4,11.0,8.0,3.0,,FULL62-W1
HB,HB-SYRUP,2026-08-23,白班,D12,EMPHB0269,HB-SYRUP-SYRUP-POST2,后糖岗2,1,4,11.0,8.0,3.0,,FULL62-W1
HB,HB-SYRUP,2026-08-23,白班,D12,EMPHB0259,HB-SYRUP-WATER,水处理操作岗,1,4,11.0,8.0,3.0,,FULL62-W1
SX,SX-BIB01,2026-08-23,白班,D12,EMPSX0101,SX-BIB01-FILL,灌装岗,1,4,11.0,8.0,3.0,,FULL62-W1
SX,SX-BIB01,2026-08-23,白班,D12,EMPSX0107,SX-BIB01-PACK-1,包装岗1,0,3,11.0,8.0,3.0,,FULL62-W1
SX,SX-BIB01,2026-08-23,白班,D12,EMPSX0036,SX-BIB01-PACK-2,包装岗2,0,3,11.0,8.0,3.0,,FULL62-W1
SX,SX-BIB01,2026-08-23,白班,D12,EMPSX0114,SX-BIB01-PACK-3,包装岗3,0,3,11.0,8.0,3.0,,FULL62-W1
SX,SX-CAN01,2026-08-23,白班,D12,EMPSX0079,SX-CAN01-DEPAL-CAN,卸罐机岗,0,2,11.0,8.0,3.0,,FULL62-W1
SX,SX-CAN01,2026-08-23,白班,D12,EMPSX0069,SX-CAN01-PACK-MULTI,多包装机,0,4,11.0,8.0,3.0,,FULL62-W1
SX,SX-CAN01,2026-08-23,白班,D12,EMPSX0109,SX-CAN01-PACK-SHRINK,塑包机岗,0,2,11.0,8.0,3.0,,FULL62-W1
SX,SX-CAN01,2026-08-23,白班,D12,EMPSX0014,SX-CAN01-PALLET,码垛机岗,0,3,11.0,8.0,3.0,,FULL62-W1
SX,SX-ENG,2026-08-23,白班,D12,EMPSX0137,SX-ENG-AIRCOMP,制冷空压机岗,1,3,11.0,8.0,3.0,,FULL62-W1
SX,SX-ENG,2026-08-23,白班,D12,EMPSX0141,SX-ENG-BOILER,锅炉操作岗,0,3,11.0,8.0,3.0,,FULL62-W1
SX,SX-ENG,2026-08-23,白班,D12,EMPSX0130,SX-ENG-ELEC-LINE1,生产线电工1,1,3,11.0,8.0,3.0,,FULL62-W1
SX,SX-ENG,2026-08-23,白班,D12,EMPSX0146,SX-ENG-MECH-LINE,生产线机修岗,0,3,11.0,8.0,3.0,,FULL62-W1
SX,SX-ENG,2026-08-23,白班,D12,EMPSX0147,SX-ENG-MECH-LINE,生产线机修岗,0,4,11.0,8.0,3.0,,FULL62-W1
SX,SX-ENG,2026-08-23,白班,D12,EMPSX0150,SX-ENG-MECH-LINE,生产线机修岗,0,3,11.0,8.0,3.0,,FULL62-W1
SX,SX-PET01,2026-08-23,白班,D12,EMPSX0001,SX-PET01-BLOW-LABEL,吹贴机岗,1,3,11.0,8.0,3.0,,FULL62-W1
SX,SX-PET01,2026-08-23,白班,D12,EMPSX0020,SX-PET01-FGI,FGI岗,0,3,11.0,8.0,3.0,,FULL62-W1
SX,SX-PET01,2026-08-23,白班,D12,EMPSX0037,SX-PET01-FILL,灌注机岗,1,3,11.0,8.0,3.0,,FULL62-W1
SX,SX-PET01,2026-08-23,白班,D12,EMPSX0027,SX-PET01-HANDLE,提扣机岗,0,3,11.0,8.0,3.0,,FULL62-W1
SX,SX-PET01,2026-08-23,白班,D12,EMPSX0010,SX-PET01-PACK-SHRINK,塑包机岗,0,3,11.0,8.0,3.0,,FULL62-W1
SX,SX-PET01,2026-08-23,白班,D12,EMPSX0048,SX-PET01-PALLET,码垛机岗,0,3,11.0,8.0,3.0,,FULL62-W1
SX,SX-PET01,2026-08-23,白班,D12,EMPSX0015,SX-PET01-PALLET-LABEL,垛贴码岗,0,2,11.0,8.0,3.0,,FULL62-W1
SX,SX-PET02,2026-08-23,白班,D12,EMPSX0030,SX-PET02-BLOW,吹瓶机岗,1,3,11.0,8.0,3.0,,FULL62-W1
SX,SX-PET02,2026-08-23,白班,D12,EMPSX0059,SX-PET02-FILL,灌注机岗,1,4,11.0,8.0,3.0,,FULL62-W1
SX,SX-PET02,2026-08-23,白班,D12,EMPSX0035,SX-PET02-LABEL,贴标机岗,0,3,11.0,8.0,3.0,,FULL62-W1
SX,SX-PET02,2026-08-23,白班,D12,EMPSX0055,SX-PET02-PALLET-LABEL,垛贴码岗,0,3,11.0,8.0,3.0,,FULL62-W1
SX,SX-QC,2026-08-23,白班,D12,EMPSX0156,SX-QC-QC-AUX,辅线品控（水、糖、BIB）,1,3,11.0,8.0,3.0,,FULL62-W1
SX,SX-QC,2026-08-23,白班,D12,EMPSX0178,SX-QC-QC-BLOW,吹瓶品控,1,4,11.0,8.0,3.0,,FULL62-W1
SX,SX-QC,2026-08-23,白班,D12,EMPSX0169,SX-QC-QC-IP-CAN,CAN线品控,1,4,11.0,8.0,3.0,,FULL62-W1
SX,SX-QC,2026-08-23,白班,D12,EMPSX0166,SX-QC-QC-IP-PET2,PET线品控2,1,3,11.0,8.0,3.0,,FULL62-W1
SX,SX-QC,2026-08-23,白班,D12,EMPSX0176,SX-QC-QC-IP-RB,RB线品控,1,3,11.0,8.0,3.0,,FULL62-W1
SX,SX-RB01,2026-08-23,白班,D12,EMPSX0076,SX-RB01-DEPAL,码卸垛机岗,0,3,11.0,8.0,3.0,,FULL62-W1
SX,SX-RB01,2026-08-23,白班,D12,EMPSX0058,SX-RB01-FILL,灌注机岗,1,4,11.0,8.0,3.0,,FULL62-W1
SX,SX-RB01,2026-08-23,白班,D12,EMPSX0080,SX-RB01-LOADER,装卸箱机岗,0,3,11.0,8.0,3.0,,FULL62-W1
SX,SX-RB01,2026-08-23,白班,D12,EMPSX0082,SX-RB01-WASHER,洗瓶机岗,0,3,11.0,8.0,3.0,,FULL62-W1
SX,SX-SYRUP,2026-08-23,白班,D12,EMPSX0118,SX-SYRUP-SYRUP-POST1,后糖岗1,1,3,11.0,8.0,3.0,,FULL62-W1
SX,SX-SYRUP,2026-08-23,白班,D12,EMPSX0123,SX-SYRUP-SYRUP-POST2,后糖岗2,1,3,11.0,8.0,3.0,,FULL62-W1
HB,HB-ENG,2026-08-23,常白班,D8,EMPHB0324,HB-ENG-ELEC-2,电气维修工程师2,1,4,8.0,8.0,0.0,,FULL62-W1
HB,HB-ENG,2026-08-23,常白班,D8,EMPHB0326,HB-ENG-ENG-BLOW,吹瓶机工程师,1,4,8.0,8.0,0.0,,FULL62-W1
HB,HB-ENG,2026-08-23,常白班,D8,EMPHB0328,HB-ENG-ENG-FILL,灌装机工程师,1,3,8.0,8.0,0.0,,FULL62-W1
HB,HB-ENG,2026-08-23,常白班,D8,EMPHB0329,HB-ENG-ENG-LABEL,贴标机工程师,1,3,8.0,8.0,0.0,,FULL62-W1
HB,HB-ENG,2026-08-23,常白班,D8,EMPHB0332,HB-ENG-ENG-PACK,膜包机工程师,1,3,8.0,8.0,0.0,,FULL62-W1
HB,HB-ENG,2026-08-23,常白班,D8,EMPHB0333,HB-ENG-ENG-PALLET,码垛机工程师,1,4,8.0,8.0,0.0,,FULL62-W1
HB,HB-ENG2,2026-08-23,常白班,D8,EMPHB0340,HB-ENG2-ELEC-OUT2,外围电工2,1,4,8.0,8.0,0.0,,FULL62-W1
HB,HB-QC,2026-08-23,常白班,D8,EMPHB0364,HB-QC-QC-MICRO-AS1,无菌线微生物品控1,1,4,8.0,8.0,0.0,,FULL62-W1
HB,HB-QC,2026-08-23,常白班,D8,EMPHB0366,HB-QC-QC-MICRO-AS2,无菌线微生物品控2,1,3,8.0,8.0,0.0,,FULL62-W1
HB,HB-QC,2026-08-23,常白班,D8,EMPHB0368,HB-QC-QC-MICRO-AS3,无菌线微生物品控3,1,4,8.0,8.0,0.0,,FULL62-W1
HB,HB-QC,2026-08-23,常白班,D8,EMPHB0361,HB-QC-QC-MICRO-SODA,汽水线微生物品控,1,4,8.0,8.0,0.0,,FULL62-W1
HB,HB-SYRUP,2026-08-23,常白班,D8,EMPHB0261,HB-SYRUP-SYRUP-PRE,前糖岗,1,3,8.0,8.0,0.0,,FULL62-W1
SX,SX-ENG,2026-08-23,常白班,D8,EMPSX0133,SX-ENG-ELEC-LINE2,生产线电工2,1,3,8.0,8.0,0.0,,FULL62-W1
SX,SX-ENG,2026-08-23,常白班,D8,EMPSX0136,SX-ENG-ELEC-OUT,外围电工,1,4,8.0,8.0,0.0,,FULL62-W1
SX,SX-QC,2026-08-23,常白班,D8,EMPSX0159,SX-QC-QC-MICRO,微生物品控,1,3,8.0,8.0,0.0,,FULL62-W1
SX,SX-QC,2026-08-23,常白班,D8,EMPSX0158,SX-QC-QC-RM,原物料品控,1,4,8.0,8.0,0.0,,FULL62-W1
SX,SX-SYRUP,2026-08-23,常白班,D8,EMPSX0116,SX-SYRUP-SYRUP-PRE,前糖岗,1,3,8.0,8.0,0.0,,FULL62-W1
SX,SX-UTIL,2026-08-23,常白班,D8,EMPSX0126,SX-UTIL-WATER,水处理操作岗,1,4,8.0,8.0,0.0,,FULL62-W1
HB,HB-AS01,2026-08-23,夜班,N12,EMPHB0275,HB-AS01-BLOW,吹瓶机岗,1,3,11.0,8.0,3.0,,FULL62-W1
HB,HB-AS01,2026-08-23,夜班,N12,EMPHB0303,HB-AS01-CARTON,上纸箱岗,0,4,11.0,8.0,3.0,,FULL62-W1
HB,HB-AS01,2026-08-23,夜班,N12,EMPHB0190,HB-AS01-FILL,灌注机岗,1,4,11.0,8.0,3.0,,FULL62-W1
HB,HB-AS01,2026-08-23,夜班,N12,EMPHB0250,HB-AS01-HANDLE-1,提扣机岗1,0,3,11.0,8.0,3.0,,FULL62-W1
HB,HB-AS01,2026-08-23,夜班,N12,EMPHB0302,HB-AS01-HANDLE-2,提扣机岗2,0,3,11.0,8.0,3.0,,FULL62-W1
HB,HB-AS01,2026-08-23,夜班,N12,EMPHB0237,HB-AS01-LABEL,贴标机岗,0,3,11.0,8.0,3.0,,FULL62-W1
HB,HB-AS01,2026-08-23,夜班,N12,EMPHB0283,HB-AS01-PACK-SHRINK,膜包机岗,0,3,11.0,8.0,3.0,,FULL62-W1
HB,HB-AS01,2026-08-23,夜班,N12,EMPHB0292,HB-AS01-PALLET,码垛机岗,0,4,11.0,8.0,3.0,,FULL62-W1
HB,HB-AS01,2026-08-23,夜班,N12,EMPHB0272,HB-AS01-SHIFT-LEADER,生产领班,1,3,11.0,8.0,3.0,,FULL62-W1
HB,HB-AS01,2026-08-23,夜班,N12,EMPHB0310,HB-AS01-UHT-1,UHT&调配&果肉操作1,1,3,11.0,8.0,3.0,,FULL62-W1
HB,HB-AS01,2026-08-23,夜班,N12,EMPHB0312,HB-AS01-UHT-2,UHT&调配&果肉操作2,1,3,11.0,8.0,3.0,,FULL62-W1
HB,HB-AS01,2026-08-23,夜班,N12,EMPHB0298,HB-AS01-UHT-AUX,辅助工,0,3,11.0,8.0,3.0,,FULL62-W1
HB,HB-ENG,2026-08-23,夜班,N12,EMPHB0320,HB-ENG-ELEC-1,电气维修工程师1,1,3,11.0,8.0,3.0,,FULL62-W1
HB,HB-ENG2,2026-08-23,夜班,N12,EMPHB0345,HB-ENG2-AIRCOMP,空压岗,1,3,11.0,8.0,3.0,,FULL62-W1
HB,HB-ENG2,2026-08-23,夜班,N12,EMPHB0336,HB-ENG2-ELEC-OUT1,外围电工1,1,3,11.0,8.0,3.0,,FULL62-W1
HB,HB-ENG2,2026-08-23,夜班,N12,EMPHB0350,HB-ENG2-WWTP,污水岗,0,3,11.0,8.0,3.0,,FULL62-W1
HB,HB-PET01,2026-08-23,夜班,N12,EMPHB0210,HB-PET01-HANDLE-1,提扣机岗1,0,2,11.0,8.0,3.0,,FULL62-W1
HB,HB-PET01,2026-08-23,夜班,N12,EMPHB0211,HB-PET01-HANDLE-2,提扣机岗2,0,4,11.0,8.0,3.0,,FULL62-W1
HB,HB-PET01,2026-08-23,夜班,N12,EMPHB0239,HB-PET01-LABEL,贴标机岗,0,3,11.0,8.0,3.0,,FULL62-W1
HB,HB-PET01,2026-08-23,夜班,N12,EMPHB0198,HB-PET01-PACK-SHRINK,膜包机岗,0,3,11.0,8.0,3.0,,FULL62-W1
HB,HB-PET01,2026-08-23,夜班,N12,EMPHB0294,HB-PET01-PALLET,码垛机岗,0,3,11.0,8.0,3.0,,FULL62-W1
HB,HB-PET02,2026-08-23,夜班,N12,EMPHB0213,HB-PET02-BLOW-FILL,吹瓶、灌装岗位,1,3,11.0,8.0,3.0,B,FULL62-W1
HB,HB-PET03,2026-08-23,夜班,N12,EMPHB0188,HB-PET03-BLOW,吹瓶机岗,1,3,11.0,8.0,3.0,,FULL62-W1
HB,HB-PET03,2026-08-23,夜班,N12,EMPHB0192,HB-PET03-FILL,灌注机岗,1,3,11.0,8.0,3.0,,FULL62-W1
HB,HB-PET03,2026-08-23,夜班,N12,EMPHB0209,HB-PET03-HANDLE-2,提扣机岗2,0,4,11.0,8.0,3.0,,FULL62-W1
HB,HB-PET03,2026-08-23,夜班,N12,EMPHB0220,HB-PET03-LABEL,贴标机岗,0,4,11.0,8.0,3.0,,FULL62-W1
HB,HB-PET03,2026-08-23,夜班,N12,EMPHB0222,HB-PET03-PACK-SHRINK,膜包机岗,0,3,11.0,8.0,3.0,,FULL62-W1
HB,HB-PET03,2026-08-23,夜班,N12,EMPHB0228,HB-PET03-PALLET,码垛机岗,0,3,11.0,8.0,3.0,,FULL62-W1
HB,HB-QC2,2026-08-23,夜班,N12,EMPHB0383,HB-QC2-QC-BLOW,吹瓶品控,1,4,11.0,8.0,3.0,,FULL62-W1
HB,HB-QC2,2026-08-23,夜班,N12,EMPHB0389,HB-QC2-QC-IP-AS,无菌线制程品控,1,3,11.0,8.0,3.0,,FULL62-W1
HB,HB-QC2,2026-08-23,夜班,N12,EMPHB0370,HB-QC2-QC-IP-PET01,PET01线制程品控,1,3,11.0,8.0,3.0,,FULL62-W1
HB,HB-QC2,2026-08-23,夜班,N12,EMPHB0375,HB-QC2-QC-IP-PET02,PET02线制程品控,1,3,11.0,8.0,3.0,,FULL62-W1
HB,HB-QC2,2026-08-23,夜班,N12,EMPHB0377,HB-QC2-QC-IP-PET03,PET03线制程品控,1,3,11.0,8.0,3.0,,FULL62-W1
HB,HB-QC2,2026-08-23,夜班,N12,EMPHB0386,HB-QC2-QC-WATER,水糖品控,1,3,11.0,8.0,3.0,,FULL62-W1
HB,HB-SYRUP,2026-08-23,夜班,N12,EMPHB0257,HB-SYRUP-WATER,水处理操作岗,1,3,11.0,8.0,3.0,,FULL62-W1
SX,SX-BIB01,2026-08-23,夜班,N12,EMPSX0103,SX-BIB01-FILL,灌装岗,1,3,11.0,8.0,3.0,,FULL62-W1
SX,SX-BIB01,2026-08-23,夜班,N12,EMPSX0105,SX-BIB01-PACK-1,包装岗1,0,3,11.0,8.0,3.0,,FULL62-W1
SX,SX-BIB01,2026-08-23,夜班,N12,EMPSX0110,SX-BIB01-PACK-2,包装岗2,0,3,11.0,8.0,3.0,,FULL62-W1
SX,SX-CAN01,2026-08-23,夜班,N12,EMPSX0054,SX-CAN01-DEPAL-CAN,卸罐机岗,0,4,11.0,8.0,3.0,,FULL62-W1
SX,SX-CAN01,2026-08-23,夜班,N12,EMPSX0006,SX-CAN01-FILL,灌注机岗,1,4,11.0,8.0,3.0,,FULL62-W1
SX,SX-CAN01,2026-08-23,夜班,N12,EMPSX0071,SX-CAN01-PACK-MULTI,多包装机,0,4,11.0,8.0,3.0,,FULL62-W1
SX,SX-CAN01,2026-08-23,夜班,N12,EMPSX0064,SX-CAN01-PACK-SHRINK,塑包机岗,0,3,11.0,8.0,3.0,,FULL62-W1
SX,SX-CAN01,2026-08-23,夜班,N12,EMPSX0068,SX-CAN01-PALLET,码垛机岗,0,3,11.0,8.0,3.0,,FULL62-W1
SX,SX-ENG,2026-08-23,夜班,N12,EMPSX0139,SX-ENG-AIRCOMP,制冷空压机岗,1,3,11.0,8.0,3.0,,FULL62-W1
SX,SX-ENG,2026-08-23,夜班,N12,EMPSX0143,SX-ENG-BOILER,锅炉操作岗,0,3,11.0,8.0,3.0,,FULL62-W1
SX,SX-ENG,2026-08-23,夜班,N12,EMPSX0132,SX-ENG-ELEC-LINE1,生产线电工1,1,3,11.0,8.0,3.0,,FULL62-W1
SX,SX-ENG,2026-08-23,夜班,N12,EMPSX0151,SX-ENG-MECH-LINE,生产线机修岗,0,3,11.0,8.0,3.0,,FULL62-W1
SX,SX-PET01,2026-08-23,夜班,N12,EMPSX0003,SX-PET01-BLOW-LABEL,吹贴机岗,1,4,11.0,8.0,3.0,,FULL62-W1
SX,SX-PET01,2026-08-23,夜班,N12,EMPSX0019,SX-PET01-FGI,FGI岗,0,3,11.0,8.0,3.0,,FULL62-W1
SX,SX-PET01,2026-08-23,夜班,N12,EMPSX0044,SX-PET01-PACK-SHRINK,塑包机岗,0,4,11.0,8.0,3.0,,FULL62-W1
SX,SX-PET01,2026-08-23,夜班,N12,EMPSX0067,SX-PET01-PALLET,码垛机岗,0,3,11.0,8.0,3.0,,FULL62-W1
SX,SX-PET01,2026-08-23,夜班,N12,EMPSX0049,SX-PET01-PALLET-LABEL,垛贴码岗,0,3,11.0,8.0,3.0,,FULL62-W1
SX,SX-PET02,2026-08-23,夜班,N12,EMPSX0031,SX-PET02-BLOW,吹瓶机岗,1,3,11.0,8.0,3.0,,FULL62-W1
SX,SX-PET02,2026-08-23,夜班,N12,EMPSX0039,SX-PET02-FILL,灌注机岗,1,4,11.0,8.0,3.0,,FULL62-W1
SX,SX-PET02,2026-08-23,夜班,N12,EMPSX0011,SX-PET02-LABEL,贴标机岗,0,3,11.0,8.0,3.0,,FULL62-W1
SX,SX-PET02,2026-08-23,夜班,N12,EMPSX0045,SX-PET02-PALLET,码垛机岗,0,3,11.0,8.0,3.0,,FULL62-W1
SX,SX-PET02,2026-08-23,夜班,N12,EMPSX0023,SX-PET02-PALLET-LABEL,垛贴码岗,0,3,11.0,8.0,3.0,,FULL62-W1
SX,SX-QC,2026-08-23,夜班,N12,EMPSX0180,SX-QC-QC-BLOW,吹瓶品控,1,3,11.0,8.0,3.0,,FULL62-W1
SX,SX-QC,2026-08-23,夜班,N12,EMPSX0161,SX-QC-QC-IP-PET1,PET线品控1,1,3,11.0,8.0,3.0,,FULL62-W1
SX,SX-QC,2026-08-23,夜班,N12,EMPSX0168,SX-QC-QC-IP-PET2,PET线品控2,1,4,11.0,8.0,3.0,,FULL62-W1
SX,SX-QC,2026-08-23,夜班,N12,EMPSX0173,SX-QC-QC-IP-RB,RB线品控,1,3,11.0,8.0,3.0,,FULL62-W1
SX,SX-RB01,2026-08-23,夜班,N12,EMPSX0040,SX-RB01-FILL,灌注机岗,1,3,11.0,8.0,3.0,C,FULL62-W1
SX,SX-RB01,2026-08-23,夜班,N12,EMPSX0100,SX-RB01-QC-BOTTLE,空瓶检测岗,1,3,11.0,8.0,3.0,C,FULL62-W1
SX,SX-RB01,2026-08-23,夜班,N12,EMPSX0090,SX-RB01-QC-FGI1,成品目检岗1,1,3,11.0,8.0,3.0,C,FULL62-W1
SX,SX-RB01,2026-08-23,夜班,N12,EMPSX0093,SX-RB01-QC-FGI2,成品目检岗2,1,3,11.0,8.0,3.0,C,FULL62-W1
SX,SX-SYRUP,2026-08-23,夜班,N12,EMPSX0120,SX-SYRUP-SYRUP-POST1,后糖岗1,1,3,11.0,8.0,3.0,,FULL62-W1
SX,SX-SYRUP,2026-08-23,夜班,N12,EMPSX0121,SX-SYRUP-SYRUP-POST2,后糖岗2,1,3,11.0,8.0,3.0,,FULL62-W1
HB,HB-AS01,2026-08-24,白班,D12,EMPHB0229,HB-AS01-BLOW,吹瓶机岗,1,4,11.0,8.0,3.0,,FULL62-W1
HB,HB-AS01,2026-08-24,白班,D12,EMPHB0304,HB-AS01-CARTON,上纸箱岗,0,3,11.0,8.0,3.0,,FULL62-W1
HB,HB-AS01,2026-08-24,白班,D12,EMPHB0189,HB-AS01-FILL,灌注机岗,1,4,11.0,8.0,3.0,,FULL62-W1
HB,HB-AS01,2026-08-24,白班,D12,EMPHB0305,HB-AS01-HANDLE-1,提扣机岗1,0,3,11.0,8.0,3.0,,FULL62-W1
HB,HB-AS01,2026-08-24,白班,D12,EMPHB0318,HB-AS01-HANDLE-2,提扣机岗2,0,2,11.0,8.0,3.0,,FULL62-W1
HB,HB-AS01,2026-08-24,白班,D12,EMPHB0218,HB-AS01-LABEL,贴标机岗,0,3,11.0,8.0,3.0,,FULL62-W1
HB,HB-AS01,2026-08-24,白班,D12,EMPHB0199,HB-AS01-PACK-SHRINK,膜包机岗,0,3,11.0,8.0,3.0,,FULL62-W1
HB,HB-AS01,2026-08-24,白班,D12,EMPHB0204,HB-AS01-PALLET,码垛机岗,0,3,11.0,8.0,3.0,,FULL62-W1
HB,HB-AS01,2026-08-24,白班,D12,EMPHB0273,HB-AS01-SHIFT-LEADER,生产领班,1,3,11.0,8.0,3.0,,FULL62-W1
HB,HB-AS01,2026-08-24,白班,D12,EMPHB0315,HB-AS01-UHT-AUX,辅助工,0,3,11.0,8.0,3.0,,FULL62-W1
HB,HB-ENG,2026-08-24,白班,D12,EMPHB0322,HB-ENG-ELEC-1,电气维修工程师1,1,4,11.0,8.0,3.0,,FULL62-W1
HB,HB-ENG2,2026-08-24,白班,D12,EMPHB0347,HB-ENG2-AIRCOMP,空压岗,1,3,11.0,8.0,3.0,,FULL62-W1
HB,HB-ENG2,2026-08-24,白班,D12,EMPHB0337,HB-ENG2-ELEC-OUT1,外围电工1,1,4,11.0,8.0,3.0,,FULL62-W1
HB,HB-ENG2,2026-08-24,白班,D12,EMPHB0351,HB-ENG2-WWTP,污水岗,0,3,11.0,8.0,3.0,,FULL62-W1
HB,HB-PET01,2026-08-24,白班,D12,EMPHB0231,HB-PET01-BLOW,吹瓶机岗,1,4,11.0,8.0,3.0,,FULL62-W1
HB,HB-PET01,2026-08-24,白班,D12,EMPHB0282,HB-PET01-FILL,灌注机岗,1,4,11.0,8.0,3.0,,FULL62-W1
HB,HB-PET01,2026-08-24,白班,D12,EMPHB0207,HB-PET01-HANDLE-1,提扣机岗1,0,3,11.0,8.0,3.0,,FULL62-W1
HB,HB-PET01,2026-08-24,白班,D12,EMPHB0299,HB-PET01-HANDLE-2,提扣机岗2,0,3,11.0,8.0,3.0,,FULL62-W1
HB,HB-PET01,2026-08-24,白班,D12,EMPHB0240,HB-PET01-LABEL,贴标机岗,0,3,11.0,8.0,3.0,,FULL62-W1
HB,HB-PET01,2026-08-24,白班,D12,EMPHB0288,HB-PET01-PACK-SHRINK,膜包机岗,0,3,11.0,8.0,3.0,,FULL62-W1
HB,HB-PET01,2026-08-24,白班,D12,EMPHB0247,HB-PET01-PALLET,码垛机岗,0,3,11.0,8.0,3.0,,FULL62-W1
HB,HB-PET02,2026-08-24,白班,D12,EMPHB0216,HB-PET02-BLOW-FILL,吹瓶、灌装岗位,1,3,11.0,8.0,3.0,,FULL62-W1
HB,HB-PET02,2026-08-24,白班,D12,EMPHB0289,HB-PET02-PACK-SHRINK,膜包机岗,0,3,11.0,8.0,3.0,,FULL62-W1
HB,HB-PET03,2026-08-24,白班,D12,EMPHB0278,HB-PET03-BLOW,吹瓶机岗,1,4,11.0,8.0,3.0,,FULL62-W1
HB,HB-PET03,2026-08-24,白班,D12,EMPHB0215,HB-PET03-FILL,灌注机岗,1,3,11.0,8.0,3.0,,FULL62-W1
HB,HB-PET03,2026-08-24,白班,D12,EMPHB0295,HB-PET03-HANDLE-1,提扣机岗1,0,3,11.0,8.0,3.0,,FULL62-W1
HB,HB-PET03,2026-08-24,白班,D12,EMPHB0286,HB-PET03-LABEL,贴标机岗,0,3,11.0,8.0,3.0,,FULL62-W1
HB,HB-PET03,2026-08-24,白班,D12,EMPHB0290,HB-PET03-PACK-SHRINK,膜包机岗,0,3,11.0,8.0,3.0,,FULL62-W1
HB,HB-PET03,2026-08-24,白班,D12,EMPHB0293,HB-PET03-PALLET,码垛机岗,0,4,11.0,8.0,3.0,,FULL62-W1
HB,HB-QC2,2026-08-24,白班,D12,EMPHB0384,HB-QC2-QC-BLOW,吹瓶品控,1,3,11.0,8.0,3.0,,FULL62-W1
HB,HB-QC2,2026-08-24,白班,D12,EMPHB0390,HB-QC2-QC-IP-AS,无菌线制程品控,1,3,11.0,8.0,3.0,,FULL62-W1
HB,HB-QC2,2026-08-24,白班,D12,EMPHB0369,HB-QC2-QC-IP-PET01,PET01线制程品控,1,3,11.0,8.0,3.0,,FULL62-W1
HB,HB-QC2,2026-08-24,白班,D12,EMPHB0376,HB-QC2-QC-IP-PET02,PET02线制程品控,1,3,11.0,8.0,3.0,,FULL62-W1
HB,HB-QC2,2026-08-24,白班,D12,EMPHB0380,HB-QC2-QC-IP-PET03,PET03线制程品控,1,4,11.0,8.0,3.0,,FULL62-W1
HB,HB-QC2,2026-08-24,白班,D12,EMPHB0388,HB-QC2-QC-WATER,水糖品控,1,3,11.0,8.0,3.0,,FULL62-W1
HB,HB-SYRUP,2026-08-24,白班,D12,EMPHB0265,HB-SYRUP-SYRUP-POST1,后糖岗1,1,4,11.0,8.0,3.0,,FULL62-W1
HB,HB-SYRUP,2026-08-24,白班,D12,EMPHB0270,HB-SYRUP-SYRUP-POST2,后糖岗2,1,4,11.0,8.0,3.0,,FULL62-W1
SX,SX-BIB01,2026-08-24,白班,D12,EMPSX0101,SX-BIB01-FILL,灌装岗,1,4,11.0,8.0,3.0,,FULL62-W1
SX,SX-BIB01,2026-08-24,白班,D12,EMPSX0106,SX-BIB01-PACK-1,包装岗1,0,3,11.0,8.0,3.0,,FULL62-W1
SX,SX-BIB01,2026-08-24,白班,D12,EMPSX0112,SX-BIB01-PACK-2,包装岗2,0,3,11.0,8.0,3.0,,FULL62-W1
SX,SX-BIB01,2026-08-24,白班,D12,EMPSX0114,SX-BIB01-PACK-3,包装岗3,0,3,11.0,8.0,3.0,,FULL62-W1
SX,SX-CAN01,2026-08-24,白班,D12,EMPSX0037,SX-CAN01-FILL,灌注机岗,1,3,11.0,8.0,3.0,,FULL62-W1
SX,SX-CAN01,2026-08-24,白班,D12,EMPSX0072,SX-CAN01-PACK-MULTI,多包装机,0,3,11.0,8.0,3.0,,FULL62-W1
SX,SX-CAN01,2026-08-24,白班,D12,EMPSX0009,SX-CAN01-PACK-SHRINK,塑包机岗,0,3,11.0,8.0,3.0,,FULL62-W1
SX,SX-CAN01,2026-08-24,白班,D12,EMPSX0048,SX-CAN01-PALLET,码垛机岗,0,3,11.0,8.0,3.0,,FULL62-W1
SX,SX-ENG,2026-08-24,白班,D12,EMPSX0144,SX-ENG-BOILER,锅炉操作岗,0,4,11.0,8.0,3.0,,FULL62-W1
SX,SX-ENG,2026-08-24,白班,D12,EMPSX0130,SX-ENG-ELEC-LINE1,生产线电工1,1,3,11.0,8.0,3.0,,FULL62-W1
SX,SX-ENG,2026-08-24,白班,D12,EMPSX0147,SX-ENG-MECH-LINE,生产线机修岗,0,4,11.0,8.0,3.0,,FULL62-W1
SX,SX-ENG,2026-08-24,白班,D12,EMPSX0149,SX-ENG-MECH-LINE,生产线机修岗,0,3,11.0,8.0,3.0,,FULL62-W1
SX,SX-ENG,2026-08-24,白班,D12,EMPSX0152,SX-ENG-MECH-LINE,生产线机修岗,0,3,11.0,8.0,3.0,,FULL62-W1
SX,SX-PET01,2026-08-24,白班,D12,EMPSX0004,SX-PET01-BLOW-LABEL,吹贴机岗,1,4,11.0,8.0,3.0,,FULL62-W1
SX,SX-PET01,2026-08-24,白班,D12,EMPSX0085,SX-PET01-FILL,灌注机岗,1,3,11.0,8.0,3.0,,FULL62-W1
SX,SX-PET01,2026-08-24,白班,D12,EMPSX0010,SX-PET01-PACK-SHRINK,塑包机岗,0,3,11.0,8.0,3.0,,FULL62-W1
SX,SX-PET01,2026-08-24,白班,D12,EMPSX0066,SX-PET01-PALLET,码垛机岗,0,3,11.0,8.0,3.0,,FULL62-W1
SX,SX-PET02,2026-08-24,白班,D12,EMPSX0029,SX-PET02-BLOW,吹瓶机岗,1,3,11.0,8.0,3.0,,FULL62-W1
SX,SX-PET02,2026-08-24,白班,D12,EMPSX0057,SX-PET02-FILL,灌注机岗,1,3,11.0,8.0,3.0,,FULL62-W1
SX,SX-PET02,2026-08-24,白班,D12,EMPSX0033,SX-PET02-LABEL,贴标机岗,0,3,11.0,8.0,3.0,,FULL62-W1
SX,SX-PET02,2026-08-24,白班,D12,EMPSX0062,SX-PET02-PACK-SHRINK,塑包机岗,0,3,11.0,8.0,3.0,,FULL62-W1
SX,SX-PET02,2026-08-24,白班,D12,EMPSX0014,SX-PET02-PALLET,码垛机岗,0,3,11.0,8.0,3.0,,FULL62-W1
SX,SX-PET02,2026-08-24,白班,D12,EMPSX0022,SX-PET02-PALLET-LABEL,垛贴码岗,0,3,11.0,8.0,3.0,,FULL62-W1
SX,SX-QC,2026-08-24,白班,D12,EMPSX0156,SX-QC-QC-AUX,辅线品控（水、糖、BIB）,1,3,11.0,8.0,3.0,,FULL62-W1
SX,SX-QC,2026-08-24,白班,D12,EMPSX0178,SX-QC-QC-BLOW,吹瓶品控,1,4,11.0,8.0,3.0,,FULL62-W1
SX,SX-QC,2026-08-24,白班,D12,EMPSX0169,SX-QC-QC-IP-CAN,CAN线品控,1,4,11.0,8.0,3.0,,FULL62-W1
SX,SX-QC,2026-08-24,白班,D12,EMPSX0162,SX-QC-QC-IP-PET1,PET线品控1,1,4,11.0,8.0,3.0,,FULL62-W1
SX,SX-QC,2026-08-24,白班,D12,EMPSX0165,SX-QC-QC-IP-PET2,PET线品控2,1,3,11.0,8.0,3.0,,FULL62-W1
SX,SX-QC,2026-08-24,白班,D12,EMPSX0175,SX-QC-QC-IP-RB,RB线品控,1,4,11.0,8.0,3.0,,FULL62-W1
SX,SX-RB01,2026-08-24,白班,D12,EMPSX0076,SX-RB01-DEPAL,码卸垛机岗,0,3,11.0,8.0,3.0,,FULL62-W1
SX,SX-RB01,2026-08-24,白班,D12,EMPSX0060,SX-RB01-FILL,灌注机岗,1,3,11.0,8.0,3.0,,FULL62-W1
SX,SX-RB01,2026-08-24,白班,D12,EMPSX0079,SX-RB01-LOADER,装卸箱机岗,0,4,11.0,8.0,3.0,,FULL62-W1
SX,SX-RB01,2026-08-24,白班,D12,EMPSX0094,SX-RB01-QC-FGI2,成品目检岗2,1,3,11.0,8.0,3.0,,FULL62-W1
SX,SX-RB01,2026-08-24,白班,D12,EMPSX0081,SX-RB01-WASHER,洗瓶机岗,0,4,11.0,8.0,3.0,,FULL62-W1
SX,SX-SYRUP,2026-08-24,白班,D12,EMPSX0119,SX-SYRUP-SYRUP-POST1,后糖岗1,1,3,11.0,8.0,3.0,,FULL62-W1
HB,HB-ENG,2026-08-24,常白班,D8,EMPHB0323,HB-ENG-ELEC-2,电气维修工程师2,1,4,8.0,8.0,0.0,,FULL62-W1
HB,HB-ENG,2026-08-24,常白班,D8,EMPHB0326,HB-ENG-ENG-BLOW,吹瓶机工程师,1,4,8.0,8.0,0.0,,FULL62-W1
HB,HB-ENG,2026-08-24,常白班,D8,EMPHB0328,HB-ENG-ENG-FILL,灌装机工程师,1,3,8.0,8.0,0.0,,FULL62-W1
HB,HB-ENG,2026-08-24,常白班,D8,EMPHB0329,HB-ENG-ENG-LABEL,贴标机工程师,1,3,8.0,8.0,0.0,,FULL62-W1
HB,HB-ENG,2026-08-24,常白班,D8,EMPHB0331,HB-ENG-ENG-PACK,膜包机工程师,1,3,8.0,8.0,0.0,,FULL62-W1
HB,HB-ENG,2026-08-24,常白班,D8,EMPHB0334,HB-ENG-ENG-PALLET,码垛机工程师,1,3,8.0,8.0,0.0,,FULL62-W1
HB,HB-ENG2,2026-08-24,常白班,D8,EMPHB0340,HB-ENG2-ELEC-OUT2,外围电工2,1,4,8.0,8.0,0.0,,FULL62-W1
HB,HB-QC,2026-08-24,常白班,D8,EMPHB0363,HB-QC-QC-MICRO-AS1,无菌线微生物品控1,1,3,8.0,8.0,0.0,,FULL62-W1
HB,HB-QC,2026-08-24,常白班,D8,EMPHB0366,HB-QC-QC-MICRO-AS2,无菌线微生物品控2,1,3,8.0,8.0,0.0,,FULL62-W1
HB,HB-QC,2026-08-24,常白班,D8,EMPHB0368,HB-QC-QC-MICRO-AS3,无菌线微生物品控3,1,4,8.0,8.0,0.0,,FULL62-W1
HB,HB-QC,2026-08-24,常白班,D8,EMPHB0362,HB-QC-QC-MICRO-SODA,汽水线微生物品控,1,3,8.0,8.0,0.0,,FULL62-W1
HB,HB-SYRUP,2026-08-24,常白班,D8,EMPHB0262,HB-SYRUP-SYRUP-PRE,前糖岗,1,3,8.0,8.0,0.0,,FULL62-W1
SX,SX-ENG,2026-08-24,常白班,D8,EMPSX0134,SX-ENG-ELEC-LINE2,生产线电工2,1,3,8.0,8.0,0.0,,FULL62-W1
SX,SX-ENG,2026-08-24,常白班,D8,EMPSX0135,SX-ENG-ELEC-OUT,外围电工,1,4,8.0,8.0,0.0,,FULL62-W1
SX,SX-QC,2026-08-24,常白班,D8,EMPSX0159,SX-QC-QC-MICRO,微生物品控,1,3,8.0,8.0,0.0,,FULL62-W1
SX,SX-QC,2026-08-24,常白班,D8,EMPSX0158,SX-QC-QC-RM,原物料品控,1,4,8.0,8.0,0.0,,FULL62-W1
SX,SX-SYRUP,2026-08-24,常白班,D8,EMPSX0116,SX-SYRUP-SYRUP-PRE,前糖岗,1,3,8.0,8.0,0.0,,FULL62-W1
SX,SX-UTIL,2026-08-24,常白班,D8,EMPSX0126,SX-UTIL-WATER,水处理操作岗,1,4,8.0,8.0,0.0,A,FULL62-W1
HB,HB-AS01,2026-08-24,夜班,N12,EMPHB0303,HB-AS01-CARTON,上纸箱岗,0,4,11.0,8.0,3.0,,FULL62-W1
HB,HB-AS01,2026-08-24,夜班,N12,EMPHB0280,HB-AS01-FILL,灌注机岗,1,3,11.0,8.0,3.0,,FULL62-W1
HB,HB-AS01,2026-08-24,夜班,N12,EMPHB0208,HB-AS01-HANDLE-1,提扣机岗1,0,4,11.0,8.0,3.0,,FULL62-W1
HB,HB-AS01,2026-08-24,夜班,N12,EMPHB0212,HB-AS01-HANDLE-2,提扣机岗2,0,3,11.0,8.0,3.0,,FULL62-W1
HB,HB-AS01,2026-08-24,夜班,N12,EMPHB0237,HB-AS01-LABEL,贴标机岗,0,3,11.0,8.0,3.0,,FULL62-W1
HB,HB-AS01,2026-08-24,夜班,N12,EMPHB0222,HB-AS01-PACK-SHRINK,膜包机岗,0,3,11.0,8.0,3.0,,FULL62-W1
HB,HB-AS01,2026-08-24,夜班,N12,EMPHB0245,HB-AS01-PALLET,码垛机岗,0,3,11.0,8.0,3.0,,FULL62-W1
HB,HB-AS01,2026-08-24,夜班,N12,EMPHB0271,HB-AS01-SHIFT-LEADER,生产领班,1,3,11.0,8.0,3.0,,FULL62-W1
HB,HB-AS01,2026-08-24,夜班,N12,EMPHB0313,HB-AS01-UHT-2,UHT&调配&果肉操作2,1,4,11.0,8.0,3.0,,FULL62-W1
HB,HB-AS01,2026-08-24,夜班,N12,EMPHB0255,HB-AS01-UHT-AUX,辅助工,0,3,11.0,8.0,3.0,,FULL62-W1
HB,HB-ENG2,2026-08-24,夜班,N12,EMPHB0345,HB-ENG2-AIRCOMP,空压岗,1,3,11.0,8.0,3.0,,FULL62-W1
HB,HB-ENG2,2026-08-24,夜班,N12,EMPHB0343,HB-ENG2-BOILER,锅炉岗,0,3,11.0,8.0,3.0,,FULL62-W1
HB,HB-ENG2,2026-08-24,夜班,N12,EMPHB0338,HB-ENG2-ELEC-OUT1,外围电工1,1,3,11.0,8.0,3.0,,FULL62-W1
HB,HB-ENG2,2026-08-24,夜班,N12,EMPHB0349,HB-ENG2-WWTP,污水岗,0,3,11.0,8.0,3.0,,FULL62-W1
HB,HB-PET01,2026-08-24,夜班,N12,EMPHB0185,HB-PET01-BLOW,吹瓶机岗,1,3,11.0,8.0,3.0,,FULL62-W1
HB,HB-PET01,2026-08-24,夜班,N12,EMPHB0205,HB-PET01-HANDLE-1,提扣机岗1,0,4,11.0,8.0,3.0,,FULL62-W1
HB,HB-PET01,2026-08-24,夜班,N12,EMPHB0193,HB-PET01-LABEL,贴标机岗,0,3,11.0,8.0,3.0,,FULL62-W1
HB,HB-PET01,2026-08-24,夜班,N12,EMPHB0223,HB-PET01-PACK-SHRINK,膜包机岗,0,3,11.0,8.0,3.0,,FULL62-W1
HB,HB-PET01,2026-08-24,夜班,N12,EMPHB0292,HB-PET01-PALLET,码垛机岗,0,4,11.0,8.0,3.0,,FULL62-W1
HB,HB-PET01,2026-08-24,夜班,N12,EMPHB0182,HB-PET01-SHIFT-ENG,倒班工程师,1,3,11.0,8.0,3.0,,FULL62-W1
HB,HB-PET02,2026-08-24,夜班,N12,EMPHB0236,HB-PET02-BLOW-FILL,吹瓶、灌装岗位,1,3,11.0,8.0,3.0,,FULL62-W1
HB,HB-PET02,2026-08-24,夜班,N12,EMPHB0197,HB-PET02-LABEL,贴标机岗,0,3,11.0,8.0,3.0,,FULL62-W1
HB,HB-PET02,2026-08-24,夜班,N12,EMPHB0221,HB-PET02-PACK-SHRINK,膜包机岗,0,4,11.0,8.0,3.0,,FULL62-W1
HB,HB-PET02,2026-08-24,夜班,N12,EMPHB0227,HB-PET02-PALLET,码垛机岗,0,4,11.0,8.0,3.0,,FULL62-W1
HB,HB-PET03,2026-08-24,夜班,N12,EMPHB0187,HB-PET03-BLOW,吹瓶机岗,1,3,11.0,8.0,3.0,,FULL62-W1
HB,HB-PET03,2026-08-24,夜班,N12,EMPHB0316,HB-PET03-HANDLE-1,提扣机岗1,0,3,11.0,8.0,3.0,,FULL62-W1
HB,HB-PET03,2026-08-24,夜班,N12,EMPHB0254,HB-PET03-HANDLE-2,提扣机岗2,0,4,11.0,8.0,3.0,,FULL62-W1
HB,HB-PET03,2026-08-24,夜班,N12,EMPHB0217,HB-PET03-LABEL,贴标机岗,0,3,11.0,8.0,3.0,,FULL62-W1
HB,HB-PET03,2026-08-24,夜班,N12,EMPHB0244,HB-PET03-PACK-SHRINK,膜包机岗,0,3,11.0,8.0,3.0,,FULL62-W1
HB,HB-QC,2026-08-24,夜班,N12,EMPHB0358,HB-QC-QC-RM-AS,无菌线原物料品控,1,4,11.0,8.0,3.0,,FULL62-W1
HB,HB-QC,2026-08-24,夜班,N12,EMPHB0355,HB-QC-QC-RM-SODA,汽水线原物料品控,1,4,11.0,8.0,3.0,,FULL62-W1
HB,HB-QC2,2026-08-24,夜班,N12,EMPHB0381,HB-QC2-QC-BLOW,吹瓶品控,1,3,11.0,8.0,3.0,,FULL62-W1
HB,HB-QC2,2026-08-24,夜班,N12,EMPHB0392,HB-QC2-QC-IP-AS,无菌线制程品控,1,3,11.0,8.0,3.0,,FULL62-W1
HB,HB-QC2,2026-08-24,夜班,N12,EMPHB0371,HB-QC2-QC-IP-PET01,PET01线制程品控,1,3,11.0,8.0,3.0,,FULL62-W1
HB,HB-QC2,2026-08-24,夜班,N12,EMPHB0375,HB-QC2-QC-IP-PET02,PET02线制程品控,1,3,11.0,8.0,3.0,,FULL62-W1
HB,HB-QC2,2026-08-24,夜班,N12,EMPHB0387,HB-QC2-QC-WATER,水糖品控,1,3,11.0,8.0,3.0,,FULL62-W1
HB,HB-SYRUP,2026-08-24,夜班,N12,EMPHB0266,HB-SYRUP-SYRUP-POST1,后糖岗1,1,4,11.0,8.0,3.0,C,FULL62-W1
HB,HB-SYRUP,2026-08-24,夜班,N12,EMPHB0268,HB-SYRUP-SYRUP-POST2,后糖岗2,1,3,11.0,8.0,3.0,C,FULL62-W1
HB,HB-SYRUP,2026-08-24,夜班,N12,EMPHB0259,HB-SYRUP-WATER,水处理操作岗,1,4,11.0,8.0,3.0,C,FULL62-W1
SX,SX-BIB01,2026-08-24,夜班,N12,EMPSX0103,SX-BIB01-FILL,灌装岗,1,3,11.0,8.0,3.0,,FULL62-W1
SX,SX-BIB01,2026-08-24,夜班,N12,EMPSX0107,SX-BIB01-PACK-1,包装岗1,0,3,11.0,8.0,3.0,,FULL62-W1
SX,SX-BIB01,2026-08-24,夜班,N12,EMPSX0110,SX-BIB01-PACK-2,包装岗2,0,3,11.0,8.0,3.0,,FULL62-W1
SX,SX-CAN01,2026-08-24,夜班,N12,EMPSX0056,SX-CAN01-DEPAL-CAN,卸罐机岗,0,3,11.0,8.0,3.0,,FULL62-W1
SX,SX-CAN01,2026-08-24,夜班,N12,EMPSX0059,SX-CAN01-FILL,灌注机岗,1,4,11.0,8.0,3.0,,FULL62-W1
SX,SX-CAN01,2026-08-24,夜班,N12,EMPSX0071,SX-CAN01-PACK-MULTI,多包装机,0,4,11.0,8.0,3.0,,FULL62-W1
SX,SX-CAN01,2026-08-24,夜班,N12,EMPSX0065,SX-CAN01-PALLET,码垛机岗,0,3,11.0,8.0,3.0,,FULL62-W1
SX,SX-ENG,2026-08-24,夜班,N12,EMPSX0141,SX-ENG-BOILER,锅炉操作岗,0,3,11.0,8.0,3.0,,FULL62-W1
SX,SX-ENG,2026-08-24,夜班,N12,EMPSX0132,SX-ENG-ELEC-LINE1,生产线电工1,1,3,11.0,8.0,3.0,,FULL62-W1
SX,SX-ENG,2026-08-24,夜班,N12,EMPSX0146,SX-ENG-MECH-LINE,生产线机修岗,0,3,11.0,8.0,3.0,,FULL62-W1
SX,SX-PET01,2026-08-24,夜班,N12,EMPSX0003,SX-PET01-BLOW-LABEL,吹贴机岗,1,4,11.0,8.0,3.0,,FULL62-W1
SX,SX-PET01,2026-08-24,夜班,N12,EMPSX0012,SX-PET01-PACK-SHRINK,塑包机岗,0,4,11.0,8.0,3.0,,FULL62-W1
SX,SX-PET01,2026-08-24,夜班,N12,EMPSX0067,SX-PET01-PALLET,码垛机岗,0,3,11.0,8.0,3.0,,FULL62-W1
SX,SX-PET01,2026-08-24,夜班,N12,EMPSX0021,SX-PET01-PALLET-LABEL,垛贴码岗,0,4,11.0,8.0,3.0,,FULL62-W1
SX,SX-PET02,2026-08-24,夜班,N12,EMPSX0031,SX-PET02-BLOW,吹瓶机岗,1,3,11.0,8.0,3.0,,FULL62-W1
SX,SX-PET02,2026-08-24,夜班,N12,EMPSX0008,SX-PET02-FILL,灌注机岗,1,4,11.0,8.0,3.0,,FULL62-W1
SX,SX-PET02,2026-08-24,夜班,N12,EMPSX0034,SX-PET02-LABEL,贴标机岗,0,3,11.0,8.0,3.0,,FULL62-W1
SX,SX-PET02,2026-08-24,夜班,N12,EMPSX0041,SX-PET02-PACK-SHRINK,塑包机岗,0,3,11.0,8.0,3.0,,FULL62-W1
SX,SX-PET02,2026-08-24,夜班,N12,EMPSX0046,SX-PET02-PALLET,码垛机岗,0,3,11.0,8.0,3.0,,FULL62-W1
SX,SX-PET02,2026-08-24,夜班,N12,EMPSX0049,SX-PET02-PALLET-LABEL,垛贴码岗,0,3,11.0,8.0,3.0,,FULL62-W1
SX,SX-QC,2026-08-24,夜班,N12,EMPSX0177,SX-QC-QC-BLOW,吹瓶品控,1,3,11.0,8.0,3.0,,FULL62-W1
SX,SX-QC,2026-08-24,夜班,N12,EMPSX0171,SX-QC-QC-IP-CAN,CAN线品控,1,3,11.0,8.0,3.0,,FULL62-W1
SX,SX-QC,2026-08-24,夜班,N12,EMPSX0164,SX-QC-QC-IP-PET1,PET线品控1,1,3,11.0,8.0,3.0,,FULL62-W1
SX,SX-QC,2026-08-24,夜班,N12,EMPSX0168,SX-QC-QC-IP-PET2,PET线品控2,1,4,11.0,8.0,3.0,,FULL62-W1
SX,SX-QC,2026-08-24,夜班,N12,EMPSX0174,SX-QC-QC-IP-RB,RB线品控,1,3,11.0,8.0,3.0,,FULL62-W1
SX,SX-RB01,2026-08-24,夜班,N12,EMPSX0007,SX-RB01-FILL,灌注机岗,1,3,11.0,8.0,3.0,B,FULL62-W1
SX,SX-RB01,2026-08-24,夜班,N12,EMPSX0100,SX-RB01-QC-BOTTLE,空瓶检测岗,1,3,11.0,8.0,3.0,B,FULL62-W1
SX,SX-RB01,2026-08-24,夜班,N12,EMPSX0092,SX-RB01-QC-FGI1,成品目检岗1,1,3,11.0,8.0,3.0,B,FULL62-W1
SX,SX-RB01,2026-08-24,夜班,N12,EMPSX0095,SX-RB01-QC-FGI2,成品目检岗2,1,3,11.0,8.0,3.0,B,FULL62-W1
SX,SX-SYRUP,2026-08-24,夜班,N12,EMPSX0117,SX-SYRUP-SYRUP-POST1,后糖岗1,1,3,11.0,8.0,3.0,,FULL62-W1
SX,SX-SYRUP,2026-08-24,夜班,N12,EMPSX0123,SX-SYRUP-SYRUP-POST2,后糖岗2,1,3,11.0,8.0,3.0,,FULL62-W1
HB,HB-AS01,2026-08-25,白班,D12,EMPHB0304,HB-AS01-CARTON,上纸箱岗,0,3,11.0,8.0,3.0,,FULL62-W1
HB,HB-AS01,2026-08-25,白班,D12,EMPHB0213,HB-AS01-FILL,灌注机岗,1,3,11.0,8.0,3.0,,FULL62-W1
HB,HB-AS01,2026-08-25,白班,D12,EMPHB0305,HB-AS01-HANDLE-1,提扣机岗1,0,3,11.0,8.0,3.0,,FULL62-W1
HB,HB-AS01,2026-08-25,白班,D12,EMPHB0210,HB-AS01-HANDLE-2,提扣机岗2,0,3,11.0,8.0,3.0,,FULL62-W1
HB,HB-AS01,2026-08-25,白班,D12,EMPHB0220,HB-AS01-LABEL,贴标机岗,0,4,11.0,8.0,3.0,,FULL62-W1
HB,HB-AS01,2026-08-25,白班,D12,EMPHB0241,HB-AS01-PACK-SHRINK,膜包机岗,0,4,11.0,8.0,3.0,,FULL62-W1
HB,HB-AS01,2026-08-25,白班,D12,EMPHB0248,HB-AS01-PALLET,码垛机岗,0,3,11.0,8.0,3.0,,FULL62-W1
HB,HB-AS01,2026-08-25,白班,D12,EMPHB0273,HB-AS01-SHIFT-LEADER,生产领班,1,3,11.0,8.0,3.0,,FULL62-W1
HB,HB-AS01,2026-08-25,白班,D12,EMPHB0314,HB-AS01-UHT-2,UHT&调配&果肉操作2,1,3,11.0,8.0,3.0,,FULL62-W1
HB,HB-AS01,2026-08-25,白班,D12,EMPHB0317,HB-AS01-UHT-AUX,辅助工,0,3,11.0,8.0,3.0,,FULL62-W1
HB,HB-ENG,2026-08-25,白班,D12,EMPHB0321,HB-ENG-ELEC-1,电气维修工程师1,1,4,11.0,8.0,3.0,,FULL62-W1
HB,HB-ENG2,2026-08-25,白班,D12,EMPHB0347,HB-ENG2-AIRCOMP,空压岗,1,3,11.0,8.0,3.0,,FULL62-W1
HB,HB-ENG2,2026-08-25,白班,D12,EMPHB0342,HB-ENG2-BOILER,锅炉岗,0,3,11.0,8.0,3.0,,FULL62-W1
HB,HB-ENG2,2026-08-25,白班,D12,EMPHB0335,HB-ENG2-ELEC-OUT1,外围电工1,1,4,11.0,8.0,3.0,,FULL62-W1
HB,HB-ENG2,2026-08-25,白班,D12,EMPHB0351,HB-ENG2-WWTP,污水岗,0,3,11.0,8.0,3.0,,FULL62-W1
HB,HB-PET01,2026-08-25,白班,D12,EMPHB0231,HB-PET01-BLOW,吹瓶机岗,1,4,11.0,8.0,3.0,C,FULL62-W1
HB,HB-PET01,2026-08-25,白班,D12,EMPHB0233,HB-PET01-FILL,灌注机岗,1,3,11.0,8.0,3.0,C,FULL62-W1
HB,HB-PET01,2026-08-25,白班,D12,EMPHB0184,HB-PET01-SHIFT-ENG,倒班工程师,1,4,11.0,8.0,3.0,C,FULL62-W1
HB,HB-PET02,2026-08-25,白班,D12,EMPHB0216,HB-PET02-BLOW-FILL,吹瓶、灌装岗位,1,3,11.0,8.0,3.0,,FULL62-W1
HB,HB-PET02,2026-08-25,白班,D12,EMPHB0285,HB-PET02-LABEL,贴标机岗,0,3,11.0,8.0,3.0,,FULL62-W1
HB,HB-PET02,2026-08-25,白班,D12,EMPHB0287,HB-PET02-PACK-SHRINK,膜包机岗,0,3,11.0,8.0,3.0,,FULL62-W1
HB,HB-PET03,2026-08-25,白班,D12,EMPHB0229,HB-PET03-BLOW,吹瓶机岗,1,4,11.0,8.0,3.0,,FULL62-W1
HB,HB-PET03,2026-08-25,白班,D12,EMPHB0192,HB-PET03-FILL,灌注机岗,1,3,11.0,8.0,3.0,,FULL62-W1
HB,HB-PET03,2026-08-25,白班,D12,EMPHB0251,HB-PET03-HANDLE-1,提扣机岗1,0,4,11.0,8.0,3.0,,FULL62-W1
HB,HB-PET03,2026-08-25,白班,D12,EMPHB0301,HB-PET03-HANDLE-2,提扣机岗2,0,4,11.0,8.0,3.0,,FULL62-W1
HB,HB-PET03,2026-08-25,白班,D12,EMPHB0240,HB-PET03-LABEL,贴标机岗,0,3,11.0,8.0,3.0,,FULL62-W1
HB,HB-PET03,2026-08-25,白班,D12,EMPHB0198,HB-PET03-PACK-SHRINK,膜包机岗,0,3,11.0,8.0,3.0,,FULL62-W1
HB,HB-PET03,2026-08-25,白班,D12,EMPHB0294,HB-PET03-PALLET,码垛机岗,0,3,11.0,8.0,3.0,,FULL62-W1
HB,HB-QC,2026-08-25,白班,D12,EMPHB0372,HB-QC-QC-RM-AS,无菌线原物料品控,1,3,11.0,8.0,3.0,B,FULL62-W1
HB,HB-QC,2026-08-25,白班,D12,EMPHB0354,HB-QC-QC-RM-SODA,汽水线原物料品控,1,3,11.0,8.0,3.0,B,FULL62-W1
HB,HB-SYRUP,2026-08-25,白班,D12,EMPHB0263,HB-SYRUP-SYRUP-POST1,后糖岗1,1,4,11.0,8.0,3.0,,FULL62-W1
HB,HB-SYRUP,2026-08-25,白班,D12,EMPHB0269,HB-SYRUP-SYRUP-POST2,后糖岗2,1,4,11.0,8.0,3.0,,FULL62-W1
HB,HB-SYRUP,2026-08-25,白班,D12,EMPHB0257,HB-SYRUP-WATER,水处理操作岗,1,3,11.0,8.0,3.0,,FULL62-W1
SX,SX-BIB01,2026-08-25,白班,D12,EMPSX0101,SX-BIB01-FILL,灌装岗,1,4,11.0,8.0,3.0,,FULL62-W1
SX,SX-BIB01,2026-08-25,白班,D12,EMPSX0105,SX-BIB01-PACK-2,包装岗2,0,3,11.0,8.0,3.0,,FULL62-W1
SX,SX-BIB01,2026-08-25,白班,D12,EMPSX0114,SX-BIB01-PACK-3,包装岗3,0,3,11.0,8.0,3.0,,FULL62-W1
SX,SX-CAN01,2026-08-25,白班,D12,EMPSX0058,SX-CAN01-FILL,灌注机岗,1,4,11.0,8.0,3.0,B,FULL62-W1
SX,SX-ENG,2026-08-25,白班,D12,EMPSX0138,SX-ENG-AIRCOMP,制冷空压机岗,1,4,11.0,8.0,3.0,,FULL62-W1
SX,SX-ENG,2026-08-25,白班,D12,EMPSX0142,SX-ENG-BOILER,锅炉操作岗,0,3,11.0,8.0,3.0,,FULL62-W1
SX,SX-ENG,2026-08-25,白班,D12,EMPSX0129,SX-ENG-ELEC-LINE1,生产线电工1,1,3,11.0,8.0,3.0,,FULL62-W1
SX,SX-ENG,2026-08-25,白班,D12,EMPSX0150,SX-ENG-MECH-LINE,生产线机修岗,0,3,11.0,8.0,3.0,,FULL62-W1
SX,SX-ENG,2026-08-25,白班,D12,EMPSX0151,SX-ENG-MECH-LINE,生产线机修岗,0,3,11.0,8.0,3.0,,FULL62-W1
SX,SX-ENG,2026-08-25,白班,D12,EMPSX0152,SX-ENG-MECH-LINE,生产线机修岗,0,3,11.0,8.0,3.0,,FULL62-W1
SX,SX-PET01,2026-08-25,白班,D12,EMPSX0019,SX-PET01-FGI,FGI岗,0,3,11.0,8.0,3.0,,FULL62-W1
SX,SX-PET01,2026-08-25,白班,D12,EMPSX0088,SX-PET01-FILL,灌注机岗,1,3,11.0,8.0,3.0,,FULL62-W1
SX,SX-PET01,2026-08-25,白班,D12,EMPSX0028,SX-PET01-HANDLE,提扣机岗,0,4,11.0,8.0,3.0,,FULL62-W1
SX,SX-PET01,2026-08-25,白班,D12,EMPSX0042,SX-PET01-PACK-SHRINK,塑包机岗,0,3,11.0,8.0,3.0,,FULL62-W1
SX,SX-PET01,2026-08-25,白班,D12,EMPSX0045,SX-PET01-PALLET,码垛机岗,0,3,11.0,8.0,3.0,,FULL62-W1
SX,SX-PET01,2026-08-25,白班,D12,EMPSX0022,SX-PET01-PALLET-LABEL,垛贴码岗,0,3,11.0,8.0,3.0,,FULL62-W1
SX,SX-PET02,2026-08-25,白班,D12,EMPSX0006,SX-PET02-FILL,灌注机岗,1,4,11.0,8.0,3.0,,FULL62-W1
SX,SX-PET02,2026-08-25,白班,D12,EMPSX0108,SX-PET02-LABEL,贴标机岗,0,3,11.0,8.0,3.0,,FULL62-W1
SX,SX-PET02,2026-08-25,白班,D12,EMPSX0043,SX-PET02-PACK-SHRINK,塑包机岗,0,3,11.0,8.0,3.0,,FULL62-W1
SX,SX-PET02,2026-08-25,白班,D12,EMPSX0016,SX-PET02-PALLET,码垛机岗,0,4,11.0,8.0,3.0,,FULL62-W1
SX,SX-PET02,2026-08-25,白班,D12,EMPSX0050,SX-PET02-PALLET-LABEL,垛贴码岗,0,3,11.0,8.0,3.0,,FULL62-W1
SX,SX-QC,2026-08-25,白班,D12,EMPSX0156,SX-QC-QC-AUX,辅线品控（水、糖、BIB）,1,3,11.0,8.0,3.0,,FULL62-W1
SX,SX-QC,2026-08-25,白班,D12,EMPSX0178,SX-QC-QC-BLOW,吹瓶品控,1,4,11.0,8.0,3.0,,FULL62-W1
SX,SX-QC,2026-08-25,白班,D12,EMPSX0172,SX-QC-QC-IP-CAN,CAN线品控,1,3,11.0,8.0,3.0,,FULL62-W1
SX,SX-QC,2026-08-25,白班,D12,EMPSX0162,SX-QC-QC-IP-PET1,PET线品控1,1,4,11.0,8.0,3.0,,FULL62-W1
SX,SX-QC,2026-08-25,白班,D12,EMPSX0167,SX-QC-QC-IP-PET2,PET线品控2,1,4,11.0,8.0,3.0,,FULL62-W1
SX,SX-QC,2026-08-25,白班,D12,EMPSX0176,SX-QC-QC-IP-RB,RB线品控,1,3,11.0,8.0,3.0,,FULL62-W1
SX,SX-RB01,2026-08-25,白班,D12,EMPSX0013,SX-RB01-DEPAL,码卸垛机岗,0,2,11.0,8.0,3.0,,FULL62-W1
SX,SX-RB01,2026-08-25,白班,D12,EMPSX0005,SX-RB01-FILL,灌注机岗,1,3,11.0,8.0,3.0,,FULL62-W1
SX,SX-RB01,2026-08-25,白班,D12,EMPSX0078,SX-RB01-LOADER,装卸箱机岗,0,4,11.0,8.0,3.0,,FULL62-W1
SX,SX-RB01,2026-08-25,白班,D12,EMPSX0098,SX-RB01-QC-BOTTLE,空瓶检测岗,1,3,11.0,8.0,3.0,,FULL62-W1
SX,SX-RB01,2026-08-25,白班,D12,EMPSX0090,SX-RB01-QC-FGI1,成品目检岗1,1,3,11.0,8.0,3.0,,FULL62-W1
SX,SX-RB01,2026-08-25,白班,D12,EMPSX0094,SX-RB01-QC-FGI2,成品目检岗2,1,3,11.0,8.0,3.0,,FULL62-W1
SX,SX-RB01,2026-08-25,白班,D12,EMPSX0081,SX-RB01-WASHER,洗瓶机岗,0,4,11.0,8.0,3.0,,FULL62-W1
SX,SX-SYRUP,2026-08-25,白班,D12,EMPSX0115,SX-SYRUP-SYRUP-POST1,后糖岗1,1,3,11.0,8.0,3.0,,FULL62-W1
HB,HB-ENG,2026-08-25,常白班,D8,EMPHB0323,HB-ENG-ELEC-2,电气维修工程师2,1,4,8.0,8.0,0.0,,FULL62-W1
HB,HB-ENG,2026-08-25,常白班,D8,EMPHB0325,HB-ENG-ENG-BLOW,吹瓶机工程师,1,3,8.0,8.0,0.0,,FULL62-W1
HB,HB-ENG,2026-08-25,常白班,D8,EMPHB0328,HB-ENG-ENG-FILL,灌装机工程师,1,3,8.0,8.0,0.0,,FULL62-W1
HB,HB-ENG,2026-08-25,常白班,D8,EMPHB0330,HB-ENG-ENG-LABEL,贴标机工程师,1,4,8.0,8.0,0.0,,FULL62-W1
HB,HB-ENG,2026-08-25,常白班,D8,EMPHB0331,HB-ENG-ENG-PACK,膜包机工程师,1,3,8.0,8.0,0.0,,FULL62-W1
HB,HB-ENG,2026-08-25,常白班,D8,EMPHB0333,HB-ENG-ENG-PALLET,码垛机工程师,1,4,8.0,8.0,0.0,,FULL62-W1
HB,HB-ENG2,2026-08-25,常白班,D8,EMPHB0339,HB-ENG2-ELEC-OUT2,外围电工2,1,3,8.0,8.0,0.0,,FULL62-W1
HB,HB-QC,2026-08-25,常白班,D8,EMPHB0363,HB-QC-QC-MICRO-AS1,无菌线微生物品控1,1,3,8.0,8.0,0.0,,FULL62-W1
HB,HB-QC,2026-08-25,常白班,D8,EMPHB0366,HB-QC-QC-MICRO-AS2,无菌线微生物品控2,1,3,8.0,8.0,0.0,,FULL62-W1
HB,HB-QC,2026-08-25,常白班,D8,EMPHB0368,HB-QC-QC-MICRO-AS3,无菌线微生物品控3,1,4,8.0,8.0,0.0,,FULL62-W1
HB,HB-QC,2026-08-25,常白班,D8,EMPHB0361,HB-QC-QC-MICRO-SODA,汽水线微生物品控,1,4,8.0,8.0,0.0,,FULL62-W1
HB,HB-SYRUP,2026-08-25,常白班,D8,EMPHB0261,HB-SYRUP-SYRUP-PRE,前糖岗,1,3,8.0,8.0,0.0,,FULL62-W1
SX,SX-ENG,2026-08-25,常白班,D8,EMPSX0133,SX-ENG-ELEC-LINE2,生产线电工2,1,3,8.0,8.0,0.0,,FULL62-W1
SX,SX-ENG,2026-08-25,常白班,D8,EMPSX0135,SX-ENG-ELEC-OUT,外围电工,1,4,8.0,8.0,0.0,,FULL62-W1
SX,SX-QC,2026-08-25,常白班,D8,EMPSX0160,SX-QC-QC-MICRO,微生物品控,1,4,8.0,8.0,0.0,,FULL62-W1
SX,SX-QC,2026-08-25,常白班,D8,EMPSX0158,SX-QC-QC-RM,原物料品控,1,4,8.0,8.0,0.0,,FULL62-W1
SX,SX-SYRUP,2026-08-25,常白班,D8,EMPSX0116,SX-SYRUP-SYRUP-PRE,前糖岗,1,3,8.0,8.0,0.0,,FULL62-W1
SX,SX-UTIL,2026-08-25,常白班,D8,EMPSX0125,SX-UTIL-WATER,水处理操作岗,1,3,8.0,8.0,0.0,,FULL62-W1
HB,HB-AS01,2026-08-25,夜班,N12,EMPHB0230,HB-AS01-BLOW,吹瓶机岗,1,3,11.0,8.0,3.0,,FULL62-W1
HB,HB-AS01,2026-08-25,夜班,N12,EMPHB0279,HB-AS01-FILL,灌注机岗,1,3,11.0,8.0,3.0,,FULL62-W1
HB,HB-AS01,2026-08-25,夜班,N12,EMPHB0252,HB-AS01-HANDLE-1,提扣机岗1,0,3,11.0,8.0,3.0,,FULL62-W1
HB,HB-AS01,2026-08-25,夜班,N12,EMPHB0318,HB-AS01-HANDLE-2,提扣机岗2,0,2,11.0,8.0,3.0,,FULL62-W1
HB,HB-AS01,2026-08-25,夜班,N12,EMPHB0193,HB-AS01-LABEL,贴标机岗,0,3,11.0,8.0,3.0,,FULL62-W1
HB,HB-AS01,2026-08-25,夜班,N12,EMPHB0200,HB-AS01-PACK-SHRINK,膜包机岗,0,3,11.0,8.0,3.0,,FULL62-W1
HB,HB-AS01,2026-08-25,夜班,N12,EMPHB0226,HB-AS01-PALLET,码垛机岗,0,3,11.0,8.0,3.0,,FULL62-W1
HB,HB-AS01,2026-08-25,夜班,N12,EMPHB0309,HB-AS01-UHT-1,UHT&调配&果肉操作1,1,3,11.0,8.0,3.0,,FULL62-W1
HB,HB-AS01,2026-08-25,夜班,N12,EMPHB0311,HB-AS01-UHT-2,UHT&调配&果肉操作2,1,3,11.0,8.0,3.0,,FULL62-W1
HB,HB-AS01,2026-08-25,夜班,N12,EMPHB0298,HB-AS01-UHT-AUX,辅助工,0,3,11.0,8.0,3.0,,FULL62-W1
HB,HB-ENG,2026-08-25,夜班,N12,EMPHB0322,HB-ENG-ELEC-1,电气维修工程师1,1,4,11.0,8.0,3.0,,FULL62-W1
HB,HB-ENG2,2026-08-25,夜班,N12,EMPHB0348,HB-ENG2-AIRCOMP,空压岗,1,4,11.0,8.0,3.0,,FULL62-W1
HB,HB-ENG2,2026-08-25,夜班,N12,EMPHB0338,HB-ENG2-ELEC-OUT1,外围电工1,1,3,11.0,8.0,3.0,,FULL62-W1
HB,HB-ENG2,2026-08-25,夜班,N12,EMPHB0350,HB-ENG2-WWTP,污水岗,0,3,11.0,8.0,3.0,,FULL62-W1
HB,HB-PET01,2026-08-25,夜班,N12,EMPHB0188,HB-PET01-BLOW,吹瓶机岗,1,3,11.0,8.0,3.0,F,FULL62-W1
HB,HB-PET01,2026-08-25,夜班,N12,EMPHB0214,HB-PET01-FILL,灌注机岗,1,3,11.0,8.0,3.0,F,FULL62-W1
HB,HB-PET01,2026-08-25,夜班,N12,EMPHB0274,HB-PET01-SHIFT-ENG,倒班工程师,1,3,11.0,8.0,3.0,F,FULL62-W1
HB,HB-PET02,2026-08-25,夜班,N12,EMPHB0197,HB-PET02-LABEL,贴标机岗,0,3,11.0,8.0,3.0,,FULL62-W1
HB,HB-PET02,2026-08-25,夜班,N12,EMPHB0204,HB-PET02-PALLET,码垛机岗,0,3,11.0,8.0,3.0,,FULL62-W1
HB,HB-PET03,2026-08-25,夜班,N12,EMPHB0278,HB-PET03-BLOW,吹瓶机岗,1,4,11.0,8.0,3.0,,FULL62-W1
HB,HB-PET03,2026-08-25,夜班,N12,EMPHB0234,HB-PET03-FILL,灌注机岗,1,4,11.0,8.0,3.0,,FULL62-W1
HB,HB-PET03,2026-08-25,夜班,N12,EMPHB0209,HB-PET03-HANDLE-2,提扣机岗2,0,4,11.0,8.0,3.0,,FULL62-W1
HB,HB-PET03,2026-08-25,夜班,N12,EMPHB0286,HB-PET03-LABEL,贴标机岗,0,3,11.0,8.0,3.0,,FULL62-W1
HB,HB-PET03,2026-08-25,夜班,N12,EMPHB0221,HB-PET03-PACK-SHRINK,膜包机岗,0,4,11.0,8.0,3.0,,FULL62-W1
HB,HB-PET03,2026-08-25,夜班,N12,EMPHB0203,HB-PET03-PALLET,码垛机岗,0,3,11.0,8.0,3.0,,FULL62-W1
HB,HB-QC,2026-08-25,夜班,N12,EMPHB0357,HB-QC-QC-RM-AS,无菌线原物料品控,1,3,11.0,8.0,3.0,,FULL62-W1
HB,HB-QC,2026-08-25,夜班,N12,EMPHB0356,HB-QC-QC-RM-SODA,汽水线原物料品控,1,3,11.0,8.0,3.0,,FULL62-W1
HB,HB-SYRUP,2026-08-25,夜班,N12,EMPHB0270,HB-SYRUP-SYRUP-POST2,后糖岗2,1,4,11.0,8.0,3.0,,FULL62-W1
SX,SX-BIB01,2026-08-25,夜班,N12,EMPSX0107,SX-BIB01-PACK-1,包装岗1,0,3,11.0,8.0,3.0,,FULL62-W1
SX,SX-BIB01,2026-08-25,夜班,N12,EMPSX0111,SX-BIB01-PACK-2,包装岗2,0,3,11.0,8.0,3.0,,FULL62-W1
SX,SX-CAN01,2026-08-25,夜班,N12,EMPSX0059,SX-CAN01-FILL,灌注机岗,1,4,11.0,8.0,3.0,A,FULL62-W1
SX,SX-ENG,2026-08-25,夜班,N12,EMPSX0139,SX-ENG-AIRCOMP,制冷空压机岗,1,3,11.0,8.0,3.0,,FULL62-W1
SX,SX-ENG,2026-08-25,夜班,N12,EMPSX0143,SX-ENG-BOILER,锅炉操作岗,0,3,11.0,8.0,3.0,,FULL62-W1
SX,SX-ENG,2026-08-25,夜班,N12,EMPSX0131,SX-ENG-ELEC-LINE1,生产线电工1,1,3,11.0,8.0,3.0,,FULL62-W1
SX,SX-ENG,2026-08-25,夜班,N12,EMPSX0145,SX-ENG-MECH-LINE,生产线机修岗,0,3,11.0,8.0,3.0,,FULL62-W1
SX,SX-PET01,2026-08-25,夜班,N12,EMPSX0001,SX-PET01-BLOW-LABEL,吹贴机岗,1,3,11.0,8.0,3.0,,FULL62-W1
SX,SX-PET01,2026-08-25,夜班,N12,EMPSX0087,SX-PET01-FILL,灌注机岗,1,3,11.0,8.0,3.0,,FULL62-W1
SX,SX-PET01,2026-08-25,夜班,N12,EMPSX0027,SX-PET01-HANDLE,提扣机岗,0,3,11.0,8.0,3.0,,FULL62-W1
SX,SX-PET01,2026-08-25,夜班,N12,EMPSX0011,SX-PET01-PACK-SHRINK,塑包机岗,0,3,11.0,8.0,3.0,,FULL62-W1
SX,SX-PET01,2026-08-25,夜班,N12,EMPSX0046,SX-PET01-PALLET,码垛机岗,0,3,11.0,8.0,3.0,,FULL62-W1
SX,SX-PET01,2026-08-25,夜班,N12,EMPSX0024,SX-PET01-PALLET-LABEL,垛贴码岗,0,3,11.0,8.0,3.0,,FULL62-W1
SX,SX-PET02,2026-08-25,夜班,N12,EMPSX0031,SX-PET02-BLOW,吹瓶机岗,1,3,11.0,8.0,3.0,,FULL62-W1
SX,SX-PET02,2026-08-25,夜班,N12,EMPSX0040,SX-PET02-FILL,灌注机岗,1,3,11.0,8.0,3.0,,FULL62-W1
SX,SX-PET02,2026-08-25,夜班,N12,EMPSX0052,SX-PET02-PALLET-LABEL,垛贴码岗,0,3,11.0,8.0,3.0,,FULL62-W1
SX,SX-RB01,2026-08-25,夜班,N12,EMPSX0075,SX-RB01-DEPAL,码卸垛机岗,0,3,11.0,8.0,3.0,,FULL62-W1
SX,SX-RB01,2026-08-25,夜班,N12,EMPSX0086,SX-RB01-FILL,灌注机岗,1,3,11.0,8.0,3.0,,FULL62-W1
SX,SX-RB01,2026-08-25,夜班,N12,EMPSX0097,SX-RB01-QC-BOTTLE,空瓶检测岗,1,3,11.0,8.0,3.0,,FULL62-W1
SX,SX-RB01,2026-08-25,夜班,N12,EMPSX0091,SX-RB01-QC-FGI1,成品目检岗1,1,3,11.0,8.0,3.0,,FULL62-W1
SX,SX-RB01,2026-08-25,夜班,N12,EMPSX0073,SX-RB01-WASHER,洗瓶机岗,0,2,11.0,8.0,3.0,,FULL62-W1
SX,SX-SYRUP,2026-08-25,夜班,N12,EMPSX0120,SX-SYRUP-SYRUP-POST1,后糖岗1,1,3,11.0,8.0,3.0,,FULL62-W1
SX,SX-SYRUP,2026-08-25,夜班,N12,EMPSX0123,SX-SYRUP-SYRUP-POST2,后糖岗2,1,3,11.0,8.0,3.0,,FULL62-W1
HB,HB-AS01,2026-08-26,白班,D12,EMPHB0276,HB-AS01-BLOW,吹瓶机岗,1,3,11.0,8.0,3.0,F,FULL62-W1
HB,HB-AS01,2026-08-26,白班,D12,EMPHB0233,HB-AS01-FILL,灌注机岗,1,3,11.0,8.0,3.0,F,FULL62-W1
HB,HB-AS01,2026-08-26,白班,D12,EMPHB0183,HB-AS01-SHIFT-LEADER,生产领班,1,3,11.0,8.0,3.0,F,FULL62-W1
HB,HB-AS01,2026-08-26,白班,D12,EMPHB0308,HB-AS01-UHT-1,UHT&调配&果肉操作1,1,4,11.0,8.0,3.0,F,FULL62-W1
HB,HB-AS01,2026-08-26,白班,D12,EMPHB0313,HB-AS01-UHT-2,UHT&调配&果肉操作2,1,4,11.0,8.0,3.0,F,FULL62-W1
HB,HB-ENG,2026-08-26,白班,D12,EMPHB0321,HB-ENG-ELEC-1,电气维修工程师1,1,4,11.0,8.0,3.0,,FULL62-W1
HB,HB-ENG2,2026-08-26,白班,D12,EMPHB0341,HB-ENG2-AIRCOMP,空压岗,1,3,11.0,8.0,3.0,,FULL62-W1
HB,HB-ENG2,2026-08-26,白班,D12,EMPHB0342,HB-ENG2-BOILER,锅炉岗,0,3,11.0,8.0,3.0,,FULL62-W1
HB,HB-ENG2,2026-08-26,白班,D12,EMPHB0352,HB-ENG2-WWTP,污水岗,0,3,11.0,8.0,3.0,,FULL62-W1
HB,HB-PET01,2026-08-26,白班,D12,EMPHB0275,HB-PET01-BLOW,吹瓶机岗,1,3,11.0,8.0,3.0,,FULL62-W1
HB,HB-PET01,2026-08-26,白班,D12,EMPHB0210,HB-PET01-HANDLE-2,提扣机岗2,0,3,11.0,8.0,3.0,,FULL62-W1
HB,HB-PET01,2026-08-26,白班,D12,EMPHB0238,HB-PET01-LABEL,贴标机岗,0,3,11.0,8.0,3.0,,FULL62-W1
HB,HB-PET01,2026-08-26,白班,D12,EMPHB0243,HB-PET01-PACK-SHRINK,膜包机岗,0,3,11.0,8.0,3.0,,FULL62-W1
HB,HB-PET01,2026-08-26,白班,D12,EMPHB0292,HB-PET01-PALLET,码垛机岗,0,4,11.0,8.0,3.0,,FULL62-W1
HB,HB-PET02,2026-08-26,白班,D12,EMPHB0215,HB-PET02-BLOW-FILL,吹瓶、灌装岗位,1,3,11.0,8.0,3.0,,FULL62-W1
HB,HB-PET02,2026-08-26,白班,D12,EMPHB0217,HB-PET02-LABEL,贴标机岗,0,3,11.0,8.0,3.0,,FULL62-W1
HB,HB-PET02,2026-08-26,白班,D12,EMPHB0287,HB-PET02-PACK-SHRINK,膜包机岗,0,3,11.0,8.0,3.0,,FULL62-W1
HB,HB-PET02,2026-08-26,白班,D12,EMPHB0201,HB-PET02-PALLET,码垛机岗,0,4,11.0,8.0,3.0,,FULL62-W1
HB,HB-PET03,2026-08-26,白班,D12,EMPHB0185,HB-PET03-BLOW,吹瓶机岗,1,3,11.0,8.0,3.0,,FULL62-W1
HB,HB-PET03,2026-08-26,白班,D12,EMPHB0191,HB-PET03-FILL,灌注机岗,1,4,11.0,8.0,3.0,,FULL62-W1
HB,HB-PET03,2026-08-26,白班,D12,EMPHB0300,HB-PET03-HANDLE-2,提扣机岗2,0,3,11.0,8.0,3.0,,FULL62-W1
HB,HB-PET03,2026-08-26,白班,D12,EMPHB0239,HB-PET03-LABEL,贴标机岗,0,3,11.0,8.0,3.0,,FULL62-W1
HB,HB-PET03,2026-08-26,白班,D12,EMPHB0228,HB-PET03-PALLET,码垛机岗,0,3,11.0,8.0,3.0,,FULL62-W1
HB,HB-QC,2026-08-26,白班,D12,EMPHB0359,HB-QC-QC-RM-AS,无菌线原物料品控,1,3,11.0,8.0,3.0,B,FULL62-W1
HB,HB-QC,2026-08-26,白班,D12,EMPHB0353,HB-QC-QC-RM-SODA,汽水线原物料品控,1,4,11.0,8.0,3.0,B,FULL62-W1
HB,HB-QC2,2026-08-26,白班,D12,EMPHB0361,HB-QC2-QC-BLOW,吹瓶品控,1,3,11.0,8.0,3.0,A,FULL62-W1
HB,HB-QC2,2026-08-26,白班,D12,EMPHB0392,HB-QC2-QC-IP-AS,无菌线制程品控,1,3,11.0,8.0,3.0,A,FULL62-W1
HB,HB-QC2,2026-08-26,白班,D12,EMPHB0380,HB-QC2-QC-IP-PET01,PET01线制程品控,1,3,11.0,8.0,3.0,A,FULL62-W1
HB,HB-QC2,2026-08-26,白班,D12,EMPHB0373,HB-QC2-QC-IP-PET02,PET02线制程品控,1,4,11.0,8.0,3.0,A,FULL62-W1
HB,HB-QC2,2026-08-26,白班,D12,EMPHB0378,HB-QC2-QC-IP-PET03,PET03线制程品控,1,3,11.0,8.0,3.0,A,FULL62-W1
HB,HB-QC2,2026-08-26,白班,D12,EMPHB0385,HB-QC2-QC-WATER,水糖品控,1,3,11.0,8.0,3.0,A,FULL62-W1
HB,HB-SYRUP,2026-08-26,白班,D12,EMPHB0263,HB-SYRUP-SYRUP-POST1,后糖岗1,1,4,11.0,8.0,3.0,,FULL62-W1
HB,HB-SYRUP,2026-08-26,白班,D12,EMPHB0267,HB-SYRUP-SYRUP-POST2,后糖岗2,1,4,11.0,8.0,3.0,,FULL62-W1
HB,HB-SYRUP,2026-08-26,白班,D12,EMPHB0260,HB-SYRUP-WATER,水处理操作岗,1,3,11.0,8.0,3.0,,FULL62-W1
SX,SX-BIB01,2026-08-26,白班,D12,EMPSX0103,SX-BIB01-FILL,灌装岗,1,3,11.0,8.0,3.0,,FULL62-W1
SX,SX-BIB01,2026-08-26,白班,D12,EMPSX0042,SX-BIB01-PACK-1,包装岗1,0,1,11.0,8.0,3.0,,FULL62-W1
SX,SX-BIB01,2026-08-26,白班,D12,EMPSX0012,SX-BIB01-PACK-2,包装岗2,0,3,11.0,8.0,3.0,,FULL62-W1
SX,SX-BIB01,2026-08-26,白班,D12,EMPSX0114,SX-BIB01-PACK-3,包装岗3,0,3,11.0,8.0,3.0,,FULL62-W1
SX,SX-CAN01,2026-08-26,白班,D12,EMPSX0056,SX-CAN01-DEPAL-CAN,卸罐机岗,0,3,11.0,8.0,3.0,,FULL62-W1
SX,SX-CAN01,2026-08-26,白班,D12,EMPSX0037,SX-CAN01-FILL,灌注机岗,1,3,11.0,8.0,3.0,,FULL62-W1
SX,SX-CAN01,2026-08-26,白班,D12,EMPSX0069,SX-CAN01-PACK-MULTI,多包装机,0,4,11.0,8.0,3.0,,FULL62-W1
SX,SX-CAN01,2026-08-26,白班,D12,EMPSX0063,SX-CAN01-PACK-SHRINK,塑包机岗,0,3,11.0,8.0,3.0,,FULL62-W1
SX,SX-CAN01,2026-08-26,白班,D12,EMPSX0066,SX-CAN01-PALLET,码垛机岗,0,3,11.0,8.0,3.0,,FULL62-W1
SX,SX-ENG,2026-08-26,白班,D12,EMPSX0142,SX-ENG-BOILER,锅炉操作岗,0,3,11.0,8.0,3.0,,FULL62-W1
SX,SX-ENG,2026-08-26,白班,D12,EMPSX0132,SX-ENG-ELEC-LINE1,生产线电工1,1,3,11.0,8.0,3.0,,FULL62-W1
SX,SX-ENG,2026-08-26,白班,D12,EMPSX0146,SX-ENG-MECH-LINE,生产线机修岗,0,3,11.0,8.0,3.0,,FULL62-W1
SX,SX-ENG,2026-08-26,白班,D12,EMPSX0151,SX-ENG-MECH-LINE,生产线机修岗,0,3,11.0,8.0,3.0,,FULL62-W1
SX,SX-ENG,2026-08-26,白班,D12,EMPSX0152,SX-ENG-MECH-LINE,生产线机修岗,0,3,11.0,8.0,3.0,,FULL62-W1
SX,SX-PET01,2026-08-26,白班,D12,EMPSX0004,SX-PET01-BLOW-LABEL,吹贴机岗,1,4,11.0,8.0,3.0,,FULL62-W1
SX,SX-PET01,2026-08-26,白班,D12,EMPSX0017,SX-PET01-FGI,FGI岗,0,3,11.0,8.0,3.0,,FULL62-W1
SX,SX-PET01,2026-08-26,白班,D12,EMPSX0060,SX-PET01-FILL,灌注机岗,1,3,11.0,8.0,3.0,,FULL62-W1
SX,SX-PET01,2026-08-26,白班,D12,EMPSX0026,SX-PET01-HANDLE,提扣机岗,0,3,11.0,8.0,3.0,,FULL62-W1
SX,SX-PET01,2026-08-26,白班,D12,EMPSX0009,SX-PET01-PACK-SHRINK,塑包机岗,0,3,11.0,8.0,3.0,,FULL62-W1
SX,SX-PET01,2026-08-26,白班,D12,EMPSX0045,SX-PET01-PALLET,码垛机岗,0,3,11.0,8.0,3.0,,FULL62-W1
SX,SX-PET02,2026-08-26,白班,D12,EMPSX0029,SX-PET02-BLOW,吹瓶机岗,1,3,11.0,8.0,3.0,,FULL62-W1
SX,SX-PET02,2026-08-26,白班,D12,EMPSX0088,SX-PET02-FILL,灌注机岗,1,3,11.0,8.0,3.0,,FULL62-W1
SX,SX-PET02,2026-08-26,白班,D12,EMPSX0034,SX-PET02-LABEL,贴标机岗,0,3,11.0,8.0,3.0,,FULL62-W1
SX,SX-PET02,2026-08-26,白班,D12,EMPSX0064,SX-PET02-PACK-SHRINK,塑包机岗,0,3,11.0,8.0,3.0,,FULL62-W1
SX,SX-PET02,2026-08-26,白班,D12,EMPSX0047,SX-PET02-PALLET,码垛机岗,0,3,11.0,8.0,3.0,,FULL62-W1
SX,SX-PET02,2026-08-26,白班,D12,EMPSX0049,SX-PET02-PALLET-LABEL,垛贴码岗,0,3,11.0,8.0,3.0,,FULL62-W1
SX,SX-QC,2026-08-26,白班,D12,EMPSX0156,SX-QC-QC-AUX,辅线品控（水、糖、BIB）,1,3,11.0,8.0,3.0,,FULL62-W1
SX,SX-QC,2026-08-26,白班,D12,EMPSX0180,SX-QC-QC-BLOW,吹瓶品控,1,3,11.0,8.0,3.0,,FULL62-W1
SX,SX-QC,2026-08-26,白班,D12,EMPSX0170,SX-QC-QC-IP-CAN,CAN线品控,1,3,11.0,8.0,3.0,,FULL62-W1
SX,SX-QC,2026-08-26,白班,D12,EMPSX0161,SX-QC-QC-IP-PET1,PET线品控1,1,3,11.0,8.0,3.0,,FULL62-W1
SX,SX-QC,2026-08-26,白班,D12,EMPSX0164,SX-QC-QC-IP-PET2,PET线品控2,1,3,11.0,8.0,3.0,,FULL62-W1
SX,SX-QC,2026-08-26,白班,D12,EMPSX0176,SX-QC-QC-IP-RB,RB线品控,1,3,11.0,8.0,3.0,,FULL62-W1
SX,SX-RB01,2026-08-26,白班,D12,EMPSX0057,SX-RB01-FILL,灌注机岗,1,3,11.0,8.0,3.0,,FULL62-W1
SX,SX-RB01,2026-08-26,白班,D12,EMPSX0080,SX-RB01-LOADER,装卸箱机岗,0,3,11.0,8.0,3.0,,FULL62-W1
SX,SX-RB01,2026-08-26,白班,D12,EMPSX0092,SX-RB01-QC-FGI1,成品目检岗1,1,3,11.0,8.0,3.0,,FULL62-W1
SX,SX-RB01,2026-08-26,白班,D12,EMPSX0082,SX-RB01-WASHER,洗瓶机岗,0,3,11.0,8.0,3.0,,FULL62-W1
SX,SX-SYRUP,2026-08-26,白班,D12,EMPSX0117,SX-SYRUP-SYRUP-POST1,后糖岗1,1,3,11.0,8.0,3.0,,FULL62-W1
SX,SX-SYRUP,2026-08-26,白班,D12,EMPSX0122,SX-SYRUP-SYRUP-POST2,后糖岗2,1,3,11.0,8.0,3.0,,FULL62-W1
HB,HB-ENG,2026-08-26,常白班,D8,EMPHB0324,HB-ENG-ELEC-2,电气维修工程师2,1,4,8.0,8.0,0.0,,FULL62-W1
HB,HB-ENG,2026-08-26,常白班,D8,EMPHB0325,HB-ENG-ENG-BLOW,吹瓶机工程师,1,3,8.0,8.0,0.0,,FULL62-W1
HB,HB-ENG,2026-08-26,常白班,D8,EMPHB0328,HB-ENG-ENG-FILL,灌装机工程师,1,3,8.0,8.0,0.0,,FULL62-W1
HB,HB-ENG,2026-08-26,常白班,D8,EMPHB0329,HB-ENG-ENG-LABEL,贴标机工程师,1,3,8.0,8.0,0.0,,FULL62-W1
HB,HB-ENG,2026-08-26,常白班,D8,EMPHB0331,HB-ENG-ENG-PACK,膜包机工程师,1,3,8.0,8.0,0.0,,FULL62-W1
HB,HB-ENG,2026-08-26,常白班,D8,EMPHB0334,HB-ENG-ENG-PALLET,码垛机工程师,1,3,8.0,8.0,0.0,,FULL62-W1
HB,HB-ENG2,2026-08-26,常白班,D8,EMPHB0339,HB-ENG2-ELEC-OUT2,外围电工2,1,3,8.0,8.0,0.0,,FULL62-W1
HB,HB-QC,2026-08-26,常白班,D8,EMPHB0363,HB-QC-QC-MICRO-AS1,无菌线微生物品控1,1,3,8.0,8.0,0.0,,FULL62-W1
HB,HB-QC,2026-08-26,常白班,D8,EMPHB0365,HB-QC-QC-MICRO-AS2,无菌线微生物品控2,1,3,8.0,8.0,0.0,,FULL62-W1
HB,HB-QC,2026-08-26,常白班,D8,EMPHB0367,HB-QC-QC-MICRO-AS3,无菌线微生物品控3,1,3,8.0,8.0,0.0,,FULL62-W1
HB,HB-QC,2026-08-26,常白班,D8,EMPHB0382,HB-QC-QC-MICRO-SODA,汽水线微生物品控,1,3,8.0,8.0,0.0,,FULL62-W1
HB,HB-SYRUP,2026-08-26,常白班,D8,EMPHB0262,HB-SYRUP-SYRUP-PRE,前糖岗,1,3,8.0,8.0,0.0,,FULL62-W1
SX,SX-ENG,2026-08-26,常白班,D8,EMPSX0133,SX-ENG-ELEC-LINE2,生产线电工2,1,3,8.0,8.0,0.0,,FULL62-W1
SX,SX-ENG,2026-08-26,常白班,D8,EMPSX0136,SX-ENG-ELEC-OUT,外围电工,1,4,8.0,8.0,0.0,,FULL62-W1
SX,SX-QC,2026-08-26,常白班,D8,EMPSX0160,SX-QC-QC-MICRO,微生物品控,1,4,8.0,8.0,0.0,,FULL62-W1
SX,SX-QC,2026-08-26,常白班,D8,EMPSX0157,SX-QC-QC-RM,原物料品控,1,3,8.0,8.0,0.0,,FULL62-W1
SX,SX-SYRUP,2026-08-26,常白班,D8,EMPSX0116,SX-SYRUP-SYRUP-PRE,前糖岗,1,3,8.0,8.0,0.0,,FULL62-W1
SX,SX-UTIL,2026-08-26,常白班,D8,EMPSX0126,SX-UTIL-WATER,水处理操作岗,1,4,8.0,8.0,0.0,,FULL62-W1
HB,HB-AS01,2026-08-26,夜班,N12,EMPHB0230,HB-AS01-BLOW,吹瓶机岗,1,3,11.0,8.0,3.0,B,FULL62-W1
HB,HB-AS01,2026-08-26,夜班,N12,EMPHB0235,HB-AS01-FILL,灌注机岗,1,3,11.0,8.0,3.0,B,FULL62-W1
HB,HB-AS01,2026-08-26,夜班,N12,EMPHB0273,HB-AS01-SHIFT-LEADER,生产领班,1,3,11.0,8.0,3.0,B,FULL62-W1
HB,HB-AS01,2026-08-26,夜班,N12,EMPHB0307,HB-AS01-UHT-1,UHT&调配&果肉操作1,1,4,11.0,8.0,3.0,B,FULL62-W1
HB,HB-AS01,2026-08-26,夜班,N12,EMPHB0270,HB-AS01-UHT-2,UHT&调配&果肉操作2,1,3,11.0,8.0,3.0,B,FULL62-W1
HB,HB-ENG,2026-08-26,夜班,N12,EMPHB0320,HB-ENG-ELEC-1,电气维修工程师1,1,3,11.0,8.0,3.0,,FULL62-W1
HB,HB-ENG2,2026-08-26,夜班,N12,EMPHB0347,HB-ENG2-AIRCOMP,空压岗,1,3,11.0,8.0,3.0,,FULL62-W1
HB,HB-ENG2,2026-08-26,夜班,N12,EMPHB0349,HB-ENG2-WWTP,污水岗,0,3,11.0,8.0,3.0,,FULL62-W1
HB,HB-PET01,2026-08-26,夜班,N12,EMPHB0232,HB-PET01-BLOW,吹瓶机岗,1,3,11.0,8.0,3.0,,FULL62-W1
HB,HB-PET01,2026-08-26,夜班,N12,EMPHB0213,HB-PET01-FILL,灌注机岗,1,3,11.0,8.0,3.0,,FULL62-W1
HB,HB-PET01,2026-08-26,夜班,N12,EMPHB0207,HB-PET01-HANDLE-1,提扣机岗1,0,3,11.0,8.0,3.0,,FULL62-W1
HB,HB-PET01,2026-08-26,夜班,N12,EMPHB0254,HB-PET01-HANDLE-2,提扣机岗2,0,4,11.0,8.0,3.0,,FULL62-W1
HB,HB-PET01,2026-08-26,夜班,N12,EMPHB0193,HB-PET01-LABEL,贴标机岗,0,3,11.0,8.0,3.0,,FULL62-W1
HB,HB-PET01,2026-08-26,夜班,N12,EMPHB0242,HB-PET01-PACK-SHRINK,膜包机岗,0,3,11.0,8.0,3.0,,FULL62-W1
HB,HB-PET01,2026-08-26,夜班,N12,EMPHB0248,HB-PET01-PALLET,码垛机岗,0,3,11.0,8.0,3.0,,FULL62-W1
HB,HB-PET01,2026-08-26,夜班,N12,EMPHB0184,HB-PET01-SHIFT-ENG,倒班工程师,1,4,11.0,8.0,3.0,,FULL62-W1
HB,HB-PET02,2026-08-26,夜班,N12,EMPHB0236,HB-PET02-BLOW-FILL,吹瓶、灌装岗位,1,3,11.0,8.0,3.0,,FULL62-W1
HB,HB-PET02,2026-08-26,夜班,N12,EMPHB0285,HB-PET02-LABEL,贴标机岗,0,3,11.0,8.0,3.0,,FULL62-W1
HB,HB-PET02,2026-08-26,夜班,N12,EMPHB0223,HB-PET02-PACK-SHRINK,膜包机岗,0,3,11.0,8.0,3.0,,FULL62-W1
HB,HB-PET02,2026-08-26,夜班,N12,EMPHB0293,HB-PET02-PALLET,码垛机岗,0,4,11.0,8.0,3.0,,FULL62-W1
HB,HB-PET03,2026-08-26,夜班,N12,EMPHB0229,HB-PET03-BLOW,吹瓶机岗,1,4,11.0,8.0,3.0,,FULL62-W1
HB,HB-PET03,2026-08-26,夜班,N12,EMPHB0280,HB-PET03-FILL,灌注机岗,1,3,11.0,8.0,3.0,,FULL62-W1
HB,HB-PET03,2026-08-26,夜班,N12,EMPHB0252,HB-PET03-HANDLE-1,提扣机岗1,0,3,11.0,8.0,3.0,,FULL62-W1
HB,HB-PET03,2026-08-26,夜班,N12,EMPHB0212,HB-PET03-HANDLE-2,提扣机岗2,0,3,11.0,8.0,3.0,,FULL62-W1
HB,HB-PET03,2026-08-26,夜班,N12,EMPHB0196,HB-PET03-LABEL,贴标机岗,0,4,11.0,8.0,3.0,,FULL62-W1
HB,HB-PET03,2026-08-26,夜班,N12,EMPHB0222,HB-PET03-PACK-SHRINK,膜包机岗,0,3,11.0,8.0,3.0,,FULL62-W1
HB,HB-PET03,2026-08-26,夜班,N12,EMPHB0246,HB-PET03-PALLET,码垛机岗,0,4,11.0,8.0,3.0,,FULL62-W1
HB,HB-QC,2026-08-26,夜班,N12,EMPHB0357,HB-QC-QC-RM-AS,无菌线原物料品控,1,3,11.0,8.0,3.0,B,FULL62-W1
HB,HB-QC,2026-08-26,夜班,N12,EMPHB0356,HB-QC-QC-RM-SODA,汽水线原物料品控,1,3,11.0,8.0,3.0,B,FULL62-W1
HB,HB-QC2,2026-08-26,夜班,N12,EMPHB0381,HB-QC2-QC-BLOW,吹瓶品控,1,3,11.0,8.0,3.0,,FULL62-W1
HB,HB-QC2,2026-08-26,夜班,N12,EMPHB0391,HB-QC2-QC-IP-AS,无菌线制程品控,1,3,11.0,8.0,3.0,,FULL62-W1
HB,HB-QC2,2026-08-26,夜班,N12,EMPHB0369,HB-QC2-QC-IP-PET01,PET01线制程品控,1,3,11.0,8.0,3.0,,FULL62-W1
HB,HB-QC2,2026-08-26,夜班,N12,EMPHB0376,HB-QC2-QC-IP-PET02,PET02线制程品控,1,3,11.0,8.0,3.0,,FULL62-W1
HB,HB-QC2,2026-08-26,夜班,N12,EMPHB0377,HB-QC2-QC-IP-PET03,PET03线制程品控,1,3,11.0,8.0,3.0,,FULL62-W1
HB,HB-QC2,2026-08-26,夜班,N12,EMPHB0386,HB-QC2-QC-WATER,水糖品控,1,3,11.0,8.0,3.0,,FULL62-W1
HB,HB-SYRUP,2026-08-26,夜班,N12,EMPHB0265,HB-SYRUP-SYRUP-POST1,后糖岗1,1,4,11.0,8.0,3.0,,FULL62-W1
HB,HB-SYRUP,2026-08-26,夜班,N12,EMPHB0258,HB-SYRUP-WATER,水处理操作岗,1,3,11.0,8.0,3.0,,FULL62-W1
SX,SX-BIB01,2026-08-26,夜班,N12,EMPSX0106,SX-BIB01-PACK-1,包装岗1,0,3,11.0,8.0,3.0,,FULL62-W1
SX,SX-BIB01,2026-08-26,夜班,N12,EMPSX0105,SX-BIB01-PACK-2,包装岗2,0,3,11.0,8.0,3.0,,FULL62-W1
SX,SX-CAN01,2026-08-26,夜班,N12,EMPSX0005,SX-CAN01-FILL,灌注机岗,1,3,11.0,8.0,3.0,,FULL62-W1
SX,SX-CAN01,2026-08-26,夜班,N12,EMPSX0072,SX-CAN01-PACK-MULTI,多包装机,0,3,11.0,8.0,3.0,,FULL62-W1
SX,SX-CAN01,2026-08-26,夜班,N12,EMPSX0041,SX-CAN01-PACK-SHRINK,塑包机岗,0,3,11.0,8.0,3.0,,FULL62-W1
SX,SX-ENG,2026-08-26,夜班,N12,EMPSX0137,SX-ENG-AIRCOMP,制冷空压机岗,1,3,11.0,8.0,3.0,,FULL62-W1
SX,SX-ENG,2026-08-26,夜班,N12,EMPSX0144,SX-ENG-BOILER,锅炉操作岗,0,4,11.0,8.0,3.0,,FULL62-W1
SX,SX-ENG,2026-08-26,夜班,N12,EMPSX0129,SX-ENG-ELEC-LINE1,生产线电工1,1,3,11.0,8.0,3.0,,FULL62-W1
SX,SX-ENG,2026-08-26,夜班,N12,EMPSX0149,SX-ENG-MECH-LINE,生产线机修岗,0,3,11.0,8.0,3.0,,FULL62-W1
SX,SX-PET01,2026-08-26,夜班,N12,EMPSX0003,SX-PET01-BLOW-LABEL,吹贴机岗,1,4,11.0,8.0,3.0,F,FULL62-W1
SX,SX-PET01,2026-08-26,夜班,N12,EMPSX0058,SX-PET01-FILL,灌注机岗,1,4,11.0,8.0,3.0,F,FULL62-W1
SX,SX-PET02,2026-08-26,夜班,N12,EMPSX0030,SX-PET02-BLOW,吹瓶机岗,1,3,11.0,8.0,3.0,,FULL62-W1
SX,SX-PET02,2026-08-26,夜班,N12,EMPSX0006,SX-PET02-FILL,灌注机岗,1,4,11.0,8.0,3.0,,FULL62-W1
SX,SX-PET02,2026-08-26,夜班,N12,EMPSX0109,SX-PET02-PACK-SHRINK,塑包机岗,0,2,11.0,8.0,3.0,,FULL62-W1
SX,SX-PET02,2026-08-26,夜班,N12,EMPSX0046,SX-PET02-PALLET,码垛机岗,0,3,11.0,8.0,3.0,,FULL62-W1
SX,SX-PET02,2026-08-26,夜班,N12,EMPSX0050,SX-PET02-PALLET-LABEL,垛贴码岗,0,3,11.0,8.0,3.0,,FULL62-W1
SX,SX-QC,2026-08-26,夜班,N12,EMPSX0177,SX-QC-QC-BLOW,吹瓶品控,1,3,11.0,8.0,3.0,,FULL62-W1
SX,SX-QC,2026-08-26,夜班,N12,EMPSX0171,SX-QC-QC-IP-CAN,CAN线品控,1,3,11.0,8.0,3.0,,FULL62-W1
SX,SX-QC,2026-08-26,夜班,N12,EMPSX0163,SX-QC-QC-IP-PET1,PET线品控1,1,3,11.0,8.0,3.0,,FULL62-W1
SX,SX-QC,2026-08-26,夜班,N12,EMPSX0165,SX-QC-QC-IP-PET2,PET线品控2,1,3,11.0,8.0,3.0,,FULL62-W1
SX,SX-RB01,2026-08-26,夜班,N12,EMPSX0075,SX-RB01-DEPAL,码卸垛机岗,0,3,11.0,8.0,3.0,,FULL62-W1
SX,SX-RB01,2026-08-26,夜班,N12,EMPSX0078,SX-RB01-LOADER,装卸箱机岗,0,4,11.0,8.0,3.0,,FULL62-W1
SX,SX-RB01,2026-08-26,夜班,N12,EMPSX0100,SX-RB01-QC-BOTTLE,空瓶检测岗,1,3,11.0,8.0,3.0,,FULL62-W1
SX,SX-RB01,2026-08-26,夜班,N12,EMPSX0091,SX-RB01-QC-FGI1,成品目检岗1,1,3,11.0,8.0,3.0,,FULL62-W1
SX,SX-RB01,2026-08-26,夜班,N12,EMPSX0096,SX-RB01-QC-FGI2,成品目检岗2,1,3,11.0,8.0,3.0,,FULL62-W1
SX,SX-RB01,2026-08-26,夜班,N12,EMPSX0081,SX-RB01-WASHER,洗瓶机岗,0,4,11.0,8.0,3.0,,FULL62-W1
SX,SX-SYRUP,2026-08-26,夜班,N12,EMPSX0119,SX-SYRUP-SYRUP-POST1,后糖岗1,1,3,11.0,8.0,3.0,,FULL62-W1
SX,SX-UTIL,2026-08-26,夜班,N12,EMPSX0128,SX-UTIL-WWTP,污水处理岗,0,3,11.0,8.0,3.0,,FULL62-W1
HB,HB-AS01,2026-08-27,白班,D12,EMPHB0275,HB-AS01-BLOW,吹瓶机岗,1,3,11.0,8.0,3.0,,FULL62-W1
HB,HB-AS01,2026-08-27,白班,D12,EMPHB0315,HB-AS01-CARTON,上纸箱岗,0,2,11.0,8.0,3.0,,FULL62-W1
HB,HB-AS01,2026-08-27,白班,D12,EMPHB0190,HB-AS01-FILL,灌注机岗,1,4,11.0,8.0,3.0,,FULL62-W1
HB,HB-AS01,2026-08-27,白班,D12,EMPHB0205,HB-AS01-HANDLE-1,提扣机岗1,0,4,11.0,8.0,3.0,,FULL62-W1
HB,HB-AS01,2026-08-27,白班,D12,EMPHB0204,HB-AS01-PALLET,码垛机岗,0,3,11.0,8.0,3.0,,FULL62-W1
HB,HB-AS01,2026-08-27,白班,D12,EMPHB0181,HB-AS01-SHIFT-LEADER,生产领班,1,3,11.0,8.0,3.0,,FULL62-W1
HB,HB-AS01,2026-08-27,白班,D12,EMPHB0308,HB-AS01-UHT-1,UHT&调配&果肉操作1,1,4,11.0,8.0,3.0,,FULL62-W1
HB,HB-AS01,2026-08-27,白班,D12,EMPHB0318,HB-AS01-UHT-AUX,辅助工,0,3,11.0,8.0,3.0,,FULL62-W1
HB,HB-ENG2,2026-08-27,白班,D12,EMPHB0346,HB-ENG2-AIRCOMP,空压岗,1,3,11.0,8.0,3.0,,FULL62-W1
HB,HB-ENG2,2026-08-27,白班,D12,EMPHB0338,HB-ENG2-ELEC-OUT1,外围电工1,1,3,11.0,8.0,3.0,,FULL62-W1
HB,HB-ENG2,2026-08-27,白班,D12,EMPHB0351,HB-ENG2-WWTP,污水岗,0,3,11.0,8.0,3.0,,FULL62-W1
HB,HB-PET01,2026-08-27,白班,D12,EMPHB0277,HB-PET01-BLOW,吹瓶机岗,1,3,11.0,8.0,3.0,,FULL62-W1
HB,HB-PET01,2026-08-27,白班,D12,EMPHB0191,HB-PET01-FILL,灌注机岗,1,4,11.0,8.0,3.0,,FULL62-W1
HB,HB-PET01,2026-08-27,白班,D12,EMPHB0295,HB-PET01-HANDLE-1,提扣机岗1,0,3,11.0,8.0,3.0,,FULL62-W1
HB,HB-PET01,2026-08-27,白班,D12,EMPHB0202,HB-PET01-PALLET,码垛机岗,0,3,11.0,8.0,3.0,,FULL62-W1
HB,HB-PET02,2026-08-27,白班,D12,EMPHB0216,HB-PET02-BLOW-FILL,吹瓶、灌装岗位,1,3,11.0,8.0,3.0,,FULL62-W1
HB,HB-PET02,2026-08-27,白班,D12,EMPHB0238,HB-PET02-LABEL,贴标机岗,0,3,11.0,8.0,3.0,,FULL62-W1
HB,HB-PET02,2026-08-27,白班,D12,EMPHB0290,HB-PET02-PACK-SHRINK,膜包机岗,0,3,11.0,8.0,3.0,,FULL62-W1
HB,HB-PET02,2026-08-27,白班,D12,EMPHB0225,HB-PET02-PALLET,码垛机岗,0,3,11.0,8.0,3.0,,FULL62-W1
HB,HB-PET03,2026-08-27,白班,D12,EMPHB0187,HB-PET03-BLOW,吹瓶机岗,1,3,11.0,8.0,3.0,,FULL62-W1
HB,HB-PET03,2026-08-27,白班,D12,EMPHB0298,HB-PET03-HANDLE-1,提扣机岗1,0,3,11.0,8.0,3.0,,FULL62-W1
HB,HB-PET03,2026-08-27,白班,D12,EMPHB0302,HB-PET03-HANDLE-2,提扣机岗2,0,3,11.0,8.0,3.0,,FULL62-W1
HB,HB-PET03,2026-08-27,白班,D12,EMPHB0217,HB-PET03-LABEL,贴标机岗,0,3,11.0,8.0,3.0,,FULL62-W1
HB,HB-PET03,2026-08-27,白班,D12,EMPHB0221,HB-PET03-PACK-SHRINK,膜包机岗,0,4,11.0,8.0,3.0,,FULL62-W1
HB,HB-PET03,2026-08-27,白班,D12,EMPHB0291,HB-PET03-PALLET,码垛机岗,0,3,11.0,8.0,3.0,,FULL62-W1
HB,HB-QC,2026-08-27,白班,D12,EMPHB0359,HB-QC-QC-RM-AS,无菌线原物料品控,1,3,11.0,8.0,3.0,,FULL62-W1
HB,HB-QC2,2026-08-27,白班,D12,EMPHB0361,HB-QC2-QC-BLOW,吹瓶品控,1,3,11.0,8.0,3.0,,FULL62-W1
HB,HB-QC2,2026-08-27,白班,D12,EMPHB0389,HB-QC2-QC-IP-AS,无菌线制程品控,1,3,11.0,8.0,3.0,,FULL62-W1
HB,HB-QC2,2026-08-27,白班,D12,EMPHB0370,HB-QC2-QC-IP-PET01,PET01线制程品控,1,3,11.0,8.0,3.0,,FULL62-W1
HB,HB-QC2,2026-08-27,白班,D12,EMPHB0373,HB-QC2-QC-IP-PET02,PET02线制程品控,1,4,11.0,8.0,3.0,,FULL62-W1
HB,HB-QC2,2026-08-27,白班,D12,EMPHB0379,HB-QC2-QC-IP-PET03,PET03线制程品控,1,3,11.0,8.0,3.0,,FULL62-W1
HB,HB-QC2,2026-08-27,白班,D12,EMPHB0385,HB-QC2-QC-WATER,水糖品控,1,3,11.0,8.0,3.0,,FULL62-W1
HB,HB-SYRUP,2026-08-27,白班,D12,EMPHB0263,HB-SYRUP-SYRUP-POST1,后糖岗1,1,4,11.0,8.0,3.0,,FULL62-W1
HB,HB-SYRUP,2026-08-27,白班,D12,EMPHB0269,HB-SYRUP-SYRUP-POST2,后糖岗2,1,4,11.0,8.0,3.0,,FULL62-W1
HB,HB-SYRUP,2026-08-27,白班,D12,EMPHB0257,HB-SYRUP-WATER,水处理操作岗,1,3,11.0,8.0,3.0,,FULL62-W1
SX,SX-BIB01,2026-08-27,白班,D12,EMPSX0108,SX-BIB01-PACK-1,包装岗1,0,3,11.0,8.0,3.0,,FULL62-W1
SX,SX-BIB01,2026-08-27,白班,D12,EMPSX0036,SX-BIB01-PACK-2,包装岗2,0,3,11.0,8.0,3.0,,FULL62-W1
SX,SX-CAN01,2026-08-27,白班,D12,EMPSX0053,SX-CAN01-DEPAL-CAN,卸罐机岗,0,3,11.0,8.0,3.0,,FULL62-W1
SX,SX-CAN01,2026-08-27,白班,D12,EMPSX0070,SX-CAN01-PACK-MULTI,多包装机,0,4,11.0,8.0,3.0,,FULL62-W1
SX,SX-ENG,2026-08-27,白班,D12,EMPSX0140,SX-ENG-AIRCOMP,制冷空压机岗,1,4,11.0,8.0,3.0,,FULL62-W1
SX,SX-ENG,2026-08-27,白班,D12,EMPSX0145,SX-ENG-MECH-LINE,生产线机修岗,0,3,11.0,8.0,3.0,,FULL62-W1
SX,SX-ENG,2026-08-27,白班,D12,EMPSX0147,SX-ENG-MECH-LINE,生产线机修岗,0,4,11.0,8.0,3.0,,FULL62-W1
SX,SX-ENG,2026-08-27,白班,D12,EMPSX0148,SX-ENG-MECH-LINE,生产线机修岗,0,3,11.0,8.0,3.0,,FULL62-W1
SX,SX-PET01,2026-08-27,白班,D12,EMPSX0004,SX-PET01-BLOW-LABEL,吹贴机岗,1,4,11.0,8.0,3.0,,FULL62-W1
SX,SX-PET01,2026-08-27,白班,D12,EMPSX0055,SX-PET01-FGI,FGI岗,0,3,11.0,8.0,3.0,,FULL62-W1
SX,SX-PET01,2026-08-27,白班,D12,EMPSX0044,SX-PET01-PACK-SHRINK,塑包机岗,0,4,11.0,8.0,3.0,,FULL62-W1
SX,SX-PET01,2026-08-27,白班,D12,EMPSX0014,SX-PET01-PALLET,码垛机岗,0,3,11.0,8.0,3.0,,FULL62-W1
SX,SX-PET01,2026-08-27,白班,D12,EMPSX0024,SX-PET01-PALLET-LABEL,垛贴码岗,0,3,11.0,8.0,3.0,,FULL62-W1
SX,SX-PET02,2026-08-27,白班,D12,EMPSX0032,SX-PET02-BLOW,吹瓶机岗,1,3,11.0,8.0,3.0,,FULL62-W1
SX,SX-PET02,2026-08-27,白班,D12,EMPSX0037,SX-PET02-FILL,灌注机岗,1,3,11.0,8.0,3.0,,FULL62-W1
SX,SX-PET02,2026-08-27,白班,D12,EMPSX0033,SX-PET02-LABEL,贴标机岗,0,3,11.0,8.0,3.0,,FULL62-W1
SX,SX-PET02,2026-08-27,白班,D12,EMPSX0062,SX-PET02-PACK-SHRINK,塑包机岗,0,3,11.0,8.0,3.0,,FULL62-W1
SX,SX-PET02,2026-08-27,白班,D12,EMPSX0067,SX-PET02-PALLET,码垛机岗,0,3,11.0,8.0,3.0,,FULL62-W1
SX,SX-PET02,2026-08-27,白班,D12,EMPSX0021,SX-PET02-PALLET-LABEL,垛贴码岗,0,4,11.0,8.0,3.0,,FULL62-W1
SX,SX-QC,2026-08-27,白班,D12,EMPSX0154,SX-QC-QC-AUX,辅线品控（水、糖、BIB）,1,3,11.0,8.0,3.0,,FULL62-W1
SX,SX-QC,2026-08-27,白班,D12,EMPSX0178,SX-QC-QC-BLOW,吹瓶品控,1,4,11.0,8.0,3.0,,FULL62-W1
SX,SX-QC,2026-08-27,白班,D12,EMPSX0097,SX-QC-QC-IP-CAN,CAN线品控,1,3,11.0,8.0,3.0,,FULL62-W1
SX,SX-QC,2026-08-27,白班,D12,EMPSX0164,SX-QC-QC-IP-PET1,PET线品控1,1,3,11.0,8.0,3.0,,FULL62-W1
SX,SX-QC,2026-08-27,白班,D12,EMPSX0166,SX-QC-QC-IP-PET2,PET线品控2,1,3,11.0,8.0,3.0,,FULL62-W1
SX,SX-QC,2026-08-27,白班,D12,EMPSX0175,SX-QC-QC-IP-RB,RB线品控,1,4,11.0,8.0,3.0,,FULL62-W1
SX,SX-RB01,2026-08-27,白班,D12,EMPSX0074,SX-RB01-DEPAL,码卸垛机岗,0,3,11.0,8.0,3.0,,FULL62-W1
SX,SX-RB01,2026-08-27,白班,D12,EMPSX0079,SX-RB01-LOADER,装卸箱机岗,0,4,11.0,8.0,3.0,,FULL62-W1
SX,SX-RB01,2026-08-27,白班,D12,EMPSX0099,SX-RB01-QC-BOTTLE,空瓶检测岗,1,3,11.0,8.0,3.0,,FULL62-W1
SX,SX-RB01,2026-08-27,白班,D12,EMPSX0090,SX-RB01-QC-FGI1,成品目检岗1,1,3,11.0,8.0,3.0,,FULL62-W1
SX,SX-RB01,2026-08-27,白班,D12,EMPSX0172,SX-RB01-QC-FGI2,成品目检岗2,1,3,11.0,8.0,3.0,,FULL62-W1
SX,SX-RB01,2026-08-27,白班,D12,EMPSX0083,SX-RB01-WASHER,洗瓶机岗,0,3,11.0,8.0,3.0,,FULL62-W1
SX,SX-SYRUP,2026-08-27,白班,D12,EMPSX0115,SX-SYRUP-SYRUP-POST1,后糖岗1,1,3,11.0,8.0,3.0,,FULL62-W1
SX,SX-SYRUP,2026-08-27,白班,D12,EMPSX0121,SX-SYRUP-SYRUP-POST2,后糖岗2,1,3,11.0,8.0,3.0,,FULL62-W1
HB,HB-ENG,2026-08-27,常白班,D8,EMPHB0323,HB-ENG-ELEC-2,电气维修工程师2,1,4,8.0,8.0,0.0,C,FULL62-W1
HB,HB-ENG,2026-08-27,常白班,D8,EMPHB0325,HB-ENG-ENG-BLOW,吹瓶机工程师,1,3,8.0,8.0,0.0,C,FULL62-W1
HB,HB-ENG,2026-08-27,常白班,D8,EMPHB0328,HB-ENG-ENG-FILL,灌装机工程师,1,3,8.0,8.0,0.0,C,FULL62-W1
HB,HB-ENG,2026-08-27,常白班,D8,EMPHB0329,HB-ENG-ENG-LABEL,贴标机工程师,1,3,8.0,8.0,0.0,C,FULL62-W1
HB,HB-ENG,2026-08-27,常白班,D8,EMPHB0332,HB-ENG-ENG-PACK,膜包机工程师,1,3,8.0,8.0,0.0,C,FULL62-W1
HB,HB-ENG,2026-08-27,常白班,D8,EMPHB0333,HB-ENG-ENG-PALLET,码垛机工程师,1,4,8.0,8.0,0.0,C,FULL62-W1
HB,HB-ENG2,2026-08-27,常白班,D8,EMPHB0340,HB-ENG2-ELEC-OUT2,外围电工2,1,4,8.0,8.0,0.0,,FULL62-W1
HB,HB-QC,2026-08-27,常白班,D8,EMPHB0364,HB-QC-QC-MICRO-AS1,无菌线微生物品控1,1,4,8.0,8.0,0.0,,FULL62-W1
HB,HB-QC,2026-08-27,常白班,D8,EMPHB0365,HB-QC-QC-MICRO-AS2,无菌线微生物品控2,1,3,8.0,8.0,0.0,,FULL62-W1
HB,HB-QC,2026-08-27,常白班,D8,EMPHB0368,HB-QC-QC-MICRO-AS3,无菌线微生物品控3,1,4,8.0,8.0,0.0,,FULL62-W1
HB,HB-QC,2026-08-27,常白班,D8,EMPHB0362,HB-QC-QC-MICRO-SODA,汽水线微生物品控,1,3,8.0,8.0,0.0,,FULL62-W1
HB,HB-SYRUP,2026-08-27,常白班,D8,EMPHB0261,HB-SYRUP-SYRUP-PRE,前糖岗,1,3,8.0,8.0,0.0,,FULL62-W1
SX,SX-ENG,2026-08-27,常白班,D8,EMPSX0134,SX-ENG-ELEC-LINE2,生产线电工2,1,3,8.0,8.0,0.0,C,FULL62-W1
SX,SX-ENG,2026-08-27,常白班,D8,EMPSX0135,SX-ENG-ELEC-OUT,外围电工,1,4,8.0,8.0,0.0,C,FULL62-W1
SX,SX-QC,2026-08-27,常白班,D8,EMPSX0159,SX-QC-QC-MICRO,微生物品控,1,3,8.0,8.0,0.0,,FULL62-W1
SX,SX-QC,2026-08-27,常白班,D8,EMPSX0157,SX-QC-QC-RM,原物料品控,1,3,8.0,8.0,0.0,,FULL62-W1
SX,SX-SYRUP,2026-08-27,常白班,D8,EMPSX0116,SX-SYRUP-SYRUP-PRE,前糖岗,1,3,8.0,8.0,0.0,,FULL62-W1
SX,SX-UTIL,2026-08-27,常白班,D8,EMPSX0125,SX-UTIL-WATER,水处理操作岗,1,3,8.0,8.0,0.0,,FULL62-W1
HB,HB-AS01,2026-08-27,夜班,N12,EMPHB0278,HB-AS01-BLOW,吹瓶机岗,1,4,11.0,8.0,3.0,,FULL62-W1
HB,HB-AS01,2026-08-27,夜班,N12,EMPHB0282,HB-AS01-FILL,灌注机岗,1,4,11.0,8.0,3.0,,FULL62-W1
HB,HB-AS01,2026-08-27,夜班,N12,EMPHB0249,HB-AS01-HANDLE-1,提扣机岗1,0,3,11.0,8.0,3.0,,FULL62-W1
HB,HB-AS01,2026-08-27,夜班,N12,EMPHB0299,HB-AS01-HANDLE-2,提扣机岗2,0,3,11.0,8.0,3.0,,FULL62-W1
HB,HB-AS01,2026-08-27,夜班,N12,EMPHB0288,HB-AS01-PACK-SHRINK,膜包机岗,0,3,11.0,8.0,3.0,,FULL62-W1
HB,HB-AS01,2026-08-27,夜班,N12,EMPHB0201,HB-AS01-PALLET,码垛机岗,0,4,11.0,8.0,3.0,,FULL62-W1
HB,HB-AS01,2026-08-27,夜班,N12,EMPHB0274,HB-AS01-SHIFT-LEADER,生产领班,1,4,11.0,8.0,3.0,,FULL62-W1
HB,HB-AS01,2026-08-27,夜班,N12,EMPHB0307,HB-AS01-UHT-1,UHT&调配&果肉操作1,1,4,11.0,8.0,3.0,,FULL62-W1
HB,HB-AS01,2026-08-27,夜班,N12,EMPHB0313,HB-AS01-UHT-2,UHT&调配&果肉操作2,1,4,11.0,8.0,3.0,,FULL62-W1
HB,HB-AS01,2026-08-27,夜班,N12,EMPHB0317,HB-AS01-UHT-AUX,辅助工,0,3,11.0,8.0,3.0,,FULL62-W1
HB,HB-ENG,2026-08-27,夜班,N12,EMPHB0322,HB-ENG-ELEC-1,电气维修工程师1,1,4,11.0,8.0,3.0,,FULL62-W1
HB,HB-ENG2,2026-08-27,夜班,N12,EMPHB0347,HB-ENG2-AIRCOMP,空压岗,1,3,11.0,8.0,3.0,,FULL62-W1
HB,HB-ENG2,2026-08-27,夜班,N12,EMPHB0343,HB-ENG2-BOILER,锅炉岗,0,3,11.0,8.0,3.0,,FULL62-W1
HB,HB-ENG2,2026-08-27,夜班,N12,EMPHB0335,HB-ENG2-ELEC-OUT1,外围电工1,1,4,11.0,8.0,3.0,,FULL62-W1
HB,HB-ENG2,2026-08-27,夜班,N12,EMPHB0352,HB-ENG2-WWTP,污水岗,0,3,11.0,8.0,3.0,,FULL62-W1
HB,HB-PET01,2026-08-27,夜班,N12,EMPHB0186,HB-PET01-BLOW,吹瓶机岗,1,3,11.0,8.0,3.0,,FULL62-W1
HB,HB-PET01,2026-08-27,夜班,N12,EMPHB0192,HB-PET01-FILL,灌注机岗,1,3,11.0,8.0,3.0,,FULL62-W1
HB,HB-PET01,2026-08-27,夜班,N12,EMPHB0305,HB-PET01-HANDLE-1,提扣机岗1,0,3,11.0,8.0,3.0,,FULL62-W1
HB,HB-PET01,2026-08-27,夜班,N12,EMPHB0255,HB-PET01-HANDLE-2,提扣机岗2,0,3,11.0,8.0,3.0,,FULL62-W1
HB,HB-PET01,2026-08-27,夜班,N12,EMPHB0285,HB-PET01-LABEL,贴标机岗,0,3,11.0,8.0,3.0,,FULL62-W1
HB,HB-PET01,2026-08-27,夜班,N12,EMPHB0222,HB-PET01-PACK-SHRINK,膜包机岗,0,3,11.0,8.0,3.0,,FULL62-W1
HB,HB-PET01,2026-08-27,夜班,N12,EMPHB0247,HB-PET01-PALLET,码垛机岗,0,3,11.0,8.0,3.0,,FULL62-W1
HB,HB-PET01,2026-08-27,夜班,N12,EMPHB0183,HB-PET01-SHIFT-ENG,倒班工程师,1,4,11.0,8.0,3.0,,FULL62-W1
HB,HB-PET02,2026-08-27,夜班,N12,EMPHB0283,HB-PET02-LABEL,贴标机岗,0,3,11.0,8.0,3.0,,FULL62-W1
HB,HB-PET02,2026-08-27,夜班,N12,EMPHB0242,HB-PET02-PACK-SHRINK,膜包机岗,0,3,11.0,8.0,3.0,,FULL62-W1
HB,HB-PET02,2026-08-27,夜班,N12,EMPHB0203,HB-PET02-PALLET,码垛机岗,0,3,11.0,8.0,3.0,,FULL62-W1
HB,HB-PET03,2026-08-27,夜班,N12,EMPHB0231,HB-PET03-BLOW,吹瓶机岗,1,4,11.0,8.0,3.0,,FULL62-W1
HB,HB-PET03,2026-08-27,夜班,N12,EMPHB0280,HB-PET03-FILL,灌注机岗,1,3,11.0,8.0,3.0,,FULL62-W1
HB,HB-PET03,2026-08-27,夜班,N12,EMPHB0316,HB-PET03-HANDLE-1,提扣机岗1,0,3,11.0,8.0,3.0,,FULL62-W1
HB,HB-PET03,2026-08-27,夜班,N12,EMPHB0220,HB-PET03-LABEL,贴标机岗,0,4,11.0,8.0,3.0,,FULL62-W1
HB,HB-PET03,2026-08-27,夜班,N12,EMPHB0199,HB-PET03-PACK-SHRINK,膜包机岗,0,3,11.0,8.0,3.0,,FULL62-W1
HB,HB-PET03,2026-08-27,夜班,N12,EMPHB0246,HB-PET03-PALLET,码垛机岗,0,4,11.0,8.0,3.0,,FULL62-W1
HB,HB-QC,2026-08-27,夜班,N12,EMPHB0357,HB-QC-QC-RM-AS,无菌线原物料品控,1,3,11.0,8.0,3.0,,FULL62-W1
HB,HB-QC,2026-08-27,夜班,N12,EMPHB0356,HB-QC-QC-RM-SODA,汽水线原物料品控,1,3,11.0,8.0,3.0,,FULL62-W1
HB,HB-QC2,2026-08-27,夜班,N12,EMPHB0382,HB-QC2-QC-BLOW,吹瓶品控,1,4,11.0,8.0,3.0,,FULL62-W1
HB,HB-QC2,2026-08-27,夜班,N12,EMPHB0391,HB-QC2-QC-IP-AS,无菌线制程品控,1,3,11.0,8.0,3.0,,FULL62-W1
HB,HB-QC2,2026-08-27,夜班,N12,EMPHB0372,HB-QC2-QC-IP-PET01,PET01线制程品控,1,3,11.0,8.0,3.0,,FULL62-W1
HB,HB-QC2,2026-08-27,夜班,N12,EMPHB0375,HB-QC2-QC-IP-PET02,PET02线制程品控,1,3,11.0,8.0,3.0,,FULL62-W1
HB,HB-QC2,2026-08-27,夜班,N12,EMPHB0378,HB-QC2-QC-IP-PET03,PET03线制程品控,1,3,11.0,8.0,3.0,,FULL62-W1
HB,HB-QC2,2026-08-27,夜班,N12,EMPHB0388,HB-QC2-QC-WATER,水糖品控,1,3,11.0,8.0,3.0,,FULL62-W1
HB,HB-SYRUP,2026-08-27,夜班,N12,EMPHB0266,HB-SYRUP-SYRUP-POST1,后糖岗1,1,4,11.0,8.0,3.0,,FULL62-W1
HB,HB-SYRUP,2026-08-27,夜班,N12,EMPHB0258,HB-SYRUP-WATER,水处理操作岗,1,3,11.0,8.0,3.0,,FULL62-W1
SX,SX-BIB01,2026-08-27,夜班,N12,EMPSX0102,SX-BIB01-FILL,灌装岗,1,3,11.0,8.0,3.0,,FULL62-W1
SX,SX-BIB01,2026-08-27,夜班,N12,EMPSX0112,SX-BIB01-PACK-2,包装岗2,0,3,11.0,8.0,3.0,,FULL62-W1
SX,SX-CAN01,2026-08-27,夜班,N12,EMPSX0056,SX-CAN01-DEPAL-CAN,卸罐机岗,0,3,11.0,8.0,3.0,,FULL62-W1
SX,SX-CAN01,2026-08-27,夜班,N12,EMPSX0038,SX-CAN01-FILL,灌注机岗,1,3,11.0,8.0,3.0,,FULL62-W1
SX,SX-CAN01,2026-08-27,夜班,N12,EMPSX0071,SX-CAN01-PACK-MULTI,多包装机,0,4,11.0,8.0,3.0,,FULL62-W1
SX,SX-CAN01,2026-08-27,夜班,N12,EMPSX0064,SX-CAN01-PACK-SHRINK,塑包机岗,0,3,11.0,8.0,3.0,,FULL62-W1
SX,SX-ENG,2026-08-27,夜班,N12,EMPSX0139,SX-ENG-AIRCOMP,制冷空压机岗,1,3,11.0,8.0,3.0,,FULL62-W1
SX,SX-ENG,2026-08-27,夜班,N12,EMPSX0144,SX-ENG-BOILER,锅炉操作岗,0,4,11.0,8.0,3.0,,FULL62-W1
SX,SX-ENG,2026-08-27,夜班,N12,EMPSX0129,SX-ENG-ELEC-LINE1,生产线电工1,1,3,11.0,8.0,3.0,,FULL62-W1
SX,SX-ENG,2026-08-27,夜班,N12,EMPSX0150,SX-ENG-MECH-LINE,生产线机修岗,0,3,11.0,8.0,3.0,,FULL62-W1
SX,SX-PET01,2026-08-27,夜班,N12,EMPSX0018,SX-PET01-FGI,FGI岗,0,4,11.0,8.0,3.0,,FULL62-W1
SX,SX-PET01,2026-08-27,夜班,N12,EMPSX0040,SX-PET01-FILL,灌注机岗,1,3,11.0,8.0,3.0,,FULL62-W1
SX,SX-PET01,2026-08-27,夜班,N12,EMPSX0026,SX-PET01-HANDLE,提扣机岗,0,3,11.0,8.0,3.0,,FULL62-W1
SX,SX-PET01,2026-08-27,夜班,N12,EMPSX0109,SX-PET01-PACK-SHRINK,塑包机岗,0,2,11.0,8.0,3.0,,FULL62-W1
SX,SX-PET01,2026-08-27,夜班,N12,EMPSX0048,SX-PET01-PALLET,码垛机岗,0,3,11.0,8.0,3.0,,FULL62-W1
SX,SX-PET01,2026-08-27,夜班,N12,EMPSX0023,SX-PET01-PALLET-LABEL,垛贴码岗,0,3,11.0,8.0,3.0,,FULL62-W1
SX,SX-PET02,2026-08-27,夜班,N12,EMPSX0029,SX-PET02-BLOW,吹瓶机岗,1,3,11.0,8.0,3.0,,FULL62-W1
SX,SX-PET02,2026-08-27,夜班,N12,EMPSX0034,SX-PET02-LABEL,贴标机岗,0,3,11.0,8.0,3.0,,FULL62-W1
SX,SX-PET02,2026-08-27,夜班,N12,EMPSX0043,SX-PET02-PACK-SHRINK,塑包机岗,0,3,11.0,8.0,3.0,,FULL62-W1
SX,SX-PET02,2026-08-27,夜班,N12,EMPSX0051,SX-PET02-PALLET,码垛机岗,0,3,11.0,8.0,3.0,,FULL62-W1
SX,SX-QC,2026-08-27,夜班,N12,EMPSX0156,SX-QC-QC-AUX,辅线品控（水、糖、BIB）,1,3,11.0,8.0,3.0,,FULL62-W1
SX,SX-QC,2026-08-27,夜班,N12,EMPSX0179,SX-QC-QC-BLOW,吹瓶品控,1,3,11.0,8.0,3.0,,FULL62-W1
SX,SX-QC,2026-08-27,夜班,N12,EMPSX0169,SX-QC-QC-IP-CAN,CAN线品控,1,4,11.0,8.0,3.0,,FULL62-W1
SX,SX-QC,2026-08-27,夜班,N12,EMPSX0161,SX-QC-QC-IP-PET1,PET线品控1,1,3,11.0,8.0,3.0,,FULL62-W1
SX,SX-QC,2026-08-27,夜班,N12,EMPSX0167,SX-QC-QC-IP-PET2,PET线品控2,1,4,11.0,8.0,3.0,,FULL62-W1
SX,SX-QC,2026-08-27,夜班,N12,EMPSX0176,SX-QC-QC-IP-RB,RB线品控,1,3,11.0,8.0,3.0,,FULL62-W1
SX,SX-RB01,2026-08-27,夜班,N12,EMPSX0076,SX-RB01-DEPAL,码卸垛机岗,0,3,11.0,8.0,3.0,,FULL62-W1
SX,SX-RB01,2026-08-27,夜班,N12,EMPSX0059,SX-RB01-FILL,灌注机岗,1,4,11.0,8.0,3.0,,FULL62-W1
SX,SX-RB01,2026-08-27,夜班,N12,EMPSX0080,SX-RB01-LOADER,装卸箱机岗,0,3,11.0,8.0,3.0,,FULL62-W1
SX,SX-RB01,2026-08-27,夜班,N12,EMPSX0100,SX-RB01-QC-BOTTLE,空瓶检测岗,1,3,11.0,8.0,3.0,,FULL62-W1
SX,SX-RB01,2026-08-27,夜班,N12,EMPSX0091,SX-RB01-QC-FGI1,成品目检岗1,1,3,11.0,8.0,3.0,,FULL62-W1
SX,SX-RB01,2026-08-27,夜班,N12,EMPSX0095,SX-RB01-QC-FGI2,成品目检岗2,1,3,11.0,8.0,3.0,,FULL62-W1
SX,SX-RB01,2026-08-27,夜班,N12,EMPSX0081,SX-RB01-WASHER,洗瓶机岗,0,4,11.0,8.0,3.0,,FULL62-W1
SX,SX-SYRUP,2026-08-27,夜班,N12,EMPSX0119,SX-SYRUP-SYRUP-POST1,后糖岗1,1,3,11.0,8.0,3.0,,FULL62-W1
SX,SX-UTIL,2026-08-27,夜班,N12,EMPSX0128,SX-UTIL-WWTP,污水处理岗,0,3,11.0,8.0,3.0,,FULL62-W1
HB,HB-AS01,2026-08-28,白班,D12,EMPHB0306,HB-AS01-CARTON,上纸箱岗,0,4,11.0,8.0,3.0,,FULL62-W1
HB,HB-AS01,2026-08-28,白班,D12,EMPHB0191,HB-AS01-FILL,灌注机岗,1,4,11.0,8.0,3.0,,FULL62-W1
HB,HB-AS01,2026-08-28,白班,D12,EMPHB0205,HB-AS01-HANDLE-1,提扣机岗1,0,4,11.0,8.0,3.0,,FULL62-W1
HB,HB-AS01,2026-08-28,白班,D12,EMPHB0254,HB-AS01-HANDLE-2,提扣机岗2,0,4,11.0,8.0,3.0,,FULL62-W1
HB,HB-AS01,2026-08-28,白班,D12,EMPHB0218,HB-AS01-PACK-SHRINK,膜包机岗,0,3,11.0,8.0,3.0,,FULL62-W1
HB,HB-AS01,2026-08-28,白班,D12,EMPHB0293,HB-AS01-PALLET,码垛机岗,0,4,11.0,8.0,3.0,,FULL62-W1
HB,HB-AS01,2026-08-28,白班,D12,EMPHB0309,HB-AS01-UHT-1,UHT&调配&果肉操作1,1,3,11.0,8.0,3.0,,FULL62-W1
HB,HB-AS01,2026-08-28,白班,D12,EMPHB0270,HB-AS01-UHT-2,UHT&调配&果肉操作2,1,3,11.0,8.0,3.0,,FULL62-W1
HB,HB-AS01,2026-08-28,白班,D12,EMPHB0315,HB-AS01-UHT-AUX,辅助工,0,3,11.0,8.0,3.0,,FULL62-W1
HB,HB-ENG,2026-08-28,白班,D12,EMPHB0319,HB-ENG-ELEC-1,电气维修工程师1,1,3,11.0,8.0,3.0,,FULL62-W1
HB,HB-ENG2,2026-08-28,白班,D12,EMPHB0341,HB-ENG2-AIRCOMP,空压岗,1,3,11.0,8.0,3.0,,FULL62-W1
HB,HB-ENG2,2026-08-28,白班,D12,EMPHB0336,HB-ENG2-ELEC-OUT1,外围电工1,1,3,11.0,8.0,3.0,,FULL62-W1
HB,HB-ENG2,2026-08-28,白班,D12,EMPHB0350,HB-ENG2-WWTP,污水岗,0,3,11.0,8.0,3.0,,FULL62-W1
HB,HB-PET01,2026-08-28,白班,D12,EMPHB0276,HB-PET01-BLOW,吹瓶机岗,1,3,11.0,8.0,3.0,,FULL62-W1
HB,HB-PET01,2026-08-28,白班,D12,EMPHB0189,HB-PET01-FILL,灌注机岗,1,4,11.0,8.0,3.0,,FULL62-W1
HB,HB-PET01,2026-08-28,白班,D12,EMPHB0251,HB-PET01-HANDLE-1,提扣机岗1,0,4,11.0,8.0,3.0,,FULL62-W1
HB,HB-PET01,2026-08-28,白班,D12,EMPHB0284,HB-PET01-LABEL,贴标机岗,0,3,11.0,8.0,3.0,,FULL62-W1
HB,HB-PET01,2026-08-28,白班,D12,EMPHB0200,HB-PET01-PACK-SHRINK,膜包机岗,0,3,11.0,8.0,3.0,,FULL62-W1
HB,HB-PET01,2026-08-28,白班,D12,EMPHB0291,HB-PET01-PALLET,码垛机岗,0,3,11.0,8.0,3.0,,FULL62-W1
HB,HB-PET01,2026-08-28,白班,D12,EMPHB0184,HB-PET01-SHIFT-ENG,倒班工程师,1,4,11.0,8.0,3.0,,FULL62-W1
HB,HB-PET02,2026-08-28,白班,D12,EMPHB0214,HB-PET02-BLOW-FILL,吹瓶、灌装岗位,1,3,11.0,8.0,3.0,,FULL62-W1
HB,HB-PET02,2026-08-28,白班,D12,EMPHB0243,HB-PET02-PACK-SHRINK,膜包机岗,0,3,11.0,8.0,3.0,,FULL62-W1
HB,HB-PET02,2026-08-28,白班,D12,EMPHB0226,HB-PET02-PALLET,码垛机岗,0,3,11.0,8.0,3.0,,FULL62-W1
HB,HB-PET03,2026-08-28,白班,D12,EMPHB0230,HB-PET03-BLOW,吹瓶机岗,1,3,11.0,8.0,3.0,,FULL62-W1
HB,HB-PET03,2026-08-28,白班,D12,EMPHB0236,HB-PET03-FILL,灌注机岗,1,3,11.0,8.0,3.0,,FULL62-W1
HB,HB-PET03,2026-08-28,白班,D12,EMPHB0207,HB-PET03-HANDLE-1,提扣机岗1,0,3,11.0,8.0,3.0,,FULL62-W1
HB,HB-PET03,2026-08-28,白班,D12,EMPHB0318,HB-PET03-HANDLE-2,提扣机岗2,0,2,11.0,8.0,3.0,,FULL62-W1
HB,HB-PET03,2026-08-28,白班,D12,EMPHB0240,HB-PET03-LABEL,贴标机岗,0,3,11.0,8.0,3.0,,FULL62-W1
HB,HB-PET03,2026-08-28,白班,D12,EMPHB0241,HB-PET03-PACK-SHRINK,膜包机岗,0,4,11.0,8.0,3.0,,FULL62-W1
HB,HB-QC,2026-08-28,白班,D12,EMPHB0358,HB-QC-QC-RM-AS,无菌线原物料品控,1,4,11.0,8.0,3.0,,FULL62-W1
HB,HB-QC,2026-08-28,白班,D12,EMPHB0355,HB-QC-QC-RM-SODA,汽水线原物料品控,1,4,11.0,8.0,3.0,,FULL62-W1
HB,HB-QC2,2026-08-28,白班,D12,EMPHB0384,HB-QC2-QC-BLOW,吹瓶品控,1,3,11.0,8.0,3.0,,FULL62-W1
HB,HB-QC2,2026-08-28,白班,D12,EMPHB0392,HB-QC2-QC-IP-AS,无菌线制程品控,1,3,11.0,8.0,3.0,,FULL62-W1
HB,HB-QC2,2026-08-28,白班,D12,EMPHB0371,HB-QC2-QC-IP-PET01,PET01线制程品控,1,3,11.0,8.0,3.0,,FULL62-W1
HB,HB-QC2,2026-08-28,白班,D12,EMPHB0379,HB-QC2-QC-IP-PET03,PET03线制程品控,1,3,11.0,8.0,3.0,,FULL62-W1
HB,HB-QC2,2026-08-28,白班,D12,EMPHB0385,HB-QC2-QC-WATER,水糖品控,1,3,11.0,8.0,3.0,,FULL62-W1
HB,HB-SYRUP,2026-08-28,白班,D12,EMPHB0263,HB-SYRUP-SYRUP-POST1,后糖岗1,1,4,11.0,8.0,3.0,C,FULL62-W1
HB,HB-SYRUP,2026-08-28,白班,D12,EMPHB0269,HB-SYRUP-SYRUP-POST2,后糖岗2,1,4,11.0,8.0,3.0,C,FULL62-W1
HB,HB-SYRUP,2026-08-28,白班,D12,EMPHB0257,HB-SYRUP-WATER,水处理操作岗,1,3,11.0,8.0,3.0,C,FULL62-W1
SX,SX-BIB01,2026-08-28,白班,D12,EMPSX0101,SX-BIB01-FILL,灌装岗,1,4,11.0,8.0,3.0,,FULL62-W1
SX,SX-BIB01,2026-08-28,白班,D12,EMPSX0105,SX-BIB01-PACK-1,包装岗1,0,3,11.0,8.0,3.0,,FULL62-W1
SX,SX-BIB01,2026-08-28,白班,D12,EMPSX0111,SX-BIB01-PACK-2,包装岗2,0,3,11.0,8.0,3.0,,FULL62-W1
SX,SX-BIB01,2026-08-28,白班,D12,EMPSX0114,SX-BIB01-PACK-3,包装岗3,0,3,11.0,8.0,3.0,,FULL62-W1
SX,SX-CAN01,2026-08-28,白班,D12,EMPSX0053,SX-CAN01-DEPAL-CAN,卸罐机岗,0,3,11.0,8.0,3.0,,FULL62-W1
SX,SX-CAN01,2026-08-28,白班,D12,EMPSX0085,SX-CAN01-FILL,灌注机岗,1,3,11.0,8.0,3.0,,FULL62-W1
SX,SX-CAN01,2026-08-28,白班,D12,EMPSX0069,SX-CAN01-PACK-MULTI,多包装机,0,4,11.0,8.0,3.0,,FULL62-W1
SX,SX-CAN01,2026-08-28,白班,D12,EMPSX0063,SX-CAN01-PACK-SHRINK,塑包机岗,0,3,11.0,8.0,3.0,,FULL62-W1
SX,SX-PET01,2026-08-28,白班,D12,EMPSX0003,SX-PET01-BLOW-LABEL,吹贴机岗,1,4,11.0,8.0,3.0,,FULL62-W1
SX,SX-PET01,2026-08-28,白班,D12,EMPSX0008,SX-PET01-FILL,灌注机岗,1,4,11.0,8.0,3.0,,FULL62-W1
SX,SX-PET01,2026-08-28,白班,D12,EMPSX0041,SX-PET01-PACK-SHRINK,塑包机岗,0,3,11.0,8.0,3.0,,FULL62-W1
SX,SX-PET01,2026-08-28,白班,D12,EMPSX0047,SX-PET01-PALLET,码垛机岗,0,3,11.0,8.0,3.0,,FULL62-W1
SX,SX-PET01,2026-08-28,白班,D12,EMPSX0052,SX-PET01-PALLET-LABEL,垛贴码岗,0,3,11.0,8.0,3.0,,FULL62-W1
SX,SX-PET02,2026-08-28,白班,D12,EMPSX0030,SX-PET02-BLOW,吹瓶机岗,1,3,11.0,8.0,3.0,,FULL62-W1
SX,SX-PET02,2026-08-28,白班,D12,EMPSX0108,SX-PET02-LABEL,贴标机岗,0,3,11.0,8.0,3.0,,FULL62-W1
SX,SX-PET02,2026-08-28,白班,D12,EMPSX0061,SX-PET02-PACK-SHRINK,塑包机岗,0,3,11.0,8.0,3.0,,FULL62-W1
SX,SX-PET02,2026-08-28,白班,D12,EMPSX0068,SX-PET02-PALLET,码垛机岗,0,3,11.0,8.0,3.0,,FULL62-W1
SX,SX-PET02,2026-08-28,白班,D12,EMPSX0024,SX-PET02-PALLET-LABEL,垛贴码岗,0,3,11.0,8.0,3.0,,FULL62-W1
SX,SX-QC,2026-08-28,白班,D12,EMPSX0177,SX-QC-QC-BLOW,吹瓶品控,1,3,11.0,8.0,3.0,,FULL62-W1
SX,SX-QC,2026-08-28,白班,D12,EMPSX0162,SX-QC-QC-IP-PET1,PET线品控1,1,4,11.0,8.0,3.0,,FULL62-W1
SX,SX-QC,2026-08-28,白班,D12,EMPSX0165,SX-QC-QC-IP-PET2,PET线品控2,1,3,11.0,8.0,3.0,,FULL62-W1
SX,SX-QC,2026-08-28,白班,D12,EMPSX0174,SX-QC-QC-IP-RB,RB线品控,1,3,11.0,8.0,3.0,,FULL62-W1
SX,SX-RB01,2026-08-28,白班,D12,EMPSX0074,SX-RB01-DEPAL,码卸垛机岗,0,3,11.0,8.0,3.0,,FULL62-W1
SX,SX-RB01,2026-08-28,白班,D12,EMPSX0077,SX-RB01-LOADER,装卸箱机岗,0,3,11.0,8.0,3.0,,FULL62-W1
SX,SX-RB01,2026-08-28,白班,D12,EMPSX0089,SX-RB01-QC-FGI1,成品目检岗1,1,3,11.0,8.0,3.0,,FULL62-W1
SX,SX-RB01,2026-08-28,白班,D12,EMPSX0093,SX-RB01-QC-FGI2,成品目检岗2,1,3,11.0,8.0,3.0,,FULL62-W1
SX,SX-RB01,2026-08-28,白班,D12,EMPSX0083,SX-RB01-WASHER,洗瓶机岗,0,3,11.0,8.0,3.0,,FULL62-W1
SX,SX-SYRUP,2026-08-28,白班,D12,EMPSX0117,SX-SYRUP-SYRUP-POST1,后糖岗1,1,3,11.0,8.0,3.0,,FULL62-W1
HB,HB-ENG,2026-08-28,常白班,D8,EMPHB0324,HB-ENG-ELEC-2,电气维修工程师2,1,4,8.0,8.0,0.0,,FULL62-W1
HB,HB-ENG,2026-08-28,常白班,D8,EMPHB0326,HB-ENG-ENG-BLOW,吹瓶机工程师,1,4,8.0,8.0,0.0,,FULL62-W1
HB,HB-ENG,2026-08-28,常白班,D8,EMPHB0327,HB-ENG-ENG-FILL,灌装机工程师,1,3,8.0,8.0,0.0,,FULL62-W1
HB,HB-ENG,2026-08-28,常白班,D8,EMPHB0329,HB-ENG-ENG-LABEL,贴标机工程师,1,3,8.0,8.0,0.0,,FULL62-W1
HB,HB-ENG,2026-08-28,常白班,D8,EMPHB0331,HB-ENG-ENG-PACK,膜包机工程师,1,3,8.0,8.0,0.0,,FULL62-W1
HB,HB-ENG,2026-08-28,常白班,D8,EMPHB0333,HB-ENG-ENG-PALLET,码垛机工程师,1,4,8.0,8.0,0.0,,FULL62-W1
HB,HB-ENG2,2026-08-28,常白班,D8,EMPHB0339,HB-ENG2-ELEC-OUT2,外围电工2,1,3,8.0,8.0,0.0,,FULL62-W1
HB,HB-QC,2026-08-28,常白班,D8,EMPHB0364,HB-QC-QC-MICRO-AS1,无菌线微生物品控1,1,4,8.0,8.0,0.0,,FULL62-W1
HB,HB-QC,2026-08-28,常白班,D8,EMPHB0365,HB-QC-QC-MICRO-AS2,无菌线微生物品控2,1,3,8.0,8.0,0.0,,FULL62-W1
HB,HB-QC,2026-08-28,常白班,D8,EMPHB0367,HB-QC-QC-MICRO-AS3,无菌线微生物品控3,1,3,8.0,8.0,0.0,,FULL62-W1
HB,HB-QC,2026-08-28,常白班,D8,EMPHB0362,HB-QC-QC-MICRO-SODA,汽水线微生物品控,1,3,8.0,8.0,0.0,,FULL62-W1
HB,HB-SYRUP,2026-08-28,常白班,D8,EMPHB0262,HB-SYRUP-SYRUP-PRE,前糖岗,1,3,8.0,8.0,0.0,,FULL62-W1
SX,SX-ENG,2026-08-28,常白班,D8,EMPSX0133,SX-ENG-ELEC-LINE2,生产线电工2,1,3,8.0,8.0,0.0,,FULL62-W1
SX,SX-ENG,2026-08-28,常白班,D8,EMPSX0135,SX-ENG-ELEC-OUT,外围电工,1,4,8.0,8.0,0.0,,FULL62-W1
SX,SX-QC,2026-08-28,常白班,D8,EMPSX0160,SX-QC-QC-MICRO,微生物品控,1,4,8.0,8.0,0.0,,FULL62-W1
SX,SX-QC,2026-08-28,常白班,D8,EMPSX0157,SX-QC-QC-RM,原物料品控,1,3,8.0,8.0,0.0,,FULL62-W1
SX,SX-SYRUP,2026-08-28,常白班,D8,EMPSX0115,SX-SYRUP-SYRUP-PRE,前糖岗,1,3,8.0,8.0,0.0,,FULL62-W1
SX,SX-UTIL,2026-08-28,常白班,D8,EMPSX0125,SX-UTIL-WATER,水处理操作岗,1,3,8.0,8.0,0.0,,FULL62-W1
HB,HB-AS01,2026-08-28,夜班,N12,EMPHB0252,HB-AS01-HANDLE-1,提扣机岗1,0,3,11.0,8.0,3.0,,FULL62-W1
HB,HB-AS01,2026-08-28,夜班,N12,EMPHB0196,HB-AS01-LABEL,贴标机岗,0,4,11.0,8.0,3.0,,FULL62-W1
HB,HB-AS01,2026-08-28,夜班,N12,EMPHB0223,HB-AS01-PACK-SHRINK,膜包机岗,0,3,11.0,8.0,3.0,,FULL62-W1
HB,HB-AS01,2026-08-28,夜班,N12,EMPHB0245,HB-AS01-PALLET,码垛机岗,0,3,11.0,8.0,3.0,,FULL62-W1
HB,HB-AS01,2026-08-28,夜班,N12,EMPHB0273,HB-AS01-SHIFT-LEADER,生产领班,1,3,11.0,8.0,3.0,,FULL62-W1
HB,HB-AS01,2026-08-28,夜班,N12,EMPHB0310,HB-AS01-UHT-1,UHT&调配&果肉操作1,1,3,11.0,8.0,3.0,,FULL62-W1
HB,HB-AS01,2026-08-28,夜班,N12,EMPHB0313,HB-AS01-UHT-2,UHT&调配&果肉操作2,1,4,11.0,8.0,3.0,,FULL62-W1
HB,HB-AS01,2026-08-28,夜班,N12,EMPHB0297,HB-AS01-UHT-AUX,辅助工,0,1,11.0,8.0,3.0,,FULL62-W1
HB,HB-ENG,2026-08-28,夜班,N12,EMPHB0322,HB-ENG-ELEC-1,电气维修工程师1,1,4,11.0,8.0,3.0,,FULL62-W1
HB,HB-ENG2,2026-08-28,夜班,N12,EMPHB0347,HB-ENG2-AIRCOMP,空压岗,1,3,11.0,8.0,3.0,,FULL62-W1
HB,HB-ENG2,2026-08-28,夜班,N12,EMPHB0343,HB-ENG2-BOILER,锅炉岗,0,3,11.0,8.0,3.0,,FULL62-W1
HB,HB-ENG2,2026-08-28,夜班,N12,EMPHB0335,HB-ENG2-ELEC-OUT1,外围电工1,1,4,11.0,8.0,3.0,,FULL62-W1
HB,HB-ENG2,2026-08-28,夜班,N12,EMPHB0349,HB-ENG2-WWTP,污水岗,0,3,11.0,8.0,3.0,,FULL62-W1
HB,HB-PET01,2026-08-28,夜班,N12,EMPHB0277,HB-PET01-BLOW,吹瓶机岗,1,3,11.0,8.0,3.0,,FULL62-W1
HB,HB-PET01,2026-08-28,夜班,N12,EMPHB0233,HB-PET01-FILL,灌注机岗,1,3,11.0,8.0,3.0,,FULL62-W1
HB,HB-PET01,2026-08-28,夜班,N12,EMPHB0208,HB-PET01-HANDLE-1,提扣机岗1,0,4,11.0,8.0,3.0,,FULL62-W1
HB,HB-PET01,2026-08-28,夜班,N12,EMPHB0212,HB-PET01-HANDLE-2,提扣机岗2,0,3,11.0,8.0,3.0,,FULL62-W1
HB,HB-PET01,2026-08-28,夜班,N12,EMPHB0244,HB-PET01-PACK-SHRINK,膜包机岗,0,3,11.0,8.0,3.0,,FULL62-W1
HB,HB-PET01,2026-08-28,夜班,N12,EMPHB0202,HB-PET01-PALLET,码垛机岗,0,3,11.0,8.0,3.0,,FULL62-W1
HB,HB-PET01,2026-08-28,夜班,N12,EMPHB0181,HB-PET01-SHIFT-ENG,倒班工程师,1,4,11.0,8.0,3.0,,FULL62-W1
HB,HB-PET02,2026-08-28,夜班,N12,EMPHB0215,HB-PET02-BLOW-FILL,吹瓶、灌装岗位,1,3,11.0,8.0,3.0,,FULL62-W1
HB,HB-PET02,2026-08-28,夜班,N12,EMPHB0219,HB-PET02-LABEL,贴标机岗,0,4,11.0,8.0,3.0,,FULL62-W1
HB,HB-PET03,2026-08-28,夜班,N12,EMPHB0185,HB-PET03-BLOW,吹瓶机岗,1,3,11.0,8.0,3.0,A,FULL62-W1
HB,HB-PET03,2026-08-28,夜班,N12,EMPHB0234,HB-PET03-FILL,灌注机岗,1,4,11.0,8.0,3.0,A,FULL62-W1
HB,HB-QC,2026-08-28,夜班,N12,EMPHB0360,HB-QC-QC-RM-AS,无菌线原物料品控,1,3,11.0,8.0,3.0,,FULL62-W1
HB,HB-QC,2026-08-28,夜班,N12,EMPHB0356,HB-QC-QC-RM-SODA,汽水线原物料品控,1,3,11.0,8.0,3.0,,FULL62-W1
HB,HB-QC2,2026-08-28,夜班,N12,EMPHB0383,HB-QC2-QC-BLOW,吹瓶品控,1,4,11.0,8.0,3.0,,FULL62-W1
HB,HB-QC2,2026-08-28,夜班,N12,EMPHB0390,HB-QC2-QC-IP-AS,无菌线制程品控,1,3,11.0,8.0,3.0,,FULL62-W1
HB,HB-QC2,2026-08-28,夜班,N12,EMPHB0369,HB-QC2-QC-IP-PET01,PET01线制程品控,1,3,11.0,8.0,3.0,,FULL62-W1
HB,HB-QC2,2026-08-28,夜班,N12,EMPHB0374,HB-QC2-QC-IP-PET02,PET02线制程品控,1,3,11.0,8.0,3.0,,FULL62-W1
HB,HB-QC2,2026-08-28,夜班,N12,EMPHB0380,HB-QC2-QC-IP-PET03,PET03线制程品控,1,4,11.0,8.0,3.0,,FULL62-W1
HB,HB-QC2,2026-08-28,夜班,N12,EMPHB0386,HB-QC2-QC-WATER,水糖品控,1,3,11.0,8.0,3.0,,FULL62-W1
HB,HB-SYRUP,2026-08-28,夜班,N12,EMPHB0264,HB-SYRUP-SYRUP-POST1,后糖岗1,1,4,11.0,8.0,3.0,,FULL62-W1
SX,SX-BIB01,2026-08-28,夜班,N12,EMPSX0104,SX-BIB01-FILL,灌装岗,1,3,11.0,8.0,3.0,,FULL62-W1
SX,SX-BIB01,2026-08-28,夜班,N12,EMPSX0062,SX-BIB01-PACK-1,包装岗1,0,1,11.0,8.0,3.0,,FULL62-W1
SX,SX-CAN01,2026-08-28,夜班,N12,EMPSX0038,SX-CAN01-FILL,灌注机岗,1,3,11.0,8.0,3.0,C,FULL62-W1
SX,SX-ENG,2026-08-28,夜班,N12,EMPSX0137,SX-ENG-AIRCOMP,制冷空压机岗,1,3,11.0,8.0,3.0,,FULL62-W1
SX,SX-ENG,2026-08-28,夜班,N12,EMPSX0142,SX-ENG-BOILER,锅炉操作岗,0,3,11.0,8.0,3.0,,FULL62-W1
SX,SX-ENG,2026-08-28,夜班,N12,EMPSX0132,SX-ENG-ELEC-LINE1,生产线电工1,1,3,11.0,8.0,3.0,,FULL62-W1
SX,SX-ENG,2026-08-28,夜班,N12,EMPSX0150,SX-ENG-MECH-LINE,生产线机修岗,0,3,11.0,8.0,3.0,,FULL62-W1
SX,SX-PET01,2026-08-28,夜班,N12,EMPSX0002,SX-PET01-BLOW-LABEL,吹贴机岗,1,3,11.0,8.0,3.0,,FULL62-W1
SX,SX-PET01,2026-08-28,夜班,N12,EMPSX0020,SX-PET01-FGI,FGI岗,0,3,11.0,8.0,3.0,,FULL62-W1
SX,SX-PET01,2026-08-28,夜班,N12,EMPSX0025,SX-PET01-HANDLE,提扣机岗,0,3,11.0,8.0,3.0,,FULL62-W1
SX,SX-PET01,2026-08-28,夜班,N12,EMPSX0012,SX-PET01-PACK-SHRINK,塑包机岗,0,4,11.0,8.0,3.0,,FULL62-W1
SX,SX-PET01,2026-08-28,夜班,N12,EMPSX0014,SX-PET01-PALLET,码垛机岗,0,3,11.0,8.0,3.0,,FULL62-W1
SX,SX-PET01,2026-08-28,夜班,N12,EMPSX0049,SX-PET01-PALLET-LABEL,垛贴码岗,0,3,11.0,8.0,3.0,,FULL62-W1
SX,SX-PET02,2026-08-28,夜班,N12,EMPSX0007,SX-PET02-FILL,灌注机岗,1,3,11.0,8.0,3.0,,FULL62-W1
SX,SX-PET02,2026-08-28,夜班,N12,EMPSX0033,SX-PET02-LABEL,贴标机岗,0,3,11.0,8.0,3.0,,FULL62-W1
SX,SX-PET02,2026-08-28,夜班,N12,EMPSX0064,SX-PET02-PACK-SHRINK,塑包机岗,0,3,11.0,8.0,3.0,,FULL62-W1
SX,SX-PET02,2026-08-28,夜班,N12,EMPSX0016,SX-PET02-PALLET,码垛机岗,0,4,11.0,8.0,3.0,,FULL62-W1
SX,SX-PET02,2026-08-28,夜班,N12,EMPSX0023,SX-PET02-PALLET-LABEL,垛贴码岗,0,3,11.0,8.0,3.0,,FULL62-W1
SX,SX-QC,2026-08-28,夜班,N12,EMPSX0154,SX-QC-QC-AUX,辅线品控（水、糖、BIB）,1,3,11.0,8.0,3.0,,FULL62-W1
SX,SX-QC,2026-08-28,夜班,N12,EMPSX0172,SX-QC-QC-IP-CAN,CAN线品控,1,3,11.0,8.0,3.0,,FULL62-W1
SX,SX-QC,2026-08-28,夜班,N12,EMPSX0163,SX-QC-QC-IP-PET1,PET线品控1,1,3,11.0,8.0,3.0,,FULL62-W1
SX,SX-QC,2026-08-28,夜班,N12,EMPSX0166,SX-QC-QC-IP-PET2,PET线品控2,1,3,11.0,8.0,3.0,,FULL62-W1
SX,SX-QC,2026-08-28,夜班,N12,EMPSX0176,SX-QC-QC-IP-RB,RB线品控,1,3,11.0,8.0,3.0,,FULL62-W1
SX,SX-RB01,2026-08-28,夜班,N12,EMPSX0065,SX-RB01-DEPAL,码卸垛机岗,0,2,11.0,8.0,3.0,,FULL62-W1
SX,SX-RB01,2026-08-28,夜班,N12,EMPSX0006,SX-RB01-FILL,灌注机岗,1,4,11.0,8.0,3.0,,FULL62-W1
SX,SX-RB01,2026-08-28,夜班,N12,EMPSX0080,SX-RB01-LOADER,装卸箱机岗,0,3,11.0,8.0,3.0,,FULL62-W1
SX,SX-RB01,2026-08-28,夜班,N12,EMPSX0097,SX-RB01-QC-BOTTLE,空瓶检测岗,1,3,11.0,8.0,3.0,,FULL62-W1
SX,SX-RB01,2026-08-28,夜班,N12,EMPSX0091,SX-RB01-QC-FGI1,成品目检岗1,1,3,11.0,8.0,3.0,,FULL62-W1
SX,SX-RB01,2026-08-28,夜班,N12,EMPSX0094,SX-RB01-QC-FGI2,成品目检岗2,1,3,11.0,8.0,3.0,,FULL62-W1
SX,SX-RB01,2026-08-28,夜班,N12,EMPSX0081,SX-RB01-WASHER,洗瓶机岗,0,4,11.0,8.0,3.0,,FULL62-W1
SX,SX-SYRUP,2026-08-28,夜班,N12,EMPSX0120,SX-SYRUP-SYRUP-POST1,后糖岗1,1,3,11.0,8.0,3.0,,FULL62-W1
SX,SX-SYRUP,2026-08-28,夜班,N12,EMPSX0123,SX-SYRUP-SYRUP-POST2,后糖岗2,1,3,11.0,8.0,3.0,,FULL62-W1
SX,SX-UTIL,2026-08-28,夜班,N12,EMPSX0127,SX-UTIL-WWTP,污水处理岗,0,4,11.0,8.0,3.0,,FULL62-W1
HB,HB-AS01,2026-08-29,白班,D12,EMPHB0278,HB-AS01-BLOW,吹瓶机岗,1,4,11.0,8.0,3.0,,FULL62-W1
HB,HB-AS01,2026-08-29,白班,D12,EMPHB0306,HB-AS01-CARTON,上纸箱岗,0,4,11.0,8.0,3.0,,FULL62-W1
HB,HB-AS01,2026-08-29,白班,D12,EMPHB0206,HB-AS01-HANDLE-1,提扣机岗1,0,4,11.0,8.0,3.0,,FULL62-W1
HB,HB-AS01,2026-08-29,白班,D12,EMPHB0253,HB-AS01-HANDLE-2,提扣机岗2,0,3,11.0,8.0,3.0,,FULL62-W1
HB,HB-AS01,2026-08-29,白班,D12,EMPHB0239,HB-AS01-LABEL,贴标机岗,0,3,11.0,8.0,3.0,,FULL62-W1
HB,HB-AS01,2026-08-29,白班,D12,EMPHB0241,HB-AS01-PACK-SHRINK,膜包机岗,0,4,11.0,8.0,3.0,,FULL62-W1
HB,HB-AS01,2026-08-29,白班,D12,EMPHB0226,HB-AS01-PALLET,码垛机岗,0,3,11.0,8.0,3.0,,FULL62-W1
HB,HB-AS01,2026-08-29,白班,D12,EMPHB0312,HB-AS01-UHT-2,UHT&调配&果肉操作2,1,3,11.0,8.0,3.0,,FULL62-W1
HB,HB-AS01,2026-08-29,白班,D12,EMPHB0315,HB-AS01-UHT-AUX,辅助工,0,3,11.0,8.0,3.0,,FULL62-W1
HB,HB-ENG,2026-08-29,白班,D12,EMPHB0320,HB-ENG-ELEC-1,电气维修工程师1,1,3,11.0,8.0,3.0,,FULL62-W1
HB,HB-ENG2,2026-08-29,白班,D12,EMPHB0346,HB-ENG2-AIRCOMP,空压岗,1,3,11.0,8.0,3.0,,FULL62-W1
HB,HB-ENG2,2026-08-29,白班,D12,EMPHB0338,HB-ENG2-ELEC-OUT1,外围电工1,1,3,11.0,8.0,3.0,,FULL62-W1
HB,HB-PET01,2026-08-29,白班,D12,EMPHB0229,HB-PET01-BLOW,吹瓶机岗,1,4,11.0,8.0,3.0,C,FULL62-W1
HB,HB-PET01,2026-08-29,白班,D12,EMPHB0189,HB-PET01-FILL,灌注机岗,1,4,11.0,8.0,3.0,C,FULL62-W1
HB,HB-PET01,2026-08-29,白班,D12,EMPHB0184,HB-PET01-SHIFT-ENG,倒班工程师,1,4,11.0,8.0,3.0,C,FULL62-W1
HB,HB-PET02,2026-08-29,白班,D12,EMPHB0216,HB-PET02-BLOW-FILL,吹瓶、灌装岗位,1,3,11.0,8.0,3.0,,FULL62-W1
HB,HB-PET02,2026-08-29,白班,D12,EMPHB0286,HB-PET02-LABEL,贴标机岗,0,3,11.0,8.0,3.0,,FULL62-W1
HB,HB-PET02,2026-08-29,白班,D12,EMPHB0218,HB-PET02-PACK-SHRINK,膜包机岗,0,3,11.0,8.0,3.0,,FULL62-W1
HB,HB-PET02,2026-08-29,白班,D12,EMPHB0203,HB-PET02-PALLET,码垛机岗,0,3,11.0,8.0,3.0,,FULL62-W1
HB,HB-PET03,2026-08-29,白班,D12,EMPHB0275,HB-PET03-BLOW,吹瓶机岗,1,3,11.0,8.0,3.0,,FULL62-W1
HB,HB-PET03,2026-08-29,白班,D12,EMPHB0190,HB-PET03-FILL,灌注机岗,1,4,11.0,8.0,3.0,,FULL62-W1
HB,HB-PET03,2026-08-29,白班,D12,EMPHB0256,HB-PET03-HANDLE-1,提扣机岗1,0,2,11.0,8.0,3.0,,FULL62-W1
HB,HB-PET03,2026-08-29,白班,D12,EMPHB0318,HB-PET03-HANDLE-2,提扣机岗2,0,2,11.0,8.0,3.0,,FULL62-W1
HB,HB-PET03,2026-08-29,白班,D12,EMPHB0240,HB-PET03-LABEL,贴标机岗,0,3,11.0,8.0,3.0,,FULL62-W1
HB,HB-PET03,2026-08-29,白班,D12,EMPHB0200,HB-PET03-PACK-SHRINK,膜包机岗,0,3,11.0,8.0,3.0,,FULL62-W1
HB,HB-PET03,2026-08-29,白班,D12,EMPHB0291,HB-PET03-PALLET,码垛机岗,0,3,11.0,8.0,3.0,,FULL62-W1
HB,HB-QC,2026-08-29,白班,D12,EMPHB0372,HB-QC-QC-RM-AS,无菌线原物料品控,1,3,11.0,8.0,3.0,,FULL62-W1
HB,HB-QC2,2026-08-29,白班,D12,EMPHB0384,HB-QC2-QC-BLOW,吹瓶品控,1,3,11.0,8.0,3.0,,FULL62-W1
HB,HB-QC2,2026-08-29,白班,D12,EMPHB0392,HB-QC2-QC-IP-AS,无菌线制程品控,1,3,11.0,8.0,3.0,,FULL62-W1
HB,HB-QC2,2026-08-29,白班,D12,EMPHB0371,HB-QC2-QC-IP-PET01,PET01线制程品控,1,3,11.0,8.0,3.0,,FULL62-W1
HB,HB-QC2,2026-08-29,白班,D12,EMPHB0375,HB-QC2-QC-IP-PET02,PET02线制程品控,1,3,11.0,8.0,3.0,,FULL62-W1
HB,HB-QC2,2026-08-29,白班,D12,EMPHB0379,HB-QC2-QC-IP-PET03,PET03线制程品控,1,3,11.0,8.0,3.0,,FULL62-W1
HB,HB-QC2,2026-08-29,白班,D12,EMPHB0385,HB-QC2-QC-WATER,水糖品控,1,3,11.0,8.0,3.0,,FULL62-W1
HB,HB-SYRUP,2026-08-29,白班,D12,EMPHB0266,HB-SYRUP-SYRUP-POST1,后糖岗1,1,4,11.0,8.0,3.0,,FULL62-W1
HB,HB-SYRUP,2026-08-29,白班,D12,EMPHB0269,HB-SYRUP-SYRUP-POST2,后糖岗2,1,4,11.0,8.0,3.0,,FULL62-W1
HB,HB-SYRUP,2026-08-29,白班,D12,EMPHB0260,HB-SYRUP-WATER,水处理操作岗,1,3,11.0,8.0,3.0,,FULL62-W1
SX,SX-BIB01,2026-08-29,白班,D12,EMPSX0102,SX-BIB01-FILL,灌装岗,1,3,11.0,8.0,3.0,,FULL62-W1
SX,SX-BIB01,2026-08-29,白班,D12,EMPSX0108,SX-BIB01-PACK-1,包装岗1,0,3,11.0,8.0,3.0,,FULL62-W1
SX,SX-BIB01,2026-08-29,白班,D12,EMPSX0105,SX-BIB01-PACK-2,包装岗2,0,3,11.0,8.0,3.0,,FULL62-W1
SX,SX-BIB01,2026-08-29,白班,D12,EMPSX0113,SX-BIB01-PACK-3,包装岗3,0,4,11.0,8.0,3.0,,FULL62-W1
SX,SX-CAN01,2026-08-29,白班,D12,EMPSX0056,SX-CAN01-DEPAL-CAN,卸罐机岗,0,3,11.0,8.0,3.0,,FULL62-W1
SX,SX-CAN01,2026-08-29,白班,D12,EMPSX0069,SX-CAN01-PACK-MULTI,多包装机,0,4,11.0,8.0,3.0,,FULL62-W1
SX,SX-CAN01,2026-08-29,白班,D12,EMPSX0043,SX-CAN01-PACK-SHRINK,塑包机岗,0,3,11.0,8.0,3.0,,FULL62-W1
SX,SX-ENG,2026-08-29,白班,D12,EMPSX0139,SX-ENG-AIRCOMP,制冷空压机岗,1,3,11.0,8.0,3.0,C,FULL62-W1
SX,SX-ENG,2026-08-29,白班,D12,EMPSX0131,SX-ENG-ELEC-LINE1,生产线电工1,1,3,11.0,8.0,3.0,C,FULL62-W1
SX,SX-PET01,2026-08-29,白班,D12,EMPSX0018,SX-PET01-FGI,FGI岗,0,4,11.0,8.0,3.0,,FULL62-W1
SX,SX-PET01,2026-08-29,白班,D12,EMPSX0087,SX-PET01-FILL,灌注机岗,1,3,11.0,8.0,3.0,,FULL62-W1
SX,SX-PET01,2026-08-29,白班,D12,EMPSX0010,SX-PET01-PACK-SHRINK,塑包机岗,0,3,11.0,8.0,3.0,,FULL62-W1
SX,SX-PET01,2026-08-29,白班,D12,EMPSX0045,SX-PET01-PALLET,码垛机岗,0,3,11.0,8.0,3.0,,FULL62-W1
SX,SX-PET02,2026-08-29,白班,D12,EMPSX0030,SX-PET02-BLOW,吹瓶机岗,1,3,11.0,8.0,3.0,,FULL62-W1
SX,SX-PET02,2026-08-29,白班,D12,EMPSX0040,SX-PET02-FILL,灌注机岗,1,3,11.0,8.0,3.0,,FULL62-W1
SX,SX-PET02,2026-08-29,白班,D12,EMPSX0021,SX-PET02-PALLET-LABEL,垛贴码岗,0,4,11.0,8.0,3.0,,FULL62-W1
SX,SX-QC,2026-08-29,白班,D12,EMPSX0156,SX-QC-QC-AUX,辅线品控（水、糖、BIB）,1,3,11.0,8.0,3.0,,FULL62-W1
SX,SX-QC,2026-08-29,白班,D12,EMPSX0179,SX-QC-QC-BLOW,吹瓶品控,1,3,11.0,8.0,3.0,,FULL62-W1
SX,SX-QC,2026-08-29,白班,D12,EMPSX0162,SX-QC-QC-IP-PET1,PET线品控1,1,4,11.0,8.0,3.0,,FULL62-W1
SX,SX-QC,2026-08-29,白班,D12,EMPSX0164,SX-QC-QC-IP-PET2,PET线品控2,1,3,11.0,8.0,3.0,,FULL62-W1
SX,SX-QC,2026-08-29,白班,D12,EMPSX0174,SX-QC-QC-IP-RB,RB线品控,1,3,11.0,8.0,3.0,,FULL62-W1
SX,SX-RB01,2026-08-29,白班,D12,EMPSX0013,SX-RB01-DEPAL,码卸垛机岗,0,2,11.0,8.0,3.0,,FULL62-W1
SX,SX-RB01,2026-08-29,白班,D12,EMPSX0086,SX-RB01-FILL,灌注机岗,1,3,11.0,8.0,3.0,,FULL62-W1
SX,SX-RB01,2026-08-29,白班,D12,EMPSX0079,SX-RB01-LOADER,装卸箱机岗,0,4,11.0,8.0,3.0,,FULL62-W1
SX,SX-RB01,2026-08-29,白班,D12,EMPSX0092,SX-RB01-QC-FGI1,成品目检岗1,1,3,11.0,8.0,3.0,,FULL62-W1
SX,SX-RB01,2026-08-29,白班,D12,EMPSX0096,SX-RB01-QC-FGI2,成品目检岗2,1,3,11.0,8.0,3.0,,FULL62-W1
SX,SX-RB01,2026-08-29,白班,D12,EMPSX0083,SX-RB01-WASHER,洗瓶机岗,0,3,11.0,8.0,3.0,,FULL62-W1
SX,SX-SYRUP,2026-08-29,白班,D12,EMPSX0115,SX-SYRUP-SYRUP-POST1,后糖岗1,1,3,11.0,8.0,3.0,,FULL62-W1
SX,SX-SYRUP,2026-08-29,白班,D12,EMPSX0122,SX-SYRUP-SYRUP-POST2,后糖岗2,1,3,11.0,8.0,3.0,,FULL62-W1
HB,HB-ENG,2026-08-29,常白班,D8,EMPHB0324,HB-ENG-ELEC-2,电气维修工程师2,1,4,8.0,8.0,0.0,,FULL62-W1
HB,HB-ENG,2026-08-29,常白班,D8,EMPHB0326,HB-ENG-ENG-BLOW,吹瓶机工程师,1,4,8.0,8.0,0.0,,FULL62-W1
HB,HB-ENG,2026-08-29,常白班,D8,EMPHB0328,HB-ENG-ENG-FILL,灌装机工程师,1,3,8.0,8.0,0.0,,FULL62-W1
HB,HB-ENG,2026-08-29,常白班,D8,EMPHB0330,HB-ENG-ENG-LABEL,贴标机工程师,1,4,8.0,8.0,0.0,,FULL62-W1
HB,HB-ENG,2026-08-29,常白班,D8,EMPHB0331,HB-ENG-ENG-PACK,膜包机工程师,1,3,8.0,8.0,0.0,,FULL62-W1
HB,HB-ENG,2026-08-29,常白班,D8,EMPHB0333,HB-ENG-ENG-PALLET,码垛机工程师,1,4,8.0,8.0,0.0,,FULL62-W1
HB,HB-ENG2,2026-08-29,常白班,D8,EMPHB0339,HB-ENG2-ELEC-OUT2,外围电工2,1,3,8.0,8.0,0.0,,FULL62-W1
HB,HB-QC,2026-08-29,常白班,D8,EMPHB0363,HB-QC-QC-MICRO-AS1,无菌线微生物品控1,1,3,8.0,8.0,0.0,,FULL62-W1
HB,HB-QC,2026-08-29,常白班,D8,EMPHB0365,HB-QC-QC-MICRO-AS2,无菌线微生物品控2,1,3,8.0,8.0,0.0,,FULL62-W1
HB,HB-QC,2026-08-29,常白班,D8,EMPHB0367,HB-QC-QC-MICRO-AS3,无菌线微生物品控3,1,3,8.0,8.0,0.0,,FULL62-W1
HB,HB-QC,2026-08-29,常白班,D8,EMPHB0382,HB-QC-QC-MICRO-SODA,汽水线微生物品控,1,3,8.0,8.0,0.0,,FULL62-W1
HB,HB-SYRUP,2026-08-29,常白班,D8,EMPHB0262,HB-SYRUP-SYRUP-PRE,前糖岗,1,3,8.0,8.0,0.0,,FULL62-W1
SX,SX-ENG,2026-08-29,常白班,D8,EMPSX0133,SX-ENG-ELEC-LINE2,生产线电工2,1,3,8.0,8.0,0.0,,FULL62-W1
SX,SX-ENG,2026-08-29,常白班,D8,EMPSX0136,SX-ENG-ELEC-OUT,外围电工,1,4,8.0,8.0,0.0,,FULL62-W1
SX,SX-QC,2026-08-29,常白班,D8,EMPSX0160,SX-QC-QC-MICRO,微生物品控,1,4,8.0,8.0,0.0,,FULL62-W1
SX,SX-QC,2026-08-29,常白班,D8,EMPSX0158,SX-QC-QC-RM,原物料品控,1,4,8.0,8.0,0.0,,FULL62-W1
SX,SX-SYRUP,2026-08-29,常白班,D8,EMPSX0116,SX-SYRUP-SYRUP-PRE,前糖岗,1,3,8.0,8.0,0.0,,FULL62-W1
SX,SX-UTIL,2026-08-29,常白班,D8,EMPSX0125,SX-UTIL-WATER,水处理操作岗,1,3,8.0,8.0,0.0,,FULL62-W1
HB,HB-AS01,2026-08-29,夜班,N12,EMPHB0277,HB-AS01-BLOW,吹瓶机岗,1,3,11.0,8.0,3.0,,FULL62-W1
HB,HB-AS01,2026-08-29,夜班,N12,EMPHB0303,HB-AS01-CARTON,上纸箱岗,0,4,11.0,8.0,3.0,,FULL62-W1
HB,HB-AS01,2026-08-29,夜班,N12,EMPHB0247,HB-AS01-PALLET,码垛机岗,0,3,11.0,8.0,3.0,,FULL62-W1
HB,HB-AS01,2026-08-29,夜班,N12,EMPHB0307,HB-AS01-UHT-1,UHT&调配&果肉操作1,1,4,11.0,8.0,3.0,,FULL62-W1
HB,HB-ENG2,2026-08-29,夜班,N12,EMPHB0345,HB-ENG2-AIRCOMP,空压岗,1,3,11.0,8.0,3.0,F,FULL62-W1
HB,HB-ENG2,2026-08-29,夜班,N12,EMPHB0337,HB-ENG2-ELEC-OUT1,外围电工1,1,4,11.0,8.0,3.0,F,FULL62-W1
HB,HB-PET01,2026-08-29,夜班,N12,EMPHB0186,HB-PET01-BLOW,吹瓶机岗,1,3,11.0,8.0,3.0,A,FULL62-W1
HB,HB-PET01,2026-08-29,夜班,N12,EMPHB0279,HB-PET01-FILL,灌注机岗,1,3,11.0,8.0,3.0,A,FULL62-W1
HB,HB-PET01,2026-08-29,夜班,N12,EMPHB0181,HB-PET01-SHIFT-ENG,倒班工程师,1,4,11.0,8.0,3.0,A,FULL62-W1
HB,HB-PET02,2026-08-29,夜班,N12,EMPHB0236,HB-PET02-BLOW-FILL,吹瓶、灌装岗位,1,3,11.0,8.0,3.0,,FULL62-W1
HB,HB-PET02,2026-08-29,夜班,N12,EMPHB0284,HB-PET02-LABEL,贴标机岗,0,3,11.0,8.0,3.0,,FULL62-W1
HB,HB-PET02,2026-08-29,夜班,N12,EMPHB0228,HB-PET02-PALLET,码垛机岗,0,3,11.0,8.0,3.0,,FULL62-W1
HB,HB-PET03,2026-08-29,夜班,N12,EMPHB0231,HB-PET03-BLOW,吹瓶机岗,1,4,11.0,8.0,3.0,,FULL62-W1
HB,HB-PET03,2026-08-29,夜班,N12,EMPHB0235,HB-PET03-FILL,灌注机岗,1,3,11.0,8.0,3.0,,FULL62-W1
HB,HB-PET03,2026-08-29,夜班,N12,EMPHB0316,HB-PET03-HANDLE-1,提扣机岗1,0,3,11.0,8.0,3.0,,FULL62-W1
HB,HB-PET03,2026-08-29,夜班,N12,EMPHB0196,HB-PET03-LABEL,贴标机岗,0,4,11.0,8.0,3.0,,FULL62-W1
HB,HB-PET03,2026-08-29,夜班,N12,EMPHB0222,HB-PET03-PACK-SHRINK,膜包机岗,0,3,11.0,8.0,3.0,,FULL62-W1
HB,HB-PET03,2026-08-29,夜班,N12,EMPHB0227,HB-PET03-PALLET,码垛机岗,0,4,11.0,8.0,3.0,,FULL62-W1
HB,HB-QC,2026-08-29,夜班,N12,EMPHB0359,HB-QC-QC-RM-AS,无菌线原物料品控,1,3,11.0,8.0,3.0,,FULL62-W1
HB,HB-QC,2026-08-29,夜班,N12,EMPHB0353,HB-QC-QC-RM-SODA,汽水线原物料品控,1,4,11.0,8.0,3.0,,FULL62-W1
HB,HB-QC2,2026-08-29,夜班,N12,EMPHB0383,HB-QC2-QC-BLOW,吹瓶品控,1,4,11.0,8.0,3.0,,FULL62-W1
HB,HB-QC2,2026-08-29,夜班,N12,EMPHB0390,HB-QC2-QC-IP-AS,无菌线制程品控,1,3,11.0,8.0,3.0,,FULL62-W1
HB,HB-QC2,2026-08-29,夜班,N12,EMPHB0380,HB-QC2-QC-IP-PET01,PET01线制程品控,1,3,11.0,8.0,3.0,,FULL62-W1
HB,HB-QC2,2026-08-29,夜班,N12,EMPHB0374,HB-QC2-QC-IP-PET02,PET02线制程品控,1,3,11.0,8.0,3.0,,FULL62-W1
HB,HB-QC2,2026-08-29,夜班,N12,EMPHB0378,HB-QC2-QC-IP-PET03,PET03线制程品控,1,3,11.0,8.0,3.0,,FULL62-W1
HB,HB-QC2,2026-08-29,夜班,N12,EMPHB0386,HB-QC2-QC-WATER,水糖品控,1,3,11.0,8.0,3.0,,FULL62-W1
HB,HB-SYRUP,2026-08-29,夜班,N12,EMPHB0263,HB-SYRUP-SYRUP-POST1,后糖岗1,1,4,11.0,8.0,3.0,,FULL62-W1
HB,HB-SYRUP,2026-08-29,夜班,N12,EMPHB0270,HB-SYRUP-SYRUP-POST2,后糖岗2,1,4,11.0,8.0,3.0,,FULL62-W1
HB,HB-SYRUP,2026-08-29,夜班,N12,EMPHB0258,HB-SYRUP-WATER,水处理操作岗,1,3,11.0,8.0,3.0,,FULL62-W1
SX,SX-BIB01,2026-08-29,夜班,N12,EMPSX0036,SX-BIB01-PACK-2,包装岗2,0,3,11.0,8.0,3.0,,FULL62-W1
SX,SX-CAN01,2026-08-29,夜班,N12,EMPSX0054,SX-CAN01-DEPAL-CAN,卸罐机岗,0,4,11.0,8.0,3.0,,FULL62-W1
SX,SX-CAN01,2026-08-29,夜班,N12,EMPSX0112,SX-CAN01-PACK-MULTI,多包装机,0,3,11.0,8.0,3.0,,FULL62-W1
SX,SX-CAN01,2026-08-29,夜班,N12,EMPSX0051,SX-CAN01-PALLET,码垛机岗,0,3,11.0,8.0,3.0,,FULL62-W1
SX,SX-ENG,2026-08-29,夜班,N12,EMPSX0144,SX-ENG-BOILER,锅炉操作岗,0,4,11.0,8.0,3.0,,FULL62-W1
SX,SX-ENG,2026-08-29,夜班,N12,EMPSX0146,SX-ENG-MECH-LINE,生产线机修岗,0,3,11.0,8.0,3.0,,FULL62-W1
SX,SX-PET01,2026-08-29,夜班,N12,EMPSX0004,SX-PET01-BLOW-LABEL,吹贴机岗,1,4,11.0,8.0,3.0,,FULL62-W1
SX,SX-PET01,2026-08-29,夜班,N12,EMPSX0019,SX-PET01-FGI,FGI岗,0,3,11.0,8.0,3.0,,FULL62-W1
SX,SX-PET01,2026-08-29,夜班,N12,EMPSX0026,SX-PET01-HANDLE,提扣机岗,0,3,11.0,8.0,3.0,,FULL62-W1
SX,SX-PET01,2026-08-29,夜班,N12,EMPSX0064,SX-PET01-PACK-SHRINK,塑包机岗,0,3,11.0,8.0,3.0,,FULL62-W1
SX,SX-PET01,2026-08-29,夜班,N12,EMPSX0016,SX-PET01-PALLET,码垛机岗,0,4,11.0,8.0,3.0,,FULL62-W1
SX,SX-PET01,2026-08-29,夜班,N12,EMPSX0022,SX-PET01-PALLET-LABEL,垛贴码岗,0,3,11.0,8.0,3.0,,FULL62-W1
SX,SX-PET02,2026-08-29,夜班,N12,EMPSX0029,SX-PET02-BLOW,吹瓶机岗,1,3,11.0,8.0,3.0,,FULL62-W1
SX,SX-PET02,2026-08-29,夜班,N12,EMPSX0006,SX-PET02-FILL,灌注机岗,1,4,11.0,8.0,3.0,,FULL62-W1
SX,SX-PET02,2026-08-29,夜班,N12,EMPSX0034,SX-PET02-LABEL,贴标机岗,0,3,11.0,8.0,3.0,,FULL62-W1
SX,SX-PET02,2026-08-29,夜班,N12,EMPSX0052,SX-PET02-PALLET-LABEL,垛贴码岗,0,3,11.0,8.0,3.0,,FULL62-W1
SX,SX-QC,2026-08-29,夜班,N12,EMPSX0155,SX-QC-QC-AUX,辅线品控（水、糖、BIB）,1,3,11.0,8.0,3.0,,FULL62-W1
SX,SX-QC,2026-08-29,夜班,N12,EMPSX0177,SX-QC-QC-BLOW,吹瓶品控,1,3,11.0,8.0,3.0,,FULL62-W1
SX,SX-QC,2026-08-29,夜班,N12,EMPSX0171,SX-QC-QC-IP-CAN,CAN线品控,1,3,11.0,8.0,3.0,,FULL62-W1
SX,SX-QC,2026-08-29,夜班,N12,EMPSX0165,SX-QC-QC-IP-PET2,PET线品控2,1,3,11.0,8.0,3.0,,FULL62-W1
SX,SX-QC,2026-08-29,夜班,N12,EMPSX0176,SX-QC-QC-IP-RB,RB线品控,1,3,11.0,8.0,3.0,,FULL62-W1
SX,SX-RB01,2026-08-29,夜班,N12,EMPSX0074,SX-RB01-DEPAL,码卸垛机岗,0,3,11.0,8.0,3.0,,FULL62-W1
SX,SX-RB01,2026-08-29,夜班,N12,EMPSX0005,SX-RB01-FILL,灌注机岗,1,3,11.0,8.0,3.0,,FULL62-W1
SX,SX-RB01,2026-08-29,夜班,N12,EMPSX0077,SX-RB01-LOADER,装卸箱机岗,0,3,11.0,8.0,3.0,,FULL62-W1
SX,SX-RB01,2026-08-29,夜班,N12,EMPSX0098,SX-RB01-QC-BOTTLE,空瓶检测岗,1,3,11.0,8.0,3.0,,FULL62-W1
SX,SX-RB01,2026-08-29,夜班,N12,EMPSX0089,SX-RB01-QC-FGI1,成品目检岗1,1,3,11.0,8.0,3.0,,FULL62-W1
SX,SX-RB01,2026-08-29,夜班,N12,EMPSX0082,SX-RB01-WASHER,洗瓶机岗,0,3,11.0,8.0,3.0,,FULL62-W1
SX,SX-SYRUP,2026-08-29,夜班,N12,EMPSX0118,SX-SYRUP-SYRUP-POST1,后糖岗1,1,3,11.0,8.0,3.0,,FULL62-W1
SX,SX-SYRUP,2026-08-29,夜班,N12,EMPSX0121,SX-SYRUP-SYRUP-POST2,后糖岗2,1,3,11.0,8.0,3.0,,FULL62-W1
SX,SX-UTIL,2026-08-29,夜班,N12,EMPSX0127,SX-UTIL-WWTP,污水处理岗,0,4,11.0,8.0,3.0,,FULL62-W1
HB,HB-AS01,2026-08-30,白班,D12,EMPHB0275,HB-AS01-BLOW,吹瓶机岗,1,3,11.0,8.0,3.0,,FULL62-W1
HB,HB-AS01,2026-08-30,白班,D12,EMPHB0306,HB-AS01-CARTON,上纸箱岗,0,4,11.0,8.0,3.0,,FULL62-W1
HB,HB-AS01,2026-08-30,白班,D12,EMPHB0233,HB-AS01-FILL,灌注机岗,1,3,11.0,8.0,3.0,,FULL62-W1
HB,HB-AS01,2026-08-30,白班,D12,EMPHB0208,HB-AS01-HANDLE-1,提扣机岗1,0,4,11.0,8.0,3.0,,FULL62-W1
HB,HB-AS01,2026-08-30,白班,D12,EMPHB0254,HB-AS01-HANDLE-2,提扣机岗2,0,4,11.0,8.0,3.0,,FULL62-W1
HB,HB-AS01,2026-08-30,白班,D12,EMPHB0287,HB-AS01-PACK-SHRINK,膜包机岗,0,3,11.0,8.0,3.0,,FULL62-W1
HB,HB-AS01,2026-08-30,白班,D12,EMPHB0248,HB-AS01-PALLET,码垛机岗,0,3,11.0,8.0,3.0,,FULL62-W1
HB,HB-AS01,2026-08-30,白班,D12,EMPHB0274,HB-AS01-SHIFT-LEADER,生产领班,1,4,11.0,8.0,3.0,,FULL62-W1
HB,HB-AS01,2026-08-30,白班,D12,EMPHB0310,HB-AS01-UHT-1,UHT&调配&果肉操作1,1,3,11.0,8.0,3.0,,FULL62-W1
HB,HB-AS01,2026-08-30,白班,D12,EMPHB0311,HB-AS01-UHT-2,UHT&调配&果肉操作2,1,3,11.0,8.0,3.0,,FULL62-W1
HB,HB-AS01,2026-08-30,白班,D12,EMPHB0315,HB-AS01-UHT-AUX,辅助工,0,3,11.0,8.0,3.0,,FULL62-W1
HB,HB-ENG,2026-08-30,白班,D12,EMPHB0319,HB-ENG-ELEC-1,电气维修工程师1,1,3,11.0,8.0,3.0,,FULL62-W1
HB,HB-ENG2,2026-08-30,白班,D12,EMPHB0347,HB-ENG2-AIRCOMP,空压岗,1,3,11.0,8.0,3.0,,FULL62-W1
HB,HB-ENG2,2026-08-30,白班,D12,EMPHB0344,HB-ENG2-BOILER,锅炉岗,0,4,11.0,8.0,3.0,,FULL62-W1
HB,HB-ENG2,2026-08-30,白班,D12,EMPHB0338,HB-ENG2-ELEC-OUT1,外围电工1,1,3,11.0,8.0,3.0,,FULL62-W1
HB,HB-PET01,2026-08-30,白班,D12,EMPHB0185,HB-PET01-BLOW,吹瓶机岗,1,3,11.0,8.0,3.0,,FULL62-W1
HB,HB-PET01,2026-08-30,白班,D12,EMPHB0190,HB-PET01-FILL,灌注机岗,1,4,11.0,8.0,3.0,,FULL62-W1
HB,HB-PET01,2026-08-30,白班,D12,EMPHB0207,HB-PET01-HANDLE-1,提扣机岗1,0,3,11.0,8.0,3.0,,FULL62-W1
HB,HB-PET01,2026-08-30,白班,D12,EMPHB0256,HB-PET01-HANDLE-2,提扣机岗2,0,3,11.0,8.0,3.0,,FULL62-W1
HB,HB-PET01,2026-08-30,白班,D12,EMPHB0218,HB-PET01-LABEL,贴标机岗,0,3,11.0,8.0,3.0,,FULL62-W1
HB,HB-PET01,2026-08-30,白班,D12,EMPHB0289,HB-PET01-PACK-SHRINK,膜包机岗,0,3,11.0,8.0,3.0,,FULL62-W1
HB,HB-PET01,2026-08-30,白班,D12,EMPHB0183,HB-PET01-SHIFT-ENG,倒班工程师,1,4,11.0,8.0,3.0,,FULL62-W1
HB,HB-PET02,2026-08-30,白班,D12,EMPHB0216,HB-PET02-BLOW-FILL,吹瓶、灌装岗位,1,3,11.0,8.0,3.0,,FULL62-W1
HB,HB-PET02,2026-08-30,白班,D12,EMPHB0220,HB-PET02-LABEL,贴标机岗,0,4,11.0,8.0,3.0,,FULL62-W1
HB,HB-PET02,2026-08-30,白班,D12,EMPHB0223,HB-PET02-PACK-SHRINK,膜包机岗,0,3,11.0,8.0,3.0,,FULL62-W1
HB,HB-PET02,2026-08-30,白班,D12,EMPHB0225,HB-PET02-PALLET,码垛机岗,0,3,11.0,8.0,3.0,,FULL62-W1
HB,HB-PET03,2026-08-30,白班,D12,EMPHB0188,HB-PET03-BLOW,吹瓶机岗,1,3,11.0,8.0,3.0,,FULL62-W1
HB,HB-PET03,2026-08-30,白班,D12,EMPHB0189,HB-PET03-FILL,灌注机岗,1,4,11.0,8.0,3.0,,FULL62-W1
HB,HB-PET03,2026-08-30,白班,D12,EMPHB0210,HB-PET03-HANDLE-1,提扣机岗1,0,2,11.0,8.0,3.0,,FULL62-W1
HB,HB-PET03,2026-08-30,白班,D12,EMPHB0253,HB-PET03-HANDLE-2,提扣机岗2,0,3,11.0,8.0,3.0,,FULL62-W1
HB,HB-PET03,2026-08-30,白班,D12,EMPHB0239,HB-PET03-LABEL,贴标机岗,0,3,11.0,8.0,3.0,,FULL62-W1
HB,HB-PET03,2026-08-30,白班,D12,EMPHB0201,HB-PET03-PALLET,码垛机岗,0,4,11.0,8.0,3.0,,FULL62-W1
HB,HB-QC,2026-08-30,白班,D12,EMPHB0372,HB-QC-QC-RM-AS,无菌线原物料品控,1,3,11.0,8.0,3.0,,FULL62-W1
HB,HB-QC,2026-08-30,白班,D12,EMPHB0354,HB-QC-QC-RM-SODA,汽水线原物料品控,1,3,11.0,8.0,3.0,,FULL62-W1
HB,HB-QC2,2026-08-30,白班,D12,EMPHB0382,HB-QC2-QC-BLOW,吹瓶品控,1,4,11.0,8.0,3.0,,FULL62-W1
HB,HB-QC2,2026-08-30,白班,D12,EMPHB0392,HB-QC2-QC-IP-AS,无菌线制程品控,1,3,11.0,8.0,3.0,,FULL62-W1
HB,HB-QC2,2026-08-30,白班,D12,EMPHB0371,HB-QC2-QC-IP-PET01,PET01线制程品控,1,3,11.0,8.0,3.0,,FULL62-W1
HB,HB-QC2,2026-08-30,白班,D12,EMPHB0376,HB-QC2-QC-IP-PET02,PET02线制程品控,1,3,11.0,8.0,3.0,,FULL62-W1
HB,HB-QC2,2026-08-30,白班,D12,EMPHB0379,HB-QC2-QC-IP-PET03,PET03线制程品控,1,3,11.0,8.0,3.0,,FULL62-W1
HB,HB-QC2,2026-08-30,白班,D12,EMPHB0387,HB-QC2-QC-WATER,水糖品控,1,3,11.0,8.0,3.0,,FULL62-W1
HB,HB-SYRUP,2026-08-30,白班,D12,EMPHB0313,HB-SYRUP-SYRUP-POST1,后糖岗1,1,3,11.0,8.0,3.0,,FULL62-W1
HB,HB-SYRUP,2026-08-30,白班,D12,EMPHB0268,HB-SYRUP-SYRUP-POST2,后糖岗2,1,3,11.0,8.0,3.0,,FULL62-W1
HB,HB-SYRUP,2026-08-30,白班,D12,EMPHB0259,HB-SYRUP-WATER,水处理操作岗,1,4,11.0,8.0,3.0,,FULL62-W1
SX,SX-BIB01,2026-08-30,白班,D12,EMPSX0108,SX-BIB01-PACK-1,包装岗1,0,3,11.0,8.0,3.0,,FULL62-W1
SX,SX-BIB01,2026-08-30,白班,D12,EMPSX0033,SX-BIB01-PACK-2,包装岗2,0,3,11.0,8.0,3.0,,FULL62-W1
SX,SX-BIB01,2026-08-30,白班,D12,EMPSX0113,SX-BIB01-PACK-3,包装岗3,0,4,11.0,8.0,3.0,,FULL62-W1
SX,SX-CAN01,2026-08-30,白班,D12,EMPSX0073,SX-CAN01-DEPAL-CAN,卸罐机岗,0,3,11.0,8.0,3.0,,FULL62-W1
SX,SX-CAN01,2026-08-30,白班,D12,EMPSX0088,SX-CAN01-FILL,灌注机岗,1,3,11.0,8.0,3.0,,FULL62-W1
SX,SX-CAN01,2026-08-30,白班,D12,EMPSX0070,SX-CAN01-PACK-MULTI,多包装机,0,4,11.0,8.0,3.0,,FULL62-W1
SX,SX-CAN01,2026-08-30,白班,D12,EMPSX0065,SX-CAN01-PALLET,码垛机岗,0,3,11.0,8.0,3.0,,FULL62-W1
SX,SX-ENG,2026-08-30,白班,D12,EMPSX0137,SX-ENG-AIRCOMP,制冷空压机岗,1,3,11.0,8.0,3.0,,FULL62-W1
SX,SX-ENG,2026-08-30,白班,D12,EMPSX0142,SX-ENG-BOILER,锅炉操作岗,0,3,11.0,8.0,3.0,,FULL62-W1
SX,SX-ENG,2026-08-30,白班,D12,EMPSX0129,SX-ENG-ELEC-LINE1,生产线电工1,1,3,11.0,8.0,3.0,,FULL62-W1
SX,SX-ENG,2026-08-30,白班,D12,EMPSX0145,SX-ENG-MECH-LINE,生产线机修岗,0,3,11.0,8.0,3.0,,FULL62-W1
SX,SX-ENG,2026-08-30,白班,D12,EMPSX0147,SX-ENG-MECH-LINE,生产线机修岗,0,4,11.0,8.0,3.0,,FULL62-W1
SX,SX-ENG,2026-08-30,白班,D12,EMPSX0148,SX-ENG-MECH-LINE,生产线机修岗,0,3,11.0,8.0,3.0,,FULL62-W1
SX,SX-PET01,2026-08-30,白班,D12,EMPSX0002,SX-PET01-BLOW-LABEL,吹贴机岗,1,3,11.0,8.0,3.0,,FULL62-W1
SX,SX-PET01,2026-08-30,白班,D12,EMPSX0017,SX-PET01-FGI,FGI岗,0,3,11.0,8.0,3.0,,FULL62-W1
SX,SX-PET01,2026-08-30,白班,D12,EMPSX0058,SX-PET01-FILL,灌注机岗,1,4,11.0,8.0,3.0,,FULL62-W1
SX,SX-PET01,2026-08-30,白班,D12,EMPSX0025,SX-PET01-HANDLE,提扣机岗,0,3,11.0,8.0,3.0,,FULL62-W1
SX,SX-PET01,2026-08-30,白班,D12,EMPSX0061,SX-PET01-PACK-SHRINK,塑包机岗,0,3,11.0,8.0,3.0,,FULL62-W1
SX,SX-PET01,2026-08-30,白班,D12,EMPSX0047,SX-PET01-PALLET,码垛机岗,0,3,11.0,8.0,3.0,,FULL62-W1
SX,SX-PET01,2026-08-30,白班,D12,EMPSX0023,SX-PET01-PALLET-LABEL,垛贴码岗,0,3,11.0,8.0,3.0,,FULL62-W1
SX,SX-PET02,2026-08-30,白班,D12,EMPSX0032,SX-PET02-BLOW,吹瓶机岗,1,3,11.0,8.0,3.0,,FULL62-W1
SX,SX-PET02,2026-08-30,白班,D12,EMPSX0086,SX-PET02-FILL,灌注机岗,1,3,11.0,8.0,3.0,,FULL62-W1
SX,SX-PET02,2026-08-30,白班,D12,EMPSX0035,SX-PET02-LABEL,贴标机岗,0,3,11.0,8.0,3.0,,FULL62-W1
SX,SX-PET02,2026-08-30,白班,D12,EMPSX0063,SX-PET02-PACK-SHRINK,塑包机岗,0,3,11.0,8.0,3.0,,FULL62-W1
SX,SX-PET02,2026-08-30,白班,D12,EMPSX0048,SX-PET02-PALLET,码垛机岗,0,3,11.0,8.0,3.0,,FULL62-W1
SX,SX-QC,2026-08-30,白班,D12,EMPSX0154,SX-QC-QC-AUX,辅线品控（水、糖、BIB）,1,3,11.0,8.0,3.0,,FULL62-W1
SX,SX-QC,2026-08-30,白班,D12,EMPSX0169,SX-QC-QC-IP-CAN,CAN线品控,1,4,11.0,8.0,3.0,,FULL62-W1
SX,SX-QC,2026-08-30,白班,D12,EMPSX0164,SX-QC-QC-IP-PET1,PET线品控1,1,3,11.0,8.0,3.0,,FULL62-W1
SX,SX-QC,2026-08-30,白班,D12,EMPSX0166,SX-QC-QC-IP-PET2,PET线品控2,1,3,11.0,8.0,3.0,,FULL62-W1
SX,SX-QC,2026-08-30,白班,D12,EMPSX0174,SX-QC-QC-IP-RB,RB线品控,1,3,11.0,8.0,3.0,,FULL62-W1
SX,SX-RB01,2026-08-30,白班,D12,EMPSX0075,SX-RB01-DEPAL,码卸垛机岗,0,3,11.0,8.0,3.0,,FULL62-W1
SX,SX-RB01,2026-08-30,白班,D12,EMPSX0038,SX-RB01-FILL,灌注机岗,1,3,11.0,8.0,3.0,,FULL62-W1
SX,SX-RB01,2026-08-30,白班,D12,EMPSX0078,SX-RB01-LOADER,装卸箱机岗,0,4,11.0,8.0,3.0,,FULL62-W1
SX,SX-RB01,2026-08-30,白班,D12,EMPSX0099,SX-RB01-QC-BOTTLE,空瓶检测岗,1,3,11.0,8.0,3.0,,FULL62-W1
SX,SX-RB01,2026-08-30,白班,D12,EMPSX0090,SX-RB01-QC-FGI1,成品目检岗1,1,3,11.0,8.0,3.0,,FULL62-W1
SX,SX-RB01,2026-08-30,白班,D12,EMPSX0172,SX-RB01-QC-FGI2,成品目检岗2,1,3,11.0,8.0,3.0,,FULL62-W1
SX,SX-RB01,2026-08-30,白班,D12,EMPSX0084,SX-RB01-WASHER,洗瓶机岗,0,3,11.0,8.0,3.0,,FULL62-W1
SX,SX-SYRUP,2026-08-30,白班,D12,EMPSX0115,SX-SYRUP-SYRUP-POST1,后糖岗1,1,3,11.0,8.0,3.0,,FULL62-W1
SX,SX-SYRUP,2026-08-30,白班,D12,EMPSX0123,SX-SYRUP-SYRUP-POST2,后糖岗2,1,3,11.0,8.0,3.0,,FULL62-W1
HB,HB-ENG,2026-08-30,常白班,D8,EMPHB0324,HB-ENG-ELEC-2,电气维修工程师2,1,4,8.0,8.0,0.0,,FULL62-W1
HB,HB-ENG,2026-08-30,常白班,D8,EMPHB0326,HB-ENG-ENG-BLOW,吹瓶机工程师,1,4,8.0,8.0,0.0,,FULL62-W1
HB,HB-ENG,2026-08-30,常白班,D8,EMPHB0327,HB-ENG-ENG-FILL,灌装机工程师,1,3,8.0,8.0,0.0,,FULL62-W1
HB,HB-ENG,2026-08-30,常白班,D8,EMPHB0330,HB-ENG-ENG-LABEL,贴标机工程师,1,4,8.0,8.0,0.0,,FULL62-W1
HB,HB-ENG,2026-08-30,常白班,D8,EMPHB0331,HB-ENG-ENG-PACK,膜包机工程师,1,3,8.0,8.0,0.0,,FULL62-W1
HB,HB-ENG,2026-08-30,常白班,D8,EMPHB0334,HB-ENG-ENG-PALLET,码垛机工程师,1,3,8.0,8.0,0.0,,FULL62-W1
HB,HB-ENG2,2026-08-30,常白班,D8,EMPHB0340,HB-ENG2-ELEC-OUT2,外围电工2,1,4,8.0,8.0,0.0,,FULL62-W1
HB,HB-QC,2026-08-30,常白班,D8,EMPHB0363,HB-QC-QC-MICRO-AS1,无菌线微生物品控1,1,3,8.0,8.0,0.0,C,FULL62-W1
HB,HB-QC,2026-08-30,常白班,D8,EMPHB0365,HB-QC-QC-MICRO-AS2,无菌线微生物品控2,1,3,8.0,8.0,0.0,C,FULL62-W1
HB,HB-QC,2026-08-30,常白班,D8,EMPHB0367,HB-QC-QC-MICRO-AS3,无菌线微生物品控3,1,3,8.0,8.0,0.0,C,FULL62-W1
HB,HB-QC,2026-08-30,常白班,D8,EMPHB0362,HB-QC-QC-MICRO-SODA,汽水线微生物品控,1,3,8.0,8.0,0.0,C,FULL62-W1
HB,HB-SYRUP,2026-08-30,常白班,D8,EMPHB0261,HB-SYRUP-SYRUP-PRE,前糖岗,1,3,8.0,8.0,0.0,,FULL62-W1
SX,SX-ENG,2026-08-30,常白班,D8,EMPSX0134,SX-ENG-ELEC-LINE2,生产线电工2,1,3,8.0,8.0,0.0,,FULL62-W1
SX,SX-ENG,2026-08-30,常白班,D8,EMPSX0135,SX-ENG-ELEC-OUT,外围电工,1,4,8.0,8.0,0.0,,FULL62-W1
SX,SX-QC,2026-08-30,常白班,D8,EMPSX0160,SX-QC-QC-MICRO,微生物品控,1,4,8.0,8.0,0.0,,FULL62-W1
SX,SX-QC,2026-08-30,常白班,D8,EMPSX0158,SX-QC-QC-RM,原物料品控,1,4,8.0,8.0,0.0,,FULL62-W1
SX,SX-SYRUP,2026-08-30,常白班,D8,EMPSX0116,SX-SYRUP-SYRUP-PRE,前糖岗,1,3,8.0,8.0,0.0,,FULL62-W1
SX,SX-UTIL,2026-08-30,常白班,D8,EMPSX0125,SX-UTIL-WATER,水处理操作岗,1,3,8.0,8.0,0.0,,FULL62-W1
HB,HB-AS01,2026-08-30,夜班,N12,EMPHB0229,HB-AS01-BLOW,吹瓶机岗,1,4,11.0,8.0,3.0,,FULL62-W1
HB,HB-AS01,2026-08-30,夜班,N12,EMPHB0304,HB-AS01-CARTON,上纸箱岗,0,3,11.0,8.0,3.0,,FULL62-W1
HB,HB-AS01,2026-08-30,夜班,N12,EMPHB0215,HB-AS01-FILL,灌注机岗,1,3,11.0,8.0,3.0,,FULL62-W1
HB,HB-AS01,2026-08-30,夜班,N12,EMPHB0295,HB-AS01-HANDLE-1,提扣机岗1,0,3,11.0,8.0,3.0,,FULL62-W1
HB,HB-AS01,2026-08-30,夜班,N12,EMPHB0301,HB-AS01-HANDLE-2,提扣机岗2,0,4,11.0,8.0,3.0,,FULL62-W1
HB,HB-AS01,2026-08-30,夜班,N12,EMPHB0242,HB-AS01-PACK-SHRINK,膜包机岗,0,3,11.0,8.0,3.0,,FULL62-W1
HB,HB-AS01,2026-08-30,夜班,N12,EMPHB0245,HB-AS01-PALLET,码垛机岗,0,3,11.0,8.0,3.0,,FULL62-W1
HB,HB-AS01,2026-08-30,夜班,N12,EMPHB0271,HB-AS01-SHIFT-LEADER,生产领班,1,3,11.0,8.0,3.0,,FULL62-W1
HB,HB-AS01,2026-08-30,夜班,N12,EMPHB0308,HB-AS01-UHT-1,UHT&调配&果肉操作1,1,4,11.0,8.0,3.0,,FULL62-W1
HB,HB-AS01,2026-08-30,夜班,N12,EMPHB0312,HB-AS01-UHT-2,UHT&调配&果肉操作2,1,3,11.0,8.0,3.0,,FULL62-W1
HB,HB-AS01,2026-08-30,夜班,N12,EMPHB0352,HB-AS01-UHT-AUX,辅助工,0,3,11.0,8.0,3.0,,FULL62-W1
HB,HB-ENG2,2026-08-30,夜班,N12,EMPHB0348,HB-ENG2-AIRCOMP,空压岗,1,4,11.0,8.0,3.0,,FULL62-W1
HB,HB-ENG2,2026-08-30,夜班,N12,EMPHB0349,HB-ENG2-WWTP,污水岗,0,3,11.0,8.0,3.0,,FULL62-W1
HB,HB-PET01,2026-08-30,夜班,N12,EMPHB0186,HB-PET01-BLOW,吹瓶机岗,1,3,11.0,8.0,3.0,,FULL62-W1
HB,HB-PET01,2026-08-30,夜班,N12,EMPHB0279,HB-PET01-FILL,灌注机岗,1,3,11.0,8.0,3.0,,FULL62-W1
HB,HB-PET01,2026-08-30,夜班,N12,EMPHB0316,HB-PET01-HANDLE-1,提扣机岗1,0,3,11.0,8.0,3.0,,FULL62-W1
HB,HB-PET01,2026-08-30,夜班,N12,EMPHB0283,HB-PET01-LABEL,贴标机岗,0,3,11.0,8.0,3.0,,FULL62-W1
HB,HB-PET01,2026-08-30,夜班,N12,EMPHB0221,HB-PET01-PACK-SHRINK,膜包机岗,0,4,11.0,8.0,3.0,,FULL62-W1
HB,HB-PET01,2026-08-30,夜班,N12,EMPHB0293,HB-PET01-PALLET,码垛机岗,0,4,11.0,8.0,3.0,,FULL62-W1
HB,HB-PET01,2026-08-30,夜班,N12,EMPHB0181,HB-PET01-SHIFT-ENG,倒班工程师,1,4,11.0,8.0,3.0,,FULL62-W1
HB,HB-PET02,2026-08-30,夜班,N12,EMPHB0237,HB-PET02-LABEL,贴标机岗,0,3,11.0,8.0,3.0,,FULL62-W1
HB,HB-PET02,2026-08-30,夜班,N12,EMPHB0224,HB-PET02-PACK-SHRINK,膜包机岗,0,4,11.0,8.0,3.0,,FULL62-W1
HB,HB-PET02,2026-08-30,夜班,N12,EMPHB0204,HB-PET02-PALLET,码垛机岗,0,3,11.0,8.0,3.0,,FULL62-W1
HB,HB-PET03,2026-08-30,夜班,N12,EMPHB0187,HB-PET03-BLOW,吹瓶机岗,1,3,11.0,8.0,3.0,,FULL62-W1
HB,HB-PET03,2026-08-30,夜班,N12,EMPHB0280,HB-PET03-FILL,灌注机岗,1,3,11.0,8.0,3.0,,FULL62-W1
HB,HB-PET03,2026-08-30,夜班,N12,EMPHB0252,HB-PET03-HANDLE-1,提扣机岗1,0,3,11.0,8.0,3.0,,FULL62-W1
HB,HB-PET03,2026-08-30,夜班,N12,EMPHB0211,HB-PET03-HANDLE-2,提扣机岗2,0,4,11.0,8.0,3.0,,FULL62-W1
HB,HB-PET03,2026-08-30,夜班,N12,EMPHB0285,HB-PET03-LABEL,贴标机岗,0,3,11.0,8.0,3.0,,FULL62-W1
HB,HB-PET03,2026-08-30,夜班,N12,EMPHB0241,HB-PET03-PACK-SHRINK,膜包机岗,0,4,11.0,8.0,3.0,,FULL62-W1
HB,HB-QC,2026-08-30,夜班,N12,EMPHB0359,HB-QC-QC-RM-AS,无菌线原物料品控,1,3,11.0,8.0,3.0,,FULL62-W1
HB,HB-QC2,2026-08-30,夜班,N12,EMPHB0384,HB-QC2-QC-BLOW,吹瓶品控,1,3,11.0,8.0,3.0,,FULL62-W1
HB,HB-QC2,2026-08-30,夜班,N12,EMPHB0389,HB-QC2-QC-IP-AS,无菌线制程品控,1,3,11.0,8.0,3.0,,FULL62-W1
HB,HB-QC2,2026-08-30,夜班,N12,EMPHB0374,HB-QC2-QC-IP-PET02,PET02线制程品控,1,3,11.0,8.0,3.0,,FULL62-W1
HB,HB-QC2,2026-08-30,夜班,N12,EMPHB0386,HB-QC2-QC-WATER,水糖品控,1,3,11.0,8.0,3.0,,FULL62-W1
HB,HB-SYRUP,2026-08-30,夜班,N12,EMPHB0270,HB-SYRUP-SYRUP-POST2,后糖岗2,1,4,11.0,8.0,3.0,,FULL62-W1
HB,HB-SYRUP,2026-08-30,夜班,N12,EMPHB0260,HB-SYRUP-WATER,水处理操作岗,1,3,11.0,8.0,3.0,,FULL62-W1
SX,SX-BIB01,2026-08-30,夜班,N12,EMPSX0102,SX-BIB01-FILL,灌装岗,1,3,11.0,8.0,3.0,,FULL62-W1
SX,SX-BIB01,2026-08-30,夜班,N12,EMPSX0105,SX-BIB01-PACK-1,包装岗1,0,3,11.0,8.0,3.0,,FULL62-W1
SX,SX-BIB01,2026-08-30,夜班,N12,EMPSX0036,SX-BIB01-PACK-2,包装岗2,0,3,11.0,8.0,3.0,,FULL62-W1
SX,SX-CAN01,2026-08-30,夜班,N12,EMPSX0054,SX-CAN01-DEPAL-CAN,卸罐机岗,0,4,11.0,8.0,3.0,,FULL62-W1
SX,SX-CAN01,2026-08-30,夜班,N12,EMPSX0037,SX-CAN01-FILL,灌注机岗,1,3,11.0,8.0,3.0,,FULL62-W1
SX,SX-CAN01,2026-08-30,夜班,N12,EMPSX0112,SX-CAN01-PACK-MULTI,多包装机,0,3,11.0,8.0,3.0,,FULL62-W1
SX,SX-CAN01,2026-08-30,夜班,N12,EMPSX0041,SX-CAN01-PACK-SHRINK,塑包机岗,0,3,11.0,8.0,3.0,,FULL62-W1
SX,SX-CAN01,2026-08-30,夜班,N12,EMPSX0016,SX-CAN01-PALLET,码垛机岗,0,4,11.0,8.0,3.0,,FULL62-W1
SX,SX-ENG,2026-08-30,夜班,N12,EMPSX0138,SX-ENG-AIRCOMP,制冷空压机岗,1,4,11.0,8.0,3.0,,FULL62-W1
SX,SX-ENG,2026-08-30,夜班,N12,EMPSX0143,SX-ENG-BOILER,锅炉操作岗,0,3,11.0,8.0,3.0,,FULL62-W1
SX,SX-ENG,2026-08-30,夜班,N12,EMPSX0130,SX-ENG-ELEC-LINE1,生产线电工1,1,3,11.0,8.0,3.0,,FULL62-W1
SX,SX-ENG,2026-08-30,夜班,N12,EMPSX0152,SX-ENG-MECH-LINE,生产线机修岗,0,3,11.0,8.0,3.0,,FULL62-W1
SX,SX-PET01,2026-08-30,夜班,N12,EMPSX0018,SX-PET01-FGI,FGI岗,0,4,11.0,8.0,3.0,,FULL62-W1
SX,SX-PET01,2026-08-30,夜班,N12,EMPSX0005,SX-PET01-FILL,灌注机岗,1,3,11.0,8.0,3.0,,FULL62-W1
SX,SX-PET01,2026-08-30,夜班,N12,EMPSX0028,SX-PET01-HANDLE,提扣机岗,0,4,11.0,8.0,3.0,,FULL62-W1
SX,SX-PET01,2026-08-30,夜班,N12,EMPSX0044,SX-PET01-PACK-SHRINK,塑包机岗,0,4,11.0,8.0,3.0,,FULL62-W1
SX,SX-PET01,2026-08-30,夜班,N12,EMPSX0066,SX-PET01-PALLET,码垛机岗,0,3,11.0,8.0,3.0,,FULL62-W1
SX,SX-PET01,2026-08-30,夜班,N12,EMPSX0052,SX-PET01-PALLET-LABEL,垛贴码岗,0,3,11.0,8.0,3.0,,FULL62-W1
SX,SX-PET02,2026-08-30,夜班,N12,EMPSX0007,SX-PET02-FILL,灌注机岗,1,3,11.0,8.0,3.0,,FULL62-W1
SX,SX-PET02,2026-08-30,夜班,N12,EMPSX0034,SX-PET02-LABEL,贴标机岗,0,3,11.0,8.0,3.0,,FULL62-W1
SX,SX-PET02,2026-08-30,夜班,N12,EMPSX0009,SX-PET02-PACK-SHRINK,塑包机岗,0,3,11.0,8.0,3.0,,FULL62-W1
SX,SX-PET02,2026-08-30,夜班,N12,EMPSX0045,SX-PET02-PALLET,码垛机岗,0,3,11.0,8.0,3.0,,FULL62-W1
SX,SX-PET02,2026-08-30,夜班,N12,EMPSX0050,SX-PET02-PALLET-LABEL,垛贴码岗,0,3,11.0,8.0,3.0,,FULL62-W1
SX,SX-QC,2026-08-30,夜班,N12,EMPSX0155,SX-QC-QC-AUX,辅线品控（水、糖、BIB）,1,3,11.0,8.0,3.0,,FULL62-W1
SX,SX-QC,2026-08-30,夜班,N12,EMPSX0180,SX-QC-QC-BLOW,吹瓶品控,1,3,11.0,8.0,3.0,,FULL62-W1
SX,SX-QC,2026-08-30,夜班,N12,EMPSX0170,SX-QC-QC-IP-CAN,CAN线品控,1,3,11.0,8.0,3.0,,FULL62-W1
SX,SX-QC,2026-08-30,夜班,N12,EMPSX0167,SX-QC-QC-IP-PET2,PET线品控2,1,4,11.0,8.0,3.0,,FULL62-W1
SX,SX-QC,2026-08-30,夜班,N12,EMPSX0176,SX-QC-QC-IP-RB,RB线品控,1,3,11.0,8.0,3.0,,FULL62-W1
SX,SX-RB01,2026-08-30,夜班,N12,EMPSX0013,SX-RB01-DEPAL,码卸垛机岗,0,2,11.0,8.0,3.0,,FULL62-W1
SX,SX-RB01,2026-08-30,夜班,N12,EMPSX0039,SX-RB01-FILL,灌注机岗,1,4,11.0,8.0,3.0,,FULL62-W1
SX,SX-RB01,2026-08-30,夜班,N12,EMPSX0080,SX-RB01-LOADER,装卸箱机岗,0,3,11.0,8.0,3.0,,FULL62-W1
SX,SX-RB01,2026-08-30,夜班,N12,EMPSX0098,SX-RB01-QC-BOTTLE,空瓶检测岗,1,3,11.0,8.0,3.0,,FULL62-W1
SX,SX-RB01,2026-08-30,夜班,N12,EMPSX0089,SX-RB01-QC-FGI1,成品目检岗1,1,3,11.0,8.0,3.0,,FULL62-W1
SX,SX-RB01,2026-08-30,夜班,N12,EMPSX0093,SX-RB01-QC-FGI2,成品目检岗2,1,3,11.0,8.0,3.0,,FULL62-W1
SX,SX-RB01,2026-08-30,夜班,N12,EMPSX0083,SX-RB01-WASHER,洗瓶机岗,0,3,11.0,8.0,3.0,,FULL62-W1
SX,SX-SYRUP,2026-08-30,夜班,N12,EMPSX0118,SX-SYRUP-SYRUP-POST1,后糖岗1,1,3,11.0,8.0,3.0,,FULL62-W1
SX,SX-SYRUP,2026-08-30,夜班,N12,EMPSX0121,SX-SYRUP-SYRUP-POST2,后糖岗2,1,3,11.0,8.0,3.0,,FULL62-W1
HB,HB-AS01,2026-08-31,白班,D12,EMPHB0315,HB-AS01-CARTON,上纸箱岗,0,2,11.0,8.0,3.0,,FULL62-W1
HB,HB-AS01,2026-08-31,白班,D12,EMPHB0281,HB-AS01-FILL,灌注机岗,1,4,11.0,8.0,3.0,,FULL62-W1
HB,HB-AS01,2026-08-31,白班,D12,EMPHB0207,HB-AS01-HANDLE-1,提扣机岗1,0,3,11.0,8.0,3.0,,FULL62-W1
HB,HB-AS01,2026-08-31,白班,D12,EMPHB0209,HB-AS01-HANDLE-2,提扣机岗2,0,4,11.0,8.0,3.0,,FULL62-W1
HB,HB-AS01,2026-08-31,白班,D12,EMPHB0198,HB-AS01-PACK-SHRINK,膜包机岗,0,3,11.0,8.0,3.0,,FULL62-W1
HB,HB-AS01,2026-08-31,白班,D12,EMPHB0202,HB-AS01-PALLET,码垛机岗,0,3,11.0,8.0,3.0,,FULL62-W1
HB,HB-AS01,2026-08-31,白班,D12,EMPHB0183,HB-AS01-SHIFT-LEADER,生产领班,1,3,11.0,8.0,3.0,,FULL62-W1
HB,HB-AS01,2026-08-31,白班,D12,EMPHB0310,HB-AS01-UHT-1,UHT&调配&果肉操作1,1,3,11.0,8.0,3.0,,FULL62-W1
HB,HB-ENG,2026-08-31,白班,D12,EMPHB0321,HB-ENG-ELEC-1,电气维修工程师1,1,4,11.0,8.0,3.0,,FULL62-W1
HB,HB-ENG2,2026-08-31,白班,D12,EMPHB0341,HB-ENG2-AIRCOMP,空压岗,1,3,11.0,8.0,3.0,,FULL62-W1
HB,HB-ENG2,2026-08-31,白班,D12,EMPHB0342,HB-ENG2-BOILER,锅炉岗,0,3,11.0,8.0,3.0,,FULL62-W1
HB,HB-ENG2,2026-08-31,白班,D12,EMPHB0337,HB-ENG2-ELEC-OUT1,外围电工1,1,4,11.0,8.0,3.0,,FULL62-W1
HB,HB-ENG2,2026-08-31,白班,D12,EMPHB0350,HB-ENG2-WWTP,污水岗,0,3,11.0,8.0,3.0,,FULL62-W1
HB,HB-PET01,2026-08-31,白班,D12,EMPHB0234,HB-PET01-FILL,灌注机岗,1,4,11.0,8.0,3.0,,FULL62-W1
HB,HB-PET01,2026-08-31,白班,D12,EMPHB0250,HB-PET01-HANDLE-1,提扣机岗1,0,3,11.0,8.0,3.0,,FULL62-W1
HB,HB-PET01,2026-08-31,白班,D12,EMPHB0255,HB-PET01-HANDLE-2,提扣机岗2,0,3,11.0,8.0,3.0,,FULL62-W1
HB,HB-PET01,2026-08-31,白班,D12,EMPHB0286,HB-PET01-LABEL,贴标机岗,0,3,11.0,8.0,3.0,,FULL62-W1
HB,HB-PET01,2026-08-31,白班,D12,EMPHB0289,HB-PET01-PACK-SHRINK,膜包机岗,0,3,11.0,8.0,3.0,,FULL62-W1
HB,HB-PET01,2026-08-31,白班,D12,EMPHB0203,HB-PET01-PALLET,码垛机岗,0,3,11.0,8.0,3.0,,FULL62-W1
HB,HB-PET01,2026-08-31,白班,D12,EMPHB0274,HB-PET01-SHIFT-ENG,倒班工程师,1,3,11.0,8.0,3.0,,FULL62-W1
HB,HB-PET02,2026-08-31,白班,D12,EMPHB0214,HB-PET02-BLOW-FILL,吹瓶、灌装岗位,1,3,11.0,8.0,3.0,,FULL62-W1
HB,HB-PET02,2026-08-31,白班,D12,EMPHB0217,HB-PET02-LABEL,贴标机岗,0,3,11.0,8.0,3.0,,FULL62-W1
HB,HB-PET02,2026-08-31,白班,D12,EMPHB0218,HB-PET02-PACK-SHRINK,膜包机岗,0,3,11.0,8.0,3.0,,FULL62-W1
HB,HB-PET03,2026-08-31,白班,D12,EMPHB0188,HB-PET03-BLOW,吹瓶机岗,1,3,11.0,8.0,3.0,,FULL62-W1
HB,HB-PET03,2026-08-31,白班,D12,EMPHB0190,HB-PET03-FILL,灌注机岗,1,4,11.0,8.0,3.0,,FULL62-W1
HB,HB-PET03,2026-08-31,白班,D12,EMPHB0208,HB-PET03-HANDLE-1,提扣机岗1,0,4,11.0,8.0,3.0,,FULL62-W1
HB,HB-PET03,2026-08-31,白班,D12,EMPHB0302,HB-PET03-HANDLE-2,提扣机岗2,0,3,11.0,8.0,3.0,,FULL62-W1
HB,HB-PET03,2026-08-31,白班,D12,EMPHB0193,HB-PET03-LABEL,贴标机岗,0,3,11.0,8.0,3.0,,FULL62-W1
HB,HB-PET03,2026-08-31,白班,D12,EMPHB0225,HB-PET03-PALLET,码垛机岗,0,3,11.0,8.0,3.0,,FULL62-W1
HB,HB-QC,2026-08-31,白班,D12,EMPHB0360,HB-QC-QC-RM-AS,无菌线原物料品控,1,3,11.0,8.0,3.0,,FULL62-W1
HB,HB-QC,2026-08-31,白班,D12,EMPHB0354,HB-QC-QC-RM-SODA,汽水线原物料品控,1,3,11.0,8.0,3.0,,FULL62-W1
HB,HB-SYRUP,2026-08-31,白班,D12,EMPHB0265,HB-SYRUP-SYRUP-POST1,后糖岗1,1,4,11.0,8.0,3.0,,FULL62-W1
HB,HB-SYRUP,2026-08-31,白班,D12,EMPHB0267,HB-SYRUP-SYRUP-POST2,后糖岗2,1,4,11.0,8.0,3.0,,FULL62-W1
HB,HB-SYRUP,2026-08-31,白班,D12,EMPHB0258,HB-SYRUP-WATER,水处理操作岗,1,3,11.0,8.0,3.0,,FULL62-W1
SX,SX-BIB01,2026-08-31,白班,D12,EMPSX0104,SX-BIB01-FILL,灌装岗,1,3,11.0,8.0,3.0,,FULL62-W1
SX,SX-BIB01,2026-08-31,白班,D12,EMPSX0108,SX-BIB01-PACK-1,包装岗1,0,3,11.0,8.0,3.0,,FULL62-W1
SX,SX-BIB01,2026-08-31,白班,D12,EMPSX0111,SX-BIB01-PACK-2,包装岗2,0,3,11.0,8.0,3.0,,FULL62-W1
SX,SX-BIB01,2026-08-31,白班,D12,EMPSX0114,SX-BIB01-PACK-3,包装岗3,0,3,11.0,8.0,3.0,,FULL62-W1
SX,SX-CAN01,2026-08-31,白班,D12,EMPSX0079,SX-CAN01-DEPAL-CAN,卸罐机岗,0,2,11.0,8.0,3.0,,FULL62-W1
SX,SX-CAN01,2026-08-31,白班,D12,EMPSX0040,SX-CAN01-FILL,灌注机岗,1,3,11.0,8.0,3.0,,FULL62-W1
SX,SX-CAN01,2026-08-31,白班,D12,EMPSX0072,SX-CAN01-PACK-MULTI,多包装机,0,3,11.0,8.0,3.0,,FULL62-W1
SX,SX-CAN01,2026-08-31,白班,D12,EMPSX0061,SX-CAN01-PACK-SHRINK,塑包机岗,0,3,11.0,8.0,3.0,,FULL62-W1
SX,SX-CAN01,2026-08-31,白班,D12,EMPSX0046,SX-CAN01-PALLET,码垛机岗,0,3,11.0,8.0,3.0,,FULL62-W1
SX,SX-ENG,2026-08-31,白班,D12,EMPSX0139,SX-ENG-AIRCOMP,制冷空压机岗,1,3,11.0,8.0,3.0,,FULL62-W1
SX,SX-ENG,2026-08-31,白班,D12,EMPSX0144,SX-ENG-BOILER,锅炉操作岗,0,4,11.0,8.0,3.0,,FULL62-W1
SX,SX-ENG,2026-08-31,白班,D12,EMPSX0129,SX-ENG-ELEC-LINE1,生产线电工1,1,3,11.0,8.0,3.0,,FULL62-W1
SX,SX-ENG,2026-08-31,白班,D12,EMPSX0145,SX-ENG-MECH-LINE,生产线机修岗,0,3,11.0,8.0,3.0,,FULL62-W1
SX,SX-ENG,2026-08-31,白班,D12,EMPSX0146,SX-ENG-MECH-LINE,生产线机修岗,0,3,11.0,8.0,3.0,,FULL62-W1
SX,SX-ENG,2026-08-31,白班,D12,EMPSX0148,SX-ENG-MECH-LINE,生产线机修岗,0,3,11.0,8.0,3.0,,FULL62-W1
SX,SX-PET01,2026-08-31,白班,D12,EMPSX0020,SX-PET01-FGI,FGI岗,0,3,11.0,8.0,3.0,,FULL62-W1
SX,SX-PET01,2026-08-31,白班,D12,EMPSX0088,SX-PET01-FILL,灌注机岗,1,3,11.0,8.0,3.0,,FULL62-W1
SX,SX-PET01,2026-08-31,白班,D12,EMPSX0012,SX-PET01-PACK-SHRINK,塑包机岗,0,4,11.0,8.0,3.0,,FULL62-W1
SX,SX-PET01,2026-08-31,白班,D12,EMPSX0048,SX-PET01-PALLET,码垛机岗,0,3,11.0,8.0,3.0,,FULL62-W1
SX,SX-PET01,2026-08-31,白班,D12,EMPSX0023,SX-PET01-PALLET-LABEL,垛贴码岗,0,3,11.0,8.0,3.0,,FULL62-W1
SX,SX-PET02,2026-08-31,白班,D12,EMPSX0031,SX-PET02-BLOW,吹瓶机岗,1,3,11.0,8.0,3.0,,FULL62-W1
SX,SX-PET02,2026-08-31,白班,D12,EMPSX0086,SX-PET02-FILL,灌注机岗,1,3,11.0,8.0,3.0,,FULL62-W1
SX,SX-PET02,2026-08-31,白班,D12,EMPSX0035,SX-PET02-LABEL,贴标机岗,0,3,11.0,8.0,3.0,,FULL62-W1
SX,SX-PET02,2026-08-31,白班,D12,EMPSX0021,SX-PET02-PALLET,码垛机岗,0,3,11.0,8.0,3.0,,FULL62-W1
SX,SX-PET02,2026-08-31,白班,D12,EMPSX0055,SX-PET02-PALLET-LABEL,垛贴码岗,0,3,11.0,8.0,3.0,,FULL62-W1
SX,SX-RB01,2026-08-31,白班,D12,EMPSX0073,SX-RB01-DEPAL,码卸垛机岗,0,3,11.0,8.0,3.0,,FULL62-W1
SX,SX-RB01,2026-08-31,白班,D12,EMPSX0058,SX-RB01-FILL,灌注机岗,1,4,11.0,8.0,3.0,,FULL62-W1
SX,SX-RB01,2026-08-31,白班,D12,EMPSX0077,SX-RB01-LOADER,装卸箱机岗,0,3,11.0,8.0,3.0,,FULL62-W1
SX,SX-RB01,2026-08-31,白班,D12,EMPSX0091,SX-RB01-QC-FGI1,成品目检岗1,1,3,11.0,8.0,3.0,,FULL62-W1
SX,SX-RB01,2026-08-31,白班,D12,EMPSX0096,SX-RB01-QC-FGI2,成品目检岗2,1,3,11.0,8.0,3.0,,FULL62-W1
SX,SX-RB01,2026-08-31,白班,D12,EMPSX0081,SX-RB01-WASHER,洗瓶机岗,0,4,11.0,8.0,3.0,,FULL62-W1
SX,SX-SYRUP,2026-08-31,白班,D12,EMPSX0115,SX-SYRUP-SYRUP-POST1,后糖岗1,1,3,11.0,8.0,3.0,,FULL62-W1
SX,SX-SYRUP,2026-08-31,白班,D12,EMPSX0122,SX-SYRUP-SYRUP-POST2,后糖岗2,1,3,11.0,8.0,3.0,,FULL62-W1
HB,HB-ENG,2026-08-31,常白班,D8,EMPHB0324,HB-ENG-ELEC-2,电气维修工程师2,1,4,8.0,8.0,0.0,A,FULL62-W1
HB,HB-ENG,2026-08-31,常白班,D8,EMPHB0326,HB-ENG-ENG-BLOW,吹瓶机工程师,1,4,8.0,8.0,0.0,A,FULL62-W1
HB,HB-ENG,2026-08-31,常白班,D8,EMPHB0328,HB-ENG-ENG-FILL,灌装机工程师,1,3,8.0,8.0,0.0,A,FULL62-W1
HB,HB-ENG,2026-08-31,常白班,D8,EMPHB0330,HB-ENG-ENG-LABEL,贴标机工程师,1,4,8.0,8.0,0.0,A,FULL62-W1
HB,HB-ENG,2026-08-31,常白班,D8,EMPHB0332,HB-ENG-ENG-PACK,膜包机工程师,1,3,8.0,8.0,0.0,A,FULL62-W1
HB,HB-ENG,2026-08-31,常白班,D8,EMPHB0334,HB-ENG-ENG-PALLET,码垛机工程师,1,3,8.0,8.0,0.0,A,FULL62-W1
HB,HB-ENG2,2026-08-31,常白班,D8,EMPHB0339,HB-ENG2-ELEC-OUT2,外围电工2,1,3,8.0,8.0,0.0,,FULL62-W1
HB,HB-QC,2026-08-31,常白班,D8,EMPHB0364,HB-QC-QC-MICRO-AS1,无菌线微生物品控1,1,4,8.0,8.0,0.0,,FULL62-W1
HB,HB-QC,2026-08-31,常白班,D8,EMPHB0366,HB-QC-QC-MICRO-AS2,无菌线微生物品控2,1,3,8.0,8.0,0.0,,FULL62-W1
HB,HB-QC,2026-08-31,常白班,D8,EMPHB0367,HB-QC-QC-MICRO-AS3,无菌线微生物品控3,1,3,8.0,8.0,0.0,,FULL62-W1
HB,HB-QC,2026-08-31,常白班,D8,EMPHB0382,HB-QC-QC-MICRO-SODA,汽水线微生物品控,1,3,8.0,8.0,0.0,,FULL62-W1
HB,HB-SYRUP,2026-08-31,常白班,D8,EMPHB0262,HB-SYRUP-SYRUP-PRE,前糖岗,1,3,8.0,8.0,0.0,,FULL62-W1
SX,SX-ENG,2026-08-31,常白班,D8,EMPSX0133,SX-ENG-ELEC-LINE2,生产线电工2,1,3,8.0,8.0,0.0,,FULL62-W1
SX,SX-ENG,2026-08-31,常白班,D8,EMPSX0135,SX-ENG-ELEC-OUT,外围电工,1,4,8.0,8.0,0.0,,FULL62-W1
SX,SX-QC,2026-08-31,常白班,D8,EMPSX0160,SX-QC-QC-MICRO,微生物品控,1,4,8.0,8.0,0.0,,FULL62-W1
SX,SX-QC,2026-08-31,常白班,D8,EMPSX0157,SX-QC-QC-RM,原物料品控,1,3,8.0,8.0,0.0,,FULL62-W1
SX,SX-SYRUP,2026-08-31,常白班,D8,EMPSX0116,SX-SYRUP-SYRUP-PRE,前糖岗,1,3,8.0,8.0,0.0,,FULL62-W1
SX,SX-UTIL,2026-08-31,常白班,D8,EMPSX0125,SX-UTIL-WATER,水处理操作岗,1,3,8.0,8.0,0.0,,FULL62-W1
HB,HB-AS01,2026-08-31,夜班,N12,EMPHB0231,HB-AS01-BLOW,吹瓶机岗,1,4,11.0,8.0,3.0,,FULL62-W1
HB,HB-AS01,2026-08-31,夜班,N12,EMPHB0306,HB-AS01-CARTON,上纸箱岗,0,4,11.0,8.0,3.0,,FULL62-W1
HB,HB-AS01,2026-08-31,夜班,N12,EMPHB0213,HB-AS01-FILL,灌注机岗,1,3,11.0,8.0,3.0,,FULL62-W1
HB,HB-AS01,2026-08-31,夜班,N12,EMPHB0298,HB-AS01-HANDLE-1,提扣机岗1,0,3,11.0,8.0,3.0,,FULL62-W1
HB,HB-AS01,2026-08-31,夜班,N12,EMPHB0212,HB-AS01-HANDLE-2,提扣机岗2,0,3,11.0,8.0,3.0,,FULL62-W1
HB,HB-AS01,2026-08-31,夜班,N12,EMPHB0238,HB-AS01-LABEL,贴标机岗,0,3,11.0,8.0,3.0,,FULL62-W1
HB,HB-AS01,2026-08-31,夜班,N12,EMPHB0241,HB-AS01-PACK-SHRINK,膜包机岗,0,4,11.0,8.0,3.0,,FULL62-W1
HB,HB-AS01,2026-08-31,夜班,N12,EMPHB0293,HB-AS01-PALLET,码垛机岗,0,4,11.0,8.0,3.0,,FULL62-W1
HB,HB-AS01,2026-08-31,夜班,N12,EMPHB0271,HB-AS01-SHIFT-LEADER,生产领班,1,3,11.0,8.0,3.0,,FULL62-W1
HB,HB-AS01,2026-08-31,夜班,N12,EMPHB0307,HB-AS01-UHT-1,UHT&调配&果肉操作1,1,4,11.0,8.0,3.0,,FULL62-W1
HB,HB-ENG,2026-08-31,夜班,N12,EMPHB0322,HB-ENG-ELEC-1,电气维修工程师1,1,4,11.0,8.0,3.0,,FULL62-W1
HB,HB-ENG2,2026-08-31,夜班,N12,EMPHB0346,HB-ENG2-AIRCOMP,空压岗,1,3,11.0,8.0,3.0,,FULL62-W1
HB,HB-ENG2,2026-08-31,夜班,N12,EMPHB0343,HB-ENG2-BOILER,锅炉岗,0,3,11.0,8.0,3.0,,FULL62-W1
HB,HB-ENG2,2026-08-31,夜班,N12,EMPHB0338,HB-ENG2-ELEC-OUT1,外围电工1,1,3,11.0,8.0,3.0,,FULL62-W1
HB,HB-ENG2,2026-08-31,夜班,N12,EMPHB0352,HB-ENG2-WWTP,污水岗,0,3,11.0,8.0,3.0,,FULL62-W1
HB,HB-PET01,2026-08-31,夜班,N12,EMPHB0232,HB-PET01-BLOW,吹瓶机岗,1,3,11.0,8.0,3.0,,FULL62-W1
HB,HB-PET01,2026-08-31,夜班,N12,EMPHB0296,HB-PET01-HANDLE-1,提扣机岗1,0,3,11.0,8.0,3.0,,FULL62-W1
HB,HB-PET01,2026-08-31,夜班,N12,EMPHB0301,HB-PET01-HANDLE-2,提扣机岗2,0,4,11.0,8.0,3.0,,FULL62-W1
HB,HB-PET01,2026-08-31,夜班,N12,EMPHB0284,HB-PET01-LABEL,贴标机岗,0,3,11.0,8.0,3.0,,FULL62-W1
HB,HB-PET01,2026-08-31,夜班,N12,EMPHB0242,HB-PET01-PACK-SHRINK,膜包机岗,0,3,11.0,8.0,3.0,,FULL62-W1
HB,HB-PET01,2026-08-31,夜班,N12,EMPHB0245,HB-PET01-PALLET,码垛机岗,0,3,11.0,8.0,3.0,,FULL62-W1
HB,HB-PET01,2026-08-31,夜班,N12,EMPHB0181,HB-PET01-SHIFT-ENG,倒班工程师,1,4,11.0,8.0,3.0,,FULL62-W1
HB,HB-PET02,2026-08-31,夜班,N12,EMPHB0216,HB-PET02-BLOW-FILL,吹瓶、灌装岗位,1,3,11.0,8.0,3.0,,FULL62-W1
HB,HB-PET02,2026-08-31,夜班,N12,EMPHB0285,HB-PET02-LABEL,贴标机岗,0,3,11.0,8.0,3.0,,FULL62-W1
HB,HB-PET02,2026-08-31,夜班,N12,EMPHB0290,HB-PET02-PACK-SHRINK,膜包机岗,0,3,11.0,8.0,3.0,,FULL62-W1
HB,HB-PET02,2026-08-31,夜班,N12,EMPHB0247,HB-PET02-PALLET,码垛机岗,0,3,11.0,8.0,3.0,,FULL62-W1
HB,HB-PET03,2026-08-31,夜班,N12,EMPHB0229,HB-PET03-BLOW,吹瓶机岗,1,4,11.0,8.0,3.0,,FULL62-W1
HB,HB-PET03,2026-08-31,夜班,N12,EMPHB0279,HB-PET03-FILL,灌注机岗,1,3,11.0,8.0,3.0,,FULL62-W1
HB,HB-PET03,2026-08-31,夜班,N12,EMPHB0251,HB-PET03-HANDLE-1,提扣机岗1,0,4,11.0,8.0,3.0,,FULL62-W1
HB,HB-PET03,2026-08-31,夜班,N12,EMPHB0300,HB-PET03-HANDLE-2,提扣机岗2,0,3,11.0,8.0,3.0,,FULL62-W1
HB,HB-PET03,2026-08-31,夜班,N12,EMPHB0195,HB-PET03-LABEL,贴标机岗,0,3,11.0,8.0,3.0,,FULL62-W1
HB,HB-PET03,2026-08-31,夜班,N12,EMPHB0222,HB-PET03-PACK-SHRINK,膜包机岗,0,3,11.0,8.0,3.0,,FULL62-W1
HB,HB-PET03,2026-08-31,夜班,N12,EMPHB0228,HB-PET03-PALLET,码垛机岗,0,3,11.0,8.0,3.0,,FULL62-W1
HB,HB-QC,2026-08-31,夜班,N12,EMPHB0357,HB-QC-QC-RM-AS,无菌线原物料品控,1,3,11.0,8.0,3.0,,FULL62-W1
HB,HB-QC,2026-08-31,夜班,N12,EMPHB0355,HB-QC-QC-RM-SODA,汽水线原物料品控,1,4,11.0,8.0,3.0,,FULL62-W1
HB,HB-QC2,2026-08-31,夜班,N12,EMPHB0383,HB-QC2-QC-BLOW,吹瓶品控,1,4,11.0,8.0,3.0,,FULL62-W1
HB,HB-QC2,2026-08-31,夜班,N12,EMPHB0390,HB-QC2-QC-IP-AS,无菌线制程品控,1,3,11.0,8.0,3.0,,FULL62-W1
HB,HB-QC2,2026-08-31,夜班,N12,EMPHB0370,HB-QC2-QC-IP-PET01,PET01线制程品控,1,3,11.0,8.0,3.0,,FULL62-W1
HB,HB-QC2,2026-08-31,夜班,N12,EMPHB0374,HB-QC2-QC-IP-PET02,PET02线制程品控,1,3,11.0,8.0,3.0,,FULL62-W1
HB,HB-QC2,2026-08-31,夜班,N12,EMPHB0379,HB-QC2-QC-IP-PET03,PET03线制程品控,1,3,11.0,8.0,3.0,,FULL62-W1
HB,HB-QC2,2026-08-31,夜班,N12,EMPHB0388,HB-QC2-QC-WATER,水糖品控,1,3,11.0,8.0,3.0,,FULL62-W1
HB,HB-SYRUP,2026-08-31,夜班,N12,EMPHB0264,HB-SYRUP-SYRUP-POST1,后糖岗1,1,4,11.0,8.0,3.0,,FULL62-W1
HB,HB-SYRUP,2026-08-31,夜班,N12,EMPHB0268,HB-SYRUP-SYRUP-POST2,后糖岗2,1,3,11.0,8.0,3.0,,FULL62-W1
SX,SX-BIB01,2026-08-31,夜班,N12,EMPSX0103,SX-BIB01-FILL,灌装岗,1,3,11.0,8.0,3.0,,FULL62-W1
SX,SX-BIB01,2026-08-31,夜班,N12,EMPSX0112,SX-BIB01-PACK-2,包装岗2,0,3,11.0,8.0,3.0,,FULL62-W1
SX,SX-CAN01,2026-08-31,夜班,N12,EMPSX0054,SX-CAN01-DEPAL-CAN,卸罐机岗,0,4,11.0,8.0,3.0,,FULL62-W1
SX,SX-CAN01,2026-08-31,夜班,N12,EMPSX0005,SX-CAN01-FILL,灌注机岗,1,3,11.0,8.0,3.0,,FULL62-W1
SX,SX-CAN01,2026-08-31,夜班,N12,EMPSX0071,SX-CAN01-PACK-MULTI,多包装机,0,4,11.0,8.0,3.0,,FULL62-W1
SX,SX-CAN01,2026-08-31,夜班,N12,EMPSX0041,SX-CAN01-PACK-SHRINK,塑包机岗,0,3,11.0,8.0,3.0,,FULL62-W1
SX,SX-CAN01,2026-08-31,夜班,N12,EMPSX0066,SX-CAN01-PALLET,码垛机岗,0,3,11.0,8.0,3.0,,FULL62-W1
SX,SX-ENG,2026-08-31,夜班,N12,EMPSX0137,SX-ENG-AIRCOMP,制冷空压机岗,1,3,11.0,8.0,3.0,,FULL62-W1
SX,SX-ENG,2026-08-31,夜班,N12,EMPSX0141,SX-ENG-BOILER,锅炉操作岗,0,3,11.0,8.0,3.0,,FULL62-W1
SX,SX-ENG,2026-08-31,夜班,N12,EMPSX0147,SX-ENG-MECH-LINE,生产线机修岗,0,4,11.0,8.0,3.0,,FULL62-W1
SX,SX-PET01,2026-08-31,夜班,N12,EMPSX0002,SX-PET01-BLOW-LABEL,吹贴机岗,1,3,11.0,8.0,3.0,,FULL62-W1
SX,SX-PET01,2026-08-31,夜班,N12,EMPSX0019,SX-PET01-FGI,FGI岗,0,3,11.0,8.0,3.0,,FULL62-W1
SX,SX-PET01,2026-08-31,夜班,N12,EMPSX0059,SX-PET01-FILL,灌注机岗,1,4,11.0,8.0,3.0,,FULL62-W1
SX,SX-PET01,2026-08-31,夜班,N12,EMPSX0028,SX-PET01-HANDLE,提扣机岗,0,4,11.0,8.0,3.0,,FULL62-W1
SX,SX-PET01,2026-08-31,夜班,N12,EMPSX0063,SX-PET01-PACK-SHRINK,塑包机岗,0,3,11.0,8.0,3.0,,FULL62-W1
SX,SX-PET01,2026-08-31,夜班,N12,EMPSX0022,SX-PET01-PALLET-LABEL,垛贴码岗,0,3,11.0,8.0,3.0,,FULL62-W1
SX,SX-PET02,2026-08-31,夜班,N12,EMPSX0029,SX-PET02-BLOW,吹瓶机岗,1,3,11.0,8.0,3.0,,FULL62-W1
SX,SX-PET02,2026-08-31,夜班,N12,EMPSX0038,SX-PET02-FILL,灌注机岗,1,3,11.0,8.0,3.0,,FULL62-W1
SX,SX-PET02,2026-08-31,夜班,N12,EMPSX0036,SX-PET02-LABEL,贴标机岗,0,3,11.0,8.0,3.0,,FULL62-W1
SX,SX-PET02,2026-08-31,夜班,N12,EMPSX0009,SX-PET02-PACK-SHRINK,塑包机岗,0,3,11.0,8.0,3.0,,FULL62-W1
SX,SX-PET02,2026-08-31,夜班,N12,EMPSX0047,SX-PET02-PALLET,码垛机岗,0,3,11.0,8.0,3.0,,FULL62-W1
SX,SX-PET02,2026-08-31,夜班,N12,EMPSX0050,SX-PET02-PALLET-LABEL,垛贴码岗,0,3,11.0,8.0,3.0,,FULL62-W1
SX,SX-RB01,2026-08-31,夜班,N12,EMPSX0074,SX-RB01-DEPAL,码卸垛机岗,0,3,11.0,8.0,3.0,,FULL62-W1
SX,SX-RB01,2026-08-31,夜班,N12,EMPSX0008,SX-RB01-FILL,灌注机岗,1,4,11.0,8.0,3.0,,FULL62-W1
SX,SX-RB01,2026-08-31,夜班,N12,EMPSX0068,SX-RB01-LOADER,装卸箱机岗,0,3,11.0,8.0,3.0,,FULL62-W1
SX,SX-RB01,2026-08-31,夜班,N12,EMPSX0097,SX-RB01-QC-BOTTLE,空瓶检测岗,1,3,11.0,8.0,3.0,,FULL62-W1
SX,SX-RB01,2026-08-31,夜班,N12,EMPSX0090,SX-RB01-QC-FGI1,成品目检岗1,1,3,11.0,8.0,3.0,,FULL62-W1
SX,SX-RB01,2026-08-31,夜班,N12,EMPSX0094,SX-RB01-QC-FGI2,成品目检岗2,1,3,11.0,8.0,3.0,,FULL62-W1
SX,SX-RB01,2026-08-31,夜班,N12,EMPSX0083,SX-RB01-WASHER,洗瓶机岗,0,3,11.0,8.0,3.0,,FULL62-W1
SX,SX-SYRUP,2026-08-31,夜班,N12,EMPSX0119,SX-SYRUP-SYRUP-POST1,后糖岗1,1,3,11.0,8.0,3.0,,FULL62-W1
SX,SX-SYRUP,2026-08-31,夜班,N12,EMPSX0123,SX-SYRUP-SYRUP-POST2,后糖岗2,1,3,11.0,8.0,3.0,,FULL62-W1

"缺口记录：岗位编码,岗位名称,产线编码,日期,班次,缺口人班"
HB-AS01-BLOW,吹瓶机岗,HB-AS01,2026-07-02,D12,1
HB-AS01-BLOW,吹瓶机岗,HB-AS01,2026-07-03,N12,1
HB-AS01-BLOW,吹瓶机岗,HB-AS01,2026-07-06,N12,1
HB-AS01-BLOW,吹瓶机岗,HB-AS01,2026-07-07,N12,1
HB-AS01-BLOW,吹瓶机岗,HB-AS01,2026-07-11,D12,1
HB-AS01-BLOW,吹瓶机岗,HB-AS01,2026-07-13,D12,1
HB-AS01-BLOW,吹瓶机岗,HB-AS01,2026-07-19,D12,1
HB-AS01-BLOW,吹瓶机岗,HB-AS01,2026-07-20,N12,1
HB-AS01-BLOW,吹瓶机岗,HB-AS01,2026-07-23,N12,1
HB-AS01-BLOW,吹瓶机岗,HB-AS01,2026-07-23,D12,1
HB-AS01-BLOW,吹瓶机岗,HB-AS01,2026-07-24,N12,1
HB-AS01-BLOW,吹瓶机岗,HB-AS01,2026-07-25,D12,1
HB-AS01-BLOW,吹瓶机岗,HB-AS01,2026-07-29,N12,1
HB-AS01-BLOW,吹瓶机岗,HB-AS01,2026-08-02,N12,1
HB-AS01-BLOW,吹瓶机岗,HB-AS01,2026-08-03,D12,1
HB-AS01-BLOW,吹瓶机岗,HB-AS01,2026-08-04,N12,1
HB-AS01-BLOW,吹瓶机岗,HB-AS01,2026-08-05,N12,1
HB-AS01-BLOW,吹瓶机岗,HB-AS01,2026-08-07,D12,1
HB-AS01-BLOW,吹瓶机岗,HB-AS01,2026-08-08,N12,1
HB-AS01-BLOW,吹瓶机岗,HB-AS01,2026-08-08,D12,1
HB-AS01-BLOW,吹瓶机岗,HB-AS01,2026-08-10,N12,1
HB-AS01-BLOW,吹瓶机岗,HB-AS01,2026-08-10,D12,1
HB-AS01-BLOW,吹瓶机岗,HB-AS01,2026-08-15,N12,1
HB-AS01-BLOW,吹瓶机岗,HB-AS01,2026-08-17,D12,1
HB-AS01-BLOW,吹瓶机岗,HB-AS01,2026-08-18,N12,1
HB-AS01-BLOW,吹瓶机岗,HB-AS01,2026-08-19,D12,1
HB-AS01-BLOW,吹瓶机岗,HB-AS01,2026-08-20,D12,1
HB-AS01-BLOW,吹瓶机岗,HB-AS01,2026-08-23,D12,1
HB-AS01-BLOW,吹瓶机岗,HB-AS01,2026-08-24,N12,1
HB-AS01-BLOW,吹瓶机岗,HB-AS01,2026-08-25,D12,1
HB-AS01-BLOW,吹瓶机岗,HB-AS01,2026-08-28,N12,1
HB-AS01-BLOW,吹瓶机岗,HB-AS01,2026-08-28,D12,1
HB-AS01-BLOW,吹瓶机岗,HB-AS01,2026-08-31,D12,1
HB-AS01-CARTON,上纸箱岗,HB-AS01,2026-07-03,N12,1
HB-AS01-CARTON,上纸箱岗,HB-AS01,2026-07-21,N12,1
HB-AS01-CARTON,上纸箱岗,HB-AS01,2026-08-02,D12,1
HB-AS01-CARTON,上纸箱岗,HB-AS01,2026-08-25,N12,1
HB-AS01-CARTON,上纸箱岗,HB-AS01,2026-08-27,N12,1
HB-AS01-CARTON,上纸箱岗,HB-AS01,2026-08-28,N12,1
HB-AS01-FILL,灌注机岗,HB-AS01,2026-07-01,N12,1
HB-AS01-FILL,灌注机岗,HB-AS01,2026-07-01,D12,1
HB-AS01-FILL,灌注机岗,HB-AS01,2026-07-06,D12,1
HB-AS01-FILL,灌注机岗,HB-AS01,2026-07-09,N12,1
HB-AS01-FILL,灌注机岗,HB-AS01,2026-07-09,D12,1
HB-AS01-FILL,灌注机岗,HB-AS01,2026-07-12,N12,1
HB-AS01-FILL,灌注机岗,HB-AS01,2026-07-13,D12,1
HB-AS01-FILL,灌注机岗,HB-AS01,2026-07-17,N12,1
HB-AS01-FILL,灌注机岗,HB-AS01,2026-07-20,D12,1
HB-AS01-FILL,灌注机岗,HB-AS01,2026-07-21,N12,1
HB-AS01-FILL,灌注机岗,HB-AS01,2026-07-22,D12,1
HB-AS01-FILL,灌注机岗,HB-AS01,2026-07-30,D12,1
HB-AS01-FILL,灌注机岗,HB-AS01,2026-08-05,D12,1
HB-AS01-FILL,灌注机岗,HB-AS01,2026-08-07,N12,1
HB-AS01-FILL,灌注机岗,HB-AS01,2026-08-08,N12,1
HB-AS01-FILL,灌注机岗,HB-AS01,2026-08-09,N12,1
HB-AS01-FILL,灌注机岗,HB-AS01,2026-08-11,D12,1
HB-AS01-FILL,灌注机岗,HB-AS01,2026-08-12,N12,1
HB-AS01-FILL,灌注机岗,HB-AS01,2026-08-13,N12,1
HB-AS01-FILL,灌注机岗,HB-AS01,2026-08-14,N12,1
HB-AS01-FILL,灌注机岗,HB-AS01,2026-08-18,N12,1
HB-AS01-FILL,灌注机岗,HB-AS01,2026-08-18,D12,1
HB-AS01-FILL,灌注机岗,HB-AS01,2026-08-19,D12,1
HB-AS01-FILL,灌注机岗,HB-AS01,2026-08-20,N12,1
HB-AS01-FILL,灌注机岗,HB-AS01,2026-08-28,N12,1
HB-AS01-FILL,灌注机岗,HB-AS01,2026-08-29,N12,1
HB-AS01-FILL,灌注机岗,HB-AS01,2026-08-29,D12,1
HB-AS01-HANDLE-1,提扣机岗1,HB-AS01,2026-07-06,N12,1
HB-AS01-HANDLE-1,提扣机岗1,HB-AS01,2026-07-07,D12,1
HB-AS01-HANDLE-1,提扣机岗1,HB-AS01,2026-07-14,D12,1
HB-AS01-HANDLE-1,提扣机岗1,HB-AS01,2026-07-20,N12,1
HB-AS01-HANDLE-1,提扣机岗1,HB-AS01,2026-07-21,N12,1
HB-AS01-HANDLE-1,提扣机岗1,HB-AS01,2026-07-22,D12,1
HB-AS01-HANDLE-1,提扣机岗1,HB-AS01,2026-07-29,N12,1
HB-AS01-HANDLE-1,提扣机岗1,HB-AS01,2026-08-05,N12,1
HB-AS01-HANDLE-1,提扣机岗1,HB-AS01,2026-08-12,N12,1
HB-AS01-HANDLE-1,提扣机岗1,HB-AS01,2026-08-12,D12,1
HB-AS01-HANDLE-1,提扣机岗1,HB-AS01,2026-08-13,N12,1
HB-AS01-HANDLE-1,提扣机岗1,HB-AS01,2026-08-15,D12,1
HB-AS01-HANDLE-1,提扣机岗1,HB-AS01,2026-08-16,D12,1
HB-AS01-HANDLE-1,提扣机岗1,HB-AS01,2026-08-20,N12,1
HB-AS01-HANDLE-1,提扣机岗1,HB-AS01,2026-08-20,D12,1
HB-AS01-HANDLE-1,提扣机岗1,HB-AS01,2026-08-29,N12,1
HB-AS01-HANDLE-2,提扣机岗2,HB-AS01,2026-07-03,N12,1
HB-AS01-HANDLE-2,提扣机岗2,HB-AS01,2026-07-07,N12,1
HB-AS01-HANDLE-2,提扣机岗2,HB-AS01,2026-07-24,D12,1
HB-AS01-HANDLE-2,提扣机岗2,HB-AS01,2026-07-26,N12,1
HB-AS01-HANDLE-2,提扣机岗2,HB-AS01,2026-07-26,D12,1
HB-AS01-HANDLE-2,提扣机岗2,HB-AS01,2026-08-02,N12,1
HB-AS01-HANDLE-2,提扣机岗2,HB-AS01,2026-08-06,D12,1
HB-AS01-HANDLE-2,提扣机岗2,HB-AS01,2026-08-09,D12,1
HB-AS01-HANDLE-2,提扣机岗2,HB-AS01,2026-08-17,D12,1
HB-AS01-HANDLE-2,提扣机岗2,HB-AS01,2026-08-19,D12,1
HB-AS01-HANDLE-2,提扣机岗2,HB-AS01,2026-08-27,D12,1
HB-AS01-HANDLE-2,提扣机岗2,HB-AS01,2026-08-28,N12,1
HB-AS01-HANDLE-2,提扣机岗2,HB-AS01,2026-08-29,N12,1
HB-AS01-LABEL,贴标机岗,HB-AS01,2026-07-09,D12,1
HB-AS01-LABEL,贴标机岗,HB-AS01,2026-07-12,N12,1
HB-AS01-LABEL,贴标机岗,HB-AS01,2026-07-18,N12,1
HB-AS01-LABEL,贴标机岗,HB-AS01,2026-07-18,D12,1
HB-AS01-LABEL,贴标机岗,HB-AS01,2026-07-21,D12,1
HB-AS01-LABEL,贴标机岗,HB-AS01,2026-07-24,N12,1
HB-AS01-LABEL,贴标机岗,HB-AS01,2026-07-26,N12,1
HB-AS01-LABEL,贴标机岗,HB-AS01,2026-08-09,N12,1
HB-AS01-LABEL,贴标机岗,HB-AS01,2026-08-10,D12,1
HB-AS01-LABEL,贴标机岗,HB-AS01,2026-08-12,N12,1
HB-AS01-LABEL,贴标机岗,HB-AS01,2026-08-15,D12,1
HB-AS01-LABEL,贴标机岗,HB-AS01,2026-08-27,N12,1
HB-AS01-LABEL,贴标机岗,HB-AS01,2026-08-27,D12,1
HB-AS01-LABEL,贴标机岗,HB-AS01,2026-08-28,D12,1
HB-AS01-LABEL,贴标机岗,HB-AS01,2026-08-29,N12,1
HB-AS01-LABEL,贴标机岗,HB-AS01,2026-08-30,N12,1
HB-AS01-LABEL,贴标机岗,HB-AS01,2026-08-30,D12,1
HB-AS01-LABEL,贴标机岗,HB-AS01,2026-08-31,D12,1
HB-AS01-PACK-SHRINK,膜包机岗,HB-AS01,2026-07-03,D12,1
HB-AS01-PACK-SHRINK,膜包机岗,HB-AS01,2026-07-07,N12,1
HB-AS01-PACK-SHRINK,膜包机岗,HB-AS01,2026-07-09,D12,1
HB-AS01-PACK-SHRINK,膜包机岗,HB-AS01,2026-07-25,N12,1
HB-AS01-PACK-SHRINK,膜包机岗,HB-AS01,2026-07-29,N12,1
HB-AS01-PACK-SHRINK,膜包机岗,HB-AS01,2026-07-31,N12,1
HB-AS01-PACK-SHRINK,膜包机岗,HB-AS01,2026-07-31,D12,1
HB-AS01-PACK-SHRINK,膜包机岗,HB-AS01,2026-08-05,D12,1
HB-AS01-PACK-SHRINK,膜包机岗,HB-AS01,2026-08-16,N12,1
HB-AS01-PACK-SHRINK,膜包机岗,HB-AS01,2026-08-16,D12,1
HB-AS01-PACK-SHRINK,膜包机岗,HB-AS01,2026-08-17,N12,1
HB-AS01-PACK-SHRINK,膜包机岗,HB-AS01,2026-08-19,D12,1
HB-AS01-PACK-SHRINK,膜包机岗,HB-AS01,2026-08-27,D12,1
HB-AS01-PACK-SHRINK,膜包机岗,HB-AS01,2026-08-29,N12,1
HB-AS01-PALLET,码垛机岗,HB-AS01,2026-07-01,N12,1
HB-AS01-PALLET,码垛机岗,HB-AS01,2026-07-06,N12,1
HB-AS01-PALLET,码垛机岗,HB-AS01,2026-07-08,D12,1
HB-AS01-PALLET,码垛机岗,HB-AS01,2026-07-15,N12,1
HB-AS01-PALLET,码垛机岗,HB-AS01,2026-07-21,D12,1
HB-AS01-PALLET,码垛机岗,HB-AS01,2026-07-23,N12,1
HB-AS01-PALLET,码垛机岗,HB-AS01,2026-07-29,D12,1
HB-AS01-PALLET,码垛机岗,HB-AS01,2026-08-01,D12,1
HB-AS01-PALLET,码垛机岗,HB-AS01,2026-08-03,D12,1
HB-AS01-PALLET,码垛机岗,HB-AS01,2026-08-04,N12,1
HB-AS01-PALLET,码垛机岗,HB-AS01,2026-08-05,N12,1
HB-AS01-PALLET,码垛机岗,HB-AS01,2026-08-09,N12,1
HB-AS01-PALLET,码垛机岗,HB-AS01,2026-08-12,N12,1
HB-AS01-PALLET,码垛机岗,HB-AS01,2026-08-15,N12,1
HB-AS01-PALLET,码垛机岗,HB-AS01,2026-08-19,D12,1
HB-AS01-PALLET,码垛机岗,HB-AS01,2026-08-20,N12,1
HB-AS01-SHIFT-LEADER,生产领班,HB-AS01,2026-07-06,D12,1
HB-AS01-SHIFT-LEADER,生产领班,HB-AS01,2026-07-07,N12,1
HB-AS01-SHIFT-LEADER,生产领班,HB-AS01,2026-07-08,N12,1
HB-AS01-SHIFT-LEADER,生产领班,HB-AS01,2026-07-08,D12,1
HB-AS01-SHIFT-LEADER,生产领班,HB-AS01,2026-07-14,N12,1
HB-AS01-SHIFT-LEADER,生产领班,HB-AS01,2026-07-24,D12,1
HB-AS01-SHIFT-LEADER,生产领班,HB-AS01,2026-07-25,D12,1
HB-AS01-SHIFT-LEADER,生产领班,HB-AS01,2026-07-26,N12,1
HB-AS01-SHIFT-LEADER,生产领班,HB-AS01,2026-07-26,D12,1
HB-AS01-SHIFT-LEADER,生产领班,HB-AS01,2026-07-29,D12,1
HB-AS01-SHIFT-LEADER,生产领班,HB-AS01,2026-07-31,D12,1
HB-AS01-SHIFT-LEADER,生产领班,HB-AS01,2026-08-01,N12,1
HB-AS01-SHIFT-LEADER,生产领班,HB-AS01,2026-08-02,N12,1
HB-AS01-SHIFT-LEADER,生产领班,HB-AS01,2026-08-03,D12,1
HB-AS01-SHIFT-LEADER,生产领班,HB-AS01,2026-08-04,N12,1
HB-AS01-SHIFT-LEADER,生产领班,HB-AS01,2026-08-05,D12,1
HB-AS01-SHIFT-LEADER,生产领班,HB-AS01,2026-08-06,N12,1
HB-AS01-SHIFT-LEADER,生产领班,HB-AS01,2026-08-15,N12,1
HB-AS01-SHIFT-LEADER,生产领班,HB-AS01,2026-08-17,D12,1
HB-AS01-SHIFT-LEADER,生产领班,HB-AS01,2026-08-20,N12,1
HB-AS01-SHIFT-LEADER,生产领班,HB-AS01,2026-08-20,D12,1
HB-AS01-SHIFT-LEADER,生产领班,HB-AS01,2026-08-25,N12,1
HB-AS01-SHIFT-LEADER,生产领班,HB-AS01,2026-08-28,D12,1
HB-AS01-SHIFT-LEADER,生产领班,HB-AS01,2026-08-29,N12,1
HB-AS01-SHIFT-LEADER,生产领班,HB-AS01,2026-08-29,D12,1
HB-AS01-UHT-1,UHT&调配&果肉操作1,HB-AS01,2026-07-02,D12,1
HB-AS01-UHT-1,UHT&调配&果肉操作1,HB-AS01,2026-07-06,N12,1
HB-AS01-UHT-1,UHT&调配&果肉操作1,HB-AS01,2026-07-06,D12,1
HB-AS01-UHT-1,UHT&调配&果肉操作1,HB-AS01,2026-07-07,N12,1
HB-AS01-UHT-1,UHT&调配&果肉操作1,HB-AS01,2026-07-08,D12,1
HB-AS01-UHT-1,UHT&调配&果肉操作1,HB-AS01,2026-07-11,N12,1
HB-AS01-UHT-1,UHT&调配&果肉操作1,HB-AS01,2026-07-16,N12,1
HB-AS01-UHT-1,UHT&调配&果肉操作1,HB-AS01,2026-07-20,N12,1
HB-AS01-UHT-1,UHT&调配&果肉操作1,HB-AS01,2026-07-23,D12,1
HB-AS01-UHT-1,UHT&调配&果肉操作1,HB-AS01,2026-07-25,N12,1
HB-AS01-UHT-1,UHT&调配&果肉操作1,HB-AS01,2026-07-26,N12,1
HB-AS01-UHT-1,UHT&调配&果肉操作1,HB-AS01,2026-07-26,D12,1
HB-AS01-UHT-1,UHT&调配&果肉操作1,HB-AS01,2026-07-29,D12,1
HB-AS01-UHT-1,UHT&调配&果肉操作1,HB-AS01,2026-07-30,D12,1
HB-AS01-UHT-1,UHT&调配&果肉操作1,HB-AS01,2026-08-01,D12,1
HB-AS01-UHT-1,UHT&调配&果肉操作1,HB-AS01,2026-08-02,N12,1
HB-AS01-UHT-1,UHT&调配&果肉操作1,HB-AS01,2026-08-03,D12,1
HB-AS01-UHT-1,UHT&调配&果肉操作1,HB-AS01,2026-08-04,N12,1
HB-AS01-UHT-1,UHT&调配&果肉操作1,HB-AS01,2026-08-05,D12,1
HB-AS01-UHT-1,UHT&调配&果肉操作1,HB-AS01,2026-08-06,D12,1
HB-AS01-UHT-1,UHT&调配&果肉操作1,HB-AS01,2026-08-07,D12,1
HB-AS01-UHT-1,UHT&调配&果肉操作1,HB-AS01,2026-08-09,D12,1
HB-AS01-UHT-1,UHT&调配&果肉操作1,HB-AS01,2026-08-13,D12,1
HB-AS01-UHT-1,UHT&调配&果肉操作1,HB-AS01,2026-08-15,N12,1
HB-AS01-UHT-1,UHT&调配&果肉操作1,HB-AS01,2026-08-17,N12,1
HB-AS01-UHT-1,UHT&调配&果肉操作1,HB-AS01,2026-08-19,N12,1
HB-AS01-UHT-1,UHT&调配&果肉操作1,HB-AS01,2026-08-24,N12,1
HB-AS01-UHT-1,UHT&调配&果肉操作1,HB-AS01,2026-08-24,D12,1
HB-AS01-UHT-1,UHT&调配&果肉操作1,HB-AS01,2026-08-25,D12,1
HB-AS01-UHT-1,UHT&调配&果肉操作1,HB-AS01,2026-08-29,D12,1
HB-AS01-UHT-2,UHT&调配&果肉操作2,HB-AS01,2026-07-01,D12,1
HB-AS01-UHT-2,UHT&调配&果肉操作2,HB-AS01,2026-07-03,N12,1
HB-AS01-UHT-2,UHT&调配&果肉操作2,HB-AS01,2026-07-03,D12,1
HB-AS01-UHT-2,UHT&调配&果肉操作2,HB-AS01,2026-07-09,D12,1
HB-AS01-UHT-2,UHT&调配&果肉操作2,HB-AS01,2026-07-13,D12,1
HB-AS01-UHT-2,UHT&调配&果肉操作2,HB-AS01,2026-07-14,D12,1
HB-AS01-UHT-2,UHT&调配&果肉操作2,HB-AS01,2026-07-15,D12,1
HB-AS01-UHT-2,UHT&调配&果肉操作2,HB-AS01,2026-07-18,D12,1
HB-AS01-UHT-2,UHT&调配&果肉操作2,HB-AS01,2026-07-24,N12,1
HB-AS01-UHT-2,UHT&调配&果肉操作2,HB-AS01,2026-07-27,D12,1
HB-AS01-UHT-2,UHT&调配&果肉操作2,HB-AS01,2026-07-30,N12,1
HB-AS01-UHT-2,UHT&调配&果肉操作2,HB-AS01,2026-07-31,N12,1
HB-AS01-UHT-2,UHT&调配&果肉操作2,HB-AS01,2026-08-01,N12,1
HB-AS01-UHT-2,UHT&调配&果肉操作2,HB-AS01,2026-08-04,N12,1
HB-AS01-UHT-2,UHT&调配&果肉操作2,HB-AS01,2026-08-04,D12,1
HB-AS01-UHT-2,UHT&调配&果肉操作2,HB-AS01,2026-08-07,N12,1
HB-AS01-UHT-2,UHT&调配&果肉操作2,HB-AS01,2026-08-09,D12,1
HB-AS01-UHT-2,UHT&调配&果肉操作2,HB-AS01,2026-08-12,N12,1
HB-AS01-UHT-2,UHT&调配&果肉操作2,HB-AS01,2026-08-15,D12,1
HB-AS01-UHT-2,UHT&调配&果肉操作2,HB-AS01,2026-08-17,N12,1
HB-AS01-UHT-2,UHT&调配&果肉操作2,HB-AS01,2026-08-24,D12,1
HB-AS01-UHT-2,UHT&调配&果肉操作2,HB-AS01,2026-08-27,D12,1
HB-AS01-UHT-2,UHT&调配&果肉操作2,HB-AS01,2026-08-29,N12,1
HB-AS01-UHT-2,UHT&调配&果肉操作2,HB-AS01,2026-08-31,N12,1
HB-AS01-UHT-2,UHT&调配&果肉操作2,HB-AS01,2026-08-31,D12,1
HB-AS01-UHT-AUX,辅助工,HB-AS01,2026-07-06,N12,1
HB-AS01-UHT-AUX,辅助工,HB-AS01,2026-07-06,D12,1
HB-AS01-UHT-AUX,辅助工,HB-AS01,2026-07-08,D12,1
HB-AS01-UHT-AUX,辅助工,HB-AS01,2026-07-17,D12,1
HB-AS01-UHT-AUX,辅助工,HB-AS01,2026-07-19,D12,1
HB-AS01-UHT-AUX,辅助工,HB-AS01,2026-07-21,D12,1
HB-AS01-UHT-AUX,辅助工,HB-AS01,2026-08-04,D12,1
HB-AS01-UHT-AUX,辅助工,HB-AS01,2026-08-11,D12,1
HB-AS01-UHT-AUX,辅助工,HB-AS01,2026-08-13,N12,1
HB-AS01-UHT-AUX,辅助工,HB-AS01,2026-08-15,D12,1
HB-AS01-UHT-AUX,辅助工,HB-AS01,2026-08-23,D12,1
HB-AS01-UHT-AUX,辅助工,HB-AS01,2026-08-29,N12,1
HB-AS01-UHT-AUX,辅助工,HB-AS01,2026-08-31,N12,1
HB-AS01-UHT-AUX,辅助工,HB-AS01,2026-08-31,D12,1
HB-ENG-ELEC-1,电气维修工程师1,HB-ENG,2026-07-01,D12,1
HB-ENG-ELEC-1,电气维修工程师1,HB-ENG,2026-07-05,N12,1
HB-ENG-ELEC-1,电气维修工程师1,HB-ENG,2026-07-07,N12,1
HB-ENG-ELEC-1,电气维修工程师1,HB-ENG,2026-07-08,N12,1
HB-ENG-ELEC-1,电气维修工程师1,HB-ENG,2026-07-12,N12,1
HB-ENG-ELEC-1,电气维修工程师1,HB-ENG,2026-07-12,D12,1
HB-ENG-ELEC-1,电气维修工程师1,HB-ENG,2026-07-13,N12,1
HB-ENG-ELEC-1,电气维修工程师1,HB-ENG,2026-07-19,N12,1
HB-ENG-ELEC-1,电气维修工程师1,HB-ENG,2026-07-21,D12,1
HB-ENG-ELEC-1,电气维修工程师1,HB-ENG,2026-07-25,D12,1
HB-ENG-ELEC-1,电气维修工程师1,HB-ENG,2026-07-26,D12,1
HB-ENG-ELEC-1,电气维修工程师1,HB-ENG,2026-07-28,N12,1
HB-ENG-ELEC-1,电气维修工程师1,HB-ENG,2026-07-29,D12,1
HB-ENG-ELEC-1,电气维修工程师1,HB-ENG,2026-07-30,N12,1
HB-ENG-ELEC-1,电气维修工程师1,HB-ENG,2026-08-01,N12,1
HB-ENG-ELEC-1,电气维修工程师1,HB-ENG,2026-08-06,N12,1
HB-ENG-ELEC-1,电气维修工程师1,HB-ENG,2026-08-09,N12,1
HB-ENG-ELEC-1,电气维修工程师1,HB-ENG,2026-08-10,N12,1
HB-ENG-ELEC-1,电气维修工程师1,HB-ENG,2026-08-14,N12,1
HB-ENG-ELEC-1,电气维修工程师1,HB-ENG,2026-08-14,D12,1
HB-ENG-ELEC-1,电气维修工程师1,HB-ENG,2026-08-17,N12,1
HB-ENG-ELEC-1,电气维修工程师1,HB-ENG,2026-08-18,D12,1
HB-ENG-ELEC-1,电气维修工程师1,HB-ENG,2026-08-19,N12,1
HB-ENG-ELEC-1,电气维修工程师1,HB-ENG,2026-08-24,N12,1
HB-ENG-ELEC-1,电气维修工程师1,HB-ENG,2026-08-27,D12,1
HB-ENG-ELEC-1,电气维修工程师1,HB-ENG,2026-08-29,N12,1
HB-ENG-ELEC-1,电气维修工程师1,HB-ENG,2026-08-30,N12,1
HB-ENG2-AIRCOMP,空压岗,HB-ENG2,2026-08-11,D12,1
HB-ENG2-BOILER,锅炉岗,HB-ENG2,2026-07-02,N12,1
HB-ENG2-BOILER,锅炉岗,HB-ENG2,2026-07-03,N12,1
HB-ENG2-BOILER,锅炉岗,HB-ENG2,2026-07-07,N12,1
HB-ENG2-BOILER,锅炉岗,HB-ENG2,2026-07-07,D12,1
HB-ENG2-BOILER,锅炉岗,HB-ENG2,2026-07-08,N12,1
HB-ENG2-BOILER,锅炉岗,HB-ENG2,2026-07-09,D12,1
HB-ENG2-BOILER,锅炉岗,HB-ENG2,2026-07-12,N12,1
HB-ENG2-BOILER,锅炉岗,HB-ENG2,2026-07-12,D12,1
HB-ENG2-BOILER,锅炉岗,HB-ENG2,2026-07-13,N12,1
HB-ENG2-BOILER,锅炉岗,HB-ENG2,2026-07-16,D12,1
HB-ENG2-BOILER,锅炉岗,HB-ENG2,2026-07-17,N12,1
HB-ENG2-BOILER,锅炉岗,HB-ENG2,2026-07-18,D12,1
HB-ENG2-BOILER,锅炉岗,HB-ENG2,2026-07-20,N12,1
HB-ENG2-BOILER,锅炉岗,HB-ENG2,2026-07-21,D12,1
HB-ENG2-BOILER,锅炉岗,HB-ENG2,2026-07-25,N12,1
HB-ENG2-BOILER,锅炉岗,HB-ENG2,2026-07-27,N12,1
HB-ENG2-BOILER,锅炉岗,HB-ENG2,2026-07-27,D12,1
HB-ENG2-BOILER,锅炉岗,HB-ENG2,2026-07-28,N12,1
HB-ENG2-BOILER,锅炉岗,HB-ENG2,2026-07-29,N12,1
HB-ENG2-BOILER,锅炉岗,HB-ENG2,2026-07-31,N12,1
HB-ENG2-BOILER,锅炉岗,HB-ENG2,2026-08-05,N12,1
HB-ENG2-BOILER,锅炉岗,HB-ENG2,2026-08-07,N12,1
HB-ENG2-BOILER,锅炉岗,HB-ENG2,2026-08-08,N12,1
HB-ENG2-BOILER,锅炉岗,HB-ENG2,2026-08-09,N12,1
HB-ENG2-BOILER,锅炉岗,HB-ENG2,2026-08-11,N12,1
HB-ENG2-BOILER,锅炉岗,HB-ENG2,2026-08-13,D12,1
HB-ENG2-BOILER,锅炉岗,HB-ENG2,2026-08-14,D12,1
HB-ENG2-BOILER,锅炉岗,HB-ENG2,2026-08-16,N12,1
HB-ENG2-BOILER,锅炉岗,HB-ENG2,2026-08-17,D12,1
HB-ENG2-BOILER,锅炉岗,HB-ENG2,2026-08-19,N12,1
HB-ENG2-BOILER,锅炉岗,HB-ENG2,2026-08-20,N12,1
HB-ENG2-BOILER,锅炉岗,HB-ENG2,2026-08-21,D12,1
HB-ENG2-BOILER,锅炉岗,HB-ENG2,2026-08-22,N12,1
HB-ENG2-BOILER,锅炉岗,HB-ENG2,2026-08-23,N12,1
HB-ENG2-BOILER,锅炉岗,HB-ENG2,2026-08-24,D12,1
HB-ENG2-BOILER,锅炉岗,HB-ENG2,2026-08-25,N12,1
HB-ENG2-BOILER,锅炉岗,HB-ENG2,2026-08-26,N12,1
HB-ENG2-BOILER,锅炉岗,HB-ENG2,2026-08-27,D12,1
HB-ENG2-BOILER,锅炉岗,HB-ENG2,2026-08-28,D12,1
HB-ENG2-BOILER,锅炉岗,HB-ENG2,2026-08-29,D12,1
HB-ENG2-BOILER,锅炉岗,HB-ENG2,2026-08-30,N12,1
HB-ENG2-ELEC-OUT1,外围电工1,HB-ENG2,2026-07-04,N12,1
HB-ENG2-ELEC-OUT1,外围电工1,HB-ENG2,2026-07-06,N12,1
HB-ENG2-ELEC-OUT1,外围电工1,HB-ENG2,2026-07-09,D12,1
HB-ENG2-ELEC-OUT1,外围电工1,HB-ENG2,2026-07-11,N12,1
HB-ENG2-ELEC-OUT1,外围电工1,HB-ENG2,2026-07-15,N12,1
HB-ENG2-ELEC-OUT1,外围电工1,HB-ENG2,2026-07-18,N12,1
HB-ENG2-ELEC-OUT1,外围电工1,HB-ENG2,2026-07-19,N12,1
HB-ENG2-ELEC-OUT1,外围电工1,HB-ENG2,2026-07-20,D12,1
HB-ENG2-ELEC-OUT1,外围电工1,HB-ENG2,2026-07-21,D12,1
HB-ENG2-ELEC-OUT1,外围电工1,HB-ENG2,2026-07-25,D12,1
HB-ENG2-ELEC-OUT1,外围电工1,HB-ENG2,2026-07-30,D12,1
HB-ENG2-ELEC-OUT1,外围电工1,HB-ENG2,2026-08-02,D12,1
HB-ENG2-ELEC-OUT1,外围电工1,HB-ENG2,2026-08-03,N12,1
HB-ENG2-ELEC-OUT1,外围电工1,HB-ENG2,2026-08-05,D12,1
HB-ENG2-ELEC-OUT1,外围电工1,HB-ENG2,2026-08-09,N12,1
HB-ENG2-ELEC-OUT1,外围电工1,HB-ENG2,2026-08-12,N12,1
HB-ENG2-ELEC-OUT1,外围电工1,HB-ENG2,2026-08-13,N12,1
HB-ENG2-ELEC-OUT1,外围电工1,HB-ENG2,2026-08-14,N12,1
HB-ENG2-ELEC-OUT1,外围电工1,HB-ENG2,2026-08-15,D12,1
HB-ENG2-ELEC-OUT1,外围电工1,HB-ENG2,2026-08-16,D12,1
HB-ENG2-ELEC-OUT1,外围电工1,HB-ENG2,2026-08-21,D12,1
HB-ENG2-ELEC-OUT1,外围电工1,HB-ENG2,2026-08-26,N12,1
HB-ENG2-ELEC-OUT1,外围电工1,HB-ENG2,2026-08-26,D12,1
HB-ENG2-ELEC-OUT1,外围电工1,HB-ENG2,2026-08-30,N12,1
HB-ENG2-WWTP,污水岗,HB-ENG2,2026-07-02,D12,1
HB-ENG2-WWTP,污水岗,HB-ENG2,2026-07-04,N12,1
HB-ENG2-WWTP,污水岗,HB-ENG2,2026-07-05,D12,1
HB-ENG2-WWTP,污水岗,HB-ENG2,2026-07-10,N12,1
HB-ENG2-WWTP,污水岗,HB-ENG2,2026-07-19,N12,1
HB-ENG2-WWTP,污水岗,HB-ENG2,2026-07-21,N12,1
HB-ENG2-WWTP,污水岗,HB-ENG2,2026-07-24,D12,1
HB-ENG2-WWTP,污水岗,HB-ENG2,2026-07-26,N12,1
HB-ENG2-WWTP,污水岗,HB-ENG2,2026-07-27,D12,1
HB-ENG2-WWTP,污水岗,HB-ENG2,2026-07-31,D12,1
HB-ENG2-WWTP,污水岗,HB-ENG2,2026-08-01,N12,1
HB-ENG2-WWTP,污水岗,HB-ENG2,2026-08-06,N12,1
HB-ENG2-WWTP,污水岗,HB-ENG2,2026-08-07,N12,1
HB-ENG2-WWTP,污水岗,HB-ENG2,2026-08-19,N12,1
HB-ENG2-WWTP,污水岗,HB-ENG2,2026-08-20,N12,1
HB-ENG2-WWTP,污水岗,HB-ENG2,2026-08-21,D12,1
HB-ENG2-WWTP,污水岗,HB-ENG2,2026-08-22,N12,1
HB-ENG2-WWTP,污水岗,HB-ENG2,2026-08-22,D12,1
HB-ENG2-WWTP,污水岗,HB-ENG2,2026-08-29,D12,1
HB-ENG2-WWTP,污水岗,HB-ENG2,2026-08-30,D12,1
HB-PET01-BLOW,吹瓶机岗,HB-PET01,2026-07-01,D12,1
HB-PET01-BLOW,吹瓶机岗,HB-PET01,2026-07-03,D12,1
HB-PET01-BLOW,吹瓶机岗,HB-PET01,2026-07-05,N12,1
HB-PET01-BLOW,吹瓶机岗,HB-PET01,2026-07-06,D12,1
HB-PET01-BLOW,吹瓶机岗,HB-PET01,2026-07-09,D12,1
HB-PET01-BLOW,吹瓶机岗,HB-PET01,2026-07-11,D12,1
HB-PET01-BLOW,吹瓶机岗,HB-PET01,2026-07-12,N12,1
HB-PET01-BLOW,吹瓶机岗,HB-PET01,2026-07-15,D12,1
HB-PET01-BLOW,吹瓶机岗,HB-PET01,2026-07-17,D12,1
HB-PET01-BLOW,吹瓶机岗,HB-PET01,2026-07-18,N12,1
HB-PET01-BLOW,吹瓶机岗,HB-PET01,2026-07-21,N12,1
HB-PET01-BLOW,吹瓶机岗,HB-PET01,2026-07-23,N12,1
HB-PET01-BLOW,吹瓶机岗,HB-PET01,2026-07-24,N12,1
HB-PET01-BLOW,吹瓶机岗,HB-PET01,2026-07-28,D12,1
HB-PET01-BLOW,吹瓶机岗,HB-PET01,2026-07-29,N12,1
HB-PET01-BLOW,吹瓶机岗,HB-PET01,2026-07-30,N12,1
HB-PET01-BLOW,吹瓶机岗,HB-PET01,2026-08-02,N12,1
HB-PET01-BLOW,吹瓶机岗,HB-PET01,2026-08-03,D12,1
HB-PET01-BLOW,吹瓶机岗,HB-PET01,2026-08-04,N12,1
HB-PET01-BLOW,吹瓶机岗,HB-PET01,2026-08-05,D12,1
HB-PET01-BLOW,吹瓶机岗,HB-PET01,2026-08-06,N12,1
HB-PET01-BLOW,吹瓶机岗,HB-PET01,2026-08-08,N12,1
HB-PET01-BLOW,吹瓶机岗,HB-PET01,2026-08-09,D12,1
HB-PET01-BLOW,吹瓶机岗,HB-PET01,2026-08-14,N12,1
HB-PET01-BLOW,吹瓶机岗,HB-PET01,2026-08-18,D12,1
HB-PET01-BLOW,吹瓶机岗,HB-PET01,2026-08-19,N12,1
HB-PET01-BLOW,吹瓶机岗,HB-PET01,2026-08-20,D12,1
HB-PET01-BLOW,吹瓶机岗,HB-PET01,2026-08-23,N12,1
HB-PET01-BLOW,吹瓶机岗,HB-PET01,2026-08-31,D12,1
HB-PET01-FILL,灌注机岗,HB-PET01,2026-07-01,N12,1
HB-PET01-FILL,灌注机岗,HB-PET01,2026-07-02,N12,1
HB-PET01-FILL,灌注机岗,HB-PET01,2026-07-04,D12,1
HB-PET01-FILL,灌注机岗,HB-PET01,2026-07-05,D12,1
HB-PET01-FILL,灌注机岗,HB-PET01,2026-07-06,N12,1
HB-PET01-FILL,灌注机岗,HB-PET01,2026-07-11,N12,1
HB-PET01-FILL,灌注机岗,HB-PET01,2026-07-12,N12,1
HB-PET01-FILL,灌注机岗,HB-PET01,2026-07-13,D12,1
HB-PET01-FILL,灌注机岗,HB-PET01,2026-07-15,N12,1
HB-PET01-FILL,灌注机岗,HB-PET01,2026-07-15,D12,1
HB-PET01-FILL,灌注机岗,HB-PET01,2026-07-19,N12,1
HB-PET01-FILL,灌注机岗,HB-PET01,2026-07-20,N12,1
HB-PET01-FILL,灌注机岗,HB-PET01,2026-07-20,D12,1
HB-PET01-FILL,灌注机岗,HB-PET01,2026-07-21,D12,1
HB-PET01-FILL,灌注机岗,HB-PET01,2026-07-25,D12,1
HB-PET01-FILL,灌注机岗,HB-PET01,2026-07-26,D12,1
HB-PET01-FILL,灌注机岗,HB-PET01,2026-07-30,D12,1
HB-PET01-FILL,灌注机岗,HB-PET01,2026-08-04,N12,1
HB-PET01-FILL,灌注机岗,HB-PET01,2026-08-06,N12,1
HB-PET01-FILL,灌注机岗,HB-PET01,2026-08-06,D12,1
HB-PET01-FILL,灌注机岗,HB-PET01,2026-08-10,N12,1
HB-PET01-FILL,灌注机岗,HB-PET01,2026-08-12,D12,1
HB-PET01-FILL,灌注机岗,HB-PET01,2026-08-15,D12,1
HB-PET01-FILL,灌注机岗,HB-PET01,2026-08-16,N12,1
HB-PET01-FILL,灌注机岗,HB-PET01,2026-08-17,N12,1
HB-PET01-FILL,灌注机岗,HB-PET01,2026-08-19,D12,1
HB-PET01-FILL,灌注机岗,HB-PET01,2026-08-22,D12,1
HB-PET01-FILL,灌注机岗,HB-PET01,2026-08-23,N12,1
HB-PET01-FILL,灌注机岗,HB-PET01,2026-08-24,N12,1
HB-PET01-FILL,灌注机岗,HB-PET01,2026-08-26,D12,1
HB-PET01-FILL,灌注机岗,HB-PET01,2026-08-31,N12,1
HB-PET01-HANDLE-1,提扣机岗1,HB-PET01,2026-07-06,N12,1
HB-PET01-HANDLE-1,提扣机岗1,HB-PET01,2026-07-17,D12,1
HB-PET01-HANDLE-1,提扣机岗1,HB-PET01,2026-07-23,N12,1
HB-PET01-HANDLE-1,提扣机岗1,HB-PET01,2026-07-28,D12,1
HB-PET01-HANDLE-1,提扣机岗1,HB-PET01,2026-08-06,D12,1
HB-PET01-HANDLE-1,提扣机岗1,HB-PET01,2026-08-12,N12,1
HB-PET01-HANDLE-1,提扣机岗1,HB-PET01,2026-08-20,D12,1
HB-PET01-HANDLE-1,提扣机岗1,HB-PET01,2026-08-26,D12,1
HB-PET01-HANDLE-2,提扣机岗2,HB-PET01,2026-07-09,N12,1
HB-PET01-HANDLE-2,提扣机岗2,HB-PET01,2026-07-10,N12,1
HB-PET01-HANDLE-2,提扣机岗2,HB-PET01,2026-07-13,N12,1
HB-PET01-HANDLE-2,提扣机岗2,HB-PET01,2026-07-16,D12,1
HB-PET01-HANDLE-2,提扣机岗2,HB-PET01,2026-07-17,N12,1
HB-PET01-HANDLE-2,提扣机岗2,HB-PET01,2026-07-17,D12,1
HB-PET01-HANDLE-2,提扣机岗2,HB-PET01,2026-07-19,D12,1
HB-PET01-HANDLE-2,提扣机岗2,HB-PET01,2026-07-24,D12,1
HB-PET01-HANDLE-2,提扣机岗2,HB-PET01,2026-08-03,N12,1
HB-PET01-HANDLE-2,提扣机岗2,HB-PET01,2026-08-03,D12,1
HB-PET01-HANDLE-2,提扣机岗2,HB-PET01,2026-08-08,D12,1
HB-PET01-HANDLE-2,提扣机岗2,HB-PET01,2026-08-11,D12,1
HB-PET01-HANDLE-2,提扣机岗2,HB-PET01,2026-08-18,N12,1
HB-PET01-HANDLE-2,提扣机岗2,HB-PET01,2026-08-21,D12,1
HB-PET01-HANDLE-2,提扣机岗2,HB-PET01,2026-08-24,N12,1
HB-PET01-HANDLE-2,提扣机岗2,HB-PET01,2026-08-27,D12,1
HB-PET01-HANDLE-2,提扣机岗2,HB-PET01,2026-08-28,D12,1
HB-PET01-HANDLE-2,提扣机岗2,HB-PET01,2026-08-30,N12,1
HB-PET01-LABEL,贴标机岗,HB-PET01,2026-07-07,D12,1
HB-PET01-LABEL,贴标机岗,HB-PET01,2026-07-10,N12,1
HB-PET01-LABEL,贴标机岗,HB-PET01,2026-07-21,D12,1
HB-PET01-LABEL,贴标机岗,HB-PET01,2026-07-23,D12,1
HB-PET01-LABEL,贴标机岗,HB-PET01,2026-07-24,N12,1
HB-PET01-LABEL,贴标机岗,HB-PET01,2026-07-28,D12,1
HB-PET01-LABEL,贴标机岗,HB-PET01,2026-07-29,N12,1
HB-PET01-LABEL,贴标机岗,HB-PET01,2026-07-30,N12,1
HB-PET01-LABEL,贴标机岗,HB-PET01,2026-07-31,N12,1
HB-PET01-LABEL,贴标机岗,HB-PET01,2026-08-05,D12,1
HB-PET01-LABEL,贴标机岗,HB-PET01,2026-08-09,N12,1
HB-PET01-LABEL,贴标机岗,HB-PET01,2026-08-21,D12,1
HB-PET01-LABEL,贴标机岗,HB-PET01,2026-08-23,D12,1
HB-PET01-LABEL,贴标机岗,HB-PET01,2026-08-27,D12,1
HB-PET01-LABEL,贴标机岗,HB-PET01,2026-08-28,N12,1
HB-PET01-PACK-SHRINK,膜包机岗,HB-PET01,2026-07-05,N12,1
HB-PET01-PACK-SHRINK,膜包机岗,HB-PET01,2026-07-21,N12,1
HB-PET01-PACK-SHRINK,膜包机岗,HB-PET01,2026-07-31,D12,1
HB-PET01-PACK-SHRINK,膜包机岗,HB-PET01,2026-08-02,N12,1
HB-PET01-PACK-SHRINK,膜包机岗,HB-PET01,2026-08-05,D12,1
HB-PET01-PACK-SHRINK,膜包机岗,HB-PET01,2026-08-09,D12,1
HB-PET01-PACK-SHRINK,膜包机岗,HB-PET01,2026-08-13,D12,1
HB-PET01-PACK-SHRINK,膜包机岗,HB-PET01,2026-08-18,D12,1
HB-PET01-PACK-SHRINK,膜包机岗,HB-PET01,2026-08-21,D12,1
HB-PET01-PACK-SHRINK,膜包机岗,HB-PET01,2026-08-22,N12,1
HB-PET01-PACK-SHRINK,膜包机岗,HB-PET01,2026-08-27,D12,1
HB-PET01-PALLET,码垛机岗,HB-PET01,2026-07-05,N12,1
HB-PET01-PALLET,码垛机岗,HB-PET01,2026-07-09,N12,1
HB-PET01-PALLET,码垛机岗,HB-PET01,2026-07-10,N12,1
HB-PET01-PALLET,码垛机岗,HB-PET01,2026-07-12,D12,1
HB-PET01-PALLET,码垛机岗,HB-PET01,2026-07-16,N12,1
HB-PET01-PALLET,码垛机岗,HB-PET01,2026-07-18,D12,1
HB-PET01-PALLET,码垛机岗,HB-PET01,2026-07-20,N12,1
HB-PET01-PALLET,码垛机岗,HB-PET01,2026-07-29,N12,1
HB-PET01-PALLET,码垛机岗,HB-PET01,2026-07-31,D12,1
HB-PET01-PALLET,码垛机岗,HB-PET01,2026-08-09,N12,1
HB-PET01-PALLET,码垛机岗,HB-PET01,2026-08-13,N12,1
HB-PET01-PALLET,码垛机岗,HB-PET01,2026-08-17,N12,1
HB-PET01-PALLET,码垛机岗,HB-PET01,2026-08-22,N12,1
HB-PET01-PALLET,码垛机岗,HB-PET01,2026-08-30,D12,1
HB-PET01-SHIFT-ENG,倒班工程师,HB-PET01,2026-07-01,D12,1
HB-PET01-SHIFT-ENG,倒班工程师,HB-PET01,2026-07-03,D12,1
HB-PET01-SHIFT-ENG,倒班工程师,HB-PET01,2026-07-04,D12,1
HB-PET01-SHIFT-ENG,倒班工程师,HB-PET01,2026-07-05,N12,1
HB-PET01-SHIFT-ENG,倒班工程师,HB-PET01,2026-07-06,D12,1
HB-PET01-SHIFT-ENG,倒班工程师,HB-PET01,2026-07-10,N12,1
HB-PET01-SHIFT-ENG,倒班工程师,HB-PET01,2026-07-11,N12,1
HB-PET01-SHIFT-ENG,倒班工程师,HB-PET01,2026-07-12,N12,1
HB-PET01-SHIFT-ENG,倒班工程师,HB-PET01,2026-07-13,D12,1
HB-PET01-SHIFT-ENG,倒班工程师,HB-PET01,2026-07-20,N12,1
HB-PET01-SHIFT-ENG,倒班工程师,HB-PET01,2026-07-21,N12,1
HB-PET01-SHIFT-ENG,倒班工程师,HB-PET01,2026-07-24,N12,1
HB-PET01-SHIFT-ENG,倒班工程师,HB-PET01,2026-07-27,D12,1
HB-PET01-SHIFT-ENG,倒班工程师,HB-PET01,2026-07-28,N12,1
HB-PET01-SHIFT-ENG,倒班工程师,HB-PET01,2026-07-30,N12,1
HB-PET01-SHIFT-ENG,倒班工程师,HB-PET01,2026-07-30,D12,1
HB-PET01-SHIFT-ENG,倒班工程师,HB-PET01,2026-07-31,D12,1
HB-PET01-SHIFT-ENG,倒班工程师,HB-PET01,2026-08-03,D12,1
HB-PET01-SHIFT-ENG,倒班工程师,HB-PET01,2026-08-08,N12,1
HB-PET01-SHIFT-ENG,倒班工程师,HB-PET01,2026-08-09,D12,1
HB-PET01-SHIFT-ENG,倒班工程师,HB-PET01,2026-08-11,N12,1
HB-PET01-SHIFT-ENG,倒班工程师,HB-PET01,2026-08-11,D12,1
HB-PET01-SHIFT-ENG,倒班工程师,HB-PET01,2026-08-13,D12,1
HB-PET01-SHIFT-ENG,倒班工程师,HB-PET01,2026-08-14,N12,1
HB-PET01-SHIFT-ENG,倒班工程师,HB-PET01,2026-08-16,N12,1
HB-PET01-SHIFT-ENG,倒班工程师,HB-PET01,2026-08-17,N12,1
HB-PET01-SHIFT-ENG,倒班工程师,HB-PET01,2026-08-19,D12,1
HB-PET01-SHIFT-ENG,倒班工程师,HB-PET01,2026-08-23,N12,1
HB-PET01-SHIFT-ENG,倒班工程师,HB-PET01,2026-08-24,D12,1
HB-PET01-SHIFT-ENG,倒班工程师,HB-PET01,2026-08-26,D12,1
HB-PET01-SHIFT-ENG,倒班工程师,HB-PET01,2026-08-27,D12,1
HB-PET02-BLOW-FILL,吹瓶、灌装岗位,HB-PET02,2026-07-01,N12,1
HB-PET02-BLOW-FILL,吹瓶、灌装岗位,HB-PET02,2026-07-02,D12,1
HB-PET02-BLOW-FILL,吹瓶、灌装岗位,HB-PET02,2026-07-04,D12,1
HB-PET02-BLOW-FILL,吹瓶、灌装岗位,HB-PET02,2026-07-05,N12,1
HB-PET02-BLOW-FILL,吹瓶、灌装岗位,HB-PET02,2026-07-07,D12,1
HB-PET02-BLOW-FILL,吹瓶、灌装岗位,HB-PET02,2026-07-10,N12,1
HB-PET02-BLOW-FILL,吹瓶、灌装岗位,HB-PET02,2026-07-15,D12,1
HB-PET02-BLOW-FILL,吹瓶、灌装岗位,HB-PET02,2026-07-21,N12,1
HB-PET02-BLOW-FILL,吹瓶、灌装岗位,HB-PET02,2026-07-22,N12,1
HB-PET02-BLOW-FILL,吹瓶、灌装岗位,HB-PET02,2026-07-24,N12,1
HB-PET02-BLOW-FILL,吹瓶、灌装岗位,HB-PET02,2026-07-26,N12,1
HB-PET02-BLOW-FILL,吹瓶、灌装岗位,HB-PET02,2026-07-27,D12,1
HB-PET02-BLOW-FILL,吹瓶、灌装岗位,HB-PET02,2026-07-29,N12,1
HB-PET02-BLOW-FILL,吹瓶、灌装岗位,HB-PET02,2026-08-01,D12,1
HB-PET02-BLOW-FILL,吹瓶、灌装岗位,HB-PET02,2026-08-02,D12,1
HB-PET02-BLOW-FILL,吹瓶、灌装岗位,HB-PET02,2026-08-05,D12,1
HB-PET02-BLOW-FILL,吹瓶、灌装岗位,HB-PET02,2026-08-06,D12,1
HB-PET02-BLOW-FILL,吹瓶、灌装岗位,HB-PET02,2026-08-09,N12,1
HB-PET02-BLOW-FILL,吹瓶、灌装岗位,HB-PET02,2026-08-13,N12,1
HB-PET02-BLOW-FILL,吹瓶、灌装岗位,HB-PET02,2026-08-14,N12,1
HB-PET02-BLOW-FILL,吹瓶、灌装岗位,HB-PET02,2026-08-15,N12,1
HB-PET02-BLOW-FILL,吹瓶、灌装岗位,HB-PET02,2026-08-16,D12,1
HB-PET02-BLOW-FILL,吹瓶、灌装岗位,HB-PET02,2026-08-17,D12,1
HB-PET02-BLOW-FILL,吹瓶、灌装岗位,HB-PET02,2026-08-22,D12,1
HB-PET02-BLOW-FILL,吹瓶、灌装岗位,HB-PET02,2026-08-25,N12,1
HB-PET02-BLOW-FILL,吹瓶、灌装岗位,HB-PET02,2026-08-27,N12,1
HB-PET02-BLOW-FILL,吹瓶、灌装岗位,HB-PET02,2026-08-30,N12,1
HB-PET02-LABEL,贴标机岗,HB-PET02,2026-07-02,D12,1
HB-PET02-LABEL,贴标机岗,HB-PET02,2026-07-07,N12,1
HB-PET02-LABEL,贴标机岗,HB-PET02,2026-07-12,D12,1
HB-PET02-LABEL,贴标机岗,HB-PET02,2026-07-13,N12,1
HB-PET02-LABEL,贴标机岗,HB-PET02,2026-07-15,N12,1
HB-PET02-LABEL,贴标机岗,HB-PET02,2026-07-16,D12,1
HB-PET02-LABEL,贴标机岗,HB-PET02,2026-07-20,D12,1
HB-PET02-LABEL,贴标机岗,HB-PET02,2026-07-24,D12,1
HB-PET02-LABEL,贴标机岗,HB-PET02,2026-08-02,D12,1
HB-PET02-LABEL,贴标机岗,HB-PET02,2026-08-03,N12,1
HB-PET02-LABEL,贴标机岗,HB-PET02,2026-08-03,D12,1
HB-PET02-LABEL,贴标机岗,HB-PET02,2026-08-04,N12,1
HB-PET02-LABEL,贴标机岗,HB-PET02,2026-08-09,D12,1
HB-PET02-LABEL,贴标机岗,HB-PET02,2026-08-13,N12,1
HB-PET02-LABEL,贴标机岗,HB-PET02,2026-08-15,N12,1
HB-PET02-LABEL,贴标机岗,HB-PET02,2026-08-16,N12,1
HB-PET02-LABEL,贴标机岗,HB-PET02,2026-08-17,D12,1
HB-PET02-LABEL,贴标机岗,HB-PET02,2026-08-24,D12,1
HB-PET02-LABEL,贴标机岗,HB-PET02,2026-08-28,D12,1
HB-PET02-PACK-SHRINK,膜包机岗,HB-PET02,2026-07-02,N12,1
HB-PET02-PACK-SHRINK,膜包机岗,HB-PET02,2026-07-03,D12,1
HB-PET02-PACK-SHRINK,膜包机岗,HB-PET02,2026-07-09,D12,1
HB-PET02-PACK-SHRINK,膜包机岗,HB-PET02,2026-07-10,N12,1
HB-PET02-PACK-SHRINK,膜包机岗,HB-PET02,2026-07-11,N12,1
HB-PET02-PACK-SHRINK,膜包机岗,HB-PET02,2026-07-13,D12,1
HB-PET02-PACK-SHRINK,膜包机岗,HB-PET02,2026-07-17,N12,1
HB-PET02-PACK-SHRINK,膜包机岗,HB-PET02,2026-08-03,N12,1
HB-PET02-PACK-SHRINK,膜包机岗,HB-PET02,2026-08-11,D12,1
HB-PET02-PACK-SHRINK,膜包机岗,HB-PET02,2026-08-12,D12,1
HB-PET02-PACK-SHRINK,膜包机岗,HB-PET02,2026-08-17,N12,1
HB-PET02-PACK-SHRINK,膜包机岗,HB-PET02,2026-08-20,N12,1
HB-PET02-PACK-SHRINK,膜包机岗,HB-PET02,2026-08-21,N12,1
HB-PET02-PACK-SHRINK,膜包机岗,HB-PET02,2026-08-22,N12,1
HB-PET02-PACK-SHRINK,膜包机岗,HB-PET02,2026-08-25,N12,1
HB-PET02-PACK-SHRINK,膜包机岗,HB-PET02,2026-08-28,N12,1
HB-PET02-PACK-SHRINK,膜包机岗,HB-PET02,2026-08-29,N12,1
HB-PET02-PALLET,码垛机岗,HB-PET02,2026-07-06,D12,1
HB-PET02-PALLET,码垛机岗,HB-PET02,2026-07-13,D12,1
HB-PET02-PALLET,码垛机岗,HB-PET02,2026-07-15,N12,1
HB-PET02-PALLET,码垛机岗,HB-PET02,2026-07-19,D12,1
HB-PET02-PALLET,码垛机岗,HB-PET02,2026-07-20,D12,1
HB-PET02-PALLET,码垛机岗,HB-PET02,2026-08-01,D12,1
HB-PET02-PALLET,码垛机岗,HB-PET02,2026-08-04,N12,1
HB-PET02-PALLET,码垛机岗,HB-PET02,2026-08-06,D12,1
HB-PET02-PALLET,码垛机岗,HB-PET02,2026-08-08,N12,1
HB-PET02-PALLET,码垛机岗,HB-PET02,2026-08-19,D12,1
HB-PET02-PALLET,码垛机岗,HB-PET02,2026-08-21,D12,1
HB-PET02-PALLET,码垛机岗,HB-PET02,2026-08-24,D12,1
HB-PET02-PALLET,码垛机岗,HB-PET02,2026-08-25,D12,1
HB-PET02-PALLET,码垛机岗,HB-PET02,2026-08-28,N12,1
HB-PET02-PALLET,码垛机岗,HB-PET02,2026-08-31,D12,1
HB-PET03-BLOW,吹瓶机岗,HB-PET03,2026-07-01,D12,1
HB-PET03-BLOW,吹瓶机岗,HB-PET03,2026-07-04,D12,1
HB-PET03-BLOW,吹瓶机岗,HB-PET03,2026-07-06,D12,1
HB-PET03-BLOW,吹瓶机岗,HB-PET03,2026-07-08,N12,1
HB-PET03-BLOW,吹瓶机岗,HB-PET03,2026-07-11,N12,1
HB-PET03-BLOW,吹瓶机岗,HB-PET03,2026-07-13,D12,1
HB-PET03-BLOW,吹瓶机岗,HB-PET03,2026-07-14,N12,1
HB-PET03-BLOW,吹瓶机岗,HB-PET03,2026-07-15,N12,1
HB-PET03-BLOW,吹瓶机岗,HB-PET03,2026-07-19,N12,1
HB-PET03-BLOW,吹瓶机岗,HB-PET03,2026-07-22,N12,1
HB-PET03-BLOW,吹瓶机岗,HB-PET03,2026-07-26,D12,1
HB-PET03-BLOW,吹瓶机岗,HB-PET03,2026-07-28,N12,1
HB-PET03-BLOW,吹瓶机岗,HB-PET03,2026-07-30,D12,1
HB-PET03-BLOW,吹瓶机岗,HB-PET03,2026-08-05,N12,1
HB-PET03-BLOW,吹瓶机岗,HB-PET03,2026-08-06,N12,1
HB-PET03-BLOW,吹瓶机岗,HB-PET03,2026-08-12,N12,1
HB-PET03-BLOW,吹瓶机岗,HB-PET03,2026-08-13,N12,1
HB-PET03-BLOW,吹瓶机岗,HB-PET03,2026-08-15,D12,1
HB-PET03-BLOW,吹瓶机岗,HB-PET03,2026-08-16,D12,1
HB-PET03-BLOW,吹瓶机岗,HB-PET03,2026-08-20,N12,1
HB-PET03-BLOW,吹瓶机岗,HB-PET03,2026-08-21,N12,1
HB-PET03-BLOW,吹瓶机岗,HB-PET03,2026-08-22,N12,1
HB-PET03-FILL,灌注机岗,HB-PET03,2026-07-02,N12,1
HB-PET03-FILL,灌注机岗,HB-PET03,2026-07-02,D12,1
HB-PET03-FILL,灌注机岗,HB-PET03,2026-07-03,D12,1
HB-PET03-FILL,灌注机岗,HB-PET03,2026-07-04,D12,1
HB-PET03-FILL,灌注机岗,HB-PET03,2026-07-09,N12,1
HB-PET03-FILL,灌注机岗,HB-PET03,2026-07-11,D12,1
HB-PET03-FILL,灌注机岗,HB-PET03,2026-07-14,D12,1
HB-PET03-FILL,灌注机岗,HB-PET03,2026-07-16,N12,1
HB-PET03-FILL,灌注机岗,HB-PET03,2026-07-17,N12,1
HB-PET03-FILL,灌注机岗,HB-PET03,2026-07-21,N12,1
HB-PET03-FILL,灌注机岗,HB-PET03,2026-07-23,D12,1
HB-PET03-FILL,灌注机岗,HB-PET03,2026-07-24,D12,1
HB-PET03-FILL,灌注机岗,HB-PET03,2026-07-25,N12,1
HB-PET03-FILL,灌注机岗,HB-PET03,2026-07-28,N12,1
HB-PET03-FILL,灌注机岗,HB-PET03,2026-08-05,N12,1
HB-PET03-FILL,灌注机岗,HB-PET03,2026-08-05,D12,1
HB-PET03-FILL,灌注机岗,HB-PET03,2026-08-06,N12,1
HB-PET03-FILL,灌注机岗,HB-PET03,2026-08-10,N12,1
HB-PET03-FILL,灌注机岗,HB-PET03,2026-08-12,N12,1
HB-PET03-FILL,灌注机岗,HB-PET03,2026-08-12,D12,1
HB-PET03-FILL,灌注机岗,HB-PET03,2026-08-15,N12,1
HB-PET03-FILL,灌注机岗,HB-PET03,2026-08-17,N12,1
HB-PET03-FILL,灌注机岗,HB-PET03,2026-08-18,D12,1
HB-PET03-FILL,灌注机岗,HB-PET03,2026-08-21,N12,1
HB-PET03-FILL,灌注机岗,HB-PET03,2026-08-22,N12,1
HB-PET03-FILL,灌注机岗,HB-PET03,2026-08-24,N12,1
HB-PET03-FILL,灌注机岗,HB-PET03,2026-08-27,D12,1
HB-PET03-HANDLE-1,提扣机岗1,HB-PET03,2026-07-14,N12,1
HB-PET03-HANDLE-1,提扣机岗1,HB-PET03,2026-07-19,N12,1
HB-PET03-HANDLE-1,提扣机岗1,HB-PET03,2026-07-29,N12,1
HB-PET03-HANDLE-1,提扣机岗1,HB-PET03,2026-07-30,N12,1
HB-PET03-HANDLE-1,提扣机岗1,HB-PET03,2026-08-03,D12,1
HB-PET03-HANDLE-1,提扣机岗1,HB-PET03,2026-08-08,D12,1
HB-PET03-HANDLE-1,提扣机岗1,HB-PET03,2026-08-14,N12,1
HB-PET03-HANDLE-1,提扣机岗1,HB-PET03,2026-08-17,N12,1
HB-PET03-HANDLE-1,提扣机岗1,HB-PET03,2026-08-18,D12,1
HB-PET03-HANDLE-1,提扣机岗1,HB-PET03,2026-08-20,D12,1
HB-PET03-HANDLE-1,提扣机岗1,HB-PET03,2026-08-22,N12,1
HB-PET03-HANDLE-1,提扣机岗1,HB-PET03,2026-08-23,N12,1
HB-PET03-HANDLE-1,提扣机岗1,HB-PET03,2026-08-23,D12,1
HB-PET03-HANDLE-1,提扣机岗1,HB-PET03,2026-08-25,N12,1
HB-PET03-HANDLE-1,提扣机岗1,HB-PET03,2026-08-26,D12,1
HB-PET03-HANDLE-2,提扣机岗2,HB-PET03,2026-07-02,D12,1
HB-PET03-HANDLE-2,提扣机岗2,HB-PET03,2026-07-06,N12,1
HB-PET03-HANDLE-2,提扣机岗2,HB-PET03,2026-07-11,N12,1
HB-PET03-HANDLE-2,提扣机岗2,HB-PET03,2026-07-13,D12,1
HB-PET03-HANDLE-2,提扣机岗2,HB-PET03,2026-07-19,N12,1
HB-PET03-HANDLE-2,提扣机岗2,HB-PET03,2026-07-20,N12,1
HB-PET03-HANDLE-2,提扣机岗2,HB-PET03,2026-07-21,N12,1
HB-PET03-HANDLE-2,提扣机岗2,HB-PET03,2026-07-24,N12,1
HB-PET03-HANDLE-2,提扣机岗2,HB-PET03,2026-07-26,D12,1
HB-PET03-HANDLE-2,提扣机岗2,HB-PET03,2026-07-27,N12,1
HB-PET03-HANDLE-2,提扣机岗2,HB-PET03,2026-07-29,D12,1
HB-PET03-HANDLE-2,提扣机岗2,HB-PET03,2026-08-03,D12,1
HB-PET03-HANDLE-2,提扣机岗2,HB-PET03,2026-08-08,N12,1
HB-PET03-HANDLE-2,提扣机岗2,HB-PET03,2026-08-08,D12,1
HB-PET03-HANDLE-2,提扣机岗2,HB-PET03,2026-08-13,N12,1
HB-PET03-HANDLE-2,提扣机岗2,HB-PET03,2026-08-15,N12,1
HB-PET03-HANDLE-2,提扣机岗2,HB-PET03,2026-08-17,N12,1
HB-PET03-HANDLE-2,提扣机岗2,HB-PET03,2026-08-19,N12,1
HB-PET03-HANDLE-2,提扣机岗2,HB-PET03,2026-08-20,D12,1
HB-PET03-HANDLE-2,提扣机岗2,HB-PET03,2026-08-24,D12,1
HB-PET03-HANDLE-2,提扣机岗2,HB-PET03,2026-08-27,N12,1
HB-PET03-HANDLE-2,提扣机岗2,HB-PET03,2026-08-29,N12,1
HB-PET03-LABEL,贴标机岗,HB-PET03,2026-07-06,N12,1
HB-PET03-LABEL,贴标机岗,HB-PET03,2026-07-06,D12,1
HB-PET03-LABEL,贴标机岗,HB-PET03,2026-07-07,N12,1
HB-PET03-LABEL,贴标机岗,HB-PET03,2026-07-08,N12,1
HB-PET03-LABEL,贴标机岗,HB-PET03,2026-07-16,N12,1
HB-PET03-LABEL,贴标机岗,HB-PET03,2026-07-23,D12,1
HB-PET03-LABEL,贴标机岗,HB-PET03,2026-07-24,D12,1
HB-PET03-LABEL,贴标机岗,HB-PET03,2026-07-25,D12,1
HB-PET03-LABEL,贴标机岗,HB-PET03,2026-07-28,N12,1
HB-PET03-LABEL,贴标机岗,HB-PET03,2026-08-12,D12,1
HB-PET03-LABEL,贴标机岗,HB-PET03,2026-08-14,N12,1
HB-PET03-LABEL,贴标机岗,HB-PET03,2026-08-15,D12,1
HB-PET03-LABEL,贴标机岗,HB-PET03,2026-08-22,D12,1
HB-PET03-PACK-SHRINK,膜包机岗,HB-PET03,2026-07-03,D12,1
HB-PET03-PACK-SHRINK,膜包机岗,HB-PET03,2026-07-13,N12,1
HB-PET03-PACK-SHRINK,膜包机岗,HB-PET03,2026-07-14,N12,1
HB-PET03-PACK-SHRINK,膜包机岗,HB-PET03,2026-07-16,N12,1
HB-PET03-PACK-SHRINK,膜包机岗,HB-PET03,2026-07-23,N12,1
HB-PET03-PACK-SHRINK,膜包机岗,HB-PET03,2026-07-29,N12,1
HB-PET03-PACK-SHRINK,膜包机岗,HB-PET03,2026-08-02,N12,1
HB-PET03-PACK-SHRINK,膜包机岗,HB-PET03,2026-08-03,N12,1
HB-PET03-PACK-SHRINK,膜包机岗,HB-PET03,2026-08-08,D12,1
HB-PET03-PACK-SHRINK,膜包机岗,HB-PET03,2026-08-10,N12,1
HB-PET03-PACK-SHRINK,膜包机岗,HB-PET03,2026-08-12,N12,1
HB-PET03-PACK-SHRINK,膜包机岗,HB-PET03,2026-08-18,N12,1
HB-PET03-PACK-SHRINK,膜包机岗,HB-PET03,2026-08-26,D12,1
HB-PET03-PACK-SHRINK,膜包机岗,HB-PET03,2026-08-30,D12,1
HB-PET03-PACK-SHRINK,膜包机岗,HB-PET03,2026-08-31,D12,1
HB-PET03-PALLET,码垛机岗,HB-PET03,2026-07-04,N12,1
HB-PET03-PALLET,码垛机岗,HB-PET03,2026-07-08,N12,1
HB-PET03-PALLET,码垛机岗,HB-PET03,2026-07-09,N12,1
HB-PET03-PALLET,码垛机岗,HB-PET03,2026-07-13,D12,1
HB-PET03-PALLET,码垛机岗,HB-PET03,2026-07-20,N12,1
HB-PET03-PALLET,码垛机岗,HB-PET03,2026-07-27,N12,1
HB-PET03-PALLET,码垛机岗,HB-PET03,2026-07-29,N12,1
HB-PET03-PALLET,码垛机岗,HB-PET03,2026-08-01,N12,1
HB-PET03-PALLET,码垛机岗,HB-PET03,2026-08-02,D12,1
HB-PET03-PALLET,码垛机岗,HB-PET03,2026-08-03,N12,1
HB-PET03-PALLET,码垛机岗,HB-PET03,2026-08-06,D12,1
HB-PET03-PALLET,码垛机岗,HB-PET03,2026-08-08,N12,1
HB-PET03-PALLET,码垛机岗,HB-PET03,2026-08-19,N12,1
HB-PET03-PALLET,码垛机岗,HB-PET03,2026-08-24,N12,1
HB-PET03-PALLET,码垛机岗,HB-PET03,2026-08-28,D12,1
HB-PET03-PALLET,码垛机岗,HB-PET03,2026-08-30,N12,1
HB-QC-QC-RM-AS,无菌线原物料品控,HB-QC,2026-07-07,D12,1
HB-QC-QC-RM-AS,无菌线原物料品控,HB-QC,2026-07-08,N12,1
HB-QC-QC-RM-AS,无菌线原物料品控,HB-QC,2026-07-09,D12,1
HB-QC-QC-RM-AS,无菌线原物料品控,HB-QC,2026-07-10,N12,1
HB-QC-QC-RM-AS,无菌线原物料品控,HB-QC,2026-07-14,D12,1
HB-QC-QC-RM-AS,无菌线原物料品控,HB-QC,2026-07-21,N12,1
HB-QC-QC-RM-AS,无菌线原物料品控,HB-QC,2026-07-24,N12,1
HB-QC-QC-RM-AS,无菌线原物料品控,HB-QC,2026-07-26,D12,1
HB-QC-QC-RM-AS,无菌线原物料品控,HB-QC,2026-08-05,N12,1
HB-QC-QC-RM-AS,无菌线原物料品控,HB-QC,2026-08-11,D12,1
HB-QC-QC-RM-AS,无菌线原物料品控,HB-QC,2026-08-15,D12,1
HB-QC-QC-RM-AS,无菌线原物料品控,HB-QC,2026-08-16,N12,1
HB-QC-QC-RM-AS,无菌线原物料品控,HB-QC,2026-08-23,N12,1
HB-QC-QC-RM-AS,无菌线原物料品控,HB-QC,2026-08-24,D12,1
HB-QC-QC-RM-SODA,汽水线原物料品控,HB-QC,2026-07-01,D12,1
HB-QC-QC-RM-SODA,汽水线原物料品控,HB-QC,2026-07-02,D12,1
HB-QC-QC-RM-SODA,汽水线原物料品控,HB-QC,2026-07-14,N12,1
HB-QC-QC-RM-SODA,汽水线原物料品控,HB-QC,2026-07-16,D12,1
HB-QC-QC-RM-SODA,汽水线原物料品控,HB-QC,2026-07-17,N12,1
HB-QC-QC-RM-SODA,汽水线原物料品控,HB-QC,2026-07-19,N12,1
HB-QC-QC-RM-SODA,汽水线原物料品控,HB-QC,2026-07-21,D12,1
HB-QC-QC-RM-SODA,汽水线原物料品控,HB-QC,2026-07-26,N12,1
HB-QC-QC-RM-SODA,汽水线原物料品控,HB-QC,2026-07-27,D12,1
HB-QC-QC-RM-SODA,汽水线原物料品控,HB-QC,2026-07-28,D12,1
HB-QC-QC-RM-SODA,汽水线原物料品控,HB-QC,2026-08-01,D12,1
HB-QC-QC-RM-SODA,汽水线原物料品控,HB-QC,2026-08-03,N12,1
HB-QC-QC-RM-SODA,汽水线原物料品控,HB-QC,2026-08-07,D12,1
HB-QC-QC-RM-SODA,汽水线原物料品控,HB-QC,2026-08-11,N12,1
HB-QC-QC-RM-SODA,汽水线原物料品控,HB-QC,2026-08-14,D12,1
HB-QC-QC-RM-SODA,汽水线原物料品控,HB-QC,2026-08-19,N12,1
HB-QC-QC-RM-SODA,汽水线原物料品控,HB-QC,2026-08-19,D12,1
HB-QC-QC-RM-SODA,汽水线原物料品控,HB-QC,2026-08-20,D12,1
HB-QC-QC-RM-SODA,汽水线原物料品控,HB-QC,2026-08-23,N12,1
HB-QC-QC-RM-SODA,汽水线原物料品控,HB-QC,2026-08-24,D12,1
HB-QC-QC-RM-SODA,汽水线原物料品控,HB-QC,2026-08-27,D12,1
HB-QC-QC-RM-SODA,汽水线原物料品控,HB-QC,2026-08-29,D12,1
HB-QC-QC-RM-SODA,汽水线原物料品控,HB-QC,2026-08-30,N12,1
HB-QC2-QC-IP-AS,无菌线制程品控,HB-QC2,2026-07-09,D12,1
HB-QC2-QC-IP-AS,无菌线制程品控,HB-QC2,2026-07-11,D12,1
HB-QC2-QC-IP-AS,无菌线制程品控,HB-QC2,2026-07-19,D12,1
HB-QC2-QC-IP-AS,无菌线制程品控,HB-QC2,2026-07-30,D12,1
HB-QC2-QC-IP-AS,无菌线制程品控,HB-QC2,2026-07-31,D12,1
HB-QC2-QC-IP-AS,无菌线制程品控,HB-QC2,2026-08-01,N12,1
HB-QC2-QC-IP-AS,无菌线制程品控,HB-QC2,2026-08-04,D12,1
HB-QC2-QC-IP-AS,无菌线制程品控,HB-QC2,2026-08-05,D12,1
HB-QC2-QC-IP-AS,无菌线制程品控,HB-QC2,2026-08-20,D12,1
HB-QC2-QC-IP-PET01,PET01线制程品控,HB-QC2,2026-07-04,N12,1
HB-QC2-QC-IP-PET01,PET01线制程品控,HB-QC2,2026-07-06,N12,1
HB-QC2-QC-IP-PET01,PET01线制程品控,HB-QC2,2026-07-15,D12,1
HB-QC2-QC-IP-PET01,PET01线制程品控,HB-QC2,2026-07-16,N12,1
HB-QC2-QC-IP-PET01,PET01线制程品控,HB-QC2,2026-07-19,D12,1
HB-QC2-QC-IP-PET01,PET01线制程品控,HB-QC2,2026-07-26,D12,1
HB-QC2-QC-IP-PET01,PET01线制程品控,HB-QC2,2026-07-29,D12,1
HB-QC2-QC-IP-PET01,PET01线制程品控,HB-QC2,2026-07-30,D12,1
HB-QC2-QC-IP-PET01,PET01线制程品控,HB-QC2,2026-07-31,D12,1
HB-QC2-QC-IP-PET01,PET01线制程品控,HB-QC2,2026-08-01,N12,1
HB-QC2-QC-IP-PET01,PET01线制程品控,HB-QC2,2026-08-03,D12,1
HB-QC2-QC-IP-PET01,PET01线制程品控,HB-QC2,2026-08-09,D12,1
HB-QC2-QC-IP-PET01,PET01线制程品控,HB-QC2,2026-08-13,D12,1
HB-QC2-QC-IP-PET01,PET01线制程品控,HB-QC2,2026-08-20,D12,1
HB-QC2-QC-IP-PET01,PET01线制程品控,HB-QC2,2026-08-23,D12,1
HB-QC2-QC-IP-PET01,PET01线制程品控,HB-QC2,2026-08-30,N12,1
HB-QC2-QC-IP-PET02,PET02线制程品控,HB-QC2,2026-07-02,N12,1
HB-QC2-QC-IP-PET02,PET02线制程品控,HB-QC2,2026-07-17,D12,1
HB-QC2-QC-IP-PET02,PET02线制程品控,HB-QC2,2026-08-11,D12,1
HB-QC2-QC-IP-PET02,PET02线制程品控,HB-QC2,2026-08-13,N12,1
HB-QC2-QC-IP-PET02,PET02线制程品控,HB-QC2,2026-08-13,D12,1
HB-QC2-QC-IP-PET02,PET02线制程品控,HB-QC2,2026-08-28,D12,1
HB-QC2-QC-IP-PET03,PET03线制程品控,HB-QC2,2026-07-01,D12,1
HB-QC2-QC-IP-PET03,PET03线制程品控,HB-QC2,2026-07-05,D12,1
HB-QC2-QC-IP-PET03,PET03线制程品控,HB-QC2,2026-07-06,D12,1
HB-QC2-QC-IP-PET03,PET03线制程品控,HB-QC2,2026-07-18,N12,1
HB-QC2-QC-IP-PET03,PET03线制程品控,HB-QC2,2026-07-27,D12,1
HB-QC2-QC-IP-PET03,PET03线制程品控,HB-QC2,2026-07-28,N12,1
HB-QC2-QC-IP-PET03,PET03线制程品控,HB-QC2,2026-08-05,N12,1
HB-QC2-QC-IP-PET03,PET03线制程品控,HB-QC2,2026-08-07,D12,1
HB-QC2-QC-IP-PET03,PET03线制程品控,HB-QC2,2026-08-08,N12,1
HB-QC2-QC-IP-PET03,PET03线制程品控,HB-QC2,2026-08-09,N12,1
HB-QC2-QC-IP-PET03,PET03线制程品控,HB-QC2,2026-08-12,N12,1
HB-QC2-QC-IP-PET03,PET03线制程品控,HB-QC2,2026-08-15,D12,1
HB-QC2-QC-IP-PET03,PET03线制程品控,HB-QC2,2026-08-24,N12,1
HB-QC2-QC-IP-PET03,PET03线制程品控,HB-QC2,2026-08-30,N12,1
HB-QC2-QC-WATER,水糖品控,HB-QC2,2026-07-01,D12,1
HB-QC2-QC-WATER,水糖品控,HB-QC2,2026-07-11,D12,1
HB-QC2-QC-WATER,水糖品控,HB-QC2,2026-07-22,N12,1
HB-QC2-QC-WATER,水糖品控,HB-QC2,2026-07-25,N12,1
HB-QC2-QC-WATER,水糖品控,HB-QC2,2026-07-26,N12,1
HB-QC2-QC-WATER,水糖品控,HB-QC2,2026-08-03,N12,1
HB-QC2-QC-WATER,水糖品控,HB-QC2,2026-08-19,D12,1
HB-QC2-QC-WATER,水糖品控,HB-QC2,2026-08-20,D12,1
HB-QC2-QC-WATER,水糖品控,HB-QC2,2026-08-22,D12,1
HB-SYRUP-SYRUP-POST1,后糖岗1,HB-SYRUP,2026-07-01,D12,1
HB-SYRUP-SYRUP-POST1,后糖岗1,HB-SYRUP,2026-07-05,N12,1
HB-SYRUP-SYRUP-POST1,后糖岗1,HB-SYRUP,2026-07-07,D12,1
HB-SYRUP-SYRUP-POST1,后糖岗1,HB-SYRUP,2026-07-15,D12,1
HB-SYRUP-SYRUP-POST1,后糖岗1,HB-SYRUP,2026-07-18,D12,1
HB-SYRUP-SYRUP-POST1,后糖岗1,HB-SYRUP,2026-07-19,N12,1
HB-SYRUP-SYRUP-POST1,后糖岗1,HB-SYRUP,2026-07-19,D12,1
HB-SYRUP-SYRUP-POST1,后糖岗1,HB-SYRUP,2026-07-21,N12,1
HB-SYRUP-SYRUP-POST1,后糖岗1,HB-SYRUP,2026-07-24,N12,1
HB-SYRUP-SYRUP-POST1,后糖岗1,HB-SYRUP,2026-07-28,N12,1
HB-SYRUP-SYRUP-POST1,后糖岗1,HB-SYRUP,2026-07-30,D12,1
HB-SYRUP-SYRUP-POST1,后糖岗1,HB-SYRUP,2026-08-02,N12,1
HB-SYRUP-SYRUP-POST1,后糖岗1,HB-SYRUP,2026-08-02,D12,1
HB-SYRUP-SYRUP-POST1,后糖岗1,HB-SYRUP,2026-08-05,D12,1
HB-SYRUP-SYRUP-POST1,后糖岗1,HB-SYRUP,2026-08-17,D12,1
HB-SYRUP-SYRUP-POST1,后糖岗1,HB-SYRUP,2026-08-18,D12,1
HB-SYRUP-SYRUP-POST1,后糖岗1,HB-SYRUP,2026-08-22,D12,1
HB-SYRUP-SYRUP-POST1,后糖岗1,HB-SYRUP,2026-08-23,N12,1
HB-SYRUP-SYRUP-POST1,后糖岗1,HB-SYRUP,2026-08-25,N12,1
HB-SYRUP-SYRUP-POST1,后糖岗1,HB-SYRUP,2026-08-30,N12,1
HB-SYRUP-SYRUP-POST2,后糖岗2,HB-SYRUP,2026-07-01,N12,1
HB-SYRUP-SYRUP-POST2,后糖岗2,HB-SYRUP,2026-07-02,D12,1
HB-SYRUP-SYRUP-POST2,后糖岗2,HB-SYRUP,2026-07-08,N12,1
HB-SYRUP-SYRUP-POST2,后糖岗2,HB-SYRUP,2026-07-08,D12,1
HB-SYRUP-SYRUP-POST2,后糖岗2,HB-SYRUP,2026-07-11,N12,1
HB-SYRUP-SYRUP-POST2,后糖岗2,HB-SYRUP,2026-07-11,D12,1
HB-SYRUP-SYRUP-POST2,后糖岗2,HB-SYRUP,2026-07-14,N12,1
HB-SYRUP-SYRUP-POST2,后糖岗2,HB-SYRUP,2026-07-19,D12,1
HB-SYRUP-SYRUP-POST2,后糖岗2,HB-SYRUP,2026-07-20,D12,1
HB-SYRUP-SYRUP-POST2,后糖岗2,HB-SYRUP,2026-07-21,N12,1
HB-SYRUP-SYRUP-POST2,后糖岗2,HB-SYRUP,2026-07-24,D12,1
HB-SYRUP-SYRUP-POST2,后糖岗2,HB-SYRUP,2026-07-27,N12,1
HB-SYRUP-SYRUP-POST2,后糖岗2,HB-SYRUP,2026-07-28,D12,1
HB-SYRUP-SYRUP-POST2,后糖岗2,HB-SYRUP,2026-07-30,N12,1
HB-SYRUP-SYRUP-POST2,后糖岗2,HB-SYRUP,2026-07-31,N12,1
HB-SYRUP-SYRUP-POST2,后糖岗2,HB-SYRUP,2026-08-01,N12,1
HB-SYRUP-SYRUP-POST2,后糖岗2,HB-SYRUP,2026-08-02,N12,1
HB-SYRUP-SYRUP-POST2,后糖岗2,HB-SYRUP,2026-08-04,D12,1
HB-SYRUP-SYRUP-POST2,后糖岗2,HB-SYRUP,2026-08-05,D12,1
HB-SYRUP-SYRUP-POST2,后糖岗2,HB-SYRUP,2026-08-06,N12,1
HB-SYRUP-SYRUP-POST2,后糖岗2,HB-SYRUP,2026-08-07,D12,1
HB-SYRUP-SYRUP-POST2,后糖岗2,HB-SYRUP,2026-08-09,N12,1
HB-SYRUP-SYRUP-POST2,后糖岗2,HB-SYRUP,2026-08-10,D12,1
HB-SYRUP-SYRUP-POST2,后糖岗2,HB-SYRUP,2026-08-14,D12,1
HB-SYRUP-SYRUP-POST2,后糖岗2,HB-SYRUP,2026-08-15,N12,1
HB-SYRUP-SYRUP-POST2,后糖岗2,HB-SYRUP,2026-08-18,N12,1
HB-SYRUP-SYRUP-POST2,后糖岗2,HB-SYRUP,2026-08-18,D12,1
HB-SYRUP-SYRUP-POST2,后糖岗2,HB-SYRUP,2026-08-23,N12,1
HB-SYRUP-SYRUP-POST2,后糖岗2,HB-SYRUP,2026-08-26,N12,1
HB-SYRUP-SYRUP-POST2,后糖岗2,HB-SYRUP,2026-08-27,N12,1
HB-SYRUP-SYRUP-POST2,后糖岗2,HB-SYRUP,2026-08-28,N12,1
HB-SYRUP-WATER,水处理操作岗,HB-SYRUP,2026-07-01,N12,1
HB-SYRUP-WATER,水处理操作岗,HB-SYRUP,2026-07-02,D12,1
HB-SYRUP-WATER,水处理操作岗,HB-SYRUP,2026-07-06,N12,1
HB-SYRUP-WATER,水处理操作岗,HB-SYRUP,2026-07-08,N12,1
HB-SYRUP-WATER,水处理操作岗,HB-SYRUP,2026-07-09,N12,1
HB-SYRUP-WATER,水处理操作岗,HB-SYRUP,2026-07-14,D12,1
HB-SYRUP-WATER,水处理操作岗,HB-SYRUP,2026-07-17,D12,1
HB-SYRUP-WATER,水处理操作岗,HB-SYRUP,2026-07-18,D12,1
HB-SYRUP-WATER,水处理操作岗,HB-SYRUP,2026-07-20,N12,1
HB-SYRUP-WATER,水处理操作岗,HB-SYRUP,2026-07-26,D12,1
HB-SYRUP-WATER,水处理操作岗,HB-SYRUP,2026-07-27,N12,1
HB-SYRUP-WATER,水处理操作岗,HB-SYRUP,2026-07-31,N12,1
HB-SYRUP-WATER,水处理操作岗,HB-SYRUP,2026-08-06,D12,1
HB-SYRUP-WATER,水处理操作岗,HB-SYRUP,2026-08-14,D12,1
HB-SYRUP-WATER,水处理操作岗,HB-SYRUP,2026-08-15,N12,1
HB-SYRUP-WATER,水处理操作岗,HB-SYRUP,2026-08-16,D12,1
HB-SYRUP-WATER,水处理操作岗,HB-SYRUP,2026-08-17,N12,1
HB-SYRUP-WATER,水处理操作岗,HB-SYRUP,2026-08-17,D12,1
HB-SYRUP-WATER,水处理操作岗,HB-SYRUP,2026-08-18,D12,1
HB-SYRUP-WATER,水处理操作岗,HB-SYRUP,2026-08-19,D12,1
HB-SYRUP-WATER,水处理操作岗,HB-SYRUP,2026-08-22,N12,1
HB-SYRUP-WATER,水处理操作岗,HB-SYRUP,2026-08-24,D12,1
HB-SYRUP-WATER,水处理操作岗,HB-SYRUP,2026-08-25,N12,1
HB-SYRUP-WATER,水处理操作岗,HB-SYRUP,2026-08-28,N12,1
HB-SYRUP-WATER,水处理操作岗,HB-SYRUP,2026-08-31,N12,1
SX-BIB01-FILL,灌装岗,SX-BIB01,2026-07-04,N12,1
SX-BIB01-FILL,灌装岗,SX-BIB01,2026-07-05,D12,1
SX-BIB01-FILL,灌装岗,SX-BIB01,2026-07-08,D12,1
SX-BIB01-FILL,灌装岗,SX-BIB01,2026-07-09,N12,1
SX-BIB01-FILL,灌装岗,SX-BIB01,2026-07-14,D12,1
SX-BIB01-FILL,灌装岗,SX-BIB01,2026-07-15,N12,1
SX-BIB01-FILL,灌装岗,SX-BIB01,2026-07-17,N12,1
SX-BIB01-FILL,灌装岗,SX-BIB01,2026-07-21,D12,1
SX-BIB01-FILL,灌装岗,SX-BIB01,2026-07-26,N12,1
SX-BIB01-FILL,灌装岗,SX-BIB01,2026-07-27,N12,1
SX-BIB01-FILL,灌装岗,SX-BIB01,2026-07-27,D12,1
SX-BIB01-FILL,灌装岗,SX-BIB01,2026-07-31,N12,1
SX-BIB01-FILL,灌装岗,SX-BIB01,2026-08-01,D12,1
SX-BIB01-FILL,灌装岗,SX-BIB01,2026-08-05,N12,1
SX-BIB01-FILL,灌装岗,SX-BIB01,2026-08-05,D12,1
SX-BIB01-FILL,灌装岗,SX-BIB01,2026-08-07,N12,1
SX-BIB01-FILL,灌装岗,SX-BIB01,2026-08-15,N12,1
SX-BIB01-FILL,灌装岗,SX-BIB01,2026-08-16,N12,1
SX-BIB01-FILL,灌装岗,SX-BIB01,2026-08-17,N12,1
SX-BIB01-FILL,灌装岗,SX-BIB01,2026-08-25,N12,1
SX-BIB01-FILL,灌装岗,SX-BIB01,2026-08-26,N12,1
SX-BIB01-FILL,灌装岗,SX-BIB01,2026-08-27,D12,1
SX-BIB01-FILL,灌装岗,SX-BIB01,2026-08-29,N12,1
SX-BIB01-FILL,灌装岗,SX-BIB01,2026-08-30,D12,1
SX-BIB01-PACK-1,包装岗1,SX-BIB01,2026-07-01,D12,1
SX-BIB01-PACK-1,包装岗1,SX-BIB01,2026-07-05,N12,1
SX-BIB01-PACK-1,包装岗1,SX-BIB01,2026-07-12,N12,1
SX-BIB01-PACK-1,包装岗1,SX-BIB01,2026-07-16,N12,1
SX-BIB01-PACK-1,包装岗1,SX-BIB01,2026-07-23,D12,1
SX-BIB01-PACK-1,包装岗1,SX-BIB01,2026-08-01,N12,1
SX-BIB01-PACK-1,包装岗1,SX-BIB01,2026-08-04,N12,1
SX-BIB01-PACK-1,包装岗1,SX-BIB01,2026-08-05,D12,1
SX-BIB01-PACK-1,包装岗1,SX-BIB01,2026-08-06,N12,1
SX-BIB01-PACK-1,包装岗1,SX-BIB01,2026-08-14,D12,1
SX-BIB01-PACK-1,包装岗1,SX-BIB01,2026-08-15,N12,1
SX-BIB01-PACK-1,包装岗1,SX-BIB01,2026-08-17,D12,1
SX-BIB01-PACK-1,包装岗1,SX-BIB01,2026-08-20,N12,1
SX-BIB01-PACK-1,包装岗1,SX-BIB01,2026-08-22,D12,1
SX-BIB01-PACK-1,包装岗1,SX-BIB01,2026-08-25,D12,1
SX-BIB01-PACK-1,包装岗1,SX-BIB01,2026-08-27,N12,1
SX-BIB01-PACK-1,包装岗1,SX-BIB01,2026-08-29,N12,1
SX-BIB01-PACK-1,包装岗1,SX-BIB01,2026-08-31,N12,1
SX-BIB01-PACK-2,包装岗2,SX-BIB01,2026-07-12,N12,1
SX-BIB01-PACK-2,包装岗2,SX-BIB01,2026-07-23,D12,1
SX-BIB01-PACK-2,包装岗2,SX-BIB01,2026-07-26,N12,1
SX-BIB01-PACK-2,包装岗2,SX-BIB01,2026-07-29,D12,1
SX-BIB01-PACK-2,包装岗2,SX-BIB01,2026-08-03,N12,1
SX-BIB01-PACK-2,包装岗2,SX-BIB01,2026-08-05,D12,1
SX-BIB01-PACK-2,包装岗2,SX-BIB01,2026-08-08,N12,1
SX-BIB01-PACK-2,包装岗2,SX-BIB01,2026-08-09,D12,1
SX-BIB01-PACK-2,包装岗2,SX-BIB01,2026-08-14,D12,1
SX-BIB01-PACK-2,包装岗2,SX-BIB01,2026-08-19,N12,1
SX-BIB01-PACK-2,包装岗2,SX-BIB01,2026-08-28,N12,1
SX-BIB01-PACK-3,包装岗3,SX-BIB01,2026-07-13,D12,1
SX-BIB01-PACK-3,包装岗3,SX-BIB01,2026-07-29,D12,1
SX-BIB01-PACK-3,包装岗3,SX-BIB01,2026-08-13,D12,1
SX-BIB01-PACK-3,包装岗3,SX-BIB01,2026-08-15,D12,1
SX-BIB01-PACK-3,包装岗3,SX-BIB01,2026-08-16,D12,1
SX-BIB01-PACK-3,包装岗3,SX-BIB01,2026-08-27,D12,1
SX-CAN01-DEPAL-CAN,卸罐机岗,SX-CAN01,2026-07-20,D12,1
SX-CAN01-DEPAL-CAN,卸罐机岗,SX-CAN01,2026-07-21,N12,1
SX-CAN01-DEPAL-CAN,卸罐机岗,SX-CAN01,2026-07-28,N12,1
SX-CAN01-DEPAL-CAN,卸罐机岗,SX-CAN01,2026-08-01,D12,1
SX-CAN01-DEPAL-CAN,卸罐机岗,SX-CAN01,2026-08-07,N12,1
SX-CAN01-DEPAL-CAN,卸罐机岗,SX-CAN01,2026-08-19,D12,1
SX-CAN01-DEPAL-CAN,卸罐机岗,SX-CAN01,2026-08-24,D12,1
SX-CAN01-DEPAL-CAN,卸罐机岗,SX-CAN01,2026-08-26,N12,1
SX-CAN01-FILL,灌注机岗,SX-CAN01,2026-07-02,D12,1
SX-CAN01-FILL,灌注机岗,SX-CAN01,2026-07-03,D12,1
SX-CAN01-FILL,灌注机岗,SX-CAN01,2026-07-07,N12,1
SX-CAN01-FILL,灌注机岗,SX-CAN01,2026-07-08,D12,1
SX-CAN01-FILL,灌注机岗,SX-CAN01,2026-07-10,N12,1
SX-CAN01-FILL,灌注机岗,SX-CAN01,2026-07-11,N12,1
SX-CAN01-FILL,灌注机岗,SX-CAN01,2026-07-12,D12,1
SX-CAN01-FILL,灌注机岗,SX-CAN01,2026-07-14,N12,1
SX-CAN01-FILL,灌注机岗,SX-CAN01,2026-07-21,D12,1
SX-CAN01-FILL,灌注机岗,SX-CAN01,2026-07-22,N12,1
SX-CAN01-FILL,灌注机岗,SX-CAN01,2026-07-23,D12,1
SX-CAN01-FILL,灌注机岗,SX-CAN01,2026-07-31,D12,1
SX-CAN01-FILL,灌注机岗,SX-CAN01,2026-08-02,D12,1
SX-CAN01-FILL,灌注机岗,SX-CAN01,2026-08-04,N12,1
SX-CAN01-FILL,灌注机岗,SX-CAN01,2026-08-05,N12,1
SX-CAN01-FILL,灌注机岗,SX-CAN01,2026-08-06,D12,1
SX-CAN01-FILL,灌注机岗,SX-CAN01,2026-08-09,N12,1
SX-CAN01-FILL,灌注机岗,SX-CAN01,2026-08-10,D12,1
SX-CAN01-FILL,灌注机岗,SX-CAN01,2026-08-13,D12,1
SX-CAN01-FILL,灌注机岗,SX-CAN01,2026-08-17,D12,1
SX-CAN01-FILL,灌注机岗,SX-CAN01,2026-08-18,D12,1
SX-CAN01-FILL,灌注机岗,SX-CAN01,2026-08-22,N12,1
SX-CAN01-FILL,灌注机岗,SX-CAN01,2026-08-22,D12,1
SX-CAN01-FILL,灌注机岗,SX-CAN01,2026-08-23,D12,1
SX-CAN01-FILL,灌注机岗,SX-CAN01,2026-08-27,D12,1
SX-CAN01-FILL,灌注机岗,SX-CAN01,2026-08-29,N12,1
SX-CAN01-FILL,灌注机岗,SX-CAN01,2026-08-29,D12,1
SX-CAN01-PACK-MULTI,多包装机,SX-CAN01,2026-07-04,N12,1
SX-CAN01-PACK-MULTI,多包装机,SX-CAN01,2026-07-22,N12,1
SX-CAN01-PACK-MULTI,多包装机,SX-CAN01,2026-08-05,D12,1
SX-CAN01-PACK-MULTI,多包装机,SX-CAN01,2026-08-09,N12,1
SX-CAN01-PACK-MULTI,多包装机,SX-CAN01,2026-08-11,N12,1
SX-CAN01-PACK-SHRINK,塑包机岗,SX-CAN01,2026-07-02,N12,1
SX-CAN01-PACK-SHRINK,塑包机岗,SX-CAN01,2026-07-02,D12,1
SX-CAN01-PACK-SHRINK,塑包机岗,SX-CAN01,2026-07-03,N12,1
SX-CAN01-PACK-SHRINK,塑包机岗,SX-CAN01,2026-07-03,D12,1
SX-CAN01-PACK-SHRINK,塑包机岗,SX-CAN01,2026-07-04,D12,1
SX-CAN01-PACK-SHRINK,塑包机岗,SX-CAN01,2026-07-05,D12,1
SX-CAN01-PACK-SHRINK,塑包机岗,SX-CAN01,2026-07-13,N12,1
SX-CAN01-PACK-SHRINK,塑包机岗,SX-CAN01,2026-07-14,N12,1
SX-CAN01-PACK-SHRINK,塑包机岗,SX-CAN01,2026-07-14,D12,1
SX-CAN01-PACK-SHRINK,塑包机岗,SX-CAN01,2026-07-18,D12,1
SX-CAN01-PACK-SHRINK,塑包机岗,SX-CAN01,2026-07-22,N12,1
SX-CAN01-PACK-SHRINK,塑包机岗,SX-CAN01,2026-07-22,D12,1
SX-CAN01-PACK-SHRINK,塑包机岗,SX-CAN01,2026-07-23,N12,1
SX-CAN01-PACK-SHRINK,塑包机岗,SX-CAN01,2026-07-24,N12,1
SX-CAN01-PACK-SHRINK,塑包机岗,SX-CAN01,2026-07-24,D12,1
SX-CAN01-PACK-SHRINK,塑包机岗,SX-CAN01,2026-07-30,D12,1
SX-CAN01-PACK-SHRINK,塑包机岗,SX-CAN01,2026-08-04,D12,1
SX-CAN01-PACK-SHRINK,塑包机岗,SX-CAN01,2026-08-05,D12,1
SX-CAN01-PACK-SHRINK,塑包机岗,SX-CAN01,2026-08-06,N12,1
SX-CAN01-PACK-SHRINK,塑包机岗,SX-CAN01,2026-08-07,N12,1
SX-CAN01-PACK-SHRINK,塑包机岗,SX-CAN01,2026-08-09,N12,1
SX-CAN01-PACK-SHRINK,塑包机岗,SX-CAN01,2026-08-10,N12,1
SX-CAN01-PACK-SHRINK,塑包机岗,SX-CAN01,2026-08-12,D12,1
SX-CAN01-PACK-SHRINK,塑包机岗,SX-CAN01,2026-08-15,D12,1
SX-CAN01-PACK-SHRINK,塑包机岗,SX-CAN01,2026-08-16,N12,1
SX-CAN01-PACK-SHRINK,塑包机岗,SX-CAN01,2026-08-19,N12,1
SX-CAN01-PACK-SHRINK,塑包机岗,SX-CAN01,2026-08-19,D12,1
SX-CAN01-PACK-SHRINK,塑包机岗,SX-CAN01,2026-08-24,N12,1
SX-CAN01-PACK-SHRINK,塑包机岗,SX-CAN01,2026-08-27,D12,1
SX-CAN01-PACK-SHRINK,塑包机岗,SX-CAN01,2026-08-29,N12,1
SX-CAN01-PACK-SHRINK,塑包机岗,SX-CAN01,2026-08-30,D12,1
SX-CAN01-PALLET,码垛机岗,SX-CAN01,2026-07-10,N12,1
SX-CAN01-PALLET,码垛机岗,SX-CAN01,2026-07-12,D12,1
SX-CAN01-PALLET,码垛机岗,SX-CAN01,2026-07-14,N12,1
SX-CAN01-PALLET,码垛机岗,SX-CAN01,2026-07-15,N12,1
SX-CAN01-PALLET,码垛机岗,SX-CAN01,2026-07-15,D12,1
SX-CAN01-PALLET,码垛机岗,SX-CAN01,2026-07-21,D12,1
SX-CAN01-PALLET,码垛机岗,SX-CAN01,2026-07-23,N12,1
SX-CAN01-PALLET,码垛机岗,SX-CAN01,2026-07-29,N12,1
SX-CAN01-PALLET,码垛机岗,SX-CAN01,2026-07-30,N12,1
SX-CAN01-PALLET,码垛机岗,SX-CAN01,2026-07-31,D12,1
SX-CAN01-PALLET,码垛机岗,SX-CAN01,2026-08-02,N12,1
SX-CAN01-PALLET,码垛机岗,SX-CAN01,2026-08-02,D12,1
SX-CAN01-PALLET,码垛机岗,SX-CAN01,2026-08-03,N12,1
SX-CAN01-PALLET,码垛机岗,SX-CAN01,2026-08-06,N12,1
SX-CAN01-PALLET,码垛机岗,SX-CAN01,2026-08-07,D12,1
SX-CAN01-PALLET,码垛机岗,SX-CAN01,2026-08-09,D12,1
SX-CAN01-PALLET,码垛机岗,SX-CAN01,2026-08-10,N12,1
SX-CAN01-PALLET,码垛机岗,SX-CAN01,2026-08-10,D12,1
SX-CAN01-PALLET,码垛机岗,SX-CAN01,2026-08-12,N12,1
SX-CAN01-PALLET,码垛机岗,SX-CAN01,2026-08-19,N12,1
SX-CAN01-PALLET,码垛机岗,SX-CAN01,2026-08-19,D12,1
SX-CAN01-PALLET,码垛机岗,SX-CAN01,2026-08-20,N12,1
SX-CAN01-PALLET,码垛机岗,SX-CAN01,2026-08-21,N12,1
SX-CAN01-PALLET,码垛机岗,SX-CAN01,2026-08-26,N12,1
SX-CAN01-PALLET,码垛机岗,SX-CAN01,2026-08-27,N12,1
SX-CAN01-PALLET,码垛机岗,SX-CAN01,2026-08-27,D12,1
SX-CAN01-PALLET,码垛机岗,SX-CAN01,2026-08-28,D12,1
SX-CAN01-PALLET,码垛机岗,SX-CAN01,2026-08-29,D12,1
SX-ENG-AIRCOMP,制冷空压机岗,SX-ENG,2026-07-01,D12,1
SX-ENG-AIRCOMP,制冷空压机岗,SX-ENG,2026-07-03,D12,1
SX-ENG-AIRCOMP,制冷空压机岗,SX-ENG,2026-07-10,N12,1
SX-ENG-AIRCOMP,制冷空压机岗,SX-ENG,2026-07-12,D12,1
SX-ENG-AIRCOMP,制冷空压机岗,SX-ENG,2026-07-16,D12,1
SX-ENG-AIRCOMP,制冷空压机岗,SX-ENG,2026-07-17,D12,1
SX-ENG-AIRCOMP,制冷空压机岗,SX-ENG,2026-07-21,D12,1
SX-ENG-AIRCOMP,制冷空压机岗,SX-ENG,2026-07-26,N12,1
SX-ENG-AIRCOMP,制冷空压机岗,SX-ENG,2026-07-29,D12,1
SX-ENG-AIRCOMP,制冷空压机岗,SX-ENG,2026-08-03,N12,1
SX-ENG-AIRCOMP,制冷空压机岗,SX-ENG,2026-08-05,D12,1
SX-ENG-AIRCOMP,制冷空压机岗,SX-ENG,2026-08-10,D12,1
SX-ENG-AIRCOMP,制冷空压机岗,SX-ENG,2026-08-13,D12,1
SX-ENG-AIRCOMP,制冷空压机岗,SX-ENG,2026-08-14,D12,1
SX-ENG-AIRCOMP,制冷空压机岗,SX-ENG,2026-08-16,D12,1
SX-ENG-AIRCOMP,制冷空压机岗,SX-ENG,2026-08-19,N12,1
SX-ENG-AIRCOMP,制冷空压机岗,SX-ENG,2026-08-20,N12,1
SX-ENG-AIRCOMP,制冷空压机岗,SX-ENG,2026-08-24,N12,1
SX-ENG-AIRCOMP,制冷空压机岗,SX-ENG,2026-08-24,D12,1
SX-ENG-AIRCOMP,制冷空压机岗,SX-ENG,2026-08-26,D12,1
SX-ENG-AIRCOMP,制冷空压机岗,SX-ENG,2026-08-28,D12,1
SX-ENG-AIRCOMP,制冷空压机岗,SX-ENG,2026-08-29,N12,1
SX-ENG-BOILER,锅炉操作岗,SX-ENG,2026-07-04,N12,1
SX-ENG-BOILER,锅炉操作岗,SX-ENG,2026-07-11,D12,1
SX-ENG-BOILER,锅炉操作岗,SX-ENG,2026-07-20,D12,1
SX-ENG-BOILER,锅炉操作岗,SX-ENG,2026-07-26,N12,1
SX-ENG-BOILER,锅炉操作岗,SX-ENG,2026-07-30,D12,1
SX-ENG-BOILER,锅炉操作岗,SX-ENG,2026-08-02,D12,1
SX-ENG-BOILER,锅炉操作岗,SX-ENG,2026-08-06,D12,1
SX-ENG-BOILER,锅炉操作岗,SX-ENG,2026-08-12,D12,1
SX-ENG-BOILER,锅炉操作岗,SX-ENG,2026-08-13,N12,1
SX-ENG-BOILER,锅炉操作岗,SX-ENG,2026-08-14,D12,1
SX-ENG-BOILER,锅炉操作岗,SX-ENG,2026-08-17,N12,1
SX-ENG-BOILER,锅炉操作岗,SX-ENG,2026-08-21,D12,1
SX-ENG-BOILER,锅炉操作岗,SX-ENG,2026-08-27,D12,1
SX-ENG-BOILER,锅炉操作岗,SX-ENG,2026-08-28,D12,1
SX-ENG-ELEC-LINE1,生产线电工1,SX-ENG,2026-07-01,D12,1
SX-ENG-ELEC-LINE1,生产线电工1,SX-ENG,2026-07-04,D12,1
SX-ENG-ELEC-LINE1,生产线电工1,SX-ENG,2026-07-09,N12,1
SX-ENG-ELEC-LINE1,生产线电工1,SX-ENG,2026-07-09,D12,1
SX-ENG-ELEC-LINE1,生产线电工1,SX-ENG,2026-07-10,D12,1
SX-ENG-ELEC-LINE1,生产线电工1,SX-ENG,2026-07-11,D12,1
SX-ENG-ELEC-LINE1,生产线电工1,SX-ENG,2026-07-13,D12,1
SX-ENG-ELEC-LINE1,生产线电工1,SX-ENG,2026-07-15,D12,1
SX-ENG-ELEC-LINE1,生产线电工1,SX-ENG,2026-07-29,D12,1
SX-ENG-ELEC-LINE1,生产线电工1,SX-ENG,2026-08-04,N12,1
SX-ENG-ELEC-LINE1,生产线电工1,SX-ENG,2026-08-11,N12,1
SX-ENG-ELEC-LINE1,生产线电工1,SX-ENG,2026-08-11,D12,1
SX-ENG-ELEC-LINE1,生产线电工1,SX-ENG,2026-08-12,N12,1
SX-ENG-ELEC-LINE1,生产线电工1,SX-ENG,2026-08-14,D12,1
SX-ENG-ELEC-LINE1,生产线电工1,SX-ENG,2026-08-16,N12,1
SX-ENG-ELEC-LINE1,生产线电工1,SX-ENG,2026-08-17,N12,1
SX-ENG-ELEC-LINE1,生产线电工1,SX-ENG,2026-08-19,N12,1
SX-ENG-ELEC-LINE1,生产线电工1,SX-ENG,2026-08-20,N12,1
SX-ENG-ELEC-LINE1,生产线电工1,SX-ENG,2026-08-27,D12,1
SX-ENG-ELEC-LINE1,生产线电工1,SX-ENG,2026-08-28,D12,1
SX-ENG-ELEC-LINE1,生产线电工1,SX-ENG,2026-08-29,N12,1
SX-ENG-ELEC-LINE1,生产线电工1,SX-ENG,2026-08-31,N12,1
SX-ENG-MECH-LINE,生产线机修岗,SX-ENG,2026-07-01,N12,1
SX-ENG-MECH-LINE,生产线机修岗,SX-ENG,2026-07-13,D12,3
SX-ENG-MECH-LINE,生产线机修岗,SX-ENG,2026-07-17,D12,3
SX-ENG-MECH-LINE,生产线机修岗,SX-ENG,2026-07-20,N12,1
SX-ENG-MECH-LINE,生产线机修岗,SX-ENG,2026-07-22,D12,2
SX-ENG-MECH-LINE,生产线机修岗,SX-ENG,2026-07-26,D12,1
SX-ENG-MECH-LINE,生产线机修岗,SX-ENG,2026-08-02,D12,2
SX-ENG-MECH-LINE,生产线机修岗,SX-ENG,2026-08-11,D12,3
SX-ENG-MECH-LINE,生产线机修岗,SX-ENG,2026-08-14,D12,2
SX-ENG-MECH-LINE,生产线机修岗,SX-ENG,2026-08-19,D12,3
SX-ENG-MECH-LINE,生产线机修岗,SX-ENG,2026-08-20,D12,2
SX-ENG-MECH-LINE,生产线机修岗,SX-ENG,2026-08-21,D12,2
SX-ENG-MECH-LINE,生产线机修岗,SX-ENG,2026-08-28,D12,3
SX-PET01-BLOW-LABEL,吹贴机岗,SX-PET01,2026-07-03,N12,1
SX-PET01-BLOW-LABEL,吹贴机岗,SX-PET01,2026-07-04,D12,1
SX-PET01-BLOW-LABEL,吹贴机岗,SX-PET01,2026-07-05,N12,1
SX-PET01-BLOW-LABEL,吹贴机岗,SX-PET01,2026-07-06,N12,1
SX-PET01-BLOW-LABEL,吹贴机岗,SX-PET01,2026-07-09,D12,1
SX-PET01-BLOW-LABEL,吹贴机岗,SX-PET01,2026-07-10,N12,1
SX-PET01-BLOW-LABEL,吹贴机岗,SX-PET01,2026-07-10,D12,1
SX-PET01-BLOW-LABEL,吹贴机岗,SX-PET01,2026-07-15,N12,1
SX-PET01-BLOW-LABEL,吹贴机岗,SX-PET01,2026-07-18,N12,1
SX-PET01-BLOW-LABEL,吹贴机岗,SX-PET01,2026-07-19,N12,1
SX-PET01-BLOW-LABEL,吹贴机岗,SX-PET01,2026-07-19,D12,1
SX-PET01-BLOW-LABEL,吹贴机岗,SX-PET01,2026-07-24,N12,1
SX-PET01-BLOW-LABEL,吹贴机岗,SX-PET01,2026-07-24,D12,1
SX-PET01-BLOW-LABEL,吹贴机岗,SX-PET01,2026-07-30,D12,1
SX-PET01-BLOW-LABEL,吹贴机岗,SX-PET01,2026-08-02,N12,1
SX-PET01-BLOW-LABEL,吹贴机岗,SX-PET01,2026-08-07,D12,1
SX-PET01-BLOW-LABEL,吹贴机岗,SX-PET01,2026-08-12,N12,1
SX-PET01-BLOW-LABEL,吹贴机岗,SX-PET01,2026-08-14,N12,1
SX-PET01-BLOW-LABEL,吹贴机岗,SX-PET01,2026-08-16,N12,1
SX-PET01-BLOW-LABEL,吹贴机岗,SX-PET01,2026-08-17,N12,1
SX-PET01-BLOW-LABEL,吹贴机岗,SX-PET01,2026-08-20,N12,1
SX-PET01-BLOW-LABEL,吹贴机岗,SX-PET01,2026-08-21,N12,1
SX-PET01-BLOW-LABEL,吹贴机岗,SX-PET01,2026-08-22,N12,1
SX-PET01-BLOW-LABEL,吹贴机岗,SX-PET01,2026-08-25,D12,1
SX-PET01-BLOW-LABEL,吹贴机岗,SX-PET01,2026-08-27,N12,1
SX-PET01-BLOW-LABEL,吹贴机岗,SX-PET01,2026-08-29,D12,1
SX-PET01-BLOW-LABEL,吹贴机岗,SX-PET01,2026-08-30,N12,1
SX-PET01-BLOW-LABEL,吹贴机岗,SX-PET01,2026-08-31,D12,1
SX-PET01-FGI,FGI岗,SX-PET01,2026-07-01,N12,1
SX-PET01-FGI,FGI岗,SX-PET01,2026-07-05,D12,1
SX-PET01-FGI,FGI岗,SX-PET01,2026-07-06,D12,1
SX-PET01-FGI,FGI岗,SX-PET01,2026-07-12,D12,1
SX-PET01-FGI,FGI岗,SX-PET01,2026-07-18,N12,1
SX-PET01-FGI,FGI岗,SX-PET01,2026-07-19,D12,1
SX-PET01-FGI,FGI岗,SX-PET01,2026-07-25,D12,1
SX-PET01-FGI,FGI岗,SX-PET01,2026-07-28,D12,1
SX-PET01-FGI,FGI岗,SX-PET01,2026-08-03,D12,1
SX-PET01-FGI,FGI岗,SX-PET01,2026-08-05,D12,1
SX-PET01-FGI,FGI岗,SX-PET01,2026-08-15,D12,1
SX-PET01-FGI,FGI岗,SX-PET01,2026-08-24,N12,1
SX-PET01-FGI,FGI岗,SX-PET01,2026-08-24,D12,1
SX-PET01-FGI,FGI岗,SX-PET01,2026-08-25,N12,1
SX-PET01-FGI,FGI岗,SX-PET01,2026-08-28,D12,1
SX-PET01-FILL,灌注机岗,SX-PET01,2026-07-01,N12,1
SX-PET01-FILL,灌注机岗,SX-PET01,2026-07-03,N12,1
SX-PET01-FILL,灌注机岗,SX-PET01,2026-07-03,D12,1
SX-PET01-FILL,灌注机岗,SX-PET01,2026-07-04,D12,1
SX-PET01-FILL,灌注机岗,SX-PET01,2026-07-06,D12,1
SX-PET01-FILL,灌注机岗,SX-PET01,2026-07-08,D12,1
SX-PET01-FILL,灌注机岗,SX-PET01,2026-07-12,N12,1
SX-PET01-FILL,灌注机岗,SX-PET01,2026-07-13,D12,1
SX-PET01-FILL,灌注机岗,SX-PET01,2026-07-15,D12,1
SX-PET01-FILL,灌注机岗,SX-PET01,2026-07-16,N12,1
SX-PET01-FILL,灌注机岗,SX-PET01,2026-07-19,N12,1
SX-PET01-FILL,灌注机岗,SX-PET01,2026-07-19,D12,1
SX-PET01-FILL,灌注机岗,SX-PET01,2026-07-23,D12,1
SX-PET01-FILL,灌注机岗,SX-PET01,2026-07-25,N12,1
SX-PET01-FILL,灌注机岗,SX-PET01,2026-07-30,D12,1
SX-PET01-FILL,灌注机岗,SX-PET01,2026-08-01,N12,1
SX-PET01-FILL,灌注机岗,SX-PET01,2026-08-01,D12,1
SX-PET01-FILL,灌注机岗,SX-PET01,2026-08-03,N12,1
SX-PET01-FILL,灌注机岗,SX-PET01,2026-08-05,N12,1
SX-PET01-FILL,灌注机岗,SX-PET01,2026-08-07,D12,1
SX-PET01-FILL,灌注机岗,SX-PET01,2026-08-09,N12,1
SX-PET01-FILL,灌注机岗,SX-PET01,2026-08-12,D12,1
SX-PET01-FILL,灌注机岗,SX-PET01,2026-08-14,N12,1
SX-PET01-FILL,灌注机岗,SX-PET01,2026-08-15,N12,1
SX-PET01-FILL,灌注机岗,SX-PET01,2026-08-15,D12,1
SX-PET01-FILL,灌注机岗,SX-PET01,2026-08-17,N12,1
SX-PET01-FILL,灌注机岗,SX-PET01,2026-08-19,N12,1
SX-PET01-FILL,灌注机岗,SX-PET01,2026-08-20,D12,1
SX-PET01-FILL,灌注机岗,SX-PET01,2026-08-21,D12,1
SX-PET01-FILL,灌注机岗,SX-PET01,2026-08-23,N12,1
SX-PET01-FILL,灌注机岗,SX-PET01,2026-08-24,N12,1
SX-PET01-FILL,灌注机岗,SX-PET01,2026-08-27,D12,1
SX-PET01-FILL,灌注机岗,SX-PET01,2026-08-28,N12,1
SX-PET01-FILL,灌注机岗,SX-PET01,2026-08-29,N12,1
SX-PET01-HANDLE,提扣机岗,SX-PET01,2026-07-07,N12,1
SX-PET01-HANDLE,提扣机岗,SX-PET01,2026-07-08,N12,1
SX-PET01-HANDLE,提扣机岗,SX-PET01,2026-07-10,D12,1
SX-PET01-HANDLE,提扣机岗,SX-PET01,2026-07-12,D12,1
SX-PET01-HANDLE,提扣机岗,SX-PET01,2026-07-17,N12,1
SX-PET01-HANDLE,提扣机岗,SX-PET01,2026-07-20,N12,1
SX-PET01-HANDLE,提扣机岗,SX-PET01,2026-07-23,N12,1
SX-PET01-HANDLE,提扣机岗,SX-PET01,2026-07-23,D12,1
SX-PET01-HANDLE,提扣机岗,SX-PET01,2026-07-24,N12,1
SX-PET01-HANDLE,提扣机岗,SX-PET01,2026-07-24,D12,1
SX-PET01-HANDLE,提扣机岗,SX-PET01,2026-07-25,D12,1
SX-PET01-HANDLE,提扣机岗,SX-PET01,2026-07-27,N12,1
SX-PET01-HANDLE,提扣机岗,SX-PET01,2026-08-01,D12,1
SX-PET01-HANDLE,提扣机岗,SX-PET01,2026-08-12,N12,1
SX-PET01-HANDLE,提扣机岗,SX-PET01,2026-08-16,N12,1
SX-PET01-HANDLE,提扣机岗,SX-PET01,2026-08-17,N12,1
SX-PET01-HANDLE,提扣机岗,SX-PET01,2026-08-21,N12,1
SX-PET01-HANDLE,提扣机岗,SX-PET01,2026-08-23,N12,1
SX-PET01-HANDLE,提扣机岗,SX-PET01,2026-08-24,N12,1
SX-PET01-HANDLE,提扣机岗,SX-PET01,2026-08-24,D12,1
SX-PET01-HANDLE,提扣机岗,SX-PET01,2026-08-27,D12,1
SX-PET01-HANDLE,提扣机岗,SX-PET01,2026-08-28,D12,1
SX-PET01-HANDLE,提扣机岗,SX-PET01,2026-08-29,D12,1
SX-PET01-HANDLE,提扣机岗,SX-PET01,2026-08-31,D12,1
SX-PET01-PACK-SHRINK,塑包机岗,SX-PET01,2026-07-02,D12,1
SX-PET01-PACK-SHRINK,塑包机岗,SX-PET01,2026-07-06,N12,1
SX-PET01-PACK-SHRINK,塑包机岗,SX-PET01,2026-07-06,D12,1
SX-PET01-PACK-SHRINK,塑包机岗,SX-PET01,2026-07-09,D12,1
SX-PET01-PACK-SHRINK,塑包机岗,SX-PET01,2026-07-12,N12,1
SX-PET01-PACK-SHRINK,塑包机岗,SX-PET01,2026-07-13,N12,1
SX-PET01-PACK-SHRINK,塑包机岗,SX-PET01,2026-07-14,N12,1
SX-PET01-PACK-SHRINK,塑包机岗,SX-PET01,2026-07-16,N12,1
SX-PET01-PACK-SHRINK,塑包机岗,SX-PET01,2026-07-17,D12,1
SX-PET01-PACK-SHRINK,塑包机岗,SX-PET01,2026-07-21,D12,1
SX-PET01-PACK-SHRINK,塑包机岗,SX-PET01,2026-07-23,D12,1
SX-PET01-PACK-SHRINK,塑包机岗,SX-PET01,2026-07-25,D12,1
SX-PET01-PACK-SHRINK,塑包机岗,SX-PET01,2026-08-02,N12,1
SX-PET01-PACK-SHRINK,塑包机岗,SX-PET01,2026-08-08,N12,1
SX-PET01-PACK-SHRINK,塑包机岗,SX-PET01,2026-08-10,N12,1
SX-PET01-PACK-SHRINK,塑包机岗,SX-PET01,2026-08-13,N12,1
SX-PET01-PACK-SHRINK,塑包机岗,SX-PET01,2026-08-14,N12,1
SX-PET01-PACK-SHRINK,塑包机岗,SX-PET01,2026-08-15,N12,1
SX-PET01-PACK-SHRINK,塑包机岗,SX-PET01,2026-08-18,D12,1
SX-PET01-PACK-SHRINK,塑包机岗,SX-PET01,2026-08-19,N12,1
SX-PET01-PACK-SHRINK,塑包机岗,SX-PET01,2026-08-19,D12,1
SX-PET01-PALLET,码垛机岗,SX-PET01,2026-07-03,N12,1
SX-PET01-PALLET,码垛机岗,SX-PET01,2026-07-04,N12,1
SX-PET01-PALLET,码垛机岗,SX-PET01,2026-07-10,N12,1
SX-PET01-PALLET,码垛机岗,SX-PET01,2026-07-14,D12,1
SX-PET01-PALLET,码垛机岗,SX-PET01,2026-07-15,N12,1
SX-PET01-PALLET,码垛机岗,SX-PET01,2026-07-19,N12,1
SX-PET01-PALLET,码垛机岗,SX-PET01,2026-07-20,N12,1
SX-PET01-PALLET,码垛机岗,SX-PET01,2026-07-21,N12,1
SX-PET01-PALLET,码垛机岗,SX-PET01,2026-07-27,N12,1
SX-PET01-PALLET,码垛机岗,SX-PET01,2026-07-29,D12,1
SX-PET01-PALLET,码垛机岗,SX-PET01,2026-07-31,D12,1
SX-PET01-PALLET,码垛机岗,SX-PET01,2026-08-04,D12,1
SX-PET01-PALLET,码垛机岗,SX-PET01,2026-08-11,D12,1
SX-PET01-PALLET,码垛机岗,SX-PET01,2026-08-13,D12,1
SX-PET01-PALLET,码垛机岗,SX-PET01,2026-08-14,D12,1
SX-PET01-PALLET,码垛机岗,SX-PET01,2026-08-16,N12,1
SX-PET01-PALLET,码垛机岗,SX-PET01,2026-08-17,D12,1
SX-PET01-PALLET,码垛机岗,SX-PET01,2026-08-19,D12,1
SX-PET01-PALLET,码垛机岗,SX-PET01,2026-08-21,D12,1
SX-PET01-PALLET,码垛机岗,SX-PET01,2026-08-22,D12,1
SX-PET01-PALLET,码垛机岗,SX-PET01,2026-08-31,N12,1
SX-PET01-PALLET-LABEL,垛贴码岗,SX-PET01,2026-07-03,N12,1
SX-PET01-PALLET-LABEL,垛贴码岗,SX-PET01,2026-07-05,D12,1
SX-PET01-PALLET-LABEL,垛贴码岗,SX-PET01,2026-07-09,N12,1
SX-PET01-PALLET-LABEL,垛贴码岗,SX-PET01,2026-07-13,D12,1
SX-PET01-PALLET-LABEL,垛贴码岗,SX-PET01,2026-07-15,D12,1
SX-PET01-PALLET-LABEL,垛贴码岗,SX-PET01,2026-07-17,D12,1
SX-PET01-PALLET-LABEL,垛贴码岗,SX-PET01,2026-07-18,N12,1
SX-PET01-PALLET-LABEL,垛贴码岗,SX-PET01,2026-07-18,D12,1
SX-PET01-PALLET-LABEL,垛贴码岗,SX-PET01,2026-07-19,D12,1
SX-PET01-PALLET-LABEL,垛贴码岗,SX-PET01,2026-07-20,N12,1
SX-PET01-PALLET-LABEL,垛贴码岗,SX-PET01,2026-07-25,D12,1
SX-PET01-PALLET-LABEL,垛贴码岗,SX-PET01,2026-07-27,N12,1
SX-PET01-PALLET-LABEL,垛贴码岗,SX-PET01,2026-07-27,D12,1
SX-PET01-PALLET-LABEL,垛贴码岗,SX-PET01,2026-07-28,D12,1
SX-PET01-PALLET-LABEL,垛贴码岗,SX-PET01,2026-07-29,D12,1
SX-PET01-PALLET-LABEL,垛贴码岗,SX-PET01,2026-08-02,D12,1
SX-PET01-PALLET-LABEL,垛贴码岗,SX-PET01,2026-08-03,N12,1
SX-PET01-PALLET-LABEL,垛贴码岗,SX-PET01,2026-08-05,D12,1
SX-PET01-PALLET-LABEL,垛贴码岗,SX-PET01,2026-08-07,N12,1
SX-PET01-PALLET-LABEL,垛贴码岗,SX-PET01,2026-08-15,D12,1
SX-PET01-PALLET-LABEL,垛贴码岗,SX-PET01,2026-08-17,D12,1
SX-PET01-PALLET-LABEL,垛贴码岗,SX-PET01,2026-08-18,N12,1
SX-PET01-PALLET-LABEL,垛贴码岗,SX-PET01,2026-08-18,D12,1
SX-PET01-PALLET-LABEL,垛贴码岗,SX-PET01,2026-08-22,N12,1
SX-PET01-PALLET-LABEL,垛贴码岗,SX-PET01,2026-08-22,D12,1
SX-PET01-PALLET-LABEL,垛贴码岗,SX-PET01,2026-08-24,D12,1
SX-PET01-PALLET-LABEL,垛贴码岗,SX-PET01,2026-08-26,D12,1
SX-PET01-PALLET-LABEL,垛贴码岗,SX-PET01,2026-08-29,D12,1
SX-PET02-BLOW,吹瓶机岗,SX-PET02,2026-07-06,N12,1
SX-PET02-BLOW,吹瓶机岗,SX-PET02,2026-07-07,D12,1
SX-PET02-BLOW,吹瓶机岗,SX-PET02,2026-07-09,N12,1
SX-PET02-BLOW,吹瓶机岗,SX-PET02,2026-07-10,N12,1
SX-PET02-BLOW,吹瓶机岗,SX-PET02,2026-07-13,N12,1
SX-PET02-BLOW,吹瓶机岗,SX-PET02,2026-07-17,N12,1
SX-PET02-BLOW,吹瓶机岗,SX-PET02,2026-07-17,D12,1
SX-PET02-BLOW,吹瓶机岗,SX-PET02,2026-07-18,N12,1
SX-PET02-BLOW,吹瓶机岗,SX-PET02,2026-07-21,D12,1
SX-PET02-BLOW,吹瓶机岗,SX-PET02,2026-07-23,N12,1
SX-PET02-BLOW,吹瓶机岗,SX-PET02,2026-07-23,D12,1
SX-PET02-BLOW,吹瓶机岗,SX-PET02,2026-07-25,N12,1
SX-PET02-BLOW,吹瓶机岗,SX-PET02,2026-07-30,D12,1
SX-PET02-BLOW,吹瓶机岗,SX-PET02,2026-07-31,N12,1
SX-PET02-BLOW,吹瓶机岗,SX-PET02,2026-08-01,N12,1
SX-PET02-BLOW,吹瓶机岗,SX-PET02,2026-08-01,D12,1
SX-PET02-BLOW,吹瓶机岗,SX-PET02,2026-08-06,N12,1
SX-PET02-BLOW,吹瓶机岗,SX-PET02,2026-08-07,D12,1
SX-PET02-BLOW,吹瓶机岗,SX-PET02,2026-08-09,D12,1
SX-PET02-BLOW,吹瓶机岗,SX-PET02,2026-08-10,N12,1
SX-PET02-BLOW,吹瓶机岗,SX-PET02,2026-08-12,D12,1
SX-PET02-BLOW,吹瓶机岗,SX-PET02,2026-08-14,N12,1
SX-PET02-BLOW,吹瓶机岗,SX-PET02,2026-08-14,D12,1
SX-PET02-BLOW,吹瓶机岗,SX-PET02,2026-08-20,D12,1
SX-PET02-BLOW,吹瓶机岗,SX-PET02,2026-08-21,D12,1
SX-PET02-BLOW,吹瓶机岗,SX-PET02,2026-08-25,D12,1
SX-PET02-BLOW,吹瓶机岗,SX-PET02,2026-08-28,N12,1
SX-PET02-BLOW,吹瓶机岗,SX-PET02,2026-08-30,N12,1
SX-PET02-FILL,灌注机岗,SX-PET02,2026-07-06,N12,1
SX-PET02-FILL,灌注机岗,SX-PET02,2026-07-06,D12,1
SX-PET02-FILL,灌注机岗,SX-PET02,2026-07-07,D12,1
SX-PET02-FILL,灌注机岗,SX-PET02,2026-07-08,N12,1
SX-PET02-FILL,灌注机岗,SX-PET02,2026-07-09,N12,1
SX-PET02-FILL,灌注机岗,SX-PET02,2026-07-13,D12,1
SX-PET02-FILL,灌注机岗,SX-PET02,2026-07-14,N12,1
SX-PET02-FILL,灌注机岗,SX-PET02,2026-07-18,N12,1
SX-PET02-FILL,灌注机岗,SX-PET02,2026-07-19,N12,1
SX-PET02-FILL,灌注机岗,SX-PET02,2026-07-23,D12,1
SX-PET02-FILL,灌注机岗,SX-PET02,2026-07-24,D12,1
SX-PET02-FILL,灌注机岗,SX-PET02,2026-07-27,N12,1
SX-PET02-FILL,灌注机岗,SX-PET02,2026-07-28,N12,1
SX-PET02-FILL,灌注机岗,SX-PET02,2026-07-29,D12,1
SX-PET02-FILL,灌注机岗,SX-PET02,2026-08-01,N12,1
SX-PET02-FILL,灌注机岗,SX-PET02,2026-08-03,N12,1
SX-PET02-FILL,灌注机岗,SX-PET02,2026-08-04,N12,1
SX-PET02-FILL,灌注机岗,SX-PET02,2026-08-05,N12,1
SX-PET02-FILL,灌注机岗,SX-PET02,2026-08-09,N12,1
SX-PET02-FILL,灌注机岗,SX-PET02,2026-08-12,N12,1
SX-PET02-FILL,灌注机岗,SX-PET02,2026-08-13,N12,1
SX-PET02-FILL,灌注机岗,SX-PET02,2026-08-16,N12,1
SX-PET02-FILL,灌注机岗,SX-PET02,2026-08-16,D12,1
SX-PET02-FILL,灌注机岗,SX-PET02,2026-08-18,N12,1
SX-PET02-FILL,灌注机岗,SX-PET02,2026-08-19,N12,1
SX-PET02-FILL,灌注机岗,SX-PET02,2026-08-19,D12,1
SX-PET02-FILL,灌注机岗,SX-PET02,2026-08-27,N12,1
SX-PET02-FILL,灌注机岗,SX-PET02,2026-08-28,D12,1
SX-PET02-LABEL,贴标机岗,SX-PET02,2026-07-04,D12,1
SX-PET02-LABEL,贴标机岗,SX-PET02,2026-07-08,D12,1
SX-PET02-LABEL,贴标机岗,SX-PET02,2026-07-09,D12,1
SX-PET02-LABEL,贴标机岗,SX-PET02,2026-07-11,D12,1
SX-PET02-LABEL,贴标机岗,SX-PET02,2026-07-16,D12,1
SX-PET02-LABEL,贴标机岗,SX-PET02,2026-07-22,D12,1
SX-PET02-LABEL,贴标机岗,SX-PET02,2026-07-23,N12,1
SX-PET02-LABEL,贴标机岗,SX-PET02,2026-07-26,N12,1
SX-PET02-LABEL,贴标机岗,SX-PET02,2026-07-30,D12,1
SX-PET02-LABEL,贴标机岗,SX-PET02,2026-08-01,N12,1
SX-PET02-LABEL,贴标机岗,SX-PET02,2026-08-03,D12,1
SX-PET02-LABEL,贴标机岗,SX-PET02,2026-08-06,N12,1
SX-PET02-LABEL,贴标机岗,SX-PET02,2026-08-07,N12,1
SX-PET02-LABEL,贴标机岗,SX-PET02,2026-08-09,N12,1
SX-PET02-LABEL,贴标机岗,SX-PET02,2026-08-12,N12,1
SX-PET02-LABEL,贴标机岗,SX-PET02,2026-08-16,N12,1
SX-PET02-LABEL,贴标机岗,SX-PET02,2026-08-17,D12,1
SX-PET02-LABEL,贴标机岗,SX-PET02,2026-08-18,D12,1
SX-PET02-LABEL,贴标机岗,SX-PET02,2026-08-19,N12,1
SX-PET02-LABEL,贴标机岗,SX-PET02,2026-08-20,D12,1
SX-PET02-LABEL,贴标机岗,SX-PET02,2026-08-21,D12,1
SX-PET02-LABEL,贴标机岗,SX-PET02,2026-08-25,N12,1
SX-PET02-LABEL,贴标机岗,SX-PET02,2026-08-26,N12,1
SX-PET02-LABEL,贴标机岗,SX-PET02,2026-08-29,D12,1
SX-PET02-PACK-SHRINK,塑包机岗,SX-PET02,2026-07-03,N12,1
SX-PET02-PACK-SHRINK,塑包机岗,SX-PET02,2026-07-04,N12,1
SX-PET02-PACK-SHRINK,塑包机岗,SX-PET02,2026-07-06,D12,1
SX-PET02-PACK-SHRINK,塑包机岗,SX-PET02,2026-07-07,N12,1
SX-PET02-PACK-SHRINK,塑包机岗,SX-PET02,2026-07-07,D12,1
SX-PET02-PACK-SHRINK,塑包机岗,SX-PET02,2026-07-08,D12,1
SX-PET02-PACK-SHRINK,塑包机岗,SX-PET02,2026-07-10,D12,1
SX-PET02-PACK-SHRINK,塑包机岗,SX-PET02,2026-07-13,D12,1
SX-PET02-PACK-SHRINK,塑包机岗,SX-PET02,2026-07-16,N12,1
SX-PET02-PACK-SHRINK,塑包机岗,SX-PET02,2026-07-17,N12,1
SX-PET02-PACK-SHRINK,塑包机岗,SX-PET02,2026-07-21,D12,1
SX-PET02-PACK-SHRINK,塑包机岗,SX-PET02,2026-07-25,N12,1
SX-PET02-PACK-SHRINK,塑包机岗,SX-PET02,2026-07-27,D12,1
SX-PET02-PACK-SHRINK,塑包机岗,SX-PET02,2026-07-31,N12,1
SX-PET02-PACK-SHRINK,塑包机岗,SX-PET02,2026-08-05,D12,1
SX-PET02-PACK-SHRINK,塑包机岗,SX-PET02,2026-08-06,D12,1
SX-PET02-PACK-SHRINK,塑包机岗,SX-PET02,2026-08-09,D12,1
SX-PET02-PACK-SHRINK,塑包机岗,SX-PET02,2026-08-10,D12,1
SX-PET02-PACK-SHRINK,塑包机岗,SX-PET02,2026-08-12,N12,1
SX-PET02-PACK-SHRINK,塑包机岗,SX-PET02,2026-08-15,N12,1
SX-PET02-PACK-SHRINK,塑包机岗,SX-PET02,2026-08-18,N12,1
SX-PET02-PACK-SHRINK,塑包机岗,SX-PET02,2026-08-21,N12,1
SX-PET02-PACK-SHRINK,塑包机岗,SX-PET02,2026-08-21,D12,1
SX-PET02-PACK-SHRINK,塑包机岗,SX-PET02,2026-08-23,N12,1
SX-PET02-PACK-SHRINK,塑包机岗,SX-PET02,2026-08-23,D12,1
SX-PET02-PACK-SHRINK,塑包机岗,SX-PET02,2026-08-25,N12,1
SX-PET02-PACK-SHRINK,塑包机岗,SX-PET02,2026-08-29,N12,1
SX-PET02-PACK-SHRINK,塑包机岗,SX-PET02,2026-08-29,D12,1
SX-PET02-PACK-SHRINK,塑包机岗,SX-PET02,2026-08-31,D12,1
SX-PET02-PALLET,码垛机岗,SX-PET02,2026-07-04,D12,1
SX-PET02-PALLET,码垛机岗,SX-PET02,2026-07-07,D12,1
SX-PET02-PALLET,码垛机岗,SX-PET02,2026-07-09,D12,1
SX-PET02-PALLET,码垛机岗,SX-PET02,2026-07-18,D12,1
SX-PET02-PALLET,码垛机岗,SX-PET02,2026-07-20,D12,1
SX-PET02-PALLET,码垛机岗,SX-PET02,2026-07-21,N12,1
SX-PET02-PALLET,码垛机岗,SX-PET02,2026-07-27,D12,1
SX-PET02-PALLET,码垛机岗,SX-PET02,2026-08-05,N12,1
SX-PET02-PALLET,码垛机岗,SX-PET02,2026-08-08,D12,1
SX-PET02-PALLET,码垛机岗,SX-PET02,2026-08-14,D12,1
SX-PET02-PALLET,码垛机岗,SX-PET02,2026-08-19,D12,1
SX-PET02-PALLET,码垛机岗,SX-PET02,2026-08-20,D12,1
SX-PET02-PALLET,码垛机岗,SX-PET02,2026-08-21,N12,1
SX-PET02-PALLET,码垛机岗,SX-PET02,2026-08-23,D12,1
SX-PET02-PALLET,码垛机岗,SX-PET02,2026-08-25,N12,1
SX-PET02-PALLET,码垛机岗,SX-PET02,2026-08-29,N12,1
SX-PET02-PALLET,码垛机岗,SX-PET02,2026-08-29,D12,1
SX-PET02-PALLET-LABEL,垛贴码岗,SX-PET02,2026-07-02,N12,1
SX-PET02-PALLET-LABEL,垛贴码岗,SX-PET02,2026-07-04,N12,1
SX-PET02-PALLET-LABEL,垛贴码岗,SX-PET02,2026-07-06,D12,1
SX-PET02-PALLET-LABEL,垛贴码岗,SX-PET02,2026-07-14,D12,1
SX-PET02-PALLET-LABEL,垛贴码岗,SX-PET02,2026-07-19,N12,1
SX-PET02-PALLET-LABEL,垛贴码岗,SX-PET02,2026-07-21,N12,1
SX-PET02-PALLET-LABEL,垛贴码岗,SX-PET02,2026-07-24,N12,1
SX-PET02-PALLET-LABEL,垛贴码岗,SX-PET02,2026-07-28,N12,1
SX-PET02-PALLET-LABEL,垛贴码岗,SX-PET02,2026-07-30,N12,1
SX-PET02-PALLET-LABEL,垛贴码岗,SX-PET02,2026-08-03,N12,1
SX-PET02-PALLET-LABEL,垛贴码岗,SX-PET02,2026-08-08,D12,1
SX-PET02-PALLET-LABEL,垛贴码岗,SX-PET02,2026-08-13,N12,1
SX-PET02-PALLET-LABEL,垛贴码岗,SX-PET02,2026-08-14,N12,1
SX-PET02-PALLET-LABEL,垛贴码岗,SX-PET02,2026-08-15,N12,1
SX-PET02-PALLET-LABEL,垛贴码岗,SX-PET02,2026-08-16,D12,1
SX-PET02-PALLET-LABEL,垛贴码岗,SX-PET02,2026-08-19,N12,1
SX-PET02-PALLET-LABEL,垛贴码岗,SX-PET02,2026-08-19,D12,1
SX-PET02-PALLET-LABEL,垛贴码岗,SX-PET02,2026-08-20,D12,1
SX-PET02-PALLET-LABEL,垛贴码岗,SX-PET02,2026-08-22,N12,1
SX-PET02-PALLET-LABEL,垛贴码岗,SX-PET02,2026-08-22,D12,1
SX-PET02-PALLET-LABEL,垛贴码岗,SX-PET02,2026-08-27,N12,1
SX-PET02-PALLET-LABEL,垛贴码岗,SX-PET02,2026-08-30,D12,1
SX-QC-QC-AUX,辅线品控（水、糖、BIB）,SX-QC,2026-07-10,N12,1
SX-QC-QC-AUX,辅线品控（水、糖、BIB）,SX-QC,2026-07-10,D12,1
SX-QC-QC-AUX,辅线品控（水、糖、BIB）,SX-QC,2026-07-11,D12,1
SX-QC-QC-AUX,辅线品控（水、糖、BIB）,SX-QC,2026-07-15,D12,1
SX-QC-QC-AUX,辅线品控（水、糖、BIB）,SX-QC,2026-07-16,N12,1
SX-QC-QC-AUX,辅线品控（水、糖、BIB）,SX-QC,2026-07-17,D12,1
SX-QC-QC-AUX,辅线品控（水、糖、BIB）,SX-QC,2026-07-25,N12,1
SX-QC-QC-AUX,辅线品控（水、糖、BIB）,SX-QC,2026-07-26,N12,1
SX-QC-QC-AUX,辅线品控（水、糖、BIB）,SX-QC,2026-07-27,N12,1
SX-QC-QC-AUX,辅线品控（水、糖、BIB）,SX-QC,2026-07-29,N12,1
SX-QC-QC-AUX,辅线品控（水、糖、BIB）,SX-QC,2026-07-31,N12,1
SX-QC-QC-AUX,辅线品控（水、糖、BIB）,SX-QC,2026-08-03,D12,1
SX-QC-QC-AUX,辅线品控（水、糖、BIB）,SX-QC,2026-08-13,D12,1
SX-QC-QC-AUX,辅线品控（水、糖、BIB）,SX-QC,2026-08-15,N12,1
SX-QC-QC-AUX,辅线品控（水、糖、BIB）,SX-QC,2026-08-23,N12,1
SX-QC-QC-AUX,辅线品控（水、糖、BIB）,SX-QC,2026-08-24,N12,1
SX-QC-QC-AUX,辅线品控（水、糖、BIB）,SX-QC,2026-08-26,N12,1
SX-QC-QC-AUX,辅线品控（水、糖、BIB）,SX-QC,2026-08-28,D12,1
SX-QC-QC-BLOW,吹瓶品控,SX-QC,2026-07-03,N12,1
SX-QC-QC-BLOW,吹瓶品控,SX-QC,2026-07-03,D12,1
SX-QC-QC-BLOW,吹瓶品控,SX-QC,2026-07-11,D12,1
SX-QC-QC-BLOW,吹瓶品控,SX-QC,2026-07-15,N12,1
SX-QC-QC-BLOW,吹瓶品控,SX-QC,2026-07-16,N12,1
SX-QC-QC-BLOW,吹瓶品控,SX-QC,2026-07-18,N12,1
SX-QC-QC-BLOW,吹瓶品控,SX-QC,2026-07-20,N12,1
SX-QC-QC-BLOW,吹瓶品控,SX-QC,2026-07-20,D12,1
SX-QC-QC-BLOW,吹瓶品控,SX-QC,2026-07-24,D12,1
SX-QC-QC-BLOW,吹瓶品控,SX-QC,2026-07-26,N12,1
SX-QC-QC-BLOW,吹瓶品控,SX-QC,2026-07-31,D12,1
SX-QC-QC-BLOW,吹瓶品控,SX-QC,2026-08-01,D12,1
SX-QC-QC-BLOW,吹瓶品控,SX-QC,2026-08-05,N12,1
SX-QC-QC-BLOW,吹瓶品控,SX-QC,2026-08-05,D12,1
SX-QC-QC-BLOW,吹瓶品控,SX-QC,2026-08-10,D12,1
SX-QC-QC-BLOW,吹瓶品控,SX-QC,2026-08-15,N12,1
SX-QC-QC-BLOW,吹瓶品控,SX-QC,2026-08-28,N12,1
SX-QC-QC-BLOW,吹瓶品控,SX-QC,2026-08-30,D12,1
SX-QC-QC-IP-CAN,CAN线品控,SX-QC,2026-07-01,N12,1
SX-QC-QC-IP-CAN,CAN线品控,SX-QC,2026-07-01,D12,1
SX-QC-QC-IP-CAN,CAN线品控,SX-QC,2026-07-02,D12,1
SX-QC-QC-IP-CAN,CAN线品控,SX-QC,2026-07-03,D12,1
SX-QC-QC-IP-CAN,CAN线品控,SX-QC,2026-07-04,N12,1
SX-QC-QC-IP-CAN,CAN线品控,SX-QC,2026-07-05,N12,1
SX-QC-QC-IP-CAN,CAN线品控,SX-QC,2026-07-08,N12,1
SX-QC-QC-IP-CAN,CAN线品控,SX-QC,2026-07-14,N12,1
SX-QC-QC-IP-CAN,CAN线品控,SX-QC,2026-07-15,D12,1
SX-QC-QC-IP-CAN,CAN线品控,SX-QC,2026-07-16,N12,1
SX-QC-QC-IP-CAN,CAN线品控,SX-QC,2026-07-19,D12,1
SX-QC-QC-IP-CAN,CAN线品控,SX-QC,2026-07-25,N12,1
SX-QC-QC-IP-CAN,CAN线品控,SX-QC,2026-07-26,N12,1
SX-QC-QC-IP-CAN,CAN线品控,SX-QC,2026-07-29,N12,1
SX-QC-QC-IP-CAN,CAN线品控,SX-QC,2026-07-30,N12,1
SX-QC-QC-IP-CAN,CAN线品控,SX-QC,2026-08-03,D12,1
SX-QC-QC-IP-CAN,CAN线品控,SX-QC,2026-08-06,N12,1
SX-QC-QC-IP-CAN,CAN线品控,SX-QC,2026-08-07,N12,1
SX-QC-QC-IP-CAN,CAN线品控,SX-QC,2026-08-08,D12,1
SX-QC-QC-IP-CAN,CAN线品控,SX-QC,2026-08-14,N12,1
SX-QC-QC-IP-CAN,CAN线品控,SX-QC,2026-08-17,N12,1
SX-QC-QC-IP-CAN,CAN线品控,SX-QC,2026-08-22,D12,1
SX-QC-QC-IP-CAN,CAN线品控,SX-QC,2026-08-23,N12,1
SX-QC-QC-IP-CAN,CAN线品控,SX-QC,2026-08-28,D12,1
SX-QC-QC-IP-CAN,CAN线品控,SX-QC,2026-08-29,D12,1
SX-QC-QC-IP-PET1,PET线品控1,SX-QC,2026-07-02,D12,1
SX-QC-QC-IP-PET1,PET线品控1,SX-QC,2026-07-04,D12,1
SX-QC-QC-IP-PET1,PET线品控1,SX-QC,2026-07-07,D12,1
SX-QC-QC-IP-PET1,PET线品控1,SX-QC,2026-07-11,N12,1
SX-QC-QC-IP-PET1,PET线品控1,SX-QC,2026-07-17,N12,1
SX-QC-QC-IP-PET1,PET线品控1,SX-QC,2026-07-18,N12,1
SX-QC-QC-IP-PET1,PET线品控1,SX-QC,2026-07-20,D12,1
SX-QC-QC-IP-PET1,PET线品控1,SX-QC,2026-07-25,N12,1
SX-QC-QC-IP-PET1,PET线品控1,SX-QC,2026-07-25,D12,1
SX-QC-QC-IP-PET1,PET线品控1,SX-QC,2026-07-28,D12,1
SX-QC-QC-IP-PET1,PET线品控1,SX-QC,2026-07-31,N12,1
SX-QC-QC-IP-PET1,PET线品控1,SX-QC,2026-08-05,N12,1
SX-QC-QC-IP-PET1,PET线品控1,SX-QC,2026-08-12,D12,1
SX-QC-QC-IP-PET1,PET线品控1,SX-QC,2026-08-16,D12,1
SX-QC-QC-IP-PET1,PET线品控1,SX-QC,2026-08-17,D12,1
SX-QC-QC-IP-PET1,PET线品控1,SX-QC,2026-08-18,N12,1
SX-QC-QC-IP-PET1,PET线品控1,SX-QC,2026-08-21,N12,1
SX-QC-QC-IP-PET1,PET线品控1,SX-QC,2026-08-23,D12,1
SX-QC-QC-IP-PET1,PET线品控1,SX-QC,2026-08-29,N12,1
SX-QC-QC-IP-PET1,PET线品控1,SX-QC,2026-08-30,N12,1
SX-QC-QC-IP-PET2,PET线品控2,SX-QC,2026-07-01,N12,1
SX-QC-QC-IP-PET2,PET线品控2,SX-QC,2026-07-02,D12,1
SX-QC-QC-IP-PET2,PET线品控2,SX-QC,2026-07-11,N12,1
SX-QC-QC-IP-PET2,PET线品控2,SX-QC,2026-07-12,N12,1
SX-QC-QC-IP-PET2,PET线品控2,SX-QC,2026-07-13,N12,1
SX-QC-QC-IP-PET2,PET线品控2,SX-QC,2026-07-14,D12,1
SX-QC-QC-IP-PET2,PET线品控2,SX-QC,2026-07-16,D12,1
SX-QC-QC-IP-PET2,PET线品控2,SX-QC,2026-07-18,N12,1
SX-QC-QC-IP-PET2,PET线品控2,SX-QC,2026-07-20,N12,1
SX-QC-QC-IP-PET2,PET线品控2,SX-QC,2026-07-20,D12,1
SX-QC-QC-IP-PET2,PET线品控2,SX-QC,2026-07-25,D12,1
SX-QC-QC-IP-PET2,PET线品控2,SX-QC,2026-08-01,N12,1
SX-QC-QC-IP-PET2,PET线品控2,SX-QC,2026-08-02,D12,1
SX-QC-QC-IP-PET2,PET线品控2,SX-QC,2026-08-06,N12,1
SX-QC-QC-IP-PET2,PET线品控2,SX-QC,2026-08-17,N12,1
SX-QC-QC-IP-PET2,PET线品控2,SX-QC,2026-08-20,D12,1
SX-QC-QC-IP-RB,RB线品控,SX-QC,2026-07-01,N12,1
SX-QC-QC-IP-RB,RB线品控,SX-QC,2026-07-04,N12,1
SX-QC-QC-IP-RB,RB线品控,SX-QC,2026-07-05,N12,1
SX-QC-QC-IP-RB,RB线品控,SX-QC,2026-07-05,D12,1
SX-QC-QC-IP-RB,RB线品控,SX-QC,2026-07-08,N12,1
SX-QC-QC-IP-RB,RB线品控,SX-QC,2026-07-13,D12,1
SX-QC-QC-IP-RB,RB线品控,SX-QC,2026-07-14,D12,1
SX-QC-QC-IP-RB,RB线品控,SX-QC,2026-07-15,D12,1
SX-QC-QC-IP-RB,RB线品控,SX-QC,2026-07-21,N12,1
SX-QC-QC-IP-RB,RB线品控,SX-QC,2026-07-24,N12,1
SX-QC-QC-IP-RB,RB线品控,SX-QC,2026-07-27,D12,1
SX-QC-QC-IP-RB,RB线品控,SX-QC,2026-08-06,N12,1
SX-QC-QC-IP-RB,RB线品控,SX-QC,2026-08-08,N12,1
SX-QC-QC-IP-RB,RB线品控,SX-QC,2026-08-08,D12,1
SX-QC-QC-IP-RB,RB线品控,SX-QC,2026-08-14,N12,1
SX-QC-QC-IP-RB,RB线品控,SX-QC,2026-08-15,N12,1
SX-QC-QC-IP-RB,RB线品控,SX-QC,2026-08-19,D12,1
SX-QC-QC-IP-RB,RB线品控,SX-QC,2026-08-26,N12,1
SX-RB01-DEPAL,码卸垛机岗,SX-RB01,2026-07-02,D12,1
SX-RB01-DEPAL,码卸垛机岗,SX-RB01,2026-07-10,N12,1
SX-RB01-DEPAL,码卸垛机岗,SX-RB01,2026-07-11,N12,1
SX-RB01-DEPAL,码卸垛机岗,SX-RB01,2026-07-12,N12,1
SX-RB01-DEPAL,码卸垛机岗,SX-RB01,2026-07-24,N12,1
SX-RB01-DEPAL,码卸垛机岗,SX-RB01,2026-07-28,D12,1
SX-RB01-DEPAL,码卸垛机岗,SX-RB01,2026-07-30,D12,1
SX-RB01-DEPAL,码卸垛机岗,SX-RB01,2026-08-05,D12,1
SX-RB01-DEPAL,码卸垛机岗,SX-RB01,2026-08-13,D12,1
SX-RB01-DEPAL,码卸垛机岗,SX-RB01,2026-08-14,N12,1
SX-RB01-DEPAL,码卸垛机岗,SX-RB01,2026-08-14,D12,1
SX-RB01-DEPAL,码卸垛机岗,SX-RB01,2026-08-22,D12,1
SX-RB01-DEPAL,码卸垛机岗,SX-RB01,2026-08-26,D12,1
SX-RB01-FILL,灌注机岗,SX-RB01,2026-07-02,D12,1
SX-RB01-FILL,灌注机岗,SX-RB01,2026-07-06,N12,1
SX-RB01-FILL,灌注机岗,SX-RB01,2026-07-08,D12,1
SX-RB01-FILL,灌注机岗,SX-RB01,2026-07-10,D12,1
SX-RB01-FILL,灌注机岗,SX-RB01,2026-07-11,D12,1
SX-RB01-FILL,灌注机岗,SX-RB01,2026-07-14,N12,1
SX-RB01-FILL,灌注机岗,SX-RB01,2026-07-14,D12,1
SX-RB01-FILL,灌注机岗,SX-RB01,2026-07-16,D12,1
SX-RB01-FILL,灌注机岗,SX-RB01,2026-07-20,D12,1
SX-RB01-FILL,灌注机岗,SX-RB01,2026-07-21,N12,1
SX-RB01-FILL,灌注机岗,SX-RB01,2026-07-23,N12,1
SX-RB01-FILL,灌注机岗,SX-RB01,2026-07-24,N12,1
SX-RB01-FILL,灌注机岗,SX-RB01,2026-07-24,D12,1
SX-RB01-FILL,灌注机岗,SX-RB01,2026-07-27,D12,1
SX-RB01-FILL,灌注机岗,SX-RB01,2026-07-28,D12,1
SX-RB01-FILL,灌注机岗,SX-RB01,2026-07-30,N12,1
SX-RB01-FILL,灌注机岗,SX-RB01,2026-07-31,N12,1
SX-RB01-FILL,灌注机岗,SX-RB01,2026-08-03,D12,1
SX-RB01-FILL,灌注机岗,SX-RB01,2026-08-04,D12,1
SX-RB01-FILL,灌注机岗,SX-RB01,2026-08-10,N12,1
SX-RB01-FILL,灌注机岗,SX-RB01,2026-08-11,N12,1
SX-RB01-FILL,灌注机岗,SX-RB01,2026-08-15,N12,1
SX-RB01-FILL,灌注机岗,SX-RB01,2026-08-16,N12,1
SX-RB01-FILL,灌注机岗,SX-RB01,2026-08-19,N12,1
SX-RB01-FILL,灌注机岗,SX-RB01,2026-08-26,N12,1
SX-RB01-FILL,灌注机岗,SX-RB01,2026-08-27,D12,1
SX-RB01-FILL,灌注机岗,SX-RB01,2026-08-28,D12,1
SX-RB01-LOADER,装卸箱机岗,SX-RB01,2026-07-16,N12,1
SX-RB01-LOADER,装卸箱机岗,SX-RB01,2026-07-23,D12,1
SX-RB01-LOADER,装卸箱机岗,SX-RB01,2026-07-29,D12,1
SX-RB01-LOADER,装卸箱机岗,SX-RB01,2026-08-06,N12,1
SX-RB01-LOADER,装卸箱机岗,SX-RB01,2026-08-07,D12,1
SX-RB01-LOADER,装卸箱机岗,SX-RB01,2026-08-12,N12,1
SX-RB01-LOADER,装卸箱机岗,SX-RB01,2026-08-12,D12,1
SX-RB01-LOADER,装卸箱机岗,SX-RB01,2026-08-13,N12,1
SX-RB01-LOADER,装卸箱机岗,SX-RB01,2026-08-15,D12,1
SX-RB01-LOADER,装卸箱机岗,SX-RB01,2026-08-17,N12,1
SX-RB01-LOADER,装卸箱机岗,SX-RB01,2026-08-19,D12,1
SX-RB01-LOADER,装卸箱机岗,SX-RB01,2026-08-25,N12,1
SX-RB01-QC-BOTTLE,空瓶检测岗,SX-RB01,2026-07-02,N12,1
SX-RB01-QC-BOTTLE,空瓶检测岗,SX-RB01,2026-07-02,D12,1
SX-RB01-QC-BOTTLE,空瓶检测岗,SX-RB01,2026-07-04,D12,1
SX-RB01-QC-BOTTLE,空瓶检测岗,SX-RB01,2026-07-08,N12,1
SX-RB01-QC-BOTTLE,空瓶检测岗,SX-RB01,2026-07-09,N12,1
SX-RB01-QC-BOTTLE,空瓶检测岗,SX-RB01,2026-07-12,D12,1
SX-RB01-QC-BOTTLE,空瓶检测岗,SX-RB01,2026-07-15,D12,1
SX-RB01-QC-BOTTLE,空瓶检测岗,SX-RB01,2026-07-16,N12,1
SX-RB01-QC-BOTTLE,空瓶检测岗,SX-RB01,2026-07-17,D12,1
SX-RB01-QC-BOTTLE,空瓶检测岗,SX-RB01,2026-07-19,D12,1
SX-RB01-QC-BOTTLE,空瓶检测岗,SX-RB01,2026-07-22,D12,1
SX-RB01-QC-BOTTLE,空瓶检测岗,SX-RB01,2026-07-23,D12,1
SX-RB01-QC-BOTTLE,空瓶检测岗,SX-RB01,2026-07-25,N12,1
SX-RB01-QC-BOTTLE,空瓶检测岗,SX-RB01,2026-07-28,D12,1
SX-RB01-QC-BOTTLE,空瓶检测岗,SX-RB01,2026-07-30,N12,1
SX-RB01-QC-BOTTLE,空瓶检测岗,SX-RB01,2026-08-02,N12,1
SX-RB01-QC-BOTTLE,空瓶检测岗,SX-RB01,2026-08-02,D12,1
SX-RB01-QC-BOTTLE,空瓶检测岗,SX-RB01,2026-08-03,N12,1
SX-RB01-QC-BOTTLE,空瓶检测岗,SX-RB01,2026-08-03,D12,1
SX-RB01-QC-BOTTLE,空瓶检测岗,SX-RB01,2026-08-04,D12,1
SX-RB01-QC-BOTTLE,空瓶检测岗,SX-RB01,2026-08-06,D12,1
SX-RB01-QC-BOTTLE,空瓶检测岗,SX-RB01,2026-08-10,N12,1
SX-RB01-QC-BOTTLE,空瓶检测岗,SX-RB01,2026-08-18,D12,1
SX-RB01-QC-BOTTLE,空瓶检测岗,SX-RB01,2026-08-19,D12,1
SX-RB01-QC-BOTTLE,空瓶检测岗,SX-RB01,2026-08-20,D12,1
SX-RB01-QC-BOTTLE,空瓶检测岗,SX-RB01,2026-08-23,D12,1
SX-RB01-QC-BOTTLE,空瓶检测岗,SX-RB01,2026-08-24,D12,1
SX-RB01-QC-BOTTLE,空瓶检测岗,SX-RB01,2026-08-26,D12,1
SX-RB01-QC-BOTTLE,空瓶检测岗,SX-RB01,2026-08-28,D12,1
SX-RB01-QC-BOTTLE,空瓶检测岗,SX-RB01,2026-08-29,D12,1
SX-RB01-QC-BOTTLE,空瓶检测岗,SX-RB01,2026-08-31,D12,1
SX-RB01-QC-FGI1,成品目检岗1,SX-RB01,2026-07-01,D12,1
SX-RB01-QC-FGI1,成品目检岗1,SX-RB01,2026-07-05,D12,1
SX-RB01-QC-FGI1,成品目检岗1,SX-RB01,2026-07-06,N12,1
SX-RB01-QC-FGI1,成品目检岗1,SX-RB01,2026-07-06,D12,1
SX-RB01-QC-FGI1,成品目检岗1,SX-RB01,2026-07-10,N12,1
SX-RB01-QC-FGI1,成品目检岗1,SX-RB01,2026-07-11,N12,1
SX-RB01-QC-FGI1,成品目检岗1,SX-RB01,2026-07-14,D12,1
SX-RB01-QC-FGI1,成品目检岗1,SX-RB01,2026-07-15,N12,1
SX-RB01-QC-FGI1,成品目检岗1,SX-RB01,2026-07-15,D12,1
SX-RB01-QC-FGI1,成品目检岗1,SX-RB01,2026-07-16,N12,1
SX-RB01-QC-FGI1,成品目检岗1,SX-RB01,2026-07-20,D12,1
SX-RB01-QC-FGI1,成品目检岗1,SX-RB01,2026-07-26,D12,1
SX-RB01-QC-FGI1,成品目检岗1,SX-RB01,2026-07-27,D12,1
SX-RB01-QC-FGI1,成品目检岗1,SX-RB01,2026-07-29,D12,1
SX-RB01-QC-FGI1,成品目检岗1,SX-RB01,2026-08-01,D12,1
SX-RB01-QC-FGI1,成品目检岗1,SX-RB01,2026-08-05,D12,1
SX-RB01-QC-FGI1,成品目检岗1,SX-RB01,2026-08-06,D12,1
SX-RB01-QC-FGI1,成品目检岗1,SX-RB01,2026-08-10,D12,1
SX-RB01-QC-FGI1,成品目检岗1,SX-RB01,2026-08-11,N12,1
SX-RB01-QC-FGI1,成品目检岗1,SX-RB01,2026-08-12,N12,1
SX-RB01-QC-FGI1,成品目检岗1,SX-RB01,2026-08-13,N12,1
SX-RB01-QC-FGI1,成品目检岗1,SX-RB01,2026-08-13,D12,1
SX-RB01-QC-FGI1,成品目检岗1,SX-RB01,2026-08-14,N12,1
SX-RB01-QC-FGI1,成品目检岗1,SX-RB01,2026-08-15,N12,1
SX-RB01-QC-FGI1,成品目检岗1,SX-RB01,2026-08-16,N12,1
SX-RB01-QC-FGI1,成品目检岗1,SX-RB01,2026-08-18,D12,1
SX-RB01-QC-FGI1,成品目检岗1,SX-RB01,2026-08-23,D12,1
SX-RB01-QC-FGI1,成品目检岗1,SX-RB01,2026-08-24,D12,1
SX-RB01-QC-FGI2,成品目检岗2,SX-RB01,2026-07-04,N12,1
SX-RB01-QC-FGI2,成品目检岗2,SX-RB01,2026-07-10,N12,1
SX-RB01-QC-FGI2,成品目检岗2,SX-RB01,2026-07-12,N12,1
SX-RB01-QC-FGI2,成品目检岗2,SX-RB01,2026-07-15,D12,1
SX-RB01-QC-FGI2,成品目检岗2,SX-RB01,2026-07-20,N12,1
SX-RB01-QC-FGI2,成品目检岗2,SX-RB01,2026-07-21,D12,1
SX-RB01-QC-FGI2,成品目检岗2,SX-RB01,2026-07-22,D12,1
SX-RB01-QC-FGI2,成品目检岗2,SX-RB01,2026-07-23,D12,1
SX-RB01-QC-FGI2,成品目检岗2,SX-RB01,2026-07-27,N12,1
SX-RB01-QC-FGI2,成品目检岗2,SX-RB01,2026-08-01,N12,1
SX-RB01-QC-FGI2,成品目检岗2,SX-RB01,2026-08-05,D12,1
SX-RB01-QC-FGI2,成品目检岗2,SX-RB01,2026-08-09,N12,1
SX-RB01-QC-FGI2,成品目检岗2,SX-RB01,2026-08-11,N12,1
SX-RB01-QC-FGI2,成品目检岗2,SX-RB01,2026-08-21,N12,1
SX-RB01-QC-FGI2,成品目检岗2,SX-RB01,2026-08-23,D12,1
SX-RB01-QC-FGI2,成品目检岗2,SX-RB01,2026-08-25,N12,1
SX-RB01-QC-FGI2,成品目检岗2,SX-RB01,2026-08-26,D12,1
SX-RB01-QC-FGI2,成品目检岗2,SX-RB01,2026-08-29,N12,1
SX-RB01-WASHER,洗瓶机岗,SX-RB01,2026-07-02,D12,1
SX-RB01-WASHER,洗瓶机岗,SX-RB01,2026-07-05,D12,1
SX-RB01-WASHER,洗瓶机岗,SX-RB01,2026-07-06,D12,1
SX-RB01-WASHER,洗瓶机岗,SX-RB01,2026-07-09,N12,1
SX-RB01-WASHER,洗瓶机岗,SX-RB01,2026-07-12,N12,1
SX-RB01-WASHER,洗瓶机岗,SX-RB01,2026-07-15,N12,1
SX-RB01-WASHER,洗瓶机岗,SX-RB01,2026-07-22,D12,1
SX-RB01-WASHER,洗瓶机岗,SX-RB01,2026-07-27,D12,1
SX-RB01-WASHER,洗瓶机岗,SX-RB01,2026-07-28,N12,1
SX-RB01-WASHER,洗瓶机岗,SX-RB01,2026-08-02,N12,1
SX-RB01-WASHER,洗瓶机岗,SX-RB01,2026-08-04,N12,1
SX-RB01-WASHER,洗瓶机岗,SX-RB01,2026-08-07,D12,1
SX-RB01-WASHER,洗瓶机岗,SX-RB01,2026-08-10,N12,1
SX-RB01-WASHER,洗瓶机岗,SX-RB01,2026-08-12,N12,1
SX-RB01-WASHER,洗瓶机岗,SX-RB01,2026-08-13,D12,1
SX-RB01-WASHER,洗瓶机岗,SX-RB01,2026-08-17,D12,1
SX-RB01-WASHER,洗瓶机岗,SX-RB01,2026-08-18,D12,1
SX-RB01-WASHER,洗瓶机岗,SX-RB01,2026-08-20,D12,1
SX-RB01-WASHER,洗瓶机岗,SX-RB01,2026-08-21,N12,1
SX-RB01-WASHER,洗瓶机岗,SX-RB01,2026-08-21,D12,1
SX-SYRUP-SYRUP-POST1,后糖岗1,SX-SYRUP,2026-07-09,N12,1
SX-SYRUP-SYRUP-POST1,后糖岗1,SX-SYRUP,2026-07-20,N12,1
SX-SYRUP-SYRUP-POST1,后糖岗1,SX-SYRUP,2026-08-01,N12,1
SX-SYRUP-SYRUP-POST1,后糖岗1,SX-SYRUP,2026-08-15,N12,1
SX-SYRUP-SYRUP-POST2,后糖岗2,SX-SYRUP,2026-07-02,N12,1
SX-SYRUP-SYRUP-POST2,后糖岗2,SX-SYRUP,2026-07-07,D12,1
SX-SYRUP-SYRUP-POST2,后糖岗2,SX-SYRUP,2026-07-12,N12,1
SX-SYRUP-SYRUP-POST2,后糖岗2,SX-SYRUP,2026-07-14,N12,1
SX-SYRUP-SYRUP-POST2,后糖岗2,SX-SYRUP,2026-07-17,D12,1
SX-SYRUP-SYRUP-POST2,后糖岗2,SX-SYRUP,2026-07-18,N12,1
SX-SYRUP-SYRUP-POST2,后糖岗2,SX-SYRUP,2026-07-23,N12,1
SX-SYRUP-SYRUP-POST2,后糖岗2,SX-SYRUP,2026-07-24,D12,1
SX-SYRUP-SYRUP-POST2,后糖岗2,SX-SYRUP,2026-07-25,D12,1
SX-SYRUP-SYRUP-POST2,后糖岗2,SX-SYRUP,2026-07-26,D12,1
SX-SYRUP-SYRUP-POST2,后糖岗2,SX-SYRUP,2026-07-27,D12,1
SX-SYRUP-SYRUP-POST2,后糖岗2,SX-SYRUP,2026-07-28,D12,1
SX-SYRUP-SYRUP-POST2,后糖岗2,SX-SYRUP,2026-07-29,D12,1
SX-SYRUP-SYRUP-POST2,后糖岗2,SX-SYRUP,2026-07-31,D12,1
SX-SYRUP-SYRUP-POST2,后糖岗2,SX-SYRUP,2026-08-02,D12,1
SX-SYRUP-SYRUP-POST2,后糖岗2,SX-SYRUP,2026-08-06,N12,1
SX-SYRUP-SYRUP-POST2,后糖岗2,SX-SYRUP,2026-08-09,N12,1
SX-SYRUP-SYRUP-POST2,后糖岗2,SX-SYRUP,2026-08-10,D12,1
SX-SYRUP-SYRUP-POST2,后糖岗2,SX-SYRUP,2026-08-13,N12,1
SX-SYRUP-SYRUP-POST2,后糖岗2,SX-SYRUP,2026-08-14,N12,1
SX-SYRUP-SYRUP-POST2,后糖岗2,SX-SYRUP,2026-08-14,D12,1
SX-SYRUP-SYRUP-POST2,后糖岗2,SX-SYRUP,2026-08-16,N12,1
SX-SYRUP-SYRUP-POST2,后糖岗2,SX-SYRUP,2026-08-17,N12,1
SX-SYRUP-SYRUP-POST2,后糖岗2,SX-SYRUP,2026-08-24,D12,1
SX-SYRUP-SYRUP-POST2,后糖岗2,SX-SYRUP,2026-08-25,D12,1
SX-SYRUP-SYRUP-POST2,后糖岗2,SX-SYRUP,2026-08-26,N12,1
SX-SYRUP-SYRUP-POST2,后糖岗2,SX-SYRUP,2026-08-27,N12,1
SX-SYRUP-SYRUP-POST2,后糖岗2,SX-SYRUP,2026-08-28,D12,1
SX-UTIL-WWTP,污水处理岗,SX-UTIL,2026-07-01,N12,1
SX-UTIL-WWTP,污水处理岗,SX-UTIL,2026-07-06,N12,1
SX-UTIL-WWTP,污水处理岗,SX-UTIL,2026-07-08,N12,1
SX-UTIL-WWTP,污水处理岗,SX-UTIL,2026-07-17,N12,1
SX-UTIL-WWTP,污水处理岗,SX-UTIL,2026-07-26,N12,1
SX-UTIL-WWTP,污水处理岗,SX-UTIL,2026-07-29,N12,1
SX-UTIL-WWTP,污水处理岗,SX-UTIL,2026-08-08,N12,1
SX-UTIL-WWTP,污水处理岗,SX-UTIL,2026-08-16,N12,1
SX-UTIL-WWTP,污水处理岗,SX-UTIL,2026-08-23,N12,1
SX-UTIL-WWTP,污水处理岗,SX-UTIL,2026-08-24,N12,1
SX-UTIL-WWTP,污水处理岗,SX-UTIL,2026-08-30,N12,1
SX-UTIL-WWTP,污水处理岗,SX-UTIL,2026-08-31,N12,1

"非完整班次记录：员工工号,岗位编码,日期,班次代码,小时"
EMPSX0036,SX-PET02-LABEL,2026-07-01,D12,8.0
EMPSX0061,SX-PET02-PACK-SHRINK,2026-07-01,D12,8.0
EMPSX0021,SX-PET02-PALLET,2026-07-01,D12,8.0
EMPSX0022,SX-PET02-PALLET-LABEL,2026-07-01,D12,8.0
EMPSX0035,SX-PET02-LABEL,2026-07-01,N12,8.0
EMPSX0062,SX-PET02-PACK-SHRINK,2026-07-01,N12,8.0
EMPSX0045,SX-PET02-PALLET,2026-07-01,N12,8.0
EMPSX0052,SX-PET02-PALLET-LABEL,2026-07-01,N12,8.0
EMPSX0065,SX-RB01-DEPAL,2026-07-01,N12,8.0
EMPSX0077,SX-RB01-LOADER,2026-07-01,N12,8.0
EMPSX0082,SX-RB01-WASHER,2026-07-01,N12,8.0
EMPSX0011,SX-PET02-LABEL,2026-07-02,D12,8.0
EMPSX0064,SX-PET02-PACK-SHRINK,2026-07-02,D12,8.0
EMPSX0045,SX-PET02-PALLET,2026-07-02,D12,8.0
EMPSX0049,SX-PET02-PALLET-LABEL,2026-07-02,D12,8.0
EMPHB0318,HB-AS01-CARTON,2026-07-02,N12,8.0
EMPHB0295,HB-AS01-HANDLE-1,2026-07-02,N12,8.0
EMPHB0212,HB-AS01-HANDLE-2,2026-07-02,N12,8.0
EMPHB0283,HB-AS01-LABEL,2026-07-02,N12,8.0
EMPHB0243,HB-AS01-PACK-SHRINK,2026-07-02,N12,8.0
EMPHB0293,HB-AS01-PALLET,2026-07-02,N12,8.0
EMPHB0299,HB-AS01-UHT-AUX,2026-07-02,N12,8.0
EMPSX0013,SX-RB01-DEPAL,2026-07-03,D12,8.0
EMPSX0078,SX-RB01-LOADER,2026-07-03,D12,8.0
EMPSX0021,SX-RB01-WASHER,2026-07-03,D12,8.0
EMPHB0284,HB-PET02-LABEL,2026-07-03,N12,8.0
EMPHB0222,HB-PET02-PACK-SHRINK,2026-07-03,N12,8.0
EMPHB0202,HB-PET02-PALLET,2026-07-03,N12,8.0
EMPSX0074,SX-RB01-DEPAL,2026-07-03,N12,8.0
EMPSX0068,SX-RB01-LOADER,2026-07-03,N12,8.0
EMPSX0055,SX-RB01-WASHER,2026-07-03,N12,8.0
EMPHB0212,HB-AS01-CARTON,2026-07-04,D12,8.0
EMPHB0316,HB-AS01-HANDLE-1,2026-07-04,D12,8.0
EMPHB0209,HB-AS01-HANDLE-2,2026-07-04,D12,8.0
EMPHB0193,HB-AS01-LABEL,2026-07-04,D12,8.0
EMPHB0243,HB-AS01-PACK-SHRINK,2026-07-04,D12,8.0
EMPHB0227,HB-AS01-PALLET,2026-07-04,D12,8.0
EMPHB0296,HB-AS01-UHT-AUX,2026-07-04,D12,8.0
EMPHB0205,HB-AS01-CARTON,2026-07-04,N12,8.0
EMPHB0295,HB-AS01-HANDLE-1,2026-07-04,N12,8.0
EMPHB0206,HB-AS01-HANDLE-2,2026-07-04,N12,8.0
EMPHB0194,HB-AS01-LABEL,2026-07-04,N12,8.0
EMPHB0242,HB-AS01-PACK-SHRINK,2026-07-04,N12,8.0
EMPHB0248,HB-AS01-PALLET,2026-07-04,N12,8.0
EMPHB0299,HB-AS01-UHT-AUX,2026-07-04,N12,8.0
EMPHB0351,HB-PET01-HANDLE-1,2026-07-04,N12,8.0
EMPHB0210,HB-PET01-HANDLE-2,2026-07-04,N12,8.0
EMPHB0196,HB-PET01-LABEL,2026-07-04,N12,8.0
EMPHB0224,HB-PET01-PACK-SHRINK,2026-07-04,N12,8.0
EMPHB0245,HB-PET01-PALLET,2026-07-04,N12,8.0
EMPHB0299,HB-AS01-CARTON,2026-07-05,D12,8.0
EMPHB0206,HB-AS01-HANDLE-1,2026-07-05,D12,8.0
EMPHB0211,HB-AS01-HANDLE-2,2026-07-05,D12,8.0
EMPHB0240,HB-AS01-LABEL,2026-07-05,D12,8.0
EMPHB0199,HB-AS01-PACK-SHRINK,2026-07-05,D12,8.0
EMPHB0226,HB-AS01-PALLET,2026-07-05,D12,8.0
EMPHB0318,HB-AS01-UHT-AUX,2026-07-05,D12,8.0
EMPHB0217,HB-PET02-LABEL,2026-07-05,D12,8.0
EMPHB0223,HB-PET02-PACK-SHRINK,2026-07-05,D12,8.0
EMPHB0228,HB-PET02-PALLET,2026-07-05,D12,8.0
EMPSX0036,SX-PET02-LABEL,2026-07-05,D12,8.0
EMPSX0061,SX-PET02-PACK-SHRINK,2026-07-05,D12,8.0
EMPSX0049,SX-PET02-PALLET,2026-07-05,D12,8.0
EMPSX0023,SX-PET02-PALLET-LABEL,2026-07-05,D12,8.0
EMPHB0254,HB-AS01-CARTON,2026-07-05,N12,8.0
EMPHB0305,HB-AS01-HANDLE-1,2026-07-05,N12,8.0
EMPHB0301,HB-AS01-HANDLE-2,2026-07-05,N12,8.0
EMPHB0284,HB-AS01-LABEL,2026-07-05,N12,8.0
EMPHB0241,HB-AS01-PACK-SHRINK,2026-07-05,N12,8.0
EMPHB0246,HB-AS01-PALLET,2026-07-05,N12,8.0
EMPHB0255,HB-AS01-UHT-AUX,2026-07-05,N12,8.0
EMPSX0143,SX-ENG-BOILER,2026-07-05,N12,8.0
EMPSX0148,SX-ENG-MECH-LINE,2026-07-05,N12,8.0
EMPSX0011,SX-PET02-LABEL,2026-07-05,N12,8.0
EMPSX0044,SX-PET02-PACK-SHRINK,2026-07-05,N12,8.0
EMPSX0021,SX-PET02-PALLET,2026-07-05,N12,8.0
EMPSX0050,SX-PET02-PALLET-LABEL,2026-07-05,N12,8.0
EMPSX0013,SX-RB01-DEPAL,2026-07-05,N12,8.0
EMPSX0068,SX-RB01-LOADER,2026-07-05,N12,8.0
EMPSX0051,SX-RB01-WASHER,2026-07-05,N12,8.0
EMPHB0296,HB-PET03-HANDLE-1,2026-07-07,D12,8.0
EMPHB0301,HB-PET03-HANDLE-2,2026-07-07,D12,8.0
EMPHB0286,HB-PET03-LABEL,2026-07-07,D12,8.0
EMPHB0290,HB-PET03-PACK-SHRINK,2026-07-07,D12,8.0
EMPHB0246,HB-PET03-PALLET,2026-07-07,D12,8.0
EMPSX0107,SX-BIB01-PACK-1,2026-07-07,D12,8.0
EMPSX0109,SX-BIB01-PACK-2,2026-07-07,D12,8.0
EMPSX0009,SX-BIB01-PACK-3,2026-07-07,D12,8.0
EMPSX0062,SX-BIB01-PACK-1,2026-07-07,N12,8.0
EMPSX0043,SX-BIB01-PACK-2,2026-07-07,N12,8.0
EMPHB0305,HB-PET01-HANDLE-1,2026-07-08,D12,8.0
EMPHB0210,HB-PET01-HANDLE-2,2026-07-08,D12,8.0
EMPHB0239,HB-PET01-LABEL,2026-07-08,D12,8.0
EMPHB0242,HB-PET01-PACK-SHRINK,2026-07-08,D12,8.0
EMPHB0291,HB-PET01-PALLET,2026-07-08,D12,8.0
EMPHB0252,HB-PET01-HANDLE-1,2026-07-08,N12,8.0
EMPHB0206,HB-PET01-HANDLE-2,2026-07-08,N12,8.0
EMPHB0218,HB-PET01-LABEL,2026-07-08,N12,8.0
EMPHB0199,HB-PET01-PACK-SHRINK,2026-07-08,N12,8.0
EMPHB0202,HB-PET01-PALLET,2026-07-08,N12,8.0
EMPSX0054,SX-CAN01-DEPAL-CAN,2026-07-09,D12,8.0
EMPSX0044,SX-CAN01-PACK-MULTI,2026-07-09,D12,8.0
EMPSX0063,SX-CAN01-PACK-SHRINK,2026-07-09,D12,8.0
EMPSX0021,SX-CAN01-PALLET,2026-07-09,D12,8.0
EMPHB0254,HB-AS01-CARTON,2026-07-10,D12,8.0
EMPHB0298,HB-AS01-HANDLE-1,2026-07-10,D12,8.0
EMPHB0256,HB-AS01-HANDLE-2,2026-07-10,D12,8.0
EMPHB0218,HB-AS01-LABEL,2026-07-10,D12,8.0
EMPHB0200,HB-AS01-PACK-SHRINK,2026-07-10,D12,8.0
EMPHB0201,HB-AS01-PALLET,2026-07-10,D12,8.0
EMPHB0296,HB-AS01-UHT-AUX,2026-07-10,D12,8.0
EMPHB0316,HB-AS01-CARTON,2026-07-10,N12,8.0
EMPHB0351,HB-AS01-HANDLE-1,2026-07-10,N12,8.0
EMPHB0253,HB-AS01-HANDLE-2,2026-07-10,N12,8.0
EMPHB0220,HB-AS01-LABEL,2026-07-10,N12,8.0
EMPHB0287,HB-AS01-PACK-SHRINK,2026-07-10,N12,8.0
EMPHB0228,HB-AS01-PALLET,2026-07-10,N12,8.0
EMPHB0318,HB-AS01-UHT-AUX,2026-07-10,N12,8.0
EMPSX0035,SX-PET02-LABEL,2026-07-12,D12,8.0
EMPSX0009,SX-PET02-PACK-SHRINK,2026-07-12,D12,8.0
EMPSX0066,SX-PET02-PALLET,2026-07-12,D12,8.0
EMPSX0024,SX-PET02-PALLET-LABEL,2026-07-12,D12,8.0
EMPHB0256,HB-PET01-HANDLE-1,2026-07-14,N12,8.0
EMPHB0300,HB-PET01-HANDLE-2,2026-07-14,N12,8.0
EMPHB0239,HB-PET01-LABEL,2026-07-14,N12,8.0
EMPHB0200,HB-PET01-PACK-SHRINK,2026-07-14,N12,8.0
EMPHB0227,HB-PET01-PALLET,2026-07-14,N12,8.0
EMPSX0054,SX-CAN01-DEPAL-CAN,2026-07-16,D12,8.0
EMPSX0044,SX-CAN01-PACK-MULTI,2026-07-16,D12,8.0
EMPSX0009,SX-CAN01-PACK-SHRINK,2026-07-16,D12,8.0
EMPSX0013,SX-CAN01-PALLET,2026-07-16,D12,8.0
EMPSX0079,SX-CAN01-DEPAL-CAN,2026-07-16,N12,8.0
EMPSX0043,SX-CAN01-PACK-MULTI,2026-07-16,N12,8.0
EMPSX0063,SX-CAN01-PACK-SHRINK,2026-07-16,N12,8.0
EMPSX0051,SX-CAN01-PALLET,2026-07-16,N12,8.0
EMPSX0055,SX-CAN01-DEPAL-CAN,2026-07-17,N12,8.0
EMPSX0043,SX-CAN01-PACK-MULTI,2026-07-17,N12,8.0
EMPSX0009,SX-CAN01-PACK-SHRINK,2026-07-17,N12,8.0
EMPSX0045,SX-CAN01-PALLET,2026-07-17,N12,8.0
EMPSX0142,SX-ENG-BOILER,2026-07-17,N12,8.0
EMPSX0151,SX-ENG-MECH-LINE,2026-07-17,N12,8.0
EMPHB0285,HB-PET02-LABEL,2026-07-18,D12,8.0
EMPHB0221,HB-PET02-PACK-SHRINK,2026-07-18,D12,8.0
EMPHB0247,HB-PET02-PALLET,2026-07-18,D12,8.0
EMPHB0297,HB-PET03-HANDLE-1,2026-07-18,D12,8.0
EMPHB0253,HB-PET03-HANDLE-2,2026-07-18,D12,8.0
EMPHB0218,HB-PET03-LABEL,2026-07-18,D12,8.0
EMPHB0287,HB-PET03-PACK-SHRINK,2026-07-18,D12,8.0
EMPHB0203,HB-PET03-PALLET,2026-07-18,D12,8.0
EMPHB0206,HB-PET03-HANDLE-1,2026-07-18,N12,8.0
EMPHB0256,HB-PET03-HANDLE-2,2026-07-18,N12,8.0
EMPHB0220,HB-PET03-LABEL,2026-07-18,N12,8.0
EMPHB0244,HB-PET03-PACK-SHRINK,2026-07-18,N12,8.0
EMPHB0227,HB-PET03-PALLET,2026-07-18,N12,8.0
EMPSX0055,SX-CAN01-DEPAL-CAN,2026-07-18,N12,8.0
EMPSX0011,SX-CAN01-PACK-MULTI,2026-07-18,N12,8.0
EMPSX0009,SX-CAN01-PACK-SHRINK,2026-07-18,N12,8.0
EMPSX0065,SX-CAN01-PALLET,2026-07-18,N12,8.0
EMPSX0055,SX-CAN01-DEPAL-CAN,2026-07-19,D12,8.0
EMPSX0043,SX-CAN01-PACK-MULTI,2026-07-19,D12,8.0
EMPSX0062,SX-CAN01-PACK-SHRINK,2026-07-19,D12,8.0
EMPSX0015,SX-CAN01-PALLET,2026-07-19,D12,8.0
EMPSX0011,SX-PET02-LABEL,2026-07-19,D12,8.0
EMPSX0064,SX-PET02-PACK-SHRINK,2026-07-19,D12,8.0
EMPSX0045,SX-PET02-PALLET,2026-07-19,D12,8.0
EMPSX0022,SX-PET02-PALLET-LABEL,2026-07-19,D12,8.0
EMPHB0195,HB-PET02-LABEL,2026-07-19,N12,8.0
EMPHB0198,HB-PET02-PACK-SHRINK,2026-07-19,N12,8.0
EMPHB0228,HB-PET02-PALLET,2026-07-19,N12,8.0
EMPSX0013,SX-RB01-DEPAL,2026-07-19,N12,8.0
EMPSX0068,SX-RB01-LOADER,2026-07-19,N12,8.0
EMPSX0014,SX-RB01-WASHER,2026-07-19,N12,8.0
EMPHB0295,HB-PET01-HANDLE-1,2026-07-22,D12,8.0
EMPHB0256,HB-PET01-HANDLE-2,2026-07-22,D12,8.0
EMPHB0240,HB-PET01-LABEL,2026-07-22,D12,8.0
EMPHB0289,HB-PET01-PACK-SHRINK,2026-07-22,D12,8.0
EMPHB0201,HB-PET01-PALLET,2026-07-22,D12,8.0
EMPHB0251,HB-AS01-CARTON,2026-07-22,N12,8.0
EMPHB0205,HB-AS01-HANDLE-1,2026-07-22,N12,8.0
EMPHB0301,HB-AS01-HANDLE-2,2026-07-22,N12,8.0
EMPHB0285,HB-AS01-LABEL,2026-07-22,N12,8.0
EMPHB0288,HB-AS01-PACK-SHRINK,2026-07-22,N12,8.0
EMPHB0225,HB-AS01-PALLET,2026-07-22,N12,8.0
EMPHB0316,HB-AS01-UHT-AUX,2026-07-22,N12,8.0
EMPHB0341,HB-ENG2-BOILER,2026-07-22,N12,8.0
EMPHB0352,HB-ENG2-WWTP,2026-07-22,N12,8.0
EMPHB0296,HB-PET01-HANDLE-1,2026-07-22,N12,8.0
EMPHB0209,HB-PET01-HANDLE-2,2026-07-22,N12,8.0
EMPHB0195,HB-PET01-LABEL,2026-07-22,N12,8.0
EMPHB0199,HB-PET01-PACK-SHRINK,2026-07-22,N12,8.0
EMPHB0204,HB-PET01-PALLET,2026-07-22,N12,8.0
EMPHB0342,HB-ENG2-BOILER,2026-07-23,N12,8.0
EMPHB0351,HB-ENG2-WWTP,2026-07-23,N12,8.0
EMPSX0127,SX-UTIL-WWTP,2026-07-24,N12,8.0
EMPSX0055,SX-CAN01-DEPAL-CAN,2026-07-25,D12,8.0
EMPSX0044,SX-CAN01-PACK-MULTI,2026-07-25,D12,8.0
EMPSX0009,SX-CAN01-PACK-SHRINK,2026-07-25,D12,8.0
EMPSX0067,SX-CAN01-PALLET,2026-07-25,D12,8.0
EMPSX0143,SX-ENG-BOILER,2026-07-25,D12,8.0
EMPSX0145,SX-ENG-MECH-LINE,2026-07-25,D12,8.0
EMPSX0147,SX-ENG-MECH-LINE,2026-07-25,D12,8.0
EMPSX0151,SX-ENG-MECH-LINE,2026-07-25,D12,8.0
EMPSX0011,SX-PET02-LABEL,2026-07-25,D12,8.0
EMPSX0012,SX-PET02-PACK-SHRINK,2026-07-25,D12,8.0
EMPSX0051,SX-PET02-PALLET,2026-07-25,D12,8.0
EMPSX0052,SX-PET02-PALLET-LABEL,2026-07-25,D12,8.0
EMPSX0050,SX-PET01-FGI,2026-07-26,D12,8.0
EMPSX0025,SX-PET01-HANDLE,2026-07-26,D12,8.0
EMPSX0041,SX-PET01-PACK-SHRINK,2026-07-26,D12,8.0
EMPSX0014,SX-PET01-PALLET,2026-07-26,D12,8.0
EMPSX0022,SX-PET01-PALLET-LABEL,2026-07-26,D12,8.0
EMPHB0249,HB-PET01-HANDLE-1,2026-07-26,N12,8.0
EMPHB0256,HB-PET01-HANDLE-2,2026-07-26,N12,8.0
EMPHB0237,HB-PET01-LABEL,2026-07-26,N12,8.0
EMPHB0290,HB-PET01-PACK-SHRINK,2026-07-26,N12,8.0
EMPHB0245,HB-PET01-PALLET,2026-07-26,N12,8.0
EMPSX0055,SX-CAN01-DEPAL-CAN,2026-07-26,N12,8.0
EMPSX0011,SX-CAN01-PACK-MULTI,2026-07-26,N12,8.0
EMPSX0063,SX-CAN01-PACK-SHRINK,2026-07-26,N12,8.0
EMPSX0045,SX-CAN01-PALLET,2026-07-26,N12,8.0
EMPSX0017,SX-PET01-FGI,2026-07-26,N12,8.0
EMPSX0027,SX-PET01-HANDLE,2026-07-26,N12,8.0
EMPSX0062,SX-PET01-PACK-SHRINK,2026-07-26,N12,8.0
EMPSX0016,SX-PET01-PALLET,2026-07-26,N12,8.0
EMPSX0024,SX-PET01-PALLET-LABEL,2026-07-26,N12,8.0
EMPSX0013,SX-RB01-DEPAL,2026-07-26,N12,8.0
EMPSX0079,SX-RB01-LOADER,2026-07-26,N12,8.0
EMPSX0051,SX-RB01-WASHER,2026-07-26,N12,8.0
EMPHB0212,HB-AS01-CARTON,2026-07-28,D12,8.0
EMPHB0316,HB-AS01-HANDLE-1,2026-07-28,D12,8.0
EMPHB0253,HB-AS01-HANDLE-2,2026-07-28,D12,8.0
EMPHB0219,HB-AS01-LABEL,2026-07-28,D12,8.0
EMPHB0244,HB-AS01-PACK-SHRINK,2026-07-28,D12,8.0
EMPHB0227,HB-AS01-PALLET,2026-07-28,D12,8.0
EMPHB0298,HB-AS01-UHT-AUX,2026-07-28,D12,8.0
EMPSX0055,SX-CAN01-DEPAL-CAN,2026-07-28,D12,8.0
EMPSX0043,SX-CAN01-PACK-MULTI,2026-07-28,D12,8.0
EMPSX0061,SX-CAN01-PACK-SHRINK,2026-07-28,D12,8.0
EMPSX0066,SX-CAN01-PALLET,2026-07-28,D12,8.0
EMPHB0205,HB-AS01-CARTON,2026-07-28,N12,8.0
EMPHB0254,HB-AS01-HANDLE-1,2026-07-28,N12,8.0
EMPHB0301,HB-AS01-HANDLE-2,2026-07-28,N12,8.0
EMPHB0286,HB-AS01-LABEL,2026-07-28,N12,8.0
EMPHB0222,HB-AS01-PACK-SHRINK,2026-07-28,N12,8.0
EMPHB0293,HB-AS01-PALLET,2026-07-28,N12,8.0
EMPHB0255,HB-AS01-UHT-AUX,2026-07-28,N12,8.0
EMPHB0240,HB-PET02-LABEL,2026-07-28,N12,8.0
EMPHB0287,HB-PET02-PACK-SHRINK,2026-07-28,N12,8.0
EMPHB0225,HB-PET02-PALLET,2026-07-28,N12,8.0
EMPHB0193,HB-PET02-LABEL,2026-07-29,D12,8.0
EMPHB0222,HB-PET02-PACK-SHRINK,2026-07-29,D12,8.0
EMPHB0294,HB-PET02-PALLET,2026-07-29,D12,8.0
EMPHB0296,HB-PET03-HANDLE-1,2026-07-31,D12,8.0
EMPHB0254,HB-PET03-HANDLE-2,2026-07-31,D12,8.0
EMPHB0218,HB-PET03-LABEL,2026-07-31,D12,8.0
EMPHB0243,HB-PET03-PACK-SHRINK,2026-07-31,D12,8.0
EMPHB0293,HB-PET03-PALLET,2026-07-31,D12,8.0
EMPHB0297,HB-PET03-HANDLE-1,2026-07-31,N12,8.0
EMPHB0256,HB-PET03-HANDLE-2,2026-07-31,N12,8.0
EMPHB0286,HB-PET03-LABEL,2026-07-31,N12,8.0
EMPHB0288,HB-PET03-PACK-SHRINK,2026-07-31,N12,8.0
EMPHB0246,HB-PET03-PALLET,2026-07-31,N12,8.0
EMPSX0142,SX-ENG-BOILER,2026-07-31,N12,8.0
EMPSX0145,SX-ENG-MECH-LINE,2026-07-31,N12,8.0
EMPSX0011,SX-PET02-LABEL,2026-08-02,D12,8.0
EMPSX0062,SX-PET02-PACK-SHRINK,2026-08-02,D12,8.0
EMPSX0016,SX-PET02-PALLET,2026-08-02,D12,8.0
EMPSX0015,SX-PET02-PALLET-LABEL,2026-08-02,D12,8.0
EMPSX0036,SX-PET02-LABEL,2026-08-02,N12,8.0
EMPSX0009,SX-PET02-PACK-SHRINK,2026-08-02,N12,8.0
EMPSX0047,SX-PET02-PALLET,2026-08-02,N12,8.0
EMPSX0024,SX-PET02-PALLET-LABEL,2026-08-02,N12,8.0
EMPHB0251,HB-AS01-CARTON,2026-08-03,N12,8.0
EMPHB0207,HB-AS01-HANDLE-1,2026-08-03,N12,8.0
EMPHB0209,HB-AS01-HANDLE-2,2026-08-03,N12,8.0
EMPHB0238,HB-AS01-LABEL,2026-08-03,N12,8.0
EMPHB0244,HB-AS01-PACK-SHRINK,2026-08-03,N12,8.0
EMPHB0292,HB-AS01-PALLET,2026-08-03,N12,8.0
EMPHB0298,HB-AS01-UHT-AUX,2026-08-03,N12,8.0
EMPHB0219,HB-PET02-LABEL,2026-08-04,D12,8.0
EMPHB0242,HB-PET02-PACK-SHRINK,2026-08-04,D12,8.0
EMPHB0291,HB-PET02-PALLET,2026-08-04,D12,8.0
EMPHB0256,HB-PET03-HANDLE-1,2026-08-04,D12,8.0
EMPHB0254,HB-PET03-HANDLE-2,2026-08-04,D12,8.0
EMPHB0196,HB-PET03-LABEL,2026-08-04,D12,8.0
EMPHB0197,HB-PET03-PACK-SHRINK,2026-08-04,D12,8.0
EMPHB0248,HB-PET03-PALLET,2026-08-04,D12,8.0
EMPHB0206,HB-PET03-HANDLE-1,2026-08-04,N12,8.0
EMPHB0301,HB-PET03-HANDLE-2,2026-08-04,N12,8.0
EMPHB0238,HB-PET03-LABEL,2026-08-04,N12,8.0
EMPHB0244,HB-PET03-PACK-SHRINK,2026-08-04,N12,8.0
EMPHB0247,HB-PET03-PALLET,2026-08-04,N12,8.0
EMPSX0050,SX-PET01-FGI,2026-08-04,N12,8.0
EMPSX0028,SX-PET01-HANDLE,2026-08-04,N12,8.0
EMPSX0061,SX-PET01-PACK-SHRINK,2026-08-04,N12,8.0
EMPSX0068,SX-PET01-PALLET,2026-08-04,N12,8.0
EMPSX0023,SX-PET01-PALLET-LABEL,2026-08-04,N12,8.0
EMPHB0250,HB-PET01-HANDLE-1,2026-08-07,D12,8.0
EMPHB0318,HB-PET01-HANDLE-2,2026-08-07,D12,8.0
EMPHB0217,HB-PET01-LABEL,2026-08-07,D12,8.0
EMPHB0218,HB-PET01-PACK-SHRINK,2026-08-07,D12,8.0
EMPHB0225,HB-PET01-PALLET,2026-08-07,D12,8.0
EMPHB0205,HB-PET03-HANDLE-1,2026-08-07,D12,8.0
EMPHB0210,HB-PET03-HANDLE-2,2026-08-07,D12,8.0
EMPHB0286,HB-PET03-LABEL,2026-08-07,D12,8.0
EMPHB0199,HB-PET03-PACK-SHRINK,2026-08-07,D12,8.0
EMPHB0291,HB-PET03-PALLET,2026-08-07,D12,8.0
EMPHB0208,HB-PET01-HANDLE-1,2026-08-07,N12,8.0
EMPHB0302,HB-PET01-HANDLE-2,2026-08-07,N12,8.0
EMPHB0237,HB-PET01-LABEL,2026-08-07,N12,8.0
EMPHB0290,HB-PET01-PACK-SHRINK,2026-08-07,N12,8.0
EMPHB0293,HB-PET01-PALLET,2026-08-07,N12,8.0
EMPHB0351,HB-PET03-HANDLE-1,2026-08-07,N12,8.0
EMPHB0206,HB-PET03-HANDLE-2,2026-08-07,N12,8.0
EMPHB0193,HB-PET03-LABEL,2026-08-07,N12,8.0
EMPHB0242,HB-PET03-PACK-SHRINK,2026-08-07,N12,8.0
EMPHB0245,HB-PET03-PALLET,2026-08-07,N12,8.0
EMPHB0218,HB-PET02-LABEL,2026-08-08,D12,8.0
EMPHB0197,HB-PET02-PACK-SHRINK,2026-08-08,D12,8.0
EMPHB0246,HB-PET02-PALLET,2026-08-08,D12,8.0
EMPSX0144,SX-ENG-BOILER,2026-08-08,D12,8.0
EMPSX0145,SX-ENG-MECH-LINE,2026-08-08,D12,8.0
EMPSX0146,SX-ENG-MECH-LINE,2026-08-08,D12,8.0
EMPSX0150,SX-ENG-MECH-LINE,2026-08-08,D12,8.0
EMPSX0079,SX-CAN01-DEPAL-CAN,2026-08-08,N12,8.0
EMPSX0044,SX-CAN01-PACK-MULTI,2026-08-08,N12,8.0
EMPSX0042,SX-CAN01-PACK-SHRINK,2026-08-08,N12,8.0
EMPSX0048,SX-CAN01-PALLET,2026-08-08,N12,8.0
EMPSX0144,SX-ENG-BOILER,2026-08-09,N12,8.0
EMPSX0151,SX-ENG-MECH-LINE,2026-08-09,N12,8.0
EMPHB0342,HB-ENG2-BOILER,2026-08-10,D12,8.0
EMPHB0351,HB-ENG2-WWTP,2026-08-10,D12,8.0
EMPHB0347,HB-ENG2-BOILER,2026-08-10,N12,8.0
EMPHB0350,HB-ENG2-WWTP,2026-08-10,N12,8.0
EMPSX0062,SX-BIB01-PACK-1,2026-08-10,N12,8.0
EMPSX0012,SX-BIB01-PACK-2,2026-08-10,N12,8.0
EMPHB0298,HB-PET03-HANDLE-1,2026-08-11,D12,8.0
EMPHB0302,HB-PET03-HANDLE-2,2026-08-11,D12,8.0
EMPHB0283,HB-PET03-LABEL,2026-08-11,D12,8.0
EMPHB0198,HB-PET03-PACK-SHRINK,2026-08-11,D12,8.0
EMPHB0203,HB-PET03-PALLET,2026-08-11,D12,8.0
EMPSX0034,SX-PET02-LABEL,2026-08-11,D12,8.0
EMPSX0042,SX-PET02-PACK-SHRINK,2026-08-11,D12,8.0
EMPSX0016,SX-PET02-PALLET,2026-08-11,D12,8.0
EMPSX0024,SX-PET02-PALLET-LABEL,2026-08-11,D12,8.0
EMPHB0305,HB-PET03-HANDLE-1,2026-08-11,N12,8.0
EMPHB0211,HB-PET03-HANDLE-2,2026-08-11,N12,8.0
EMPHB0217,HB-PET03-LABEL,2026-08-11,N12,8.0
EMPHB0218,HB-PET03-PACK-SHRINK,2026-08-11,N12,8.0
EMPHB0245,HB-PET03-PALLET,2026-08-11,N12,8.0
EMPSX0011,SX-PET02-LABEL,2026-08-11,N12,8.0
EMPSX0041,SX-PET02-PACK-SHRINK,2026-08-11,N12,8.0
EMPSX0066,SX-PET02-PALLET,2026-08-11,N12,8.0
EMPSX0023,SX-PET02-PALLET-LABEL,2026-08-11,N12,8.0
EMPHB0305,HB-AS01-CARTON,2026-08-14,D12,8.0
EMPHB0298,HB-AS01-HANDLE-1,2026-08-14,D12,8.0
EMPHB0254,HB-AS01-HANDLE-2,2026-08-14,D12,8.0
EMPHB0284,HB-AS01-LABEL,2026-08-14,D12,8.0
EMPHB0283,HB-AS01-PACK-SHRINK,2026-08-14,D12,8.0
EMPHB0228,HB-AS01-PALLET,2026-08-14,D12,8.0
EMPHB0255,HB-AS01-UHT-AUX,2026-08-14,D12,8.0
EMPSX0055,SX-CAN01-DEPAL-CAN,2026-08-14,D12,8.0
EMPSX0044,SX-CAN01-PACK-MULTI,2026-08-14,D12,8.0
EMPSX0061,SX-CAN01-PACK-SHRINK,2026-08-14,D12,8.0
EMPSX0067,SX-CAN01-PALLET,2026-08-14,D12,8.0
EMPHB0342,HB-ENG2-BOILER,2026-08-18,D12,8.0
EMPHB0351,HB-ENG2-WWTP,2026-08-18,D12,8.0
EMPHB0197,HB-PET02-LABEL,2026-08-18,N12,8.0
EMPHB0199,HB-PET02-PACK-SHRINK,2026-08-18,N12,8.0
EMPHB0204,HB-PET02-PALLET,2026-08-18,N12,8.0
EMPSX0079,SX-CAN01-DEPAL-CAN,2026-08-18,N12,8.0
EMPSX0011,SX-CAN01-PACK-MULTI,2026-08-18,N12,8.0
EMPSX0010,SX-CAN01-PACK-SHRINK,2026-08-18,N12,8.0
EMPSX0049,SX-CAN01-PALLET,2026-08-18,N12,8.0
EMPSX0065,SX-RB01-DEPAL,2026-08-20,N12,8.0
EMPSX0068,SX-RB01-LOADER,2026-08-20,N12,8.0
EMPSX0021,SX-RB01-WASHER,2026-08-20,N12,8.0
EMPHB0251,HB-AS01-CARTON,2026-08-22,D12,8.0
EMPHB0295,HB-AS01-HANDLE-1,2026-08-22,D12,8.0
EMPHB0297,HB-AS01-HANDLE-2,2026-08-22,D12,8.0
EMPHB0285,HB-AS01-LABEL,2026-08-22,D12,8.0
EMPHB0283,HB-AS01-PACK-SHRINK,2026-08-22,D12,8.0
EMPHB0245,HB-AS01-PALLET,2026-08-22,D12,8.0
EMPHB0302,HB-AS01-UHT-AUX,2026-08-22,D12,8.0
EMPSX0141,SX-ENG-BOILER,2026-08-22,D12,8.0
EMPSX0146,SX-ENG-MECH-LINE,2026-08-22,D12,8.0
EMPSX0149,SX-ENG-MECH-LINE,2026-08-22,D12,8.0
EMPSX0151,SX-ENG-MECH-LINE,2026-08-22,D12,8.0
EMPSX0013,SX-RB01-DEPAL,2026-08-22,N12,8.0
EMPSX0068,SX-RB01-LOADER,2026-08-22,N12,8.0
EMPSX0055,SX-RB01-WASHER,2026-08-22,N12,8.0
EMPHB0238,HB-PET02-LABEL,2026-08-23,D12,8.0
EMPHB0288,HB-PET02-PACK-SHRINK,2026-08-23,D12,8.0
EMPHB0247,HB-PET02-PALLET,2026-08-23,D12,8.0
EMPHB0218,HB-PET02-LABEL,2026-08-23,N12,8.0
EMPHB0242,HB-PET02-PACK-SHRINK,2026-08-23,N12,8.0
EMPHB0201,HB-PET02-PALLET,2026-08-23,N12,8.0
EMPSX0065,SX-RB01-DEPAL,2026-08-23,N12,8.0
EMPSX0083,SX-RB01-LOADER,2026-08-23,N12,8.0
EMPSX0021,SX-RB01-WASHER,2026-08-23,N12,8.0
EMPSX0013,SX-RB01-DEPAL,2026-08-24,N12,8.0
EMPSX0068,SX-RB01-LOADER,2026-08-24,N12,8.0
EMPSX0051,SX-RB01-WASHER,2026-08-24,N12,8.0
EMPHB0296,HB-PET01-HANDLE-1,2026-08-25,D12,8.0
EMPHB0212,HB-PET01-HANDLE-2,2026-08-25,D12,8.0
EMPHB0284,HB-PET01-LABEL,2026-08-25,D12,8.0
EMPHB0289,HB-PET01-PACK-SHRINK,2026-08-25,D12,8.0
EMPHB0227,HB-PET01-PALLET,2026-08-25,D12,8.0
EMPSX0054,SX-CAN01-DEPAL-CAN,2026-08-25,D12,8.0
EMPSX0044,SX-CAN01-PACK-MULTI,2026-08-25,D12,8.0
EMPSX0063,SX-CAN01-PACK-SHRINK,2026-08-25,D12,8.0
EMPSX0015,SX-CAN01-PALLET,2026-08-25,D12,8.0
EMPHB0207,HB-PET01-HANDLE-1,2026-08-25,N12,8.0
EMPHB0302,HB-PET01-HANDLE-2,2026-08-25,N12,8.0
EMPHB0283,HB-PET01-LABEL,2026-08-25,N12,8.0
EMPHB0288,HB-PET01-PACK-SHRINK,2026-08-25,N12,8.0
EMPHB0291,HB-PET01-PALLET,2026-08-25,N12,8.0
EMPSX0055,SX-CAN01-DEPAL-CAN,2026-08-25,N12,8.0
EMPSX0064,SX-CAN01-PACK-MULTI,2026-08-25,N12,8.0
EMPSX0109,SX-CAN01-PACK-SHRINK,2026-08-25,N12,8.0
EMPSX0048,SX-CAN01-PALLET,2026-08-25,N12,8.0
EMPSX0127,SX-UTIL-WWTP,2026-08-25,N12,8.0
EMPHB0205,HB-AS01-CARTON,2026-08-26,D12,8.0
EMPHB0299,HB-AS01-HANDLE-1,2026-08-26,D12,8.0
EMPHB0297,HB-AS01-HANDLE-2,2026-08-26,D12,8.0
EMPHB0195,HB-AS01-LABEL,2026-08-26,D12,8.0
EMPHB0244,HB-AS01-PACK-SHRINK,2026-08-26,D12,8.0
EMPHB0226,HB-AS01-PALLET,2026-08-26,D12,8.0
EMPHB0298,HB-AS01-UHT-AUX,2026-08-26,D12,8.0
EMPHB0318,HB-AS01-CARTON,2026-08-26,N12,8.0
EMPHB0351,HB-AS01-HANDLE-1,2026-08-26,N12,8.0
EMPHB0209,HB-AS01-HANDLE-2,2026-08-26,N12,8.0
EMPHB0220,HB-AS01-LABEL,2026-08-26,N12,8.0
EMPHB0218,HB-AS01-PACK-SHRINK,2026-08-26,N12,8.0
EMPHB0294,HB-AS01-PALLET,2026-08-26,N12,8.0
EMPHB0305,HB-AS01-UHT-AUX,2026-08-26,N12,8.0
EMPSX0055,SX-PET01-FGI,2026-08-26,N12,8.0
EMPSX0025,SX-PET01-HANDLE,2026-08-26,N12,8.0
EMPSX0061,SX-PET01-PACK-SHRINK,2026-08-26,N12,8.0
EMPSX0014,SX-PET01-PALLET,2026-08-26,N12,8.0
EMPSX0021,SX-PET01-PALLET-LABEL,2026-08-26,N12,8.0
EMPHB0299,HB-PET03-HANDLE-1,2026-08-28,N12,8.0
EMPHB0301,HB-PET03-HANDLE-2,2026-08-28,N12,8.0
EMPHB0220,HB-PET03-LABEL,2026-08-28,N12,8.0
EMPHB0242,HB-PET03-PACK-SHRINK,2026-08-28,N12,8.0
EMPHB0227,HB-PET03-PALLET,2026-08-28,N12,8.0
EMPSX0055,SX-CAN01-DEPAL-CAN,2026-08-28,N12,8.0
EMPSX0043,SX-CAN01-PACK-MULTI,2026-08-28,N12,8.0
EMPSX0042,SX-CAN01-PACK-SHRINK,2026-08-28,N12,8.0
EMPSX0013,SX-CAN01-PALLET,2026-08-28,N12,8.0
EMPHB0296,HB-PET01-HANDLE-1,2026-08-29,D12,8.0
EMPHB0297,HB-PET01-HANDLE-2,2026-08-29,D12,8.0
EMPHB0283,HB-PET01-LABEL,2026-08-29,D12,8.0
EMPHB0221,HB-PET01-PACK-SHRINK,2026-08-29,D12,8.0
EMPHB0248,HB-PET01-PALLET,2026-08-29,D12,8.0
EMPSX0142,SX-ENG-BOILER,2026-08-29,D12,8.0
EMPSX0147,SX-ENG-MECH-LINE,2026-08-29,D12,8.0
EMPSX0150,SX-ENG-MECH-LINE,2026-08-29,D12,8.0
EMPSX0152,SX-ENG-MECH-LINE,2026-08-29,D12,8.0
EMPHB0347,HB-ENG2-BOILER,2026-08-29,N12,8.0
EMPHB0351,HB-ENG2-WWTP,2026-08-29,N12,8.0
EMPHB0299,HB-PET01-HANDLE-1,2026-08-29,N12,8.0
EMPHB0211,HB-PET01-HANDLE-2,2026-08-29,N12,8.0
EMPHB0194,HB-PET01-LABEL,2026-08-29,N12,8.0
EMPHB0198,HB-PET01-PACK-SHRINK,2026-08-29,N12,8.0
EMPHB0202,HB-PET01-PALLET,2026-08-29,N12,8.0
