数据集版本,产线编码,产线名称,产线类型,额定线速(BPH),效率目标(%),日期,班次,生产运行状态,换型标记,换型等级,状态来源,观测样本数
SCHEC-INPUT-V1.0,HB-AS01,无菌线,无菌冷灌装,24000,85,2026-07-01,白班,正常生产运行,0,,主数据集观测(众数),5
SCHEC-INPUT-V1.0,HB-AS01,无菌线,无菌冷灌装,24000,85,2026-07-01,夜班,正常生产运行,0,,主数据集观测(众数),1
SCHEC-INPUT-V1.0,HB-AS01,无菌线,无菌冷灌装,24000,85,2026-07-02,白班,换型,1,B.4步清洗,主数据集观测(众数),3
SCHEC-INPUT-V1.0,HB-AS01,无菌线,无菌冷灌装,24000,85,2026-07-02,夜班,换型,1,C.碱洗,主数据集观测(众数),7
SCHEC-INPUT-V1.0,HB-AS01,无菌线,无菌冷灌装,24000,85,2026-07-03,白班,正常生产运行,0,,"默认(未观测,按正常生产)",0
SCHEC-INPUT-V1.0,HB-AS01,无菌线,无菌冷灌装,24000,85,2026-07-03,夜班,正常生产运行,0,,"默认(未观测,按正常生产)",0
SCHEC-INPUT-V1.0,HB-AS01,无菌线,无菌冷灌装,24000,85,2026-07-04,白班,正常生产运行,1,A.3步清洗,主数据集观测(众数),4
SCHEC-INPUT-V1.0,HB-AS01,无菌线,无菌冷灌装,24000,85,2026-07-04,夜班,换型,1,A.3步清洗,主数据集观测(众数),5
SCHEC-INPUT-V1.0,HB-AS01,无菌线,无菌冷灌装,24000,85,2026-07-05,白班,换型,1,C.碱洗,主数据集观测(众数),3
SCHEC-INPUT-V1.0,HB-AS01,无菌线,无菌冷灌装,24000,85,2026-07-05,夜班,正常生产运行,1,C.碱洗,主数据集观测(众数),6
SCHEC-INPUT-V1.0,HB-AS01,无菌线,无菌冷灌装,24000,85,2026-07-06,白班,正常生产运行,0,,"默认(未观测,按正常生产)",0
SCHEC-INPUT-V1.0,HB-AS01,无菌线,无菌冷灌装,24000,85,2026-07-06,夜班,正常生产运行,1,C.碱洗,主数据集观测(众数),2
SCHEC-INPUT-V1.0,HB-AS01,无菌线,无菌冷灌装,24000,85,2026-07-07,白班,正常生产运行,0,,主数据集观测(众数),4
SCHEC-INPUT-V1.0,HB-AS01,无菌线,无菌冷灌装,24000,85,2026-07-07,夜班,正常生产运行,0,,主数据集观测(众数),2
SCHEC-INPUT-V1.0,HB-AS01,无菌线,无菌冷灌装,24000,85,2026-07-08,白班,正常生产运行,0,,主数据集观测(众数),2
SCHEC-INPUT-V1.0,HB-AS01,无菌线,无菌冷灌装,24000,85,2026-07-08,夜班,正常生产运行,0,,主数据集观测(众数),8
SCHEC-INPUT-V1.0,HB-AS01,无菌线,无菌冷灌装,24000,85,2026-07-09,白班,正常生产运行,0,,"默认(未观测,按正常生产)",0
SCHEC-INPUT-V1.0,HB-AS01,无菌线,无菌冷灌装,24000,85,2026-07-09,夜班,正常生产运行,0,,"默认(未观测,按正常生产)",0
SCHEC-INPUT-V1.0,HB-AS01,无菌线,无菌冷灌装,24000,85,2026-07-10,白班,换型,1,A.3步清洗,主数据集观测(众数),5
SCHEC-INPUT-V1.0,HB-AS01,无菌线,无菌冷灌装,24000,85,2026-07-10,夜班,换型,1,C.碱洗,主数据集观测(众数),9
SCHEC-INPUT-V1.0,HB-AS01,无菌线,无菌冷灌装,24000,85,2026-07-11,白班,正常生产运行,0,,主数据集观测(众数),1
SCHEC-INPUT-V1.0,HB-AS01,无菌线,无菌冷灌装,24000,85,2026-07-11,夜班,正常生产运行,0,,主数据集观测(众数),6
SCHEC-INPUT-V1.0,HB-AS01,无菌线,无菌冷灌装,24000,85,2026-07-12,白班,正常生产运行,0,,主数据集观测(众数),4
SCHEC-INPUT-V1.0,HB-AS01,无菌线,无菌冷灌装,24000,85,2026-07-12,夜班,正常生产运行,0,,"默认(未观测,按正常生产)",0
SCHEC-INPUT-V1.0,HB-AS01,无菌线,无菌冷灌装,24000,85,2026-07-13,白班,换型,1,C.碱洗,主数据集观测(众数),2
SCHEC-INPUT-V1.0,HB-AS01,无菌线,无菌冷灌装,24000,85,2026-07-13,夜班,正常生产运行,0,,主数据集观测(众数),3
SCHEC-INPUT-V1.0,HB-AS01,无菌线,无菌冷灌装,24000,85,2026-07-14,白班,正常生产运行,0,,主数据集观测(众数),8
SCHEC-INPUT-V1.0,HB-AS01,无菌线,无菌冷灌装,24000,85,2026-07-14,夜班,正常生产运行,0,,主数据集观测(众数),2
SCHEC-INPUT-V1.0,HB-AS01,无菌线,无菌冷灌装,24000,85,2026-07-15,白班,正常生产运行,1,A.3步清洗,主数据集观测(众数),23
SCHEC-INPUT-V1.0,HB-AS01,无菌线,无菌冷灌装,24000,85,2026-07-15,夜班,正常生产运行,0,,主数据集观测(众数),2
SCHEC-INPUT-V1.0,HB-AS01,无菌线,无菌冷灌装,24000,85,2026-07-16,白班,正常生产运行,0,,主数据集观测(众数),1
SCHEC-INPUT-V1.0,HB-AS01,无菌线,无菌冷灌装,24000,85,2026-07-16,夜班,正常生产运行,0,,"默认(未观测,按正常生产)",0
SCHEC-INPUT-V1.0,HB-AS01,无菌线,无菌冷灌装,24000,85,2026-07-17,白班,正常生产运行,0,,主数据集观测(众数),6
SCHEC-INPUT-V1.0,HB-AS01,无菌线,无菌冷灌装,24000,85,2026-07-17,夜班,正常生产运行,0,,主数据集观测(众数),2
SCHEC-INPUT-V1.0,HB-AS01,无菌线,无菌冷灌装,24000,85,2026-07-18,白班,正常生产运行,0,,主数据集观测(众数),1
SCHEC-INPUT-V1.0,HB-AS01,无菌线,无菌冷灌装,24000,85,2026-07-18,夜班,正常生产运行,0,,主数据集观测(众数),12
SCHEC-INPUT-V1.0,HB-AS01,无菌线,无菌冷灌装,24000,85,2026-07-19,白班,正常生产运行,0,,"默认(未观测,按正常生产)",0
SCHEC-INPUT-V1.0,HB-AS01,无菌线,无菌冷灌装,24000,85,2026-07-19,夜班,正常生产运行,0,,主数据集观测(众数),1
SCHEC-INPUT-V1.0,HB-AS01,无菌线,无菌冷灌装,24000,85,2026-07-20,白班,正常生产运行,0,,主数据集观测(众数),2
SCHEC-INPUT-V1.0,HB-AS01,无菌线,无菌冷灌装,24000,85,2026-07-20,夜班,正常生产运行,0,,主数据集观测(众数),7
SCHEC-INPUT-V1.0,HB-AS01,无菌线,无菌冷灌装,24000,85,2026-07-21,白班,正常生产运行,0,,主数据集观测(众数),1
SCHEC-INPUT-V1.0,HB-AS01,无菌线,无菌冷灌装,24000,85,2026-07-21,夜班,正常生产运行,0,,主数据集观测(众数),2
SCHEC-INPUT-V1.0,HB-AS01,无菌线,无菌冷灌装,24000,85,2026-07-22,白班,正常生产运行,1,A.3步清洗,主数据集观测(众数),6
SCHEC-INPUT-V1.0,HB-AS01,无菌线,无菌冷灌装,24000,85,2026-07-22,夜班,换型,1,A.3步清洗,主数据集观测(众数),1
SCHEC-INPUT-V1.0,HB-AS01,无菌线,无菌冷灌装,24000,85,2026-07-23,白班,正常生产运行,0,,主数据集观测(众数),3
SCHEC-INPUT-V1.0,HB-AS01,无菌线,无菌冷灌装,24000,85,2026-07-23,夜班,正常生产运行,0,,主数据集观测(众数),4
SCHEC-INPUT-V1.0,HB-AS01,无菌线,无菌冷灌装,24000,85,2026-07-24,白班,正常生产运行,0,,主数据集观测(众数),2
SCHEC-INPUT-V1.0,HB-AS01,无菌线,无菌冷灌装,24000,85,2026-07-24,夜班,正常生产运行,0,,主数据集观测(众数),6
SCHEC-INPUT-V1.0,HB-AS01,无菌线,无菌冷灌装,24000,85,2026-07-25,白班,正常生产运行,0,,主数据集观测(众数),4
SCHEC-INPUT-V1.0,HB-AS01,无菌线,无菌冷灌装,24000,85,2026-07-25,夜班,正常生产运行,0,,主数据集观测(众数),3
SCHEC-INPUT-V1.0,HB-AS01,无菌线,无菌冷灌装,24000,85,2026-07-26,白班,正常生产运行,0,,主数据集观测(众数),1
SCHEC-INPUT-V1.0,HB-AS01,无菌线,无菌冷灌装,24000,85,2026-07-26,夜班,正常生产运行,0,,主数据集观测(众数),6
SCHEC-INPUT-V1.0,HB-AS01,无菌线,无菌冷灌装,24000,85,2026-07-27,白班,正常生产运行,0,,主数据集观测(众数),4
SCHEC-INPUT-V1.0,HB-AS01,无菌线,无菌冷灌装,24000,85,2026-07-27,夜班,正常生产运行,1,B.4步清洗,主数据集观测(众数),3
SCHEC-INPUT-V1.0,HB-AS01,无菌线,无菌冷灌装,24000,85,2026-07-28,白班,换型,1,A.3步清洗,主数据集观测(众数),2
SCHEC-INPUT-V1.0,HB-AS01,无菌线,无菌冷灌装,24000,85,2026-07-28,夜班,换型,1,C.碱洗,主数据集观测(众数),2
SCHEC-INPUT-V1.0,HB-AS01,无菌线,无菌冷灌装,24000,85,2026-07-29,白班,正常生产运行,0,,主数据集观测(众数),2
SCHEC-INPUT-V1.0,HB-AS01,无菌线,无菌冷灌装,24000,85,2026-07-29,夜班,正常生产运行,0,,主数据集观测(众数),5
SCHEC-INPUT-V1.0,HB-AS01,无菌线,无菌冷灌装,24000,85,2026-07-30,白班,正常生产运行,0,,主数据集观测(众数),8
SCHEC-INPUT-V1.0,HB-AS01,无菌线,无菌冷灌装,24000,85,2026-07-30,夜班,正常生产运行,1,A.3步清洗,主数据集观测(众数),7
SCHEC-INPUT-V1.0,HB-AS01,无菌线,无菌冷灌装,24000,85,2026-07-31,白班,正常生产运行,0,,"默认(未观测,按正常生产)",0
SCHEC-INPUT-V1.0,HB-AS01,无菌线,无菌冷灌装,24000,85,2026-07-31,夜班,正常生产运行,0,,主数据集观测(众数),1
SCHEC-INPUT-V1.0,HB-AS01,无菌线,无菌冷灌装,24000,85,2026-08-01,白班,正常生产运行,0,C.碱洗,主数据集观测(众数),2
SCHEC-INPUT-V1.0,HB-AS01,无菌线,无菌冷灌装,24000,85,2026-08-01,夜班,正常生产运行,0,,主数据集观测(众数),6
SCHEC-INPUT-V1.0,HB-AS01,无菌线,无菌冷灌装,24000,85,2026-08-02,白班,正常生产运行,0,,主数据集观测(众数),7
SCHEC-INPUT-V1.0,HB-AS01,无菌线,无菌冷灌装,24000,85,2026-08-02,夜班,正常生产运行,0,,主数据集观测(众数),1
SCHEC-INPUT-V1.0,HB-AS01,无菌线,无菌冷灌装,24000,85,2026-08-03,白班,换型,1,C.碱洗,主数据集观测(众数),2
SCHEC-INPUT-V1.0,HB-AS01,无菌线,无菌冷灌装,24000,85,2026-08-03,夜班,换型,1,C.碱洗,主数据集观测(众数),3
SCHEC-INPUT-V1.0,HB-AS01,无菌线,无菌冷灌装,24000,85,2026-08-04,白班,正常生产运行,0,,主数据集观测(众数),6
SCHEC-INPUT-V1.0,HB-AS01,无菌线,无菌冷灌装,24000,85,2026-08-04,夜班,正常生产运行,0,,主数据集观测(众数),2
SCHEC-INPUT-V1.0,HB-AS01,无菌线,无菌冷灌装,24000,85,2026-08-05,白班,正常生产运行,0,,主数据集观测(众数),1
SCHEC-INPUT-V1.0,HB-AS01,无菌线,无菌冷灌装,24000,85,2026-08-05,夜班,正常生产运行,0,C.碱洗,主数据集观测(众数),7
SCHEC-INPUT-V1.0,HB-AS01,无菌线,无菌冷灌装,24000,85,2026-08-06,白班,正常生产运行,0,,主数据集观测(众数),1
SCHEC-INPUT-V1.0,HB-AS01,无菌线,无菌冷灌装,24000,85,2026-08-06,夜班,正常生产运行,0,,主数据集观测(众数),3
SCHEC-INPUT-V1.0,HB-AS01,无菌线,无菌冷灌装,24000,85,2026-08-07,白班,正常生产运行,0,,主数据集观测(众数),7
SCHEC-INPUT-V1.0,HB-AS01,无菌线,无菌冷灌装,24000,85,2026-08-07,夜班,正常生产运行,0,,主数据集观测(众数),15
SCHEC-INPUT-V1.0,HB-AS01,无菌线,无菌冷灌装,24000,85,2026-08-08,白班,正常生产运行,0,,主数据集观测(众数),6
SCHEC-INPUT-V1.0,HB-AS01,无菌线,无菌冷灌装,24000,85,2026-08-08,夜班,正常生产运行,0,,主数据集观测(众数),4
SCHEC-INPUT-V1.0,HB-AS01,无菌线,无菌冷灌装,24000,85,2026-08-09,白班,正常生产运行,0,,主数据集观测(众数),2
SCHEC-INPUT-V1.0,HB-AS01,无菌线,无菌冷灌装,24000,85,2026-08-09,夜班,正常生产运行,0,,主数据集观测(众数),4
SCHEC-INPUT-V1.0,HB-AS01,无菌线,无菌冷灌装,24000,85,2026-08-10,白班,正常生产运行,0,,主数据集观测(众数),2
SCHEC-INPUT-V1.0,HB-AS01,无菌线,无菌冷灌装,24000,85,2026-08-10,夜班,正常生产运行,0,,主数据集观测(众数),4
SCHEC-INPUT-V1.0,HB-AS01,无菌线,无菌冷灌装,24000,85,2026-08-11,白班,正常生产运行,0,,主数据集观测(众数),5
SCHEC-INPUT-V1.0,HB-AS01,无菌线,无菌冷灌装,24000,85,2026-08-11,夜班,正常生产运行,0,,主数据集观测(众数),1
SCHEC-INPUT-V1.0,HB-AS01,无菌线,无菌冷灌装,24000,85,2026-08-12,白班,正常生产运行,0,,主数据集观测(众数),6
SCHEC-INPUT-V1.0,HB-AS01,无菌线,无菌冷灌装,24000,85,2026-08-12,夜班,正常生产运行,0,,主数据集观测(众数),2
SCHEC-INPUT-V1.0,HB-AS01,无菌线,无菌冷灌装,24000,85,2026-08-13,白班,正常生产运行,0,,主数据集观测(众数),7
SCHEC-INPUT-V1.0,HB-AS01,无菌线,无菌冷灌装,24000,85,2026-08-13,夜班,正常生产运行,0,,主数据集观测(众数),2
SCHEC-INPUT-V1.0,HB-AS01,无菌线,无菌冷灌装,24000,85,2026-08-14,白班,正常生产运行,1,C.碱洗,主数据集观测(众数),4
SCHEC-INPUT-V1.0,HB-AS01,无菌线,无菌冷灌装,24000,85,2026-08-14,夜班,正常生产运行,0,,"默认(未观测,按正常生产)",0
SCHEC-INPUT-V1.0,HB-AS01,无菌线,无菌冷灌装,24000,85,2026-08-15,白班,正常生产运行,0,,主数据集观测(众数),34
SCHEC-INPUT-V1.0,HB-AS01,无菌线,无菌冷灌装,24000,85,2026-08-15,夜班,正常生产运行,0,,主数据集观测(众数),2
SCHEC-INPUT-V1.0,HB-AS01,无菌线,无菌冷灌装,24000,85,2026-08-16,白班,正常生产运行,0,,主数据集观测(众数),1
SCHEC-INPUT-V1.0,HB-AS01,无菌线,无菌冷灌装,24000,85,2026-08-16,夜班,正常生产运行,0,,主数据集观测(众数),7
SCHEC-INPUT-V1.0,HB-AS01,无菌线,无菌冷灌装,24000,85,2026-08-17,白班,正常生产运行,0,,主数据集观测(众数),6
SCHEC-INPUT-V1.0,HB-AS01,无菌线,无菌冷灌装,24000,85,2026-08-17,夜班,正常生产运行,0,,"默认(未观测,按正常生产)",0
SCHEC-INPUT-V1.0,HB-AS01,无菌线,无菌冷灌装,24000,85,2026-08-18,白班,正常生产运行,0,,主数据集观测(众数),5
SCHEC-INPUT-V1.0,HB-AS01,无菌线,无菌冷灌装,24000,85,2026-08-18,夜班,正常生产运行,0,,主数据集观测(众数),1
SCHEC-INPUT-V1.0,HB-AS01,无菌线,无菌冷灌装,24000,85,2026-08-19,白班,正常生产运行,0,,"默认(未观测,按正常生产)",0
SCHEC-INPUT-V1.0,HB-AS01,无菌线,无菌冷灌装,24000,85,2026-08-19,夜班,正常生产运行,0,,主数据集观测(众数),1
SCHEC-INPUT-V1.0,HB-AS01,无菌线,无菌冷灌装,24000,85,2026-08-20,白班,正常生产运行,0,,主数据集观测(众数),6
SCHEC-INPUT-V1.0,HB-AS01,无菌线,无菌冷灌装,24000,85,2026-08-20,夜班,正常生产运行,0,,主数据集观测(众数),5
SCHEC-INPUT-V1.0,HB-AS01,无菌线,无菌冷灌装,24000,85,2026-08-21,白班,正常生产运行,0,,主数据集观测(众数),6
SCHEC-INPUT-V1.0,HB-AS01,无菌线,无菌冷灌装,24000,85,2026-08-21,夜班,正常生产运行,0,,主数据集观测(众数),8
SCHEC-INPUT-V1.0,HB-AS01,无菌线,无菌冷灌装,24000,85,2026-08-22,白班,换型,1,C.碱洗,主数据集观测(众数),8
SCHEC-INPUT-V1.0,HB-AS01,无菌线,无菌冷灌装,24000,85,2026-08-22,夜班,换型,1,F.5步热清洗消毒,主数据集观测(众数),2
SCHEC-INPUT-V1.0,HB-AS01,无菌线,无菌冷灌装,24000,85,2026-08-23,白班,正常生产运行,0,,"默认(未观测,按正常生产)",0
SCHEC-INPUT-V1.0,HB-AS01,无菌线,无菌冷灌装,24000,85,2026-08-23,夜班,正常生产运行,0,,主数据集观测(众数),1
SCHEC-INPUT-V1.0,HB-AS01,无菌线,无菌冷灌装,24000,85,2026-08-24,白班,正常生产运行,1,A.3步清洗,主数据集观测(众数),3
SCHEC-INPUT-V1.0,HB-AS01,无菌线,无菌冷灌装,24000,85,2026-08-24,夜班,正常生产运行,0,C.碱洗,主数据集观测(众数),3
SCHEC-INPUT-V1.0,HB-AS01,无菌线,无菌冷灌装,24000,85,2026-08-25,白班,正常生产运行,0,,主数据集观测(众数),6
SCHEC-INPUT-V1.0,HB-AS01,无菌线,无菌冷灌装,24000,85,2026-08-25,夜班,正常生产运行,0,,主数据集观测(众数),3
SCHEC-INPUT-V1.0,HB-AS01,无菌线,无菌冷灌装,24000,85,2026-08-26,白班,换型,1,F.5步热清洗消毒,主数据集观测(众数),7
SCHEC-INPUT-V1.0,HB-AS01,无菌线,无菌冷灌装,24000,85,2026-08-26,夜班,换型,1,B.4步清洗,主数据集观测(众数),7
SCHEC-INPUT-V1.0,HB-AS01,无菌线,无菌冷灌装,24000,85,2026-08-27,白班,正常生产运行,0,,主数据集观测(众数),5
SCHEC-INPUT-V1.0,HB-AS01,无菌线,无菌冷灌装,24000,85,2026-08-27,夜班,正常生产运行,0,,主数据集观测(众数),2
SCHEC-INPUT-V1.0,HB-AS01,无菌线,无菌冷灌装,24000,85,2026-08-28,白班,正常生产运行,0,,主数据集观测(众数),5
SCHEC-INPUT-V1.0,HB-AS01,无菌线,无菌冷灌装,24000,85,2026-08-28,夜班,正常生产运行,0,,主数据集观测(众数),10
SCHEC-INPUT-V1.0,HB-AS01,无菌线,无菌冷灌装,24000,85,2026-08-29,白班,正常生产运行,0,,主数据集观测(众数),2
SCHEC-INPUT-V1.0,HB-AS01,无菌线,无菌冷灌装,24000,85,2026-08-29,夜班,正常生产运行,0,,主数据集观测(众数),5
SCHEC-INPUT-V1.0,HB-AS01,无菌线,无菌冷灌装,24000,85,2026-08-30,白班,正常生产运行,0,,主数据集观测(众数),1
SCHEC-INPUT-V1.0,HB-AS01,无菌线,无菌冷灌装,24000,85,2026-08-30,夜班,正常生产运行,0,,主数据集观测(众数),2
SCHEC-INPUT-V1.0,HB-AS01,无菌线,无菌冷灌装,24000,85,2026-08-31,白班,正常生产运行,0,,主数据集观测(众数),4
SCHEC-INPUT-V1.0,HB-AS01,无菌线,无菌冷灌装,24000,85,2026-08-31,夜班,正常生产运行,0,,主数据集观测(众数),1
SCHEC-INPUT-V1.0,HB-ENG,工程部内围(河北),PET瓶灌装,0,88,2026-07-01,白班,正常生产运行,0,,"默认(未观测,按正常生产)",0
SCHEC-INPUT-V1.0,HB-ENG,工程部内围(河北),PET瓶灌装,0,88,2026-07-01,夜班,正常生产运行,0,,主数据集观测(众数),1
SCHEC-INPUT-V1.0,HB-ENG,工程部内围(河北),PET瓶灌装,0,88,2026-07-02,白班,正常生产运行,0,,"默认(未观测,按正常生产)",0
SCHEC-INPUT-V1.0,HB-ENG,工程部内围(河北),PET瓶灌装,0,88,2026-07-02,夜班,正常生产运行,0,,"默认(未观测,按正常生产)",0
SCHEC-INPUT-V1.0,HB-ENG,工程部内围(河北),PET瓶灌装,0,88,2026-07-03,白班,正常生产运行,0,,"默认(未观测,按正常生产)",0
SCHEC-INPUT-V1.0,HB-ENG,工程部内围(河北),PET瓶灌装,0,88,2026-07-03,夜班,正常生产运行,0,,"默认(未观测,按正常生产)",0
SCHEC-INPUT-V1.0,HB-ENG,工程部内围(河北),PET瓶灌装,0,88,2026-07-04,白班,正常生产运行,0,,主数据集观测(众数),1
SCHEC-INPUT-V1.0,HB-ENG,工程部内围(河北),PET瓶灌装,0,88,2026-07-04,夜班,正常生产运行,0,,"默认(未观测,按正常生产)",0
SCHEC-INPUT-V1.0,HB-ENG,工程部内围(河北),PET瓶灌装,0,88,2026-07-05,白班,正常生产运行,0,,主数据集观测(众数),1
SCHEC-INPUT-V1.0,HB-ENG,工程部内围(河北),PET瓶灌装,0,88,2026-07-05,夜班,正常生产运行,0,,"默认(未观测,按正常生产)",0
SCHEC-INPUT-V1.0,HB-ENG,工程部内围(河北),PET瓶灌装,0,88,2026-07-06,白班,正常生产运行,0,,主数据集观测(众数),1
SCHEC-INPUT-V1.0,HB-ENG,工程部内围(河北),PET瓶灌装,0,88,2026-07-06,夜班,正常生产运行,0,,主数据集观测(众数),1
SCHEC-INPUT-V1.0,HB-ENG,工程部内围(河北),PET瓶灌装,0,88,2026-07-07,白班,正常生产运行,0,,"默认(未观测,按正常生产)",0
SCHEC-INPUT-V1.0,HB-ENG,工程部内围(河北),PET瓶灌装,0,88,2026-07-07,夜班,正常生产运行,0,,"默认(未观测,按正常生产)",0
SCHEC-INPUT-V1.0,HB-ENG,工程部内围(河北),PET瓶灌装,0,88,2026-07-08,白班,正常生产运行,0,,"默认(未观测,按正常生产)",0
SCHEC-INPUT-V1.0,HB-ENG,工程部内围(河北),PET瓶灌装,0,88,2026-07-08,夜班,正常生产运行,0,,"默认(未观测,按正常生产)",0
SCHEC-INPUT-V1.0,HB-ENG,工程部内围(河北),PET瓶灌装,0,88,2026-07-09,白班,正常生产运行,0,,"默认(未观测,按正常生产)",0
SCHEC-INPUT-V1.0,HB-ENG,工程部内围(河北),PET瓶灌装,0,88,2026-07-09,夜班,正常生产运行,0,,"默认(未观测,按正常生产)",0
SCHEC-INPUT-V1.0,HB-ENG,工程部内围(河北),PET瓶灌装,0,88,2026-07-10,白班,正常生产运行,0,,"默认(未观测,按正常生产)",0
SCHEC-INPUT-V1.0,HB-ENG,工程部内围(河北),PET瓶灌装,0,88,2026-07-10,夜班,正常生产运行,0,,"默认(未观测,按正常生产)",0
SCHEC-INPUT-V1.0,HB-ENG,工程部内围(河北),PET瓶灌装,0,88,2026-07-11,白班,正常生产运行,0,,主数据集观测(众数),1
SCHEC-INPUT-V1.0,HB-ENG,工程部内围(河北),PET瓶灌装,0,88,2026-07-11,夜班,正常生产运行,0,,"默认(未观测,按正常生产)",0
SCHEC-INPUT-V1.0,HB-ENG,工程部内围(河北),PET瓶灌装,0,88,2026-07-12,白班,正常生产运行,0,,主数据集观测(众数),1
SCHEC-INPUT-V1.0,HB-ENG,工程部内围(河北),PET瓶灌装,0,88,2026-07-12,夜班,正常生产运行,0,,"默认(未观测,按正常生产)",0
SCHEC-INPUT-V1.0,HB-ENG,工程部内围(河北),PET瓶灌装,0,88,2026-07-13,白班,正常生产运行,0,,"默认(未观测,按正常生产)",0
SCHEC-INPUT-V1.0,HB-ENG,工程部内围(河北),PET瓶灌装,0,88,2026-07-13,夜班,正常生产运行,0,,"默认(未观测,按正常生产)",0
SCHEC-INPUT-V1.0,HB-ENG,工程部内围(河北),PET瓶灌装,0,88,2026-07-14,白班,正常生产运行,0,,"默认(未观测,按正常生产)",0
SCHEC-INPUT-V1.0,HB-ENG,工程部内围(河北),PET瓶灌装,0,88,2026-07-14,夜班,正常生产运行,0,,"默认(未观测,按正常生产)",0
SCHEC-INPUT-V1.0,HB-ENG,工程部内围(河北),PET瓶灌装,0,88,2026-07-15,白班,正常生产运行,0,,主数据集观测(众数),8
SCHEC-INPUT-V1.0,HB-ENG,工程部内围(河北),PET瓶灌装,0,88,2026-07-15,夜班,正常生产运行,0,,"默认(未观测,按正常生产)",0
SCHEC-INPUT-V1.0,HB-ENG,工程部内围(河北),PET瓶灌装,0,88,2026-07-16,白班,正常生产运行,0,,主数据集观测(众数),1
SCHEC-INPUT-V1.0,HB-ENG,工程部内围(河北),PET瓶灌装,0,88,2026-07-16,夜班,正常生产运行,0,,"默认(未观测,按正常生产)",0
SCHEC-INPUT-V1.0,HB-ENG,工程部内围(河北),PET瓶灌装,0,88,2026-07-17,白班,正常生产运行,0,,"默认(未观测,按正常生产)",0
SCHEC-INPUT-V1.0,HB-ENG,工程部内围(河北),PET瓶灌装,0,88,2026-07-17,夜班,正常生产运行,0,,"默认(未观测,按正常生产)",0
SCHEC-INPUT-V1.0,HB-ENG,工程部内围(河北),PET瓶灌装,0,88,2026-07-18,白班,正常生产运行,0,,主数据集观测(众数),1
SCHEC-INPUT-V1.0,HB-ENG,工程部内围(河北),PET瓶灌装,0,88,2026-07-18,夜班,正常生产运行,0,,"默认(未观测,按正常生产)",0
SCHEC-INPUT-V1.0,HB-ENG,工程部内围(河北),PET瓶灌装,0,88,2026-07-19,白班,正常生产运行,0,,主数据集观测(众数),1
SCHEC-INPUT-V1.0,HB-ENG,工程部内围(河北),PET瓶灌装,0,88,2026-07-19,夜班,正常生产运行,0,,"默认(未观测,按正常生产)",0
SCHEC-INPUT-V1.0,HB-ENG,工程部内围(河北),PET瓶灌装,0,88,2026-07-20,白班,正常生产运行,0,,主数据集观测(众数),1
SCHEC-INPUT-V1.0,HB-ENG,工程部内围(河北),PET瓶灌装,0,88,2026-07-20,夜班,正常生产运行,0,,"默认(未观测,按正常生产)",0
SCHEC-INPUT-V1.0,HB-ENG,工程部内围(河北),PET瓶灌装,0,88,2026-07-21,白班,正常生产运行,0,,"默认(未观测,按正常生产)",0
SCHEC-INPUT-V1.0,HB-ENG,工程部内围(河北),PET瓶灌装,0,88,2026-07-21,夜班,正常生产运行,0,,"默认(未观测,按正常生产)",0
SCHEC-INPUT-V1.0,HB-ENG,工程部内围(河北),PET瓶灌装,0,88,2026-07-22,白班,正常生产运行,0,,"默认(未观测,按正常生产)",0
SCHEC-INPUT-V1.0,HB-ENG,工程部内围(河北),PET瓶灌装,0,88,2026-07-22,夜班,正常生产运行,0,,"默认(未观测,按正常生产)",0
SCHEC-INPUT-V1.0,HB-ENG,工程部内围(河北),PET瓶灌装,0,88,2026-07-23,白班,正常生产运行,0,,"默认(未观测,按正常生产)",0
SCHEC-INPUT-V1.0,HB-ENG,工程部内围(河北),PET瓶灌装,0,88,2026-07-23,夜班,正常生产运行,0,,"默认(未观测,按正常生产)",0
SCHEC-INPUT-V1.0,HB-ENG,工程部内围(河北),PET瓶灌装,0,88,2026-07-24,白班,正常生产运行,0,,主数据集观测(众数),1
SCHEC-INPUT-V1.0,HB-ENG,工程部内围(河北),PET瓶灌装,0,88,2026-07-24,夜班,正常生产运行,0,,"默认(未观测,按正常生产)",0
SCHEC-INPUT-V1.0,HB-ENG,工程部内围(河北),PET瓶灌装,0,88,2026-07-25,白班,正常生产运行,0,,"默认(未观测,按正常生产)",0
SCHEC-INPUT-V1.0,HB-ENG,工程部内围(河北),PET瓶灌装,0,88,2026-07-25,夜班,正常生产运行,0,,"默认(未观测,按正常生产)",0
SCHEC-INPUT-V1.0,HB-ENG,工程部内围(河北),PET瓶灌装,0,88,2026-07-26,白班,正常生产运行,0,,主数据集观测(众数),1
SCHEC-INPUT-V1.0,HB-ENG,工程部内围(河北),PET瓶灌装,0,88,2026-07-26,夜班,正常生产运行,0,,"默认(未观测,按正常生产)",0
SCHEC-INPUT-V1.0,HB-ENG,工程部内围(河北),PET瓶灌装,0,88,2026-07-27,白班,正常生产运行,0,,"默认(未观测,按正常生产)",0
SCHEC-INPUT-V1.0,HB-ENG,工程部内围(河北),PET瓶灌装,0,88,2026-07-27,夜班,正常生产运行,0,,"默认(未观测,按正常生产)",0
SCHEC-INPUT-V1.0,HB-ENG,工程部内围(河北),PET瓶灌装,0,88,2026-07-28,白班,正常生产运行,0,,主数据集观测(众数),2
SCHEC-INPUT-V1.0,HB-ENG,工程部内围(河北),PET瓶灌装,0,88,2026-07-28,夜班,正常生产运行,0,,"默认(未观测,按正常生产)",0
SCHEC-INPUT-V1.0,HB-ENG,工程部内围(河北),PET瓶灌装,0,88,2026-07-29,白班,正常生产运行,0,,"默认(未观测,按正常生产)",0
SCHEC-INPUT-V1.0,HB-ENG,工程部内围(河北),PET瓶灌装,0,88,2026-07-29,夜班,换型,1,C.碱洗,主数据集观测(众数),1
SCHEC-INPUT-V1.0,HB-ENG,工程部内围(河北),PET瓶灌装,0,88,2026-07-30,白班,正常生产运行,0,,"默认(未观测,按正常生产)",0
SCHEC-INPUT-V1.0,HB-ENG,工程部内围(河北),PET瓶灌装,0,88,2026-07-30,夜班,正常生产运行,0,,"默认(未观测,按正常生产)",0
SCHEC-INPUT-V1.0,HB-ENG,工程部内围(河北),PET瓶灌装,0,88,2026-07-31,白班,正常生产运行,0,,"默认(未观测,按正常生产)",0
SCHEC-INPUT-V1.0,HB-ENG,工程部内围(河北),PET瓶灌装,0,88,2026-07-31,夜班,正常生产运行,0,,"默认(未观测,按正常生产)",0
SCHEC-INPUT-V1.0,HB-ENG,工程部内围(河北),PET瓶灌装,0,88,2026-08-01,白班,正常生产运行,0,,"默认(未观测,按正常生产)",0
SCHEC-INPUT-V1.0,HB-ENG,工程部内围(河北),PET瓶灌装,0,88,2026-08-01,夜班,正常生产运行,0,,"默认(未观测,按正常生产)",0
SCHEC-INPUT-V1.0,HB-ENG,工程部内围(河北),PET瓶灌装,0,88,2026-08-02,白班,正常生产运行,0,,主数据集观测(众数),1
SCHEC-INPUT-V1.0,HB-ENG,工程部内围(河北),PET瓶灌装,0,88,2026-08-02,夜班,正常生产运行,0,,"默认(未观测,按正常生产)",0
SCHEC-INPUT-V1.0,HB-ENG,工程部内围(河北),PET瓶灌装,0,88,2026-08-03,白班,正常生产运行,0,,"默认(未观测,按正常生产)",0
SCHEC-INPUT-V1.0,HB-ENG,工程部内围(河北),PET瓶灌装,0,88,2026-08-03,夜班,正常生产运行,0,,"默认(未观测,按正常生产)",0
SCHEC-INPUT-V1.0,HB-ENG,工程部内围(河北),PET瓶灌装,0,88,2026-08-04,白班,正常生产运行,0,,主数据集观测(众数),1
SCHEC-INPUT-V1.0,HB-ENG,工程部内围(河北),PET瓶灌装,0,88,2026-08-04,夜班,正常生产运行,0,,主数据集观测(众数),2
SCHEC-INPUT-V1.0,HB-ENG,工程部内围(河北),PET瓶灌装,0,88,2026-08-05,白班,正常生产运行,0,,主数据集观测(众数),1
SCHEC-INPUT-V1.0,HB-ENG,工程部内围(河北),PET瓶灌装,0,88,2026-08-05,夜班,正常生产运行,0,,"默认(未观测,按正常生产)",0
SCHEC-INPUT-V1.0,HB-ENG,工程部内围(河北),PET瓶灌装,0,88,2026-08-06,白班,正常生产运行,0,,主数据集观测(众数),1
SCHEC-INPUT-V1.0,HB-ENG,工程部内围(河北),PET瓶灌装,0,88,2026-08-06,夜班,正常生产运行,0,,"默认(未观测,按正常生产)",0
SCHEC-INPUT-V1.0,HB-ENG,工程部内围(河北),PET瓶灌装,0,88,2026-08-07,白班,正常生产运行,0,,"默认(未观测,按正常生产)",0
SCHEC-INPUT-V1.0,HB-ENG,工程部内围(河北),PET瓶灌装,0,88,2026-08-07,夜班,正常生产运行,0,,"默认(未观测,按正常生产)",0
SCHEC-INPUT-V1.0,HB-ENG,工程部内围(河北),PET瓶灌装,0,88,2026-08-08,白班,正常生产运行,0,,"默认(未观测,按正常生产)",0
SCHEC-INPUT-V1.0,HB-ENG,工程部内围(河北),PET瓶灌装,0,88,2026-08-08,夜班,大修,0,,主数据集观测(众数),1
SCHEC-INPUT-V1.0,HB-ENG,工程部内围(河北),PET瓶灌装,0,88,2026-08-09,白班,正常生产运行,0,,"默认(未观测,按正常生产)",0
SCHEC-INPUT-V1.0,HB-ENG,工程部内围(河北),PET瓶灌装,0,88,2026-08-09,夜班,正常生产运行,0,,"默认(未观测,按正常生产)",0
SCHEC-INPUT-V1.0,HB-ENG,工程部内围(河北),PET瓶灌装,0,88,2026-08-10,白班,正常生产运行,0,,主数据集观测(众数),1
SCHEC-INPUT-V1.0,HB-ENG,工程部内围(河北),PET瓶灌装,0,88,2026-08-10,夜班,正常生产运行,0,,"默认(未观测,按正常生产)",0
SCHEC-INPUT-V1.0,HB-ENG,工程部内围(河北),PET瓶灌装,0,88,2026-08-11,白班,正常生产运行,0,,"默认(未观测,按正常生产)",0
SCHEC-INPUT-V1.0,HB-ENG,工程部内围(河北),PET瓶灌装,0,88,2026-08-11,夜班,正常生产运行,0,,"默认(未观测,按正常生产)",0
SCHEC-INPUT-V1.0,HB-ENG,工程部内围(河北),PET瓶灌装,0,88,2026-08-12,白班,正常生产运行,0,,主数据集观测(众数),1
SCHEC-INPUT-V1.0,HB-ENG,工程部内围(河北),PET瓶灌装,0,88,2026-08-12,夜班,正常生产运行,0,,"默认(未观测,按正常生产)",0
SCHEC-INPUT-V1.0,HB-ENG,工程部内围(河北),PET瓶灌装,0,88,2026-08-13,白班,换型,1,A.3步清洗,主数据集观测(众数),1
SCHEC-INPUT-V1.0,HB-ENG,工程部内围(河北),PET瓶灌装,0,88,2026-08-13,夜班,正常生产运行,0,,"默认(未观测,按正常生产)",0
SCHEC-INPUT-V1.0,HB-ENG,工程部内围(河北),PET瓶灌装,0,88,2026-08-14,白班,正常生产运行,0,,"默认(未观测,按正常生产)",0
SCHEC-INPUT-V1.0,HB-ENG,工程部内围(河北),PET瓶灌装,0,88,2026-08-14,夜班,正常生产运行,0,,"默认(未观测,按正常生产)",0
SCHEC-INPUT-V1.0,HB-ENG,工程部内围(河北),PET瓶灌装,0,88,2026-08-15,白班,正常生产运行,0,,主数据集观测(众数),8
SCHEC-INPUT-V1.0,HB-ENG,工程部内围(河北),PET瓶灌装,0,88,2026-08-15,夜班,正常生产运行,0,,"默认(未观测,按正常生产)",0
SCHEC-INPUT-V1.0,HB-ENG,工程部内围(河北),PET瓶灌装,0,88,2026-08-16,白班,正常生产运行,1,C.碱洗,主数据集观测(众数),2
SCHEC-INPUT-V1.0,HB-ENG,工程部内围(河北),PET瓶灌装,0,88,2026-08-16,夜班,正常生产运行,0,,"默认(未观测,按正常生产)",0
SCHEC-INPUT-V1.0,HB-ENG,工程部内围(河北),PET瓶灌装,0,88,2026-08-17,白班,正常生产运行,0,,主数据集观测(众数),1
SCHEC-INPUT-V1.0,HB-ENG,工程部内围(河北),PET瓶灌装,0,88,2026-08-17,夜班,正常生产运行,0,,"默认(未观测,按正常生产)",0
SCHEC-INPUT-V1.0,HB-ENG,工程部内围(河北),PET瓶灌装,0,88,2026-08-18,白班,正常生产运行,0,,主数据集观测(众数),1
SCHEC-INPUT-V1.0,HB-ENG,工程部内围(河北),PET瓶灌装,0,88,2026-08-18,夜班,正常生产运行,0,,"默认(未观测,按正常生产)",0
SCHEC-INPUT-V1.0,HB-ENG,工程部内围(河北),PET瓶灌装,0,88,2026-08-19,白班,正常生产运行,0,,主数据集观测(众数),1
SCHEC-INPUT-V1.0,HB-ENG,工程部内围(河北),PET瓶灌装,0,88,2026-08-19,夜班,正常生产运行,0,,"默认(未观测,按正常生产)",0
SCHEC-INPUT-V1.0,HB-ENG,工程部内围(河北),PET瓶灌装,0,88,2026-08-20,白班,正常生产运行,0,,"默认(未观测,按正常生产)",0
SCHEC-INPUT-V1.0,HB-ENG,工程部内围(河北),PET瓶灌装,0,88,2026-08-20,夜班,正常生产运行,0,,"默认(未观测,按正常生产)",0
SCHEC-INPUT-V1.0,HB-ENG,工程部内围(河北),PET瓶灌装,0,88,2026-08-21,白班,正常生产运行,0,,主数据集观测(众数),1
SCHEC-INPUT-V1.0,HB-ENG,工程部内围(河北),PET瓶灌装,0,88,2026-08-21,夜班,正常生产运行,0,,"默认(未观测,按正常生产)",0
SCHEC-INPUT-V1.0,HB-ENG,工程部内围(河北),PET瓶灌装,0,88,2026-08-22,白班,正常生产运行,0,,"默认(未观测,按正常生产)",0
SCHEC-INPUT-V1.0,HB-ENG,工程部内围(河北),PET瓶灌装,0,88,2026-08-22,夜班,正常生产运行,0,,"默认(未观测,按正常生产)",0
SCHEC-INPUT-V1.0,HB-ENG,工程部内围(河北),PET瓶灌装,0,88,2026-08-23,白班,正常生产运行,0,,主数据集观测(众数),1
SCHEC-INPUT-V1.0,HB-ENG,工程部内围(河北),PET瓶灌装,0,88,2026-08-23,夜班,正常生产运行,0,,主数据集观测(众数),1
SCHEC-INPUT-V1.0,HB-ENG,工程部内围(河北),PET瓶灌装,0,88,2026-08-24,白班,正常生产运行,0,,"默认(未观测,按正常生产)",0
SCHEC-INPUT-V1.0,HB-ENG,工程部内围(河北),PET瓶灌装,0,88,2026-08-24,夜班,正常生产运行,0,,"默认(未观测,按正常生产)",0
SCHEC-INPUT-V1.0,HB-ENG,工程部内围(河北),PET瓶灌装,0,88,2026-08-25,白班,正常生产运行,0,,"默认(未观测,按正常生产)",0
SCHEC-INPUT-V1.0,HB-ENG,工程部内围(河北),PET瓶灌装,0,88,2026-08-25,夜班,正常生产运行,0,,"默认(未观测,按正常生产)",0
SCHEC-INPUT-V1.0,HB-ENG,工程部内围(河北),PET瓶灌装,0,88,2026-08-26,白班,正常生产运行,0,,"默认(未观测,按正常生产)",0
SCHEC-INPUT-V1.0,HB-ENG,工程部内围(河北),PET瓶灌装,0,88,2026-08-26,夜班,正常生产运行,0,,"默认(未观测,按正常生产)",0
SCHEC-INPUT-V1.0,HB-ENG,工程部内围(河北),PET瓶灌装,0,88,2026-08-27,白班,正常生产运行,0,,主数据集观测(众数),1
SCHEC-INPUT-V1.0,HB-ENG,工程部内围(河北),PET瓶灌装,0,88,2026-08-27,夜班,正常生产运行,0,,"默认(未观测,按正常生产)",0
SCHEC-INPUT-V1.0,HB-ENG,工程部内围(河北),PET瓶灌装,0,88,2026-08-28,白班,正常生产运行,0,,"默认(未观测,按正常生产)",0
SCHEC-INPUT-V1.0,HB-ENG,工程部内围(河北),PET瓶灌装,0,88,2026-08-28,夜班,正常生产运行,0,,"默认(未观测,按正常生产)",0
SCHEC-INPUT-V1.0,HB-ENG,工程部内围(河北),PET瓶灌装,0,88,2026-08-29,白班,正常生产运行,0,,主数据集观测(众数),1
SCHEC-INPUT-V1.0,HB-ENG,工程部内围(河北),PET瓶灌装,0,88,2026-08-29,夜班,正常生产运行,0,,"默认(未观测,按正常生产)",0
SCHEC-INPUT-V1.0,HB-ENG,工程部内围(河北),PET瓶灌装,0,88,2026-08-30,白班,正常生产运行,0,,主数据集观测(众数),1
SCHEC-INPUT-V1.0,HB-ENG,工程部内围(河北),PET瓶灌装,0,88,2026-08-30,夜班,正常生产运行,0,,"默认(未观测,按正常生产)",0
SCHEC-INPUT-V1.0,HB-ENG,工程部内围(河北),PET瓶灌装,0,88,2026-08-31,白班,正常生产运行,0,,"默认(未观测,按正常生产)",0
SCHEC-INPUT-V1.0,HB-ENG,工程部内围(河北),PET瓶灌装,0,88,2026-08-31,夜班,正常生产运行,0,,"默认(未观测,按正常生产)",0
SCHEC-INPUT-V1.0,HB-ENG2,工程部外围(河北),PET瓶灌装,0,88,2026-07-01,白班,正常生产运行,0,,"默认(未观测,按正常生产)",0
SCHEC-INPUT-V1.0,HB-ENG2,工程部外围(河北),PET瓶灌装,0,88,2026-07-01,夜班,正常生产运行,0,,"默认(未观测,按正常生产)",0
SCHEC-INPUT-V1.0,HB-ENG2,工程部外围(河北),PET瓶灌装,0,88,2026-07-02,白班,正常生产运行,0,,主数据集观测(众数),1
SCHEC-INPUT-V1.0,HB-ENG2,工程部外围(河北),PET瓶灌装,0,88,2026-07-02,夜班,正常生产运行,0,,主数据集观测(众数),1
SCHEC-INPUT-V1.0,HB-ENG2,工程部外围(河北),PET瓶灌装,0,88,2026-07-03,白班,正常生产运行,0,,主数据集观测(众数),1
SCHEC-INPUT-V1.0,HB-ENG2,工程部外围(河北),PET瓶灌装,0,88,2026-07-03,夜班,正常生产运行,0,,主数据集观测(众数),1
SCHEC-INPUT-V1.0,HB-ENG2,工程部外围(河北),PET瓶灌装,0,88,2026-07-04,白班,正常生产运行,0,,"默认(未观测,按正常生产)",0
SCHEC-INPUT-V1.0,HB-ENG2,工程部外围(河北),PET瓶灌装,0,88,2026-07-04,夜班,正常生产运行,0,,"默认(未观测,按正常生产)",0
SCHEC-INPUT-V1.0,HB-ENG2,工程部外围(河北),PET瓶灌装,0,88,2026-07-05,白班,正常生产运行,0,,主数据集观测(众数),2
SCHEC-INPUT-V1.0,HB-ENG2,工程部外围(河北),PET瓶灌装,0,88,2026-07-05,夜班,正常生产运行,0,,主数据集观测(众数),3
SCHEC-INPUT-V1.0,HB-ENG2,工程部外围(河北),PET瓶灌装,0,88,2026-07-06,白班,正常生产运行,0,,"默认(未观测,按正常生产)",0
SCHEC-INPUT-V1.0,HB-ENG2,工程部外围(河北),PET瓶灌装,0,88,2026-07-06,夜班,正常生产运行,0,,主数据集观测(众数),1
SCHEC-INPUT-V1.0,HB-ENG2,工程部外围(河北),PET瓶灌装,0,88,2026-07-07,白班,正常生产运行,0,,主数据集观测(众数),1
SCHEC-INPUT-V1.0,HB-ENG2,工程部外围(河北),PET瓶灌装,0,88,2026-07-07,夜班,正常生产运行,0,,"默认(未观测,按正常生产)",0
SCHEC-INPUT-V1.0,HB-ENG2,工程部外围(河北),PET瓶灌装,0,88,2026-07-08,白班,正常生产运行,0,,"默认(未观测,按正常生产)",0
SCHEC-INPUT-V1.0,HB-ENG2,工程部外围(河北),PET瓶灌装,0,88,2026-07-08,夜班,正常生产运行,0,,"默认(未观测,按正常生产)",0
SCHEC-INPUT-V1.0,HB-ENG2,工程部外围(河北),PET瓶灌装,0,88,2026-07-09,白班,正常生产运行,0,,主数据集观测(众数),1
SCHEC-INPUT-V1.0,HB-ENG2,工程部外围(河北),PET瓶灌装,0,88,2026-07-09,夜班,正常生产运行,0,,"默认(未观测,按正常生产)",0
SCHEC-INPUT-V1.0,HB-ENG2,工程部外围(河北),PET瓶灌装,0,88,2026-07-10,白班,正常生产运行,0,,"默认(未观测,按正常生产)",0
SCHEC-INPUT-V1.0,HB-ENG2,工程部外围(河北),PET瓶灌装,0,88,2026-07-10,夜班,正常生产运行,0,,主数据集观测(众数),2
SCHEC-INPUT-V1.0,HB-ENG2,工程部外围(河北),PET瓶灌装,0,88,2026-07-11,白班,正常生产运行,0,,"默认(未观测,按正常生产)",0
SCHEC-INPUT-V1.0,HB-ENG2,工程部外围(河北),PET瓶灌装,0,88,2026-07-11,夜班,正常生产运行,0,,"默认(未观测,按正常生产)",0
SCHEC-INPUT-V1.0,HB-ENG2,工程部外围(河北),PET瓶灌装,0,88,2026-07-12,白班,正常生产运行,0,,主数据集观测(众数),1
SCHEC-INPUT-V1.0,HB-ENG2,工程部外围(河北),PET瓶灌装,0,88,2026-07-12,夜班,正常生产运行,0,,"默认(未观测,按正常生产)",0
SCHEC-INPUT-V1.0,HB-ENG2,工程部外围(河北),PET瓶灌装,0,88,2026-07-13,白班,正常生产运行,0,,"默认(未观测,按正常生产)",0
SCHEC-INPUT-V1.0,HB-ENG2,工程部外围(河北),PET瓶灌装,0,88,2026-07-13,夜班,正常生产运行,0,,"默认(未观测,按正常生产)",0
SCHEC-INPUT-V1.0,HB-ENG2,工程部外围(河北),PET瓶灌装,0,88,2026-07-14,白班,正常生产运行,0,,"默认(未观测,按正常生产)",0
SCHEC-INPUT-V1.0,HB-ENG2,工程部外围(河北),PET瓶灌装,0,88,2026-07-14,夜班,大修,0,,主数据集观测(众数),2
SCHEC-INPUT-V1.0,HB-ENG2,工程部外围(河北),PET瓶灌装,0,88,2026-07-15,白班,正常生产运行,0,,主数据集观测(众数),12
SCHEC-INPUT-V1.0,HB-ENG2,工程部外围(河北),PET瓶灌装,0,88,2026-07-15,夜班,正常生产运行,0,,"默认(未观测,按正常生产)",0
SCHEC-INPUT-V1.0,HB-ENG2,工程部外围(河北),PET瓶灌装,0,88,2026-07-16,白班,正常生产运行,0,,"默认(未观测,按正常生产)",0
SCHEC-INPUT-V1.0,HB-ENG2,工程部外围(河北),PET瓶灌装,0,88,2026-07-16,夜班,正常生产运行,0,,主数据集观测(众数),1
SCHEC-INPUT-V1.0,HB-ENG2,工程部外围(河北),PET瓶灌装,0,88,2026-07-17,白班,正常生产运行,1,A.3步清洗,主数据集观测(众数),3
SCHEC-INPUT-V1.0,HB-ENG2,工程部外围(河北),PET瓶灌装,0,88,2026-07-17,夜班,正常生产运行,0,,"默认(未观测,按正常生产)",0
SCHEC-INPUT-V1.0,HB-ENG2,工程部外围(河北),PET瓶灌装,0,88,2026-07-18,白班,正常生产运行,0,,"默认(未观测,按正常生产)",0
SCHEC-INPUT-V1.0,HB-ENG2,工程部外围(河北),PET瓶灌装,0,88,2026-07-18,夜班,正常生产运行,0,,主数据集观测(众数),1
SCHEC-INPUT-V1.0,HB-ENG2,工程部外围(河北),PET瓶灌装,0,88,2026-07-19,白班,大修,0,,主数据集观测(众数),4
SCHEC-INPUT-V1.0,HB-ENG2,工程部外围(河北),PET瓶灌装,0,88,2026-07-19,夜班,正常生产运行,0,,"默认(未观测,按正常生产)",0
SCHEC-INPUT-V1.0,HB-ENG2,工程部外围(河北),PET瓶灌装,0,88,2026-07-20,白班,正常生产运行,0,,"默认(未观测,按正常生产)",0
SCHEC-INPUT-V1.0,HB-ENG2,工程部外围(河北),PET瓶灌装,0,88,2026-07-20,夜班,正常生产运行,0,,主数据集观测(众数),1
SCHEC-INPUT-V1.0,HB-ENG2,工程部外围(河北),PET瓶灌装,0,88,2026-07-21,白班,正常生产运行,0,,主数据集观测(众数),1
SCHEC-INPUT-V1.0,HB-ENG2,工程部外围(河北),PET瓶灌装,0,88,2026-07-21,夜班,正常生产运行,0,,主数据集观测(众数),2
SCHEC-INPUT-V1.0,HB-ENG2,工程部外围(河北),PET瓶灌装,0,88,2026-07-22,白班,正常生产运行,0,,"默认(未观测,按正常生产)",0
SCHEC-INPUT-V1.0,HB-ENG2,工程部外围(河北),PET瓶灌装,0,88,2026-07-22,夜班,换型,1,C.碱洗,主数据集观测(众数),1
SCHEC-INPUT-V1.0,HB-ENG2,工程部外围(河北),PET瓶灌装,0,88,2026-07-23,白班,正常生产运行,0,,"默认(未观测,按正常生产)",0
SCHEC-INPUT-V1.0,HB-ENG2,工程部外围(河北),PET瓶灌装,0,88,2026-07-23,夜班,换型,1,F.5步热清洗消毒,主数据集观测(众数),1
SCHEC-INPUT-V1.0,HB-ENG2,工程部外围(河北),PET瓶灌装,0,88,2026-07-24,白班,正常生产运行,0,,主数据集观测(众数),1
SCHEC-INPUT-V1.0,HB-ENG2,工程部外围(河北),PET瓶灌装,0,88,2026-07-24,夜班,正常生产运行,0,,主数据集观测(众数),1
SCHEC-INPUT-V1.0,HB-ENG2,工程部外围(河北),PET瓶灌装,0,88,2026-07-25,白班,正常生产运行,0,,主数据集观测(众数),4
SCHEC-INPUT-V1.0,HB-ENG2,工程部外围(河北),PET瓶灌装,0,88,2026-07-25,夜班,正常生产运行,0,,"默认(未观测,按正常生产)",0
SCHEC-INPUT-V1.0,HB-ENG2,工程部外围(河北),PET瓶灌装,0,88,2026-07-26,白班,正常生产运行,0,,主数据集观测(众数),3
SCHEC-INPUT-V1.0,HB-ENG2,工程部外围(河北),PET瓶灌装,0,88,2026-07-26,夜班,正常生产运行,0,,主数据集观测(众数),1
SCHEC-INPUT-V1.0,HB-ENG2,工程部外围(河北),PET瓶灌装,0,88,2026-07-27,白班,正常生产运行,0,,"默认(未观测,按正常生产)",0
SCHEC-INPUT-V1.0,HB-ENG2,工程部外围(河北),PET瓶灌装,0,88,2026-07-27,夜班,正常生产运行,0,,主数据集观测(众数),1
SCHEC-INPUT-V1.0,HB-ENG2,工程部外围(河北),PET瓶灌装,0,88,2026-07-28,白班,正常生产运行,0,,主数据集观测(众数),1
SCHEC-INPUT-V1.0,HB-ENG2,工程部外围(河北),PET瓶灌装,0,88,2026-07-28,夜班,正常生产运行,0,,主数据集观测(众数),1
SCHEC-INPUT-V1.0,HB-ENG2,工程部外围(河北),PET瓶灌装,0,88,2026-07-29,白班,例行维护,0,,主数据集观测(众数),1
SCHEC-INPUT-V1.0,HB-ENG2,工程部外围(河北),PET瓶灌装,0,88,2026-07-29,夜班,正常生产运行,0,,"默认(未观测,按正常生产)",0
SCHEC-INPUT-V1.0,HB-ENG2,工程部外围(河北),PET瓶灌装,0,88,2026-07-30,白班,正常生产运行,0,,主数据集观测(众数),1
SCHEC-INPUT-V1.0,HB-ENG2,工程部外围(河北),PET瓶灌装,0,88,2026-07-30,夜班,正常生产运行,0,,主数据集观测(众数),2
SCHEC-INPUT-V1.0,HB-ENG2,工程部外围(河北),PET瓶灌装,0,88,2026-07-31,白班,正常生产运行,0,,主数据集观测(众数),1
SCHEC-INPUT-V1.0,HB-ENG2,工程部外围(河北),PET瓶灌装,0,88,2026-07-31,夜班,正常生产运行,0,,"默认(未观测,按正常生产)",0
SCHEC-INPUT-V1.0,HB-ENG2,工程部外围(河北),PET瓶灌装,0,88,2026-08-01,白班,正常生产运行,0,,主数据集观测(众数),1
SCHEC-INPUT-V1.0,HB-ENG2,工程部外围(河北),PET瓶灌装,0,88,2026-08-01,夜班,正常生产运行,0,,"默认(未观测,按正常生产)",0
SCHEC-INPUT-V1.0,HB-ENG2,工程部外围(河北),PET瓶灌装,0,88,2026-08-02,白班,正常生产运行,0,,主数据集观测(众数),1
SCHEC-INPUT-V1.0,HB-ENG2,工程部外围(河北),PET瓶灌装,0,88,2026-08-02,夜班,正常生产运行,0,,"默认(未观测,按正常生产)",0
SCHEC-INPUT-V1.0,HB-ENG2,工程部外围(河北),PET瓶灌装,0,88,2026-08-03,白班,正常生产运行,0,,主数据集观测(众数),4
SCHEC-INPUT-V1.0,HB-ENG2,工程部外围(河北),PET瓶灌装,0,88,2026-08-03,夜班,正常生产运行,0,,"默认(未观测,按正常生产)",0
SCHEC-INPUT-V1.0,HB-ENG2,工程部外围(河北),PET瓶灌装,0,88,2026-08-04,白班,例行维护,0,,主数据集观测(众数),1
SCHEC-INPUT-V1.0,HB-ENG2,工程部外围(河北),PET瓶灌装,0,88,2026-08-04,夜班,正常生产运行,0,,"默认(未观测,按正常生产)",0
SCHEC-INPUT-V1.0,HB-ENG2,工程部外围(河北),PET瓶灌装,0,88,2026-08-05,白班,正常生产运行,0,,"默认(未观测,按正常生产)",0
SCHEC-INPUT-V1.0,HB-ENG2,工程部外围(河北),PET瓶灌装,0,88,2026-08-05,夜班,正常生产运行,0,,"默认(未观测,按正常生产)",0
SCHEC-INPUT-V1.0,HB-ENG2,工程部外围(河北),PET瓶灌装,0,88,2026-08-06,白班,正常生产运行,0,,主数据集观测(众数),4
SCHEC-INPUT-V1.0,HB-ENG2,工程部外围(河北),PET瓶灌装,0,88,2026-08-06,夜班,正常生产运行,0,,主数据集观测(众数),1
SCHEC-INPUT-V1.0,HB-ENG2,工程部外围(河北),PET瓶灌装,0,88,2026-08-07,白班,正常生产运行,0,,主数据集观测(众数),1
SCHEC-INPUT-V1.0,HB-ENG2,工程部外围(河北),PET瓶灌装,0,88,2026-08-07,夜班,正常生产运行,0,,主数据集观测(众数),1
SCHEC-INPUT-V1.0,HB-ENG2,工程部外围(河北),PET瓶灌装,0,88,2026-08-08,白班,正常生产运行,0,,主数据集观测(众数),1
SCHEC-INPUT-V1.0,HB-ENG2,工程部外围(河北),PET瓶灌装,0,88,2026-08-08,夜班,正常生产运行,0,,主数据集观测(众数),2
SCHEC-INPUT-V1.0,HB-ENG2,工程部外围(河北),PET瓶灌装,0,88,2026-08-09,白班,正常生产运行,0,,主数据集观测(众数),1
SCHEC-INPUT-V1.0,HB-ENG2,工程部外围(河北),PET瓶灌装,0,88,2026-08-09,夜班,正常生产运行,0,,"默认(未观测,按正常生产)",0
SCHEC-INPUT-V1.0,HB-ENG2,工程部外围(河北),PET瓶灌装,0,88,2026-08-10,白班,换型,1,C.碱洗,主数据集观测(众数),1
SCHEC-INPUT-V1.0,HB-ENG2,工程部外围(河北),PET瓶灌装,0,88,2026-08-10,夜班,换型,1,F.5步热清洗消毒,主数据集观测(众数),1
SCHEC-INPUT-V1.0,HB-ENG2,工程部外围(河北),PET瓶灌装,0,88,2026-08-11,白班,正常生产运行,0,,"默认(未观测,按正常生产)",0
SCHEC-INPUT-V1.0,HB-ENG2,工程部外围(河北),PET瓶灌装,0,88,2026-08-11,夜班,正常生产运行,0,,"默认(未观测,按正常生产)",0
SCHEC-INPUT-V1.0,HB-ENG2,工程部外围(河北),PET瓶灌装,0,88,2026-08-12,白班,正常生产运行,0,,"默认(未观测,按正常生产)",0
SCHEC-INPUT-V1.0,HB-ENG2,工程部外围(河北),PET瓶灌装,0,88,2026-08-12,夜班,正常生产运行,0,,主数据集观测(众数),1
SCHEC-INPUT-V1.0,HB-ENG2,工程部外围(河北),PET瓶灌装,0,88,2026-08-13,白班,正常生产运行,0,,主数据集观测(众数),1
SCHEC-INPUT-V1.0,HB-ENG2,工程部外围(河北),PET瓶灌装,0,88,2026-08-13,夜班,正常生产运行,0,,主数据集观测(众数),1
SCHEC-INPUT-V1.0,HB-ENG2,工程部外围(河北),PET瓶灌装,0,88,2026-08-14,白班,正常生产运行,0,,"默认(未观测,按正常生产)",0
SCHEC-INPUT-V1.0,HB-ENG2,工程部外围(河北),PET瓶灌装,0,88,2026-08-14,夜班,正常生产运行,0,,"默认(未观测,按正常生产)",0
SCHEC-INPUT-V1.0,HB-ENG2,工程部外围(河北),PET瓶灌装,0,88,2026-08-15,白班,正常生产运行,0,,主数据集观测(众数),9
SCHEC-INPUT-V1.0,HB-ENG2,工程部外围(河北),PET瓶灌装,0,88,2026-08-15,夜班,正常生产运行,0,,"默认(未观测,按正常生产)",0
SCHEC-INPUT-V1.0,HB-ENG2,工程部外围(河北),PET瓶灌装,0,88,2026-08-16,白班,正常生产运行,0,,主数据集观测(众数),1
SCHEC-INPUT-V1.0,HB-ENG2,工程部外围(河北),PET瓶灌装,0,88,2026-08-16,夜班,正常生产运行,0,,"默认(未观测,按正常生产)",0
SCHEC-INPUT-V1.0,HB-ENG2,工程部外围(河北),PET瓶灌装,0,88,2026-08-17,白班,正常生产运行,0,,主数据集观测(众数),2
SCHEC-INPUT-V1.0,HB-ENG2,工程部外围(河北),PET瓶灌装,0,88,2026-08-17,夜班,正常生产运行,0,,主数据集观测(众数),1
SCHEC-INPUT-V1.0,HB-ENG2,工程部外围(河北),PET瓶灌装,0,88,2026-08-18,白班,换型,1,A.3步清洗,主数据集观测(众数),4
SCHEC-INPUT-V1.0,HB-ENG2,工程部外围(河北),PET瓶灌装,0,88,2026-08-18,夜班,正常生产运行,0,,"默认(未观测,按正常生产)",0
SCHEC-INPUT-V1.0,HB-ENG2,工程部外围(河北),PET瓶灌装,0,88,2026-08-19,白班,正常生产运行,0,,主数据集观测(众数),1
SCHEC-INPUT-V1.0,HB-ENG2,工程部外围(河北),PET瓶灌装,0,88,2026-08-19,夜班,正常生产运行,0,,"默认(未观测,按正常生产)",0
SCHEC-INPUT-V1.0,HB-ENG2,工程部外围(河北),PET瓶灌装,0,88,2026-08-20,白班,正常生产运行,1,C.碱洗,主数据集观测(众数),2
SCHEC-INPUT-V1.0,HB-ENG2,工程部外围(河北),PET瓶灌装,0,88,2026-08-20,夜班,正常生产运行,0,,"默认(未观测,按正常生产)",0
SCHEC-INPUT-V1.0,HB-ENG2,工程部外围(河北),PET瓶灌装,0,88,2026-08-21,白班,正常生产运行,1,B.4步清洗,主数据集观测(众数),2
SCHEC-INPUT-V1.0,HB-ENG2,工程部外围(河北),PET瓶灌装,0,88,2026-08-21,夜班,正常生产运行,0,,"默认(未观测,按正常生产)",0
SCHEC-INPUT-V1.0,HB-ENG2,工程部外围(河北),PET瓶灌装,0,88,2026-08-22,白班,正常生产运行,0,,主数据集观测(众数),1
SCHEC-INPUT-V1.0,HB-ENG2,工程部外围(河北),PET瓶灌装,0,88,2026-08-22,夜班,正常生产运行,0,,主数据集观测(众数),5
SCHEC-INPUT-V1.0,HB-ENG2,工程部外围(河北),PET瓶灌装,0,88,2026-08-23,白班,正常生产运行,0,,主数据集观测(众数),1
SCHEC-INPUT-V1.0,HB-ENG2,工程部外围(河北),PET瓶灌装,0,88,2026-08-23,夜班,正常生产运行,0,,"默认(未观测,按正常生产)",0
SCHEC-INPUT-V1.0,HB-ENG2,工程部外围(河北),PET瓶灌装,0,88,2026-08-24,白班,正常生产运行,0,,主数据集观测(众数),1
SCHEC-INPUT-V1.0,HB-ENG2,工程部外围(河北),PET瓶灌装,0,88,2026-08-24,夜班,正常生产运行,0,,"默认(未观测,按正常生产)",0
SCHEC-INPUT-V1.0,HB-ENG2,工程部外围(河北),PET瓶灌装,0,88,2026-08-25,白班,正常生产运行,0,,"默认(未观测,按正常生产)",0
SCHEC-INPUT-V1.0,HB-ENG2,工程部外围(河北),PET瓶灌装,0,88,2026-08-25,夜班,正常生产运行,0,,主数据集观测(众数),2
SCHEC-INPUT-V1.0,HB-ENG2,工程部外围(河北),PET瓶灌装,0,88,2026-08-26,白班,正常生产运行,0,,"默认(未观测,按正常生产)",0
SCHEC-INPUT-V1.0,HB-ENG2,工程部外围(河北),PET瓶灌装,0,88,2026-08-26,夜班,正常生产运行,0,,主数据集观测(众数),1
SCHEC-INPUT-V1.0,HB-ENG2,工程部外围(河北),PET瓶灌装,0,88,2026-08-27,白班,正常生产运行,0,,主数据集观测(众数),1
SCHEC-INPUT-V1.0,HB-ENG2,工程部外围(河北),PET瓶灌装,0,88,2026-08-27,夜班,正常生产运行,0,,主数据集观测(众数),2
SCHEC-INPUT-V1.0,HB-ENG2,工程部外围(河北),PET瓶灌装,0,88,2026-08-28,白班,正常生产运行,1,B.4步清洗,主数据集观测(众数),3
SCHEC-INPUT-V1.0,HB-ENG2,工程部外围(河北),PET瓶灌装,0,88,2026-08-28,夜班,正常生产运行,0,,"默认(未观测,按正常生产)",0
SCHEC-INPUT-V1.0,HB-ENG2,工程部外围(河北),PET瓶灌装,0,88,2026-08-29,白班,换型,1,F.5步热清洗消毒,主数据集观测(众数),2
SCHEC-INPUT-V1.0,HB-ENG2,工程部外围(河北),PET瓶灌装,0,88,2026-08-29,夜班,换型,1,F.5步热清洗消毒,主数据集观测(众数),1
SCHEC-INPUT-V1.0,HB-ENG2,工程部外围(河北),PET瓶灌装,0,88,2026-08-30,白班,正常生产运行,0,,主数据集观测(众数),2
SCHEC-INPUT-V1.0,HB-ENG2,工程部外围(河北),PET瓶灌装,0,88,2026-08-30,夜班,正常生产运行,0,,"默认(未观测,按正常生产)",0
SCHEC-INPUT-V1.0,HB-ENG2,工程部外围(河北),PET瓶灌装,0,88,2026-08-31,白班,正常生产运行,0,,主数据集观测(众数),2
SCHEC-INPUT-V1.0,HB-ENG2,工程部外围(河北),PET瓶灌装,0,88,2026-08-31,夜班,正常生产运行,0,,"默认(未观测,按正常生产)",0
SCHEC-INPUT-V1.0,HB-PET01,PET01线(汽水),PET瓶灌装,52800,90,2026-07-01,白班,正常生产运行,0,,主数据集观测(众数),1
SCHEC-INPUT-V1.0,HB-PET01,PET01线(汽水),PET瓶灌装,52800,90,2026-07-01,夜班,正常生产运行,0,,主数据集观测(众数),5
SCHEC-INPUT-V1.0,HB-PET01,PET01线(汽水),PET瓶灌装,52800,90,2026-07-02,白班,正常生产运行,0,,主数据集观测(众数),1
SCHEC-INPUT-V1.0,HB-PET01,PET01线(汽水),PET瓶灌装,52800,90,2026-07-02,夜班,正常生产运行,0,,主数据集观测(众数),1
SCHEC-INPUT-V1.0,HB-PET01,PET01线(汽水),PET瓶灌装,52800,90,2026-07-03,白班,正常生产运行,0,,主数据集观测(众数),1
SCHEC-INPUT-V1.0,HB-PET01,PET01线(汽水),PET瓶灌装,52800,90,2026-07-03,夜班,正常生产运行,0,,主数据集观测(众数),5
SCHEC-INPUT-V1.0,HB-PET01,PET01线(汽水),PET瓶灌装,52800,90,2026-07-04,白班,换型,1,B.4步清洗,主数据集观测(众数),2
SCHEC-INPUT-V1.0,HB-PET01,PET01线(汽水),PET瓶灌装,52800,90,2026-07-04,夜班,换型,1,B.4步清洗,主数据集观测(众数),1
SCHEC-INPUT-V1.0,HB-PET01,PET01线(汽水),PET瓶灌装,52800,90,2026-07-05,白班,正常生产运行,0,,主数据集观测(众数),1
SCHEC-INPUT-V1.0,HB-PET01,PET01线(汽水),PET瓶灌装,52800,90,2026-07-05,夜班,正常生产运行,0,,主数据集观测(众数),3
SCHEC-INPUT-V1.0,HB-PET01,PET01线(汽水),PET瓶灌装,52800,90,2026-07-06,白班,正常生产运行,0,,主数据集观测(众数),1
SCHEC-INPUT-V1.0,HB-PET01,PET01线(汽水),PET瓶灌装,52800,90,2026-07-06,夜班,正常生产运行,0,,主数据集观测(众数),6
SCHEC-INPUT-V1.0,HB-PET01,PET01线(汽水),PET瓶灌装,52800,90,2026-07-07,白班,正常生产运行,0,,主数据集观测(众数),1
SCHEC-INPUT-V1.0,HB-PET01,PET01线(汽水),PET瓶灌装,52800,90,2026-07-07,夜班,正常生产运行,0,,主数据集观测(众数),1
SCHEC-INPUT-V1.0,HB-PET01,PET01线(汽水),PET瓶灌装,52800,90,2026-07-08,白班,换型,1,B.4步清洗,主数据集观测(众数),1
SCHEC-INPUT-V1.0,HB-PET01,PET01线(汽水),PET瓶灌装,52800,90,2026-07-08,夜班,换型,1,F.5步热清洗消毒,主数据集观测(众数),6
SCHEC-INPUT-V1.0,HB-PET01,PET01线(汽水),PET瓶灌装,52800,90,2026-07-09,白班,正常生产运行,0,,主数据集观测(众数),4
SCHEC-INPUT-V1.0,HB-PET01,PET01线(汽水),PET瓶灌装,52800,90,2026-07-09,夜班,正常生产运行,0,,主数据集观测(众数),2
SCHEC-INPUT-V1.0,HB-PET01,PET01线(汽水),PET瓶灌装,52800,90,2026-07-10,白班,正常生产运行,0,,"默认(未观测,按正常生产)",0
SCHEC-INPUT-V1.0,HB-PET01,PET01线(汽水),PET瓶灌装,52800,90,2026-07-10,夜班,正常生产运行,0,,主数据集观测(众数),1
SCHEC-INPUT-V1.0,HB-PET01,PET01线(汽水),PET瓶灌装,52800,90,2026-07-11,白班,正常生产运行,0,,"默认(未观测,按正常生产)",0
SCHEC-INPUT-V1.0,HB-PET01,PET01线(汽水),PET瓶灌装,52800,90,2026-07-11,夜班,正常生产运行,0,,"默认(未观测,按正常生产)",0
SCHEC-INPUT-V1.0,HB-PET01,PET01线(汽水),PET瓶灌装,52800,90,2026-07-12,白班,正常生产运行,0,,主数据集观测(众数),4
SCHEC-INPUT-V1.0,HB-PET01,PET01线(汽水),PET瓶灌装,52800,90,2026-07-12,夜班,正常生产运行,0,,"默认(未观测,按正常生产)",0
SCHEC-INPUT-V1.0,HB-PET01,PET01线(汽水),PET瓶灌装,52800,90,2026-07-13,白班,正常生产运行,0,,主数据集观测(众数),1
SCHEC-INPUT-V1.0,HB-PET01,PET01线(汽水),PET瓶灌装,52800,90,2026-07-13,夜班,正常生产运行,0,,主数据集观测(众数),2
SCHEC-INPUT-V1.0,HB-PET01,PET01线(汽水),PET瓶灌装,52800,90,2026-07-14,白班,换型,1,A.3步清洗,主数据集观测(众数),2
SCHEC-INPUT-V1.0,HB-PET01,PET01线(汽水),PET瓶灌装,52800,90,2026-07-14,夜班,换型,1,B.4步清洗,主数据集观测(众数),6
SCHEC-INPUT-V1.0,HB-PET01,PET01线(汽水),PET瓶灌装,52800,90,2026-07-15,白班,正常生产运行,0,,主数据集观测(众数),17
SCHEC-INPUT-V1.0,HB-PET01,PET01线(汽水),PET瓶灌装,52800,90,2026-07-15,夜班,正常生产运行,0,,主数据集观测(众数),1
SCHEC-INPUT-V1.0,HB-PET01,PET01线(汽水),PET瓶灌装,52800,90,2026-07-16,白班,正常生产运行,0,,主数据集观测(众数),5
SCHEC-INPUT-V1.0,HB-PET01,PET01线(汽水),PET瓶灌装,52800,90,2026-07-16,夜班,正常生产运行,0,,主数据集观测(众数),2
SCHEC-INPUT-V1.0,HB-PET01,PET01线(汽水),PET瓶灌装,52800,90,2026-07-17,白班,正常生产运行,0,,主数据集观测(众数),1
SCHEC-INPUT-V1.0,HB-PET01,PET01线(汽水),PET瓶灌装,52800,90,2026-07-17,夜班,正常生产运行,0,,主数据集观测(众数),1
SCHEC-INPUT-V1.0,HB-PET01,PET01线(汽水),PET瓶灌装,52800,90,2026-07-18,白班,正常生产运行,0,,主数据集观测(众数),2
SCHEC-INPUT-V1.0,HB-PET01,PET01线(汽水),PET瓶灌装,52800,90,2026-07-18,夜班,正常生产运行,0,,主数据集观测(众数),6
SCHEC-INPUT-V1.0,HB-PET01,PET01线(汽水),PET瓶灌装,52800,90,2026-07-19,白班,正常生产运行,0,,主数据集观测(众数),18
SCHEC-INPUT-V1.0,HB-PET01,PET01线(汽水),PET瓶灌装,52800,90,2026-07-19,夜班,正常生产运行,0,,主数据集观测(众数),5
SCHEC-INPUT-V1.0,HB-PET01,PET01线(汽水),PET瓶灌装,52800,90,2026-07-20,白班,正常生产运行,0,,"默认(未观测,按正常生产)",0
SCHEC-INPUT-V1.0,HB-PET01,PET01线(汽水),PET瓶灌装,52800,90,2026-07-20,夜班,正常生产运行,0,,"默认(未观测,按正常生产)",0
SCHEC-INPUT-V1.0,HB-PET01,PET01线(汽水),PET瓶灌装,52800,90,2026-07-21,白班,正常生产运行,0,,主数据集观测(众数),4
SCHEC-INPUT-V1.0,HB-PET01,PET01线(汽水),PET瓶灌装,52800,90,2026-07-21,夜班,正常生产运行,0,,主数据集观测(众数),5
SCHEC-INPUT-V1.0,HB-PET01,PET01线(汽水),PET瓶灌装,52800,90,2026-07-22,白班,换型,1,A.3步清洗,主数据集观测(众数),2
SCHEC-INPUT-V1.0,HB-PET01,PET01线(汽水),PET瓶灌装,52800,90,2026-07-22,夜班,换型,1,F.5步热清洗消毒,主数据集观测(众数),10
SCHEC-INPUT-V1.0,HB-PET01,PET01线(汽水),PET瓶灌装,52800,90,2026-07-23,白班,正常生产运行,0,,主数据集观测(众数),6
SCHEC-INPUT-V1.0,HB-PET01,PET01线(汽水),PET瓶灌装,52800,90,2026-07-23,夜班,正常生产运行,0,,主数据集观测(众数),2
SCHEC-INPUT-V1.0,HB-PET01,PET01线(汽水),PET瓶灌装,52800,90,2026-07-24,白班,正常生产运行,0,,主数据集观测(众数),4
SCHEC-INPUT-V1.0,HB-PET01,PET01线(汽水),PET瓶灌装,52800,90,2026-07-24,夜班,正常生产运行,0,,主数据集观测(众数),1
SCHEC-INPUT-V1.0,HB-PET01,PET01线(汽水),PET瓶灌装,52800,90,2026-07-25,白班,正常生产运行,0,,主数据集观测(众数),5
SCHEC-INPUT-V1.0,HB-PET01,PET01线(汽水),PET瓶灌装,52800,90,2026-07-25,夜班,正常生产运行,0,,主数据集观测(众数),6
SCHEC-INPUT-V1.0,HB-PET01,PET01线(汽水),PET瓶灌装,52800,90,2026-07-26,白班,正常生产运行,1,A.3步清洗,主数据集观测(众数),2
SCHEC-INPUT-V1.0,HB-PET01,PET01线(汽水),PET瓶灌装,52800,90,2026-07-26,夜班,换型,1,A.3步清洗,主数据集观测(众数),4
SCHEC-INPUT-V1.0,HB-PET01,PET01线(汽水),PET瓶灌装,52800,90,2026-07-27,白班,正常生产运行,0,,主数据集观测(众数),8
SCHEC-INPUT-V1.0,HB-PET01,PET01线(汽水),PET瓶灌装,52800,90,2026-07-27,夜班,正常生产运行,0,,主数据集观测(众数),3
SCHEC-INPUT-V1.0,HB-PET01,PET01线(汽水),PET瓶灌装,52800,90,2026-07-28,白班,正常生产运行,0,,主数据集观测(众数),3
SCHEC-INPUT-V1.0,HB-PET01,PET01线(汽水),PET瓶灌装,52800,90,2026-07-28,夜班,正常生产运行,1,C.碱洗,主数据集观测(众数),5
SCHEC-INPUT-V1.0,HB-PET01,PET01线(汽水),PET瓶灌装,52800,90,2026-07-29,白班,正常生产运行,0,,主数据集观测(众数),2
SCHEC-INPUT-V1.0,HB-PET01,PET01线(汽水),PET瓶灌装,52800,90,2026-07-29,夜班,正常生产运行,0,,主数据集观测(众数),5
SCHEC-INPUT-V1.0,HB-PET01,PET01线(汽水),PET瓶灌装,52800,90,2026-07-30,白班,正常生产运行,0,,主数据集观测(众数),1
SCHEC-INPUT-V1.0,HB-PET01,PET01线(汽水),PET瓶灌装,52800,90,2026-07-30,夜班,正常生产运行,0,,主数据集观测(众数),6
SCHEC-INPUT-V1.0,HB-PET01,PET01线(汽水),PET瓶灌装,52800,90,2026-07-31,白班,正常生产运行,0,,主数据集观测(众数),5
SCHEC-INPUT-V1.0,HB-PET01,PET01线(汽水),PET瓶灌装,52800,90,2026-07-31,夜班,正常生产运行,0,,主数据集观测(众数),1
SCHEC-INPUT-V1.0,HB-PET01,PET01线(汽水),PET瓶灌装,52800,90,2026-08-01,白班,正常生产运行,0,,主数据集观测(众数),6
SCHEC-INPUT-V1.0,HB-PET01,PET01线(汽水),PET瓶灌装,52800,90,2026-08-01,夜班,正常生产运行,0,,主数据集观测(众数),6
SCHEC-INPUT-V1.0,HB-PET01,PET01线(汽水),PET瓶灌装,52800,90,2026-08-02,白班,正常生产运行,0,,主数据集观测(众数),3
SCHEC-INPUT-V1.0,HB-PET01,PET01线(汽水),PET瓶灌装,52800,90,2026-08-02,夜班,正常生产运行,0,,主数据集观测(众数),8
SCHEC-INPUT-V1.0,HB-PET01,PET01线(汽水),PET瓶灌装,52800,90,2026-08-03,白班,正常生产运行,0,,主数据集观测(众数),2
SCHEC-INPUT-V1.0,HB-PET01,PET01线(汽水),PET瓶灌装,52800,90,2026-08-03,夜班,正常生产运行,0,,"默认(未观测,按正常生产)",0
SCHEC-INPUT-V1.0,HB-PET01,PET01线(汽水),PET瓶灌装,52800,90,2026-08-04,白班,正常生产运行,0,,"默认(未观测,按正常生产)",0
SCHEC-INPUT-V1.0,HB-PET01,PET01线(汽水),PET瓶灌装,52800,90,2026-08-04,夜班,正常生产运行,0,,"默认(未观测,按正常生产)",0
SCHEC-INPUT-V1.0,HB-PET01,PET01线(汽水),PET瓶灌装,52800,90,2026-08-05,白班,正常生产运行,0,,主数据集观测(众数),5
SCHEC-INPUT-V1.0,HB-PET01,PET01线(汽水),PET瓶灌装,52800,90,2026-08-05,夜班,正常生产运行,0,,主数据集观测(众数),4
SCHEC-INPUT-V1.0,HB-PET01,PET01线(汽水),PET瓶灌装,52800,90,2026-08-06,白班,正常生产运行,0,,主数据集观测(众数),5
SCHEC-INPUT-V1.0,HB-PET01,PET01线(汽水),PET瓶灌装,52800,90,2026-08-06,夜班,正常生产运行,0,,"默认(未观测,按正常生产)",0
SCHEC-INPUT-V1.0,HB-PET01,PET01线(汽水),PET瓶灌装,52800,90,2026-08-07,白班,换型,1,C.碱洗,主数据集观测(众数),1
SCHEC-INPUT-V1.0,HB-PET01,PET01线(汽水),PET瓶灌装,52800,90,2026-08-07,夜班,换型,1,C.碱洗,主数据集观测(众数),6
SCHEC-INPUT-V1.0,HB-PET01,PET01线(汽水),PET瓶灌装,52800,90,2026-08-08,白班,正常生产运行,0,,主数据集观测(众数),10
SCHEC-INPUT-V1.0,HB-PET01,PET01线(汽水),PET瓶灌装,52800,90,2026-08-08,夜班,正常生产运行,0,,主数据集观测(众数),1
SCHEC-INPUT-V1.0,HB-PET01,PET01线(汽水),PET瓶灌装,52800,90,2026-08-09,白班,正常生产运行,0,,主数据集观测(众数),3
SCHEC-INPUT-V1.0,HB-PET01,PET01线(汽水),PET瓶灌装,52800,90,2026-08-09,夜班,正常生产运行,0,,主数据集观测(众数),1
SCHEC-INPUT-V1.0,HB-PET01,PET01线(汽水),PET瓶灌装,52800,90,2026-08-10,白班,正常生产运行,0,,主数据集观测(众数),4
SCHEC-INPUT-V1.0,HB-PET01,PET01线(汽水),PET瓶灌装,52800,90,2026-08-10,夜班,正常生产运行,0,,主数据集观测(众数),4
SCHEC-INPUT-V1.0,HB-PET01,PET01线(汽水),PET瓶灌装,52800,90,2026-08-11,白班,正常生产运行,0,,主数据集观测(众数),1
SCHEC-INPUT-V1.0,HB-PET01,PET01线(汽水),PET瓶灌装,52800,90,2026-08-11,夜班,正常生产运行,0,,"默认(未观测,按正常生产)",0
SCHEC-INPUT-V1.0,HB-PET01,PET01线(汽水),PET瓶灌装,52800,90,2026-08-12,白班,正常生产运行,0,,主数据集观测(众数),5
SCHEC-INPUT-V1.0,HB-PET01,PET01线(汽水),PET瓶灌装,52800,90,2026-08-12,夜班,正常生产运行,0,,主数据集观测(众数),7
SCHEC-INPUT-V1.0,HB-PET01,PET01线(汽水),PET瓶灌装,52800,90,2026-08-13,白班,正常生产运行,0,,主数据集观测(众数),7
SCHEC-INPUT-V1.0,HB-PET01,PET01线(汽水),PET瓶灌装,52800,90,2026-08-13,夜班,正常生产运行,0,,主数据集观测(众数),4
SCHEC-INPUT-V1.0,HB-PET01,PET01线(汽水),PET瓶灌装,52800,90,2026-08-14,白班,正常生产运行,0,,主数据集观测(众数),2
SCHEC-INPUT-V1.0,HB-PET01,PET01线(汽水),PET瓶灌装,52800,90,2026-08-14,夜班,正常生产运行,0,,主数据集观测(众数),4
SCHEC-INPUT-V1.0,HB-PET01,PET01线(汽水),PET瓶灌装,52800,90,2026-08-15,白班,正常生产运行,0,,主数据集观测(众数),23
SCHEC-INPUT-V1.0,HB-PET01,PET01线(汽水),PET瓶灌装,52800,90,2026-08-15,夜班,正常生产运行,0,,主数据集观测(众数),4
SCHEC-INPUT-V1.0,HB-PET01,PET01线(汽水),PET瓶灌装,52800,90,2026-08-16,白班,正常生产运行,0,,主数据集观测(众数),6
SCHEC-INPUT-V1.0,HB-PET01,PET01线(汽水),PET瓶灌装,52800,90,2026-08-16,夜班,正常生产运行,0,,主数据集观测(众数),5
SCHEC-INPUT-V1.0,HB-PET01,PET01线(汽水),PET瓶灌装,52800,90,2026-08-17,白班,正常生产运行,0,,主数据集观测(众数),3
SCHEC-INPUT-V1.0,HB-PET01,PET01线(汽水),PET瓶灌装,52800,90,2026-08-17,夜班,正常生产运行,0,,"默认(未观测,按正常生产)",0
SCHEC-INPUT-V1.0,HB-PET01,PET01线(汽水),PET瓶灌装,52800,90,2026-08-18,白班,正常生产运行,0,,主数据集观测(众数),4
SCHEC-INPUT-V1.0,HB-PET01,PET01线(汽水),PET瓶灌装,52800,90,2026-08-18,夜班,正常生产运行,0,,主数据集观测(众数),4
SCHEC-INPUT-V1.0,HB-PET01,PET01线(汽水),PET瓶灌装,52800,90,2026-08-19,白班,正常生产运行,0,,主数据集观测(众数),2
SCHEC-INPUT-V1.0,HB-PET01,PET01线(汽水),PET瓶灌装,52800,90,2026-08-19,夜班,正常生产运行,0,,"默认(未观测,按正常生产)",0
SCHEC-INPUT-V1.0,HB-PET01,PET01线(汽水),PET瓶灌装,52800,90,2026-08-20,白班,正常生产运行,0,,主数据集观测(众数),4
SCHEC-INPUT-V1.0,HB-PET01,PET01线(汽水),PET瓶灌装,52800,90,2026-08-20,夜班,正常生产运行,0,,主数据集观测(众数),2
SCHEC-INPUT-V1.0,HB-PET01,PET01线(汽水),PET瓶灌装,52800,90,2026-08-21,白班,正常生产运行,0,,主数据集观测(众数),8
SCHEC-INPUT-V1.0,HB-PET01,PET01线(汽水),PET瓶灌装,52800,90,2026-08-21,夜班,正常生产运行,0,,主数据集观测(众数),2
SCHEC-INPUT-V1.0,HB-PET01,PET01线(汽水),PET瓶灌装,52800,90,2026-08-22,白班,正常生产运行,0,,主数据集观测(众数),5
SCHEC-INPUT-V1.0,HB-PET01,PET01线(汽水),PET瓶灌装,52800,90,2026-08-22,夜班,正常生产运行,0,,主数据集观测(众数),1
SCHEC-INPUT-V1.0,HB-PET01,PET01线(汽水),PET瓶灌装,52800,90,2026-08-23,白班,正常生产运行,0,,"默认(未观测,按正常生产)",0
SCHEC-INPUT-V1.0,HB-PET01,PET01线(汽水),PET瓶灌装,52800,90,2026-08-23,夜班,正常生产运行,0,,主数据集观测(众数),1
SCHEC-INPUT-V1.0,HB-PET01,PET01线(汽水),PET瓶灌装,52800,90,2026-08-24,白班,正常生产运行,0,,主数据集观测(众数),4
SCHEC-INPUT-V1.0,HB-PET01,PET01线(汽水),PET瓶灌装,52800,90,2026-08-24,夜班,正常生产运行,0,,主数据集观测(众数),3
SCHEC-INPUT-V1.0,HB-PET01,PET01线(汽水),PET瓶灌装,52800,90,2026-08-25,白班,换型,1,C.碱洗,主数据集观测(众数),7
SCHEC-INPUT-V1.0,HB-PET01,PET01线(汽水),PET瓶灌装,52800,90,2026-08-25,夜班,换型,1,F.5步热清洗消毒,主数据集观测(众数),5
SCHEC-INPUT-V1.0,HB-PET01,PET01线(汽水),PET瓶灌装,52800,90,2026-08-26,白班,正常生产运行,0,,主数据集观测(众数),7
SCHEC-INPUT-V1.0,HB-PET01,PET01线(汽水),PET瓶灌装,52800,90,2026-08-26,夜班,正常生产运行,0,,主数据集观测(众数),6
SCHEC-INPUT-V1.0,HB-PET01,PET01线(汽水),PET瓶灌装,52800,90,2026-08-27,白班,正常生产运行,0,,主数据集观测(众数),6
SCHEC-INPUT-V1.0,HB-PET01,PET01线(汽水),PET瓶灌装,52800,90,2026-08-27,夜班,正常生产运行,0,,主数据集观测(众数),3
SCHEC-INPUT-V1.0,HB-PET01,PET01线(汽水),PET瓶灌装,52800,90,2026-08-28,白班,正常生产运行,0,,"默认(未观测,按正常生产)",0
SCHEC-INPUT-V1.0,HB-PET01,PET01线(汽水),PET瓶灌装,52800,90,2026-08-28,夜班,正常生产运行,0,,"默认(未观测,按正常生产)",0
SCHEC-INPUT-V1.0,HB-PET01,PET01线(汽水),PET瓶灌装,52800,90,2026-08-29,白班,换型,1,C.碱洗,主数据集观测(众数),5
SCHEC-INPUT-V1.0,HB-PET01,PET01线(汽水),PET瓶灌装,52800,90,2026-08-29,夜班,换型,1,A.3步清洗,主数据集观测(众数),10
SCHEC-INPUT-V1.0,HB-PET01,PET01线(汽水),PET瓶灌装,52800,90,2026-08-30,白班,正常生产运行,0,,主数据集观测(众数),1
SCHEC-INPUT-V1.0,HB-PET01,PET01线(汽水),PET瓶灌装,52800,90,2026-08-30,夜班,正常生产运行,0,,主数据集观测(众数),2
SCHEC-INPUT-V1.0,HB-PET01,PET01线(汽水),PET瓶灌装,52800,90,2026-08-31,白班,正常生产运行,0,,主数据集观测(众数),8
SCHEC-INPUT-V1.0,HB-PET01,PET01线(汽水),PET瓶灌装,52800,90,2026-08-31,夜班,正常生产运行,0,,"默认(未观测,按正常生产)",0
SCHEC-INPUT-V1.0,HB-PET02,PET02线(水线),瓶装水灌装,48000,88,2026-07-01,白班,换型,1,B.4步清洗,主数据集观测(众数),2
SCHEC-INPUT-V1.0,HB-PET02,PET02线(水线),瓶装水灌装,48000,88,2026-07-01,夜班,正常生产运行,0,,主数据集观测(众数),1
SCHEC-INPUT-V1.0,HB-PET02,PET02线(水线),瓶装水灌装,48000,88,2026-07-02,白班,正常生产运行,0,,主数据集观测(众数),1
SCHEC-INPUT-V1.0,HB-PET02,PET02线(水线),瓶装水灌装,48000,88,2026-07-02,夜班,正常生产运行,0,,"默认(未观测,按正常生产)",0
SCHEC-INPUT-V1.0,HB-PET02,PET02线(水线),瓶装水灌装,48000,88,2026-07-03,白班,换型,1,F.5步热清洗消毒,主数据集观测(众数),2
SCHEC-INPUT-V1.0,HB-PET02,PET02线(水线),瓶装水灌装,48000,88,2026-07-03,夜班,换型,1,C.碱洗,主数据集观测(众数),1
SCHEC-INPUT-V1.0,HB-PET02,PET02线(水线),瓶装水灌装,48000,88,2026-07-04,白班,正常生产运行,0,,主数据集观测(众数),4
SCHEC-INPUT-V1.0,HB-PET02,PET02线(水线),瓶装水灌装,48000,88,2026-07-04,夜班,正常生产运行,0,,主数据集观测(众数),2
SCHEC-INPUT-V1.0,HB-PET02,PET02线(水线),瓶装水灌装,48000,88,2026-07-05,白班,换型,1,C.碱洗,主数据集观测(众数),1
SCHEC-INPUT-V1.0,HB-PET02,PET02线(水线),瓶装水灌装,48000,88,2026-07-05,夜班,正常生产运行,0,,"默认(未观测,按正常生产)",0
SCHEC-INPUT-V1.0,HB-PET02,PET02线(水线),瓶装水灌装,48000,88,2026-07-06,白班,正常生产运行,0,,主数据集观测(众数),4
SCHEC-INPUT-V1.0,HB-PET02,PET02线(水线),瓶装水灌装,48000,88,2026-07-06,夜班,正常生产运行,0,,主数据集观测(众数),2
SCHEC-INPUT-V1.0,HB-PET02,PET02线(水线),瓶装水灌装,48000,88,2026-07-07,白班,正常生产运行,0,,主数据集观测(众数),4
SCHEC-INPUT-V1.0,HB-PET02,PET02线(水线),瓶装水灌装,48000,88,2026-07-07,夜班,正常生产运行,0,,主数据集观测(众数),1
SCHEC-INPUT-V1.0,HB-PET02,PET02线(水线),瓶装水灌装,48000,88,2026-07-08,白班,正常生产运行,0,,主数据集观测(众数),1
SCHEC-INPUT-V1.0,HB-PET02,PET02线(水线),瓶装水灌装,48000,88,2026-07-08,夜班,正常生产运行,0,,"默认(未观测,按正常生产)",0
SCHEC-INPUT-V1.0,HB-PET02,PET02线(水线),瓶装水灌装,48000,88,2026-07-09,白班,正常生产运行,0,,主数据集观测(众数),10
SCHEC-INPUT-V1.0,HB-PET02,PET02线(水线),瓶装水灌装,48000,88,2026-07-09,夜班,正常生产运行,0,,"默认(未观测,按正常生产)",0
SCHEC-INPUT-V1.0,HB-PET02,PET02线(水线),瓶装水灌装,48000,88,2026-07-10,白班,正常生产运行,0,,主数据集观测(众数),1
SCHEC-INPUT-V1.0,HB-PET02,PET02线(水线),瓶装水灌装,48000,88,2026-07-10,夜班,正常生产运行,0,,主数据集观测(众数),1
SCHEC-INPUT-V1.0,HB-PET02,PET02线(水线),瓶装水灌装,48000,88,2026-07-11,白班,正常生产运行,0,,主数据集观测(众数),1
SCHEC-INPUT-V1.0,HB-PET02,PET02线(水线),瓶装水灌装,48000,88,2026-07-11,夜班,正常生产运行,0,,主数据集观测(众数),1
SCHEC-INPUT-V1.0,HB-PET02,PET02线(水线),瓶装水灌装,48000,88,2026-07-12,白班,正常生产运行,0,,主数据集观测(众数),4
SCHEC-INPUT-V1.0,HB-PET02,PET02线(水线),瓶装水灌装,48000,88,2026-07-12,夜班,正常生产运行,0,,主数据集观测(众数),2
SCHEC-INPUT-V1.0,HB-PET02,PET02线(水线),瓶装水灌装,48000,88,2026-07-13,白班,正常生产运行,0,,主数据集观测(众数),9
SCHEC-INPUT-V1.0,HB-PET02,PET02线(水线),瓶装水灌装,48000,88,2026-07-13,夜班,正常生产运行,0,,主数据集观测(众数),4
SCHEC-INPUT-V1.0,HB-PET02,PET02线(水线),瓶装水灌装,48000,88,2026-07-14,白班,正常生产运行,0,,"默认(未观测,按正常生产)",0
SCHEC-INPUT-V1.0,HB-PET02,PET02线(水线),瓶装水灌装,48000,88,2026-07-14,夜班,正常生产运行,0,,"默认(未观测,按正常生产)",0
SCHEC-INPUT-V1.0,HB-PET02,PET02线(水线),瓶装水灌装,48000,88,2026-07-15,白班,正常生产运行,0,,主数据集观测(众数),12
SCHEC-INPUT-V1.0,HB-PET02,PET02线(水线),瓶装水灌装,48000,88,2026-07-15,夜班,正常生产运行,0,,主数据集观测(众数),2
SCHEC-INPUT-V1.0,HB-PET02,PET02线(水线),瓶装水灌装,48000,88,2026-07-16,白班,正常生产运行,0,,"默认(未观测,按正常生产)",0
SCHEC-INPUT-V1.0,HB-PET02,PET02线(水线),瓶装水灌装,48000,88,2026-07-16,夜班,正常生产运行,0,,主数据集观测(众数),1
SCHEC-INPUT-V1.0,HB-PET02,PET02线(水线),瓶装水灌装,48000,88,2026-07-17,白班,正常生产运行,0,,主数据集观测(众数),3
SCHEC-INPUT-V1.0,HB-PET02,PET02线(水线),瓶装水灌装,48000,88,2026-07-17,夜班,正常生产运行,0,,"默认(未观测,按正常生产)",0
SCHEC-INPUT-V1.0,HB-PET02,PET02线(水线),瓶装水灌装,48000,88,2026-07-18,白班,正常生产运行,1,B.4步清洗,主数据集观测(众数),6
SCHEC-INPUT-V1.0,HB-PET02,PET02线(水线),瓶装水灌装,48000,88,2026-07-18,夜班,换型,1,A.3步清洗,主数据集观测(众数),3
SCHEC-INPUT-V1.0,HB-PET02,PET02线(水线),瓶装水灌装,48000,88,2026-07-19,白班,正常生产运行,0,,主数据集观测(众数),1
SCHEC-INPUT-V1.0,HB-PET02,PET02线(水线),瓶装水灌装,48000,88,2026-07-19,夜班,换型,1,F.5步热清洗消毒,主数据集观测(众数),1
SCHEC-INPUT-V1.0,HB-PET02,PET02线(水线),瓶装水灌装,48000,88,2026-07-20,白班,正常生产运行,0,,主数据集观测(众数),2
SCHEC-INPUT-V1.0,HB-PET02,PET02线(水线),瓶装水灌装,48000,88,2026-07-20,夜班,正常生产运行,0,,主数据集观测(众数),4
SCHEC-INPUT-V1.0,HB-PET02,PET02线(水线),瓶装水灌装,48000,88,2026-07-21,白班,正常生产运行,0,,主数据集观测(众数),4
SCHEC-INPUT-V1.0,HB-PET02,PET02线(水线),瓶装水灌装,48000,88,2026-07-21,夜班,正常生产运行,0,,主数据集观测(众数),3
SCHEC-INPUT-V1.0,HB-PET02,PET02线(水线),瓶装水灌装,48000,88,2026-07-22,白班,正常生产运行,0,,主数据集观测(众数),5
SCHEC-INPUT-V1.0,HB-PET02,PET02线(水线),瓶装水灌装,48000,88,2026-07-22,夜班,正常生产运行,0,,主数据集观测(众数),2
SCHEC-INPUT-V1.0,HB-PET02,PET02线(水线),瓶装水灌装,48000,88,2026-07-23,白班,正常生产运行,0,,主数据集观测(众数),1
SCHEC-INPUT-V1.0,HB-PET02,PET02线(水线),瓶装水灌装,48000,88,2026-07-23,夜班,正常生产运行,0,,主数据集观测(众数),1
SCHEC-INPUT-V1.0,HB-PET02,PET02线(水线),瓶装水灌装,48000,88,2026-07-24,白班,正常生产运行,0,,主数据集观测(众数),1
SCHEC-INPUT-V1.0,HB-PET02,PET02线(水线),瓶装水灌装,48000,88,2026-07-24,夜班,正常生产运行,0,,主数据集观测(众数),1
SCHEC-INPUT-V1.0,HB-PET02,PET02线(水线),瓶装水灌装,48000,88,2026-07-25,白班,正常生产运行,0,,主数据集观测(众数),4
SCHEC-INPUT-V1.0,HB-PET02,PET02线(水线),瓶装水灌装,48000,88,2026-07-25,夜班,正常生产运行,0,,主数据集观测(众数),1
SCHEC-INPUT-V1.0,HB-PET02,PET02线(水线),瓶装水灌装,48000,88,2026-07-26,白班,正常生产运行,0,,主数据集观测(众数),1
SCHEC-INPUT-V1.0,HB-PET02,PET02线(水线),瓶装水灌装,48000,88,2026-07-26,夜班,正常生产运行,0,,主数据集观测(众数),1
SCHEC-INPUT-V1.0,HB-PET02,PET02线(水线),瓶装水灌装,48000,88,2026-07-27,白班,正常生产运行,0,,主数据集观测(众数),6
SCHEC-INPUT-V1.0,HB-PET02,PET02线(水线),瓶装水灌装,48000,88,2026-07-27,夜班,正常生产运行,0,,主数据集观测(众数),2
SCHEC-INPUT-V1.0,HB-PET02,PET02线(水线),瓶装水灌装,48000,88,2026-07-28,白班,正常生产运行,0,,"默认(未观测,按正常生产)",0
SCHEC-INPUT-V1.0,HB-PET02,PET02线(水线),瓶装水灌装,48000,88,2026-07-28,夜班,换型,1,A.3步清洗,主数据集观测(众数),4
SCHEC-INPUT-V1.0,HB-PET02,PET02线(水线),瓶装水灌装,48000,88,2026-07-29,白班,换型,1,A.3步清洗,主数据集观测(众数),1
SCHEC-INPUT-V1.0,HB-PET02,PET02线(水线),瓶装水灌装,48000,88,2026-07-29,夜班,正常生产运行,0,,"默认(未观测,按正常生产)",0
SCHEC-INPUT-V1.0,HB-PET02,PET02线(水线),瓶装水灌装,48000,88,2026-07-30,白班,正常生产运行,0,,"默认(未观测,按正常生产)",0
SCHEC-INPUT-V1.0,HB-PET02,PET02线(水线),瓶装水灌装,48000,88,2026-07-30,夜班,正常生产运行,0,,主数据集观测(众数),8
SCHEC-INPUT-V1.0,HB-PET02,PET02线(水线),瓶装水灌装,48000,88,2026-07-31,白班,正常生产运行,0,,主数据集观测(众数),10
SCHEC-INPUT-V1.0,HB-PET02,PET02线(水线),瓶装水灌装,48000,88,2026-07-31,夜班,正常生产运行,0,,主数据集观测(众数),1
SCHEC-INPUT-V1.0,HB-PET02,PET02线(水线),瓶装水灌装,48000,88,2026-08-01,白班,正常生产运行,0,,主数据集观测(众数),2
SCHEC-INPUT-V1.0,HB-PET02,PET02线(水线),瓶装水灌装,48000,88,2026-08-01,夜班,正常生产运行,0,,主数据集观测(众数),1
SCHEC-INPUT-V1.0,HB-PET02,PET02线(水线),瓶装水灌装,48000,88,2026-08-02,白班,正常生产运行,0,,"默认(未观测,按正常生产)",0
SCHEC-INPUT-V1.0,HB-PET02,PET02线(水线),瓶装水灌装,48000,88,2026-08-02,夜班,正常生产运行,0,,主数据集观测(众数),7
SCHEC-INPUT-V1.0,HB-PET02,PET02线(水线),瓶装水灌装,48000,88,2026-08-03,白班,正常生产运行,0,,主数据集观测(众数),8
SCHEC-INPUT-V1.0,HB-PET02,PET02线(水线),瓶装水灌装,48000,88,2026-08-03,夜班,正常生产运行,0,,主数据集观测(众数),2
SCHEC-INPUT-V1.0,HB-PET02,PET02线(水线),瓶装水灌装,48000,88,2026-08-04,白班,换型,1,A.3步清洗,主数据集观测(众数),1
SCHEC-INPUT-V1.0,HB-PET02,PET02线(水线),瓶装水灌装,48000,88,2026-08-04,夜班,正常生产运行,0,,主数据集观测(众数),1
SCHEC-INPUT-V1.0,HB-PET02,PET02线(水线),瓶装水灌装,48000,88,2026-08-05,白班,正常生产运行,0,B.4步清洗,主数据集观测(众数),2
SCHEC-INPUT-V1.0,HB-PET02,PET02线(水线),瓶装水灌装,48000,88,2026-08-05,夜班,正常生产运行,0,,主数据集观测(众数),1
SCHEC-INPUT-V1.0,HB-PET02,PET02线(水线),瓶装水灌装,48000,88,2026-08-06,白班,正常生产运行,0,,主数据集观测(众数),3
SCHEC-INPUT-V1.0,HB-PET02,PET02线(水线),瓶装水灌装,48000,88,2026-08-06,夜班,正常生产运行,0,,主数据集观测(众数),11
SCHEC-INPUT-V1.0,HB-PET02,PET02线(水线),瓶装水灌装,48000,88,2026-08-07,白班,正常生产运行,0,,主数据集观测(众数),2
SCHEC-INPUT-V1.0,HB-PET02,PET02线(水线),瓶装水灌装,48000,88,2026-08-07,夜班,正常生产运行,0,,主数据集观测(众数),1
SCHEC-INPUT-V1.0,HB-PET02,PET02线(水线),瓶装水灌装,48000,88,2026-08-08,白班,换型,1,F.5步热清洗消毒,主数据集观测(众数),4
SCHEC-INPUT-V1.0,HB-PET02,PET02线(水线),瓶装水灌装,48000,88,2026-08-08,夜班,正常生产运行,1,C.碱洗,主数据集观测(众数),2
SCHEC-INPUT-V1.0,HB-PET02,PET02线(水线),瓶装水灌装,48000,88,2026-08-09,白班,正常生产运行,0,,主数据集观测(众数),1
SCHEC-INPUT-V1.0,HB-PET02,PET02线(水线),瓶装水灌装,48000,88,2026-08-09,夜班,正常生产运行,0,,"默认(未观测,按正常生产)",0
SCHEC-INPUT-V1.0,HB-PET02,PET02线(水线),瓶装水灌装,48000,88,2026-08-10,白班,正常生产运行,0,,主数据集观测(众数),1
SCHEC-INPUT-V1.0,HB-PET02,PET02线(水线),瓶装水灌装,48000,88,2026-08-10,夜班,正常生产运行,0,,"默认(未观测,按正常生产)",0
SCHEC-INPUT-V1.0,HB-PET02,PET02线(水线),瓶装水灌装,48000,88,2026-08-11,白班,正常生产运行,0,,主数据集观测(众数),1
SCHEC-INPUT-V1.0,HB-PET02,PET02线(水线),瓶装水灌装,48000,88,2026-08-11,夜班,正常生产运行,0,,主数据集观测(众数),7
SCHEC-INPUT-V1.0,HB-PET02,PET02线(水线),瓶装水灌装,48000,88,2026-08-12,白班,正常生产运行,0,,主数据集观测(众数),1
SCHEC-INPUT-V1.0,HB-PET02,PET02线(水线),瓶装水灌装,48000,88,2026-08-12,夜班,正常生产运行,0,,"默认(未观测,按正常生产)",0
SCHEC-INPUT-V1.0,HB-PET02,PET02线(水线),瓶装水灌装,48000,88,2026-08-13,白班,正常生产运行,0,,主数据集观测(众数),2
SCHEC-INPUT-V1.0,HB-PET02,PET02线(水线),瓶装水灌装,48000,88,2026-08-13,夜班,正常生产运行,0,,主数据集观测(众数),5
SCHEC-INPUT-V1.0,HB-PET02,PET02线(水线),瓶装水灌装,48000,88,2026-08-14,白班,正常生产运行,0,,主数据集观测(众数),3
SCHEC-INPUT-V1.0,HB-PET02,PET02线(水线),瓶装水灌装,48000,88,2026-08-14,夜班,正常生产运行,0,,主数据集观测(众数),3
SCHEC-INPUT-V1.0,HB-PET02,PET02线(水线),瓶装水灌装,48000,88,2026-08-15,白班,正常生产运行,0,,主数据集观测(众数),3
SCHEC-INPUT-V1.0,HB-PET02,PET02线(水线),瓶装水灌装,48000,88,2026-08-15,夜班,正常生产运行,0,,"默认(未观测,按正常生产)",0
SCHEC-INPUT-V1.0,HB-PET02,PET02线(水线),瓶装水灌装,48000,88,2026-08-16,白班,正常生产运行,0,,主数据集观测(众数),9
SCHEC-INPUT-V1.0,HB-PET02,PET02线(水线),瓶装水灌装,48000,88,2026-08-16,夜班,正常生产运行,0,,主数据集观测(众数),1
SCHEC-INPUT-V1.0,HB-PET02,PET02线(水线),瓶装水灌装,48000,88,2026-08-17,白班,正常生产运行,0,,主数据集观测(众数),1
SCHEC-INPUT-V1.0,HB-PET02,PET02线(水线),瓶装水灌装,48000,88,2026-08-17,夜班,正常生产运行,0,,主数据集观测(众数),3
SCHEC-INPUT-V1.0,HB-PET02,PET02线(水线),瓶装水灌装,48000,88,2026-08-18,白班,正常生产运行,0,,主数据集观测(众数),1
SCHEC-INPUT-V1.0,HB-PET02,PET02线(水线),瓶装水灌装,48000,88,2026-08-18,夜班,换型,1,B.4步清洗,主数据集观测(众数),1
SCHEC-INPUT-V1.0,HB-PET02,PET02线(水线),瓶装水灌装,48000,88,2026-08-19,白班,正常生产运行,0,,主数据集观测(众数),1
SCHEC-INPUT-V1.0,HB-PET02,PET02线(水线),瓶装水灌装,48000,88,2026-08-19,夜班,正常生产运行,0,,"默认(未观测,按正常生产)",0
SCHEC-INPUT-V1.0,HB-PET02,PET02线(水线),瓶装水灌装,48000,88,2026-08-20,白班,正常生产运行,0,,主数据集观测(众数),1
SCHEC-INPUT-V1.0,HB-PET02,PET02线(水线),瓶装水灌装,48000,88,2026-08-20,夜班,正常生产运行,0,,"默认(未观测,按正常生产)",0
SCHEC-INPUT-V1.0,HB-PET02,PET02线(水线),瓶装水灌装,48000,88,2026-08-21,白班,正常生产运行,0,,"默认(未观测,按正常生产)",0
SCHEC-INPUT-V1.0,HB-PET02,PET02线(水线),瓶装水灌装,48000,88,2026-08-21,夜班,正常生产运行,0,,"默认(未观测,按正常生产)",0
SCHEC-INPUT-V1.0,HB-PET02,PET02线(水线),瓶装水灌装,48000,88,2026-08-22,白班,正常生产运行,0,,主数据集观测(众数),5
SCHEC-INPUT-V1.0,HB-PET02,PET02线(水线),瓶装水灌装,48000,88,2026-08-22,夜班,正常生产运行,0,,主数据集观测(众数),1
SCHEC-INPUT-V1.0,HB-PET02,PET02线(水线),瓶装水灌装,48000,88,2026-08-23,白班,换型,1,A.3步清洗,主数据集观测(众数),6
SCHEC-INPUT-V1.0,HB-PET02,PET02线(水线),瓶装水灌装,48000,88,2026-08-23,夜班,换型,1,B.4步清洗,主数据集观测(众数),1
SCHEC-INPUT-V1.0,HB-PET02,PET02线(水线),瓶装水灌装,48000,88,2026-08-24,白班,正常生产运行,0,,主数据集观测(众数),1
SCHEC-INPUT-V1.0,HB-PET02,PET02线(水线),瓶装水灌装,48000,88,2026-08-24,夜班,正常生产运行,0,,"默认(未观测,按正常生产)",0
SCHEC-INPUT-V1.0,HB-PET02,PET02线(水线),瓶装水灌装,48000,88,2026-08-25,白班,正常生产运行,0,,主数据集观测(众数),7
SCHEC-INPUT-V1.0,HB-PET02,PET02线(水线),瓶装水灌装,48000,88,2026-08-25,夜班,正常生产运行,0,,"默认(未观测,按正常生产)",0
SCHEC-INPUT-V1.0,HB-PET02,PET02线(水线),瓶装水灌装,48000,88,2026-08-26,白班,正常生产运行,0,B.4步清洗,主数据集观测(众数),3
SCHEC-INPUT-V1.0,HB-PET02,PET02线(水线),瓶装水灌装,48000,88,2026-08-26,夜班,正常生产运行,0,,主数据集观测(众数),1
SCHEC-INPUT-V1.0,HB-PET02,PET02线(水线),瓶装水灌装,48000,88,2026-08-27,白班,正常生产运行,0,,主数据集观测(众数),4
SCHEC-INPUT-V1.0,HB-PET02,PET02线(水线),瓶装水灌装,48000,88,2026-08-27,夜班,正常生产运行,0,,"默认(未观测,按正常生产)",0
SCHEC-INPUT-V1.0,HB-PET02,PET02线(水线),瓶装水灌装,48000,88,2026-08-28,白班,正常生产运行,0,,主数据集观测(众数),4
SCHEC-INPUT-V1.0,HB-PET02,PET02线(水线),瓶装水灌装,48000,88,2026-08-28,夜班,正常生产运行,0,,主数据集观测(众数),2
SCHEC-INPUT-V1.0,HB-PET02,PET02线(水线),瓶装水灌装,48000,88,2026-08-29,白班,正常生产运行,0,,主数据集观测(众数),9
SCHEC-INPUT-V1.0,HB-PET02,PET02线(水线),瓶装水灌装,48000,88,2026-08-29,夜班,正常生产运行,0,,主数据集观测(众数),1
SCHEC-INPUT-V1.0,HB-PET02,PET02线(水线),瓶装水灌装,48000,88,2026-08-30,白班,正常生产运行,0,,主数据集观测(众数),1
SCHEC-INPUT-V1.0,HB-PET02,PET02线(水线),瓶装水灌装,48000,88,2026-08-30,夜班,正常生产运行,0,,"默认(未观测,按正常生产)",0
SCHEC-INPUT-V1.0,HB-PET02,PET02线(水线),瓶装水灌装,48000,88,2026-08-31,白班,正常生产运行,0,,"默认(未观测,按正常生产)",0
SCHEC-INPUT-V1.0,HB-PET02,PET02线(水线),瓶装水灌装,48000,88,2026-08-31,夜班,正常生产运行,0,,主数据集观测(众数),1
SCHEC-INPUT-V1.0,HB-PET03,PET03线(汽水),PET瓶灌装,54000,91,2026-07-01,白班,正常生产运行,0,,主数据集观测(众数),2
SCHEC-INPUT-V1.0,HB-PET03,PET03线(汽水),PET瓶灌装,54000,91,2026-07-01,夜班,正常生产运行,0,,主数据集观测(众数),1
SCHEC-INPUT-V1.0,HB-PET03,PET03线(汽水),PET瓶灌装,54000,91,2026-07-02,白班,正常生产运行,0,,主数据集观测(众数),2
SCHEC-INPUT-V1.0,HB-PET03,PET03线(汽水),PET瓶灌装,54000,91,2026-07-02,夜班,正常生产运行,0,,主数据集观测(众数),3
SCHEC-INPUT-V1.0,HB-PET03,PET03线(汽水),PET瓶灌装,54000,91,2026-07-03,白班,正常生产运行,0,,主数据集观测(众数),2
SCHEC-INPUT-V1.0,HB-PET03,PET03线(汽水),PET瓶灌装,54000,91,2026-07-03,夜班,正常生产运行,0,,主数据集观测(众数),5
SCHEC-INPUT-V1.0,HB-PET03,PET03线(汽水),PET瓶灌装,54000,91,2026-07-04,白班,正常生产运行,0,C.碱洗,主数据集观测(众数),8
SCHEC-INPUT-V1.0,HB-PET03,PET03线(汽水),PET瓶灌装,54000,91,2026-07-04,夜班,正常生产运行,0,,主数据集观测(众数),2
SCHEC-INPUT-V1.0,HB-PET03,PET03线(汽水),PET瓶灌装,54000,91,2026-07-05,白班,正常生产运行,0,,主数据集观测(众数),1
SCHEC-INPUT-V1.0,HB-PET03,PET03线(汽水),PET瓶灌装,54000,91,2026-07-05,夜班,正常生产运行,0,,主数据集观测(众数),5
SCHEC-INPUT-V1.0,HB-PET03,PET03线(汽水),PET瓶灌装,54000,91,2026-07-06,白班,正常生产运行,0,,主数据集观测(众数),4
SCHEC-INPUT-V1.0,HB-PET03,PET03线(汽水),PET瓶灌装,54000,91,2026-07-06,夜班,正常生产运行,0,,主数据集观测(众数),2
SCHEC-INPUT-V1.0,HB-PET03,PET03线(汽水),PET瓶灌装,54000,91,2026-07-07,白班,换型,1,A.3步清洗,主数据集观测(众数),1
SCHEC-INPUT-V1.0,HB-PET03,PET03线(汽水),PET瓶灌装,54000,91,2026-07-07,夜班,正常生产运行,0,C.碱洗,主数据集观测(众数),2
SCHEC-INPUT-V1.0,HB-PET03,PET03线(汽水),PET瓶灌装,54000,91,2026-07-08,白班,正常生产运行,0,,主数据集观测(众数),4
SCHEC-INPUT-V1.0,HB-PET03,PET03线(汽水),PET瓶灌装,54000,91,2026-07-08,夜班,正常生产运行,0,,主数据集观测(众数),5
SCHEC-INPUT-V1.0,HB-PET03,PET03线(汽水),PET瓶灌装,54000,91,2026-07-09,白班,正常生产运行,0,,主数据集观测(众数),3
SCHEC-INPUT-V1.0,HB-PET03,PET03线(汽水),PET瓶灌装,54000,91,2026-07-09,夜班,正常生产运行,0,,"默认(未观测,按正常生产)",0
SCHEC-INPUT-V1.0,HB-PET03,PET03线(汽水),PET瓶灌装,54000,91,2026-07-10,白班,正常生产运行,0,,主数据集观测(众数),5
SCHEC-INPUT-V1.0,HB-PET03,PET03线(汽水),PET瓶灌装,54000,91,2026-07-10,夜班,正常生产运行,0,,主数据集观测(众数),8
SCHEC-INPUT-V1.0,HB-PET03,PET03线(汽水),PET瓶灌装,54000,91,2026-07-11,白班,正常生产运行,0,,主数据集观测(众数),1
SCHEC-INPUT-V1.0,HB-PET03,PET03线(汽水),PET瓶灌装,54000,91,2026-07-11,夜班,正常生产运行,0,,主数据集观测(众数),3
SCHEC-INPUT-V1.0,HB-PET03,PET03线(汽水),PET瓶灌装,54000,91,2026-07-12,白班,正常生产运行,0,C.碱洗,主数据集观测(众数),3
SCHEC-INPUT-V1.0,HB-PET03,PET03线(汽水),PET瓶灌装,54000,91,2026-07-12,夜班,正常生产运行,0,,主数据集观测(众数),1
SCHEC-INPUT-V1.0,HB-PET03,PET03线(汽水),PET瓶灌装,54000,91,2026-07-13,白班,正常生产运行,0,,"默认(未观测,按正常生产)",0
SCHEC-INPUT-V1.0,HB-PET03,PET03线(汽水),PET瓶灌装,54000,91,2026-07-13,夜班,正常生产运行,0,,主数据集观测(众数),1
SCHEC-INPUT-V1.0,HB-PET03,PET03线(汽水),PET瓶灌装,54000,91,2026-07-14,白班,正常生产运行,0,,主数据集观测(众数),2
SCHEC-INPUT-V1.0,HB-PET03,PET03线(汽水),PET瓶灌装,54000,91,2026-07-14,夜班,正常生产运行,0,,主数据集观测(众数),6
SCHEC-INPUT-V1.0,HB-PET03,PET03线(汽水),PET瓶灌装,54000,91,2026-07-15,白班,正常生产运行,0,,主数据集观测(众数),13
SCHEC-INPUT-V1.0,HB-PET03,PET03线(汽水),PET瓶灌装,54000,91,2026-07-15,夜班,正常生产运行,0,,主数据集观测(众数),5
SCHEC-INPUT-V1.0,HB-PET03,PET03线(汽水),PET瓶灌装,54000,91,2026-07-16,白班,正常生产运行,0,,主数据集观测(众数),7
SCHEC-INPUT-V1.0,HB-PET03,PET03线(汽水),PET瓶灌装,54000,91,2026-07-16,夜班,正常生产运行,0,,"默认(未观测,按正常生产)",0
SCHEC-INPUT-V1.0,HB-PET03,PET03线(汽水),PET瓶灌装,54000,91,2026-07-17,白班,正常生产运行,0,,"默认(未观测,按正常生产)",0
SCHEC-INPUT-V1.0,HB-PET03,PET03线(汽水),PET瓶灌装,54000,91,2026-07-17,夜班,正常生产运行,0,,主数据集观测(众数),1
SCHEC-INPUT-V1.0,HB-PET03,PET03线(汽水),PET瓶灌装,54000,91,2026-07-18,白班,换型,1,B.4步清洗,主数据集观测(众数),1
SCHEC-INPUT-V1.0,HB-PET03,PET03线(汽水),PET瓶灌装,54000,91,2026-07-18,夜班,换型,1,F.5步热清洗消毒,主数据集观测(众数),2
SCHEC-INPUT-V1.0,HB-PET03,PET03线(汽水),PET瓶灌装,54000,91,2026-07-19,白班,正常生产运行,0,,"默认(未观测,按正常生产)",0
SCHEC-INPUT-V1.0,HB-PET03,PET03线(汽水),PET瓶灌装,54000,91,2026-07-19,夜班,正常生产运行,0,,主数据集观测(众数),2
SCHEC-INPUT-V1.0,HB-PET03,PET03线(汽水),PET瓶灌装,54000,91,2026-07-20,白班,正常生产运行,0,,主数据集观测(众数),1
SCHEC-INPUT-V1.0,HB-PET03,PET03线(汽水),PET瓶灌装,54000,91,2026-07-20,夜班,正常生产运行,0,,"默认(未观测,按正常生产)",0
SCHEC-INPUT-V1.0,HB-PET03,PET03线(汽水),PET瓶灌装,54000,91,2026-07-21,白班,正常生产运行,0,,主数据集观测(众数),2
SCHEC-INPUT-V1.0,HB-PET03,PET03线(汽水),PET瓶灌装,54000,91,2026-07-21,夜班,正常生产运行,0,,主数据集观测(众数),5
SCHEC-INPUT-V1.0,HB-PET03,PET03线(汽水),PET瓶灌装,54000,91,2026-07-22,白班,正常生产运行,0,,主数据集观测(众数),1
SCHEC-INPUT-V1.0,HB-PET03,PET03线(汽水),PET瓶灌装,54000,91,2026-07-22,夜班,正常生产运行,0,,主数据集观测(众数),1
SCHEC-INPUT-V1.0,HB-PET03,PET03线(汽水),PET瓶灌装,54000,91,2026-07-23,白班,正常生产运行,0,,"默认(未观测,按正常生产)",0
SCHEC-INPUT-V1.0,HB-PET03,PET03线(汽水),PET瓶灌装,54000,91,2026-07-23,夜班,正常生产运行,0,,主数据集观测(众数),1
SCHEC-INPUT-V1.0,HB-PET03,PET03线(汽水),PET瓶灌装,54000,91,2026-07-24,白班,正常生产运行,0,,主数据集观测(众数),5
SCHEC-INPUT-V1.0,HB-PET03,PET03线(汽水),PET瓶灌装,54000,91,2026-07-24,夜班,正常生产运行,0,,主数据集观测(众数),2
SCHEC-INPUT-V1.0,HB-PET03,PET03线(汽水),PET瓶灌装,54000,91,2026-07-25,白班,正常生产运行,0,B.4步清洗,主数据集观测(众数),11
SCHEC-INPUT-V1.0,HB-PET03,PET03线(汽水),PET瓶灌装,54000,91,2026-07-25,夜班,正常生产运行,0,,"默认(未观测,按正常生产)",0
SCHEC-INPUT-V1.0,HB-PET03,PET03线(汽水),PET瓶灌装,54000,91,2026-07-26,白班,正常生产运行,0,,主数据集观测(众数),2
SCHEC-INPUT-V1.0,HB-PET03,PET03线(汽水),PET瓶灌装,54000,91,2026-07-26,夜班,正常生产运行,0,,主数据集观测(众数),3
SCHEC-INPUT-V1.0,HB-PET03,PET03线(汽水),PET瓶灌装,54000,91,2026-07-27,白班,正常生产运行,0,,主数据集观测(众数),1
SCHEC-INPUT-V1.0,HB-PET03,PET03线(汽水),PET瓶灌装,54000,91,2026-07-27,夜班,正常生产运行,0,,"默认(未观测,按正常生产)",0
SCHEC-INPUT-V1.0,HB-PET03,PET03线(汽水),PET瓶灌装,54000,91,2026-07-28,白班,正常生产运行,0,,主数据集观测(众数),1
SCHEC-INPUT-V1.0,HB-PET03,PET03线(汽水),PET瓶灌装,54000,91,2026-07-28,夜班,正常生产运行,0,,主数据集观测(众数),5
SCHEC-INPUT-V1.0,HB-PET03,PET03线(汽水),PET瓶灌装,54000,91,2026-07-29,白班,正常生产运行,0,,主数据集观测(众数),1
SCHEC-INPUT-V1.0,HB-PET03,PET03线(汽水),PET瓶灌装,54000,91,2026-07-29,夜班,正常生产运行,0,,主数据集观测(众数),5
SCHEC-INPUT-V1.0,HB-PET03,PET03线(汽水),PET瓶灌装,54000,91,2026-07-30,白班,正常生产运行,0,,主数据集观测(众数),1
SCHEC-INPUT-V1.0,HB-PET03,PET03线(汽水),PET瓶灌装,54000,91,2026-07-30,夜班,正常生产运行,0,,主数据集观测(众数),1
SCHEC-INPUT-V1.0,HB-PET03,PET03线(汽水),PET瓶灌装,54000,91,2026-07-31,白班,换型,1,B.4步清洗,主数据集观测(众数),1
SCHEC-INPUT-V1.0,HB-PET03,PET03线(汽水),PET瓶灌装,54000,91,2026-07-31,夜班,换型,1,F.5步热清洗消毒,主数据集观测(众数),1
SCHEC-INPUT-V1.0,HB-PET03,PET03线(汽水),PET瓶灌装,54000,91,2026-08-01,白班,正常生产运行,0,B.4步清洗,主数据集观测(众数),3
SCHEC-INPUT-V1.0,HB-PET03,PET03线(汽水),PET瓶灌装,54000,91,2026-08-01,夜班,正常生产运行,0,,"默认(未观测,按正常生产)",0
SCHEC-INPUT-V1.0,HB-PET03,PET03线(汽水),PET瓶灌装,54000,91,2026-08-02,白班,正常生产运行,0,,主数据集观测(众数),4
SCHEC-INPUT-V1.0,HB-PET03,PET03线(汽水),PET瓶灌装,54000,91,2026-08-02,夜班,正常生产运行,0,,"默认(未观测,按正常生产)",0
SCHEC-INPUT-V1.0,HB-PET03,PET03线(汽水),PET瓶灌装,54000,91,2026-08-03,白班,正常生产运行,0,,主数据集观测(众数),4
SCHEC-INPUT-V1.0,HB-PET03,PET03线(汽水),PET瓶灌装,54000,91,2026-08-03,夜班,正常生产运行,0,,"默认(未观测,按正常生产)",0
SCHEC-INPUT-V1.0,HB-PET03,PET03线(汽水),PET瓶灌装,54000,91,2026-08-04,白班,正常生产运行,1,A.3步清洗,主数据集观测(众数),8
SCHEC-INPUT-V1.0,HB-PET03,PET03线(汽水),PET瓶灌装,54000,91,2026-08-04,夜班,换型,1,B.4步清洗,主数据集观测(众数),1
SCHEC-INPUT-V1.0,HB-PET03,PET03线(汽水),PET瓶灌装,54000,91,2026-08-05,白班,正常生产运行,0,,主数据集观测(众数),2
SCHEC-INPUT-V1.0,HB-PET03,PET03线(汽水),PET瓶灌装,54000,91,2026-08-05,夜班,正常生产运行,0,,主数据集观测(众数),8
SCHEC-INPUT-V1.0,HB-PET03,PET03线(汽水),PET瓶灌装,54000,91,2026-08-06,白班,换型,1,B.4步清洗,主数据集观测(众数),2
SCHEC-INPUT-V1.0,HB-PET03,PET03线(汽水),PET瓶灌装,54000,91,2026-08-06,夜班,正常生产运行,0,,主数据集观测(众数),1
SCHEC-INPUT-V1.0,HB-PET03,PET03线(汽水),PET瓶灌装,54000,91,2026-08-07,白班,正常生产运行,1,A.3步清洗,主数据集观测(众数),6
SCHEC-INPUT-V1.0,HB-PET03,PET03线(汽水),PET瓶灌装,54000,91,2026-08-07,夜班,换型,1,F.5步热清洗消毒,主数据集观测(众数),6
SCHEC-INPUT-V1.0,HB-PET03,PET03线(汽水),PET瓶灌装,54000,91,2026-08-08,白班,正常生产运行,0,,"默认(未观测,按正常生产)",0
SCHEC-INPUT-V1.0,HB-PET03,PET03线(汽水),PET瓶灌装,54000,91,2026-08-08,夜班,正常生产运行,0,,"默认(未观测,按正常生产)",0
SCHEC-INPUT-V1.0,HB-PET03,PET03线(汽水),PET瓶灌装,54000,91,2026-08-09,白班,正常生产运行,0,,主数据集观测(众数),1
SCHEC-INPUT-V1.0,HB-PET03,PET03线(汽水),PET瓶灌装,54000,91,2026-08-09,夜班,正常生产运行,0,,主数据集观测(众数),1
SCHEC-INPUT-V1.0,HB-PET03,PET03线(汽水),PET瓶灌装,54000,91,2026-08-10,白班,正常生产运行,0,,主数据集观测(众数),1
SCHEC-INPUT-V1.0,HB-PET03,PET03线(汽水),PET瓶灌装,54000,91,2026-08-10,夜班,正常生产运行,0,,主数据集观测(众数),5
SCHEC-INPUT-V1.0,HB-PET03,PET03线(汽水),PET瓶灌装,54000,91,2026-08-11,白班,换型,1,A.3步清洗,主数据集观测(众数),3
SCHEC-INPUT-V1.0,HB-PET03,PET03线(汽水),PET瓶灌装,54000,91,2026-08-11,夜班,换型,1,C.碱洗,主数据集观测(众数),13
SCHEC-INPUT-V1.0,HB-PET03,PET03线(汽水),PET瓶灌装,54000,91,2026-08-12,白班,正常生产运行,0,,主数据集观测(众数),9
SCHEC-INPUT-V1.0,HB-PET03,PET03线(汽水),PET瓶灌装,54000,91,2026-08-12,夜班,正常生产运行,0,,主数据集观测(众数),1
SCHEC-INPUT-V1.0,HB-PET03,PET03线(汽水),PET瓶灌装,54000,91,2026-08-13,白班,正常生产运行,0,,主数据集观测(众数),6
SCHEC-INPUT-V1.0,HB-PET03,PET03线(汽水),PET瓶灌装,54000,91,2026-08-13,夜班,正常生产运行,0,,主数据集观测(众数),1
SCHEC-INPUT-V1.0,HB-PET03,PET03线(汽水),PET瓶灌装,54000,91,2026-08-14,白班,正常生产运行,0,B.4步清洗,主数据集观测(众数),4
SCHEC-INPUT-V1.0,HB-PET03,PET03线(汽水),PET瓶灌装,54000,91,2026-08-14,夜班,换型,1,F.5步热清洗消毒,主数据集观测(众数),3
SCHEC-INPUT-V1.0,HB-PET03,PET03线(汽水),PET瓶灌装,54000,91,2026-08-15,白班,正常生产运行,0,,主数据集观测(众数),14
SCHEC-INPUT-V1.0,HB-PET03,PET03线(汽水),PET瓶灌装,54000,91,2026-08-15,夜班,正常生产运行,0,,"默认(未观测,按正常生产)",0
SCHEC-INPUT-V1.0,HB-PET03,PET03线(汽水),PET瓶灌装,54000,91,2026-08-16,白班,正常生产运行,0,,主数据集观测(众数),5
SCHEC-INPUT-V1.0,HB-PET03,PET03线(汽水),PET瓶灌装,54000,91,2026-08-16,夜班,正常生产运行,0,,主数据集观测(众数),5
SCHEC-INPUT-V1.0,HB-PET03,PET03线(汽水),PET瓶灌装,54000,91,2026-08-17,白班,正常生产运行,0,,主数据集观测(众数),5
SCHEC-INPUT-V1.0,HB-PET03,PET03线(汽水),PET瓶灌装,54000,91,2026-08-17,夜班,正常生产运行,0,,主数据集观测(众数),6
SCHEC-INPUT-V1.0,HB-PET03,PET03线(汽水),PET瓶灌装,54000,91,2026-08-18,白班,正常生产运行,0,,主数据集观测(众数),1
SCHEC-INPUT-V1.0,HB-PET03,PET03线(汽水),PET瓶灌装,54000,91,2026-08-18,夜班,正常生产运行,0,,主数据集观测(众数),1
SCHEC-INPUT-V1.0,HB-PET03,PET03线(汽水),PET瓶灌装,54000,91,2026-08-19,白班,正常生产运行,0,,主数据集观测(众数),2
SCHEC-INPUT-V1.0,HB-PET03,PET03线(汽水),PET瓶灌装,54000,91,2026-08-19,夜班,正常生产运行,0,,主数据集观测(众数),2
SCHEC-INPUT-V1.0,HB-PET03,PET03线(汽水),PET瓶灌装,54000,91,2026-08-20,白班,正常生产运行,0,,"默认(未观测,按正常生产)",0
SCHEC-INPUT-V1.0,HB-PET03,PET03线(汽水),PET瓶灌装,54000,91,2026-08-20,夜班,正常生产运行,0,,主数据集观测(众数),1
SCHEC-INPUT-V1.0,HB-PET03,PET03线(汽水),PET瓶灌装,54000,91,2026-08-21,白班,正常生产运行,0,,主数据集观测(众数),4
SCHEC-INPUT-V1.0,HB-PET03,PET03线(汽水),PET瓶灌装,54000,91,2026-08-21,夜班,正常生产运行,0,,主数据集观测(众数),1
SCHEC-INPUT-V1.0,HB-PET03,PET03线(汽水),PET瓶灌装,54000,91,2026-08-22,白班,正常生产运行,0,,主数据集观测(众数),6
SCHEC-INPUT-V1.0,HB-PET03,PET03线(汽水),PET瓶灌装,54000,91,2026-08-22,夜班,正常生产运行,0,,主数据集观测(众数),7
SCHEC-INPUT-V1.0,HB-PET03,PET03线(汽水),PET瓶灌装,54000,91,2026-08-23,白班,正常生产运行,0,,主数据集观测(众数),3
SCHEC-INPUT-V1.0,HB-PET03,PET03线(汽水),PET瓶灌装,54000,91,2026-08-23,夜班,正常生产运行,0,,"默认(未观测,按正常生产)",0
SCHEC-INPUT-V1.0,HB-PET03,PET03线(汽水),PET瓶灌装,54000,91,2026-08-24,白班,正常生产运行,0,,"默认(未观测,按正常生产)",0
SCHEC-INPUT-V1.0,HB-PET03,PET03线(汽水),PET瓶灌装,54000,91,2026-08-24,夜班,正常生产运行,0,,主数据集观测(众数),1
SCHEC-INPUT-V1.0,HB-PET03,PET03线(汽水),PET瓶灌装,54000,91,2026-08-25,白班,正常生产运行,0,,主数据集观测(众数),1
SCHEC-INPUT-V1.0,HB-PET03,PET03线(汽水),PET瓶灌装,54000,91,2026-08-25,夜班,正常生产运行,0,,主数据集观测(众数),5
SCHEC-INPUT-V1.0,HB-PET03,PET03线(汽水),PET瓶灌装,54000,91,2026-08-26,白班,正常生产运行,0,,"默认(未观测,按正常生产)",0
SCHEC-INPUT-V1.0,HB-PET03,PET03线(汽水),PET瓶灌装,54000,91,2026-08-26,夜班,正常生产运行,0,,主数据集观测(众数),2
SCHEC-INPUT-V1.0,HB-PET03,PET03线(汽水),PET瓶灌装,54000,91,2026-08-27,白班,正常生产运行,0,,主数据集观测(众数),5
SCHEC-INPUT-V1.0,HB-PET03,PET03线(汽水),PET瓶灌装,54000,91,2026-08-27,夜班,正常生产运行,0,,"默认(未观测,按正常生产)",0
SCHEC-INPUT-V1.0,HB-PET03,PET03线(汽水),PET瓶灌装,54000,91,2026-08-28,白班,正常生产运行,0,,"默认(未观测,按正常生产)",0
SCHEC-INPUT-V1.0,HB-PET03,PET03线(汽水),PET瓶灌装,54000,91,2026-08-28,夜班,换型,1,A.3步清洗,主数据集观测(众数),5
SCHEC-INPUT-V1.0,HB-PET03,PET03线(汽水),PET瓶灌装,54000,91,2026-08-29,白班,正常生产运行,0,,主数据集观测(众数),5
SCHEC-INPUT-V1.0,HB-PET03,PET03线(汽水),PET瓶灌装,54000,91,2026-08-29,夜班,正常生产运行,0,,"默认(未观测,按正常生产)",0
SCHEC-INPUT-V1.0,HB-PET03,PET03线(汽水),PET瓶灌装,54000,91,2026-08-30,白班,正常生产运行,0,,主数据集观测(众数),1
SCHEC-INPUT-V1.0,HB-PET03,PET03线(汽水),PET瓶灌装,54000,91,2026-08-30,夜班,正常生产运行,0,,主数据集观测(众数),4
SCHEC-INPUT-V1.0,HB-PET03,PET03线(汽水),PET瓶灌装,54000,91,2026-08-31,白班,正常生产运行,0,,主数据集观测(众数),10
SCHEC-INPUT-V1.0,HB-PET03,PET03线(汽水),PET瓶灌装,54000,91,2026-08-31,夜班,正常生产运行,0,,主数据集观测(众数),2
SCHEC-INPUT-V1.0,HB-QC,辅助品控(河北),PET瓶灌装,0,88,2026-07-01,白班,正常生产运行,0,,"默认(未观测,按正常生产)",0
SCHEC-INPUT-V1.0,HB-QC,辅助品控(河北),PET瓶灌装,0,88,2026-07-01,夜班,正常生产运行,0,,"默认(未观测,按正常生产)",0
SCHEC-INPUT-V1.0,HB-QC,辅助品控(河北),PET瓶灌装,0,88,2026-07-02,白班,正常生产运行,0,,主数据集观测(众数),4
SCHEC-INPUT-V1.0,HB-QC,辅助品控(河北),PET瓶灌装,0,88,2026-07-02,夜班,正常生产运行,0,,主数据集观测(众数),1
SCHEC-INPUT-V1.0,HB-QC,辅助品控(河北),PET瓶灌装,0,88,2026-07-03,白班,正常生产运行,0,,主数据集观测(众数),2
SCHEC-INPUT-V1.0,HB-QC,辅助品控(河北),PET瓶灌装,0,88,2026-07-03,夜班,正常生产运行,0,,主数据集观测(众数),2
SCHEC-INPUT-V1.0,HB-QC,辅助品控(河北),PET瓶灌装,0,88,2026-07-04,白班,大修,0,,主数据集观测(众数),2
SCHEC-INPUT-V1.0,HB-QC,辅助品控(河北),PET瓶灌装,0,88,2026-07-04,夜班,大修,0,,主数据集观测(众数),1
SCHEC-INPUT-V1.0,HB-QC,辅助品控(河北),PET瓶灌装,0,88,2026-07-05,白班,正常生产运行,0,,主数据集观测(众数),1
SCHEC-INPUT-V1.0,HB-QC,辅助品控(河北),PET瓶灌装,0,88,2026-07-05,夜班,正常生产运行,0,,"默认(未观测,按正常生产)",0
SCHEC-INPUT-V1.0,HB-QC,辅助品控(河北),PET瓶灌装,0,88,2026-07-06,白班,正常生产运行,0,,主数据集观测(众数),1
SCHEC-INPUT-V1.0,HB-QC,辅助品控(河北),PET瓶灌装,0,88,2026-07-06,夜班,正常生产运行,0,,主数据集观测(众数),1
SCHEC-INPUT-V1.0,HB-QC,辅助品控(河北),PET瓶灌装,0,88,2026-07-07,白班,正常生产运行,0,,"默认(未观测,按正常生产)",0
SCHEC-INPUT-V1.0,HB-QC,辅助品控(河北),PET瓶灌装,0,88,2026-07-07,夜班,正常生产运行,0,,"默认(未观测,按正常生产)",0
SCHEC-INPUT-V1.0,HB-QC,辅助品控(河北),PET瓶灌装,0,88,2026-07-08,白班,正常生产运行,0,,主数据集观测(众数),1
SCHEC-INPUT-V1.0,HB-QC,辅助品控(河北),PET瓶灌装,0,88,2026-07-08,夜班,正常生产运行,0,,"默认(未观测,按正常生产)",0
SCHEC-INPUT-V1.0,HB-QC,辅助品控(河北),PET瓶灌装,0,88,2026-07-09,白班,正常生产运行,0,,"默认(未观测,按正常生产)",0
SCHEC-INPUT-V1.0,HB-QC,辅助品控(河北),PET瓶灌装,0,88,2026-07-09,夜班,正常生产运行,0,,"默认(未观测,按正常生产)",0
SCHEC-INPUT-V1.0,HB-QC,辅助品控(河北),PET瓶灌装,0,88,2026-07-10,白班,正常生产运行,0,,主数据集观测(众数),1
SCHEC-INPUT-V1.0,HB-QC,辅助品控(河北),PET瓶灌装,0,88,2026-07-10,夜班,正常生产运行,0,,"默认(未观测,按正常生产)",0
SCHEC-INPUT-V1.0,HB-QC,辅助品控(河北),PET瓶灌装,0,88,2026-07-11,白班,正常生产运行,0,,主数据集观测(众数),1
SCHEC-INPUT-V1.0,HB-QC,辅助品控(河北),PET瓶灌装,0,88,2026-07-11,夜班,正常生产运行,0,,"默认(未观测,按正常生产)",0
SCHEC-INPUT-V1.0,HB-QC,辅助品控(河北),PET瓶灌装,0,88,2026-07-12,白班,换型,1,C.碱洗,主数据集观测(众数),2
SCHEC-INPUT-V1.0,HB-QC,辅助品控(河北),PET瓶灌装,0,88,2026-07-12,夜班,正常生产运行,0,,"默认(未观测,按正常生产)",0
SCHEC-INPUT-V1.0,HB-QC,辅助品控(河北),PET瓶灌装,0,88,2026-07-13,白班,正常生产运行,0,,主数据集观测(众数),1
SCHEC-INPUT-V1.0,HB-QC,辅助品控(河北),PET瓶灌装,0,88,2026-07-13,夜班,正常生产运行,0,,主数据集观测(众数),1
SCHEC-INPUT-V1.0,HB-QC,辅助品控(河北),PET瓶灌装,0,88,2026-07-14,白班,正常生产运行,0,,主数据集观测(众数),1
SCHEC-INPUT-V1.0,HB-QC,辅助品控(河北),PET瓶灌装,0,88,2026-07-14,夜班,正常生产运行,0,,"默认(未观测,按正常生产)",0
SCHEC-INPUT-V1.0,HB-QC,辅助品控(河北),PET瓶灌装,0,88,2026-07-15,白班,正常生产运行,0,,主数据集观测(众数),9
SCHEC-INPUT-V1.0,HB-QC,辅助品控(河北),PET瓶灌装,0,88,2026-07-15,夜班,正常生产运行,0,,"默认(未观测,按正常生产)",0
SCHEC-INPUT-V1.0,HB-QC,辅助品控(河北),PET瓶灌装,0,88,2026-07-16,白班,正常生产运行,0,,"默认(未观测,按正常生产)",0
SCHEC-INPUT-V1.0,HB-QC,辅助品控(河北),PET瓶灌装,0,88,2026-07-16,夜班,正常生产运行,0,,"默认(未观测,按正常生产)",0
SCHEC-INPUT-V1.0,HB-QC,辅助品控(河北),PET瓶灌装,0,88,2026-07-17,白班,正常生产运行,0,,主数据集观测(众数),1
SCHEC-INPUT-V1.0,HB-QC,辅助品控(河北),PET瓶灌装,0,88,2026-07-17,夜班,正常生产运行,0,,主数据集观测(众数),1
SCHEC-INPUT-V1.0,HB-QC,辅助品控(河北),PET瓶灌装,0,88,2026-07-18,白班,大修,0,,主数据集观测(众数),1
SCHEC-INPUT-V1.0,HB-QC,辅助品控(河北),PET瓶灌装,0,88,2026-07-18,夜班,正常生产运行,0,,"默认(未观测,按正常生产)",0
SCHEC-INPUT-V1.0,HB-QC,辅助品控(河北),PET瓶灌装,0,88,2026-07-19,白班,正常生产运行,0,,"默认(未观测,按正常生产)",0
SCHEC-INPUT-V1.0,HB-QC,辅助品控(河北),PET瓶灌装,0,88,2026-07-19,夜班,正常生产运行,0,,主数据集观测(众数),1
SCHEC-INPUT-V1.0,HB-QC,辅助品控(河北),PET瓶灌装,0,88,2026-07-20,白班,正常生产运行,0,,主数据集观测(众数),1
SCHEC-INPUT-V1.0,HB-QC,辅助品控(河北),PET瓶灌装,0,88,2026-07-20,夜班,正常生产运行,0,,"默认(未观测,按正常生产)",0
SCHEC-INPUT-V1.0,HB-QC,辅助品控(河北),PET瓶灌装,0,88,2026-07-21,白班,正常生产运行,0,,"默认(未观测,按正常生产)",0
SCHEC-INPUT-V1.0,HB-QC,辅助品控(河北),PET瓶灌装,0,88,2026-07-21,夜班,正常生产运行,0,,"默认(未观测,按正常生产)",0
SCHEC-INPUT-V1.0,HB-QC,辅助品控(河北),PET瓶灌装,0,88,2026-07-22,白班,正常生产运行,0,,"默认(未观测,按正常生产)",0
SCHEC-INPUT-V1.0,HB-QC,辅助品控(河北),PET瓶灌装,0,88,2026-07-22,夜班,正常生产运行,0,,主数据集观测(众数),1
SCHEC-INPUT-V1.0,HB-QC,辅助品控(河北),PET瓶灌装,0,88,2026-07-23,白班,正常生产运行,0,,主数据集观测(众数),2
SCHEC-INPUT-V1.0,HB-QC,辅助品控(河北),PET瓶灌装,0,88,2026-07-23,夜班,正常生产运行,0,,"默认(未观测,按正常生产)",0
SCHEC-INPUT-V1.0,HB-QC,辅助品控(河北),PET瓶灌装,0,88,2026-07-24,白班,正常生产运行,0,,主数据集观测(众数),1
SCHEC-INPUT-V1.0,HB-QC,辅助品控(河北),PET瓶灌装,0,88,2026-07-24,夜班,正常生产运行,0,,"默认(未观测,按正常生产)",0
SCHEC-INPUT-V1.0,HB-QC,辅助品控(河北),PET瓶灌装,0,88,2026-07-25,白班,正常生产运行,0,,"默认(未观测,按正常生产)",0
SCHEC-INPUT-V1.0,HB-QC,辅助品控(河北),PET瓶灌装,0,88,2026-07-25,夜班,换型,1,B.4步清洗,主数据集观测(众数),1
SCHEC-INPUT-V1.0,HB-QC,辅助品控(河北),PET瓶灌装,0,88,2026-07-26,白班,正常生产运行,0,,"默认(未观测,按正常生产)",0
SCHEC-INPUT-V1.0,HB-QC,辅助品控(河北),PET瓶灌装,0,88,2026-07-26,夜班,正常生产运行,0,,"默认(未观测,按正常生产)",0
SCHEC-INPUT-V1.0,HB-QC,辅助品控(河北),PET瓶灌装,0,88,2026-07-27,白班,正常生产运行,0,,"默认(未观测,按正常生产)",0
SCHEC-INPUT-V1.0,HB-QC,辅助品控(河北),PET瓶灌装,0,88,2026-07-27,夜班,换型,1,C.碱洗,主数据集观测(众数),1
SCHEC-INPUT-V1.0,HB-QC,辅助品控(河北),PET瓶灌装,0,88,2026-07-28,白班,正常生产运行,0,,主数据集观测(众数),1
SCHEC-INPUT-V1.0,HB-QC,辅助品控(河北),PET瓶灌装,0,88,2026-07-28,夜班,正常生产运行,0,,"默认(未观测,按正常生产)",0
SCHEC-INPUT-V1.0,HB-QC,辅助品控(河北),PET瓶灌装,0,88,2026-07-29,白班,例行维护,0,,主数据集观测(众数),1
SCHEC-INPUT-V1.0,HB-QC,辅助品控(河北),PET瓶灌装,0,88,2026-07-29,夜班,正常生产运行,0,,"默认(未观测,按正常生产)",0
SCHEC-INPUT-V1.0,HB-QC,辅助品控(河北),PET瓶灌装,0,88,2026-07-30,白班,正常生产运行,0,,主数据集观测(众数),1
SCHEC-INPUT-V1.0,HB-QC,辅助品控(河北),PET瓶灌装,0,88,2026-07-30,夜班,正常生产运行,0,,"默认(未观测,按正常生产)",0
SCHEC-INPUT-V1.0,HB-QC,辅助品控(河北),PET瓶灌装,0,88,2026-07-31,白班,正常生产运行,0,,主数据集观测(众数),1
SCHEC-INPUT-V1.0,HB-QC,辅助品控(河北),PET瓶灌装,0,88,2026-07-31,夜班,正常生产运行,0,,主数据集观测(众数),1
SCHEC-INPUT-V1.0,HB-QC,辅助品控(河北),PET瓶灌装,0,88,2026-08-01,白班,正常生产运行,0,,主数据集观测(众数),1
SCHEC-INPUT-V1.0,HB-QC,辅助品控(河北),PET瓶灌装,0,88,2026-08-01,夜班,正常生产运行,0,,"默认(未观测,按正常生产)",0
SCHEC-INPUT-V1.0,HB-QC,辅助品控(河北),PET瓶灌装,0,88,2026-08-02,白班,正常生产运行,0,,"默认(未观测,按正常生产)",0
SCHEC-INPUT-V1.0,HB-QC,辅助品控(河北),PET瓶灌装,0,88,2026-08-02,夜班,正常生产运行,0,,主数据集观测(众数),1
SCHEC-INPUT-V1.0,HB-QC,辅助品控(河北),PET瓶灌装,0,88,2026-08-03,白班,正常生产运行,0,,"默认(未观测,按正常生产)",0
SCHEC-INPUT-V1.0,HB-QC,辅助品控(河北),PET瓶灌装,0,88,2026-08-03,夜班,正常生产运行,0,,"默认(未观测,按正常生产)",0
SCHEC-INPUT-V1.0,HB-QC,辅助品控(河北),PET瓶灌装,0,88,2026-08-04,白班,正常生产运行,0,,"默认(未观测,按正常生产)",0
SCHEC-INPUT-V1.0,HB-QC,辅助品控(河北),PET瓶灌装,0,88,2026-08-04,夜班,正常生产运行,0,,"默认(未观测,按正常生产)",0
SCHEC-INPUT-V1.0,HB-QC,辅助品控(河北),PET瓶灌装,0,88,2026-08-05,白班,正常生产运行,0,,"默认(未观测,按正常生产)",0
SCHEC-INPUT-V1.0,HB-QC,辅助品控(河北),PET瓶灌装,0,88,2026-08-05,夜班,正常生产运行,0,,"默认(未观测,按正常生产)",0
SCHEC-INPUT-V1.0,HB-QC,辅助品控(河北),PET瓶灌装,0,88,2026-08-06,白班,正常生产运行,0,,"默认(未观测,按正常生产)",0
SCHEC-INPUT-V1.0,HB-QC,辅助品控(河北),PET瓶灌装,0,88,2026-08-06,夜班,正常生产运行,0,,"默认(未观测,按正常生产)",0
SCHEC-INPUT-V1.0,HB-QC,辅助品控(河北),PET瓶灌装,0,88,2026-08-07,白班,正常生产运行,0,,"默认(未观测,按正常生产)",0
SCHEC-INPUT-V1.0,HB-QC,辅助品控(河北),PET瓶灌装,0,88,2026-08-07,夜班,正常生产运行,0,,"默认(未观测,按正常生产)",0
SCHEC-INPUT-V1.0,HB-QC,辅助品控(河北),PET瓶灌装,0,88,2026-08-08,白班,正常生产运行,0,,"默认(未观测,按正常生产)",0
SCHEC-INPUT-V1.0,HB-QC,辅助品控(河北),PET瓶灌装,0,88,2026-08-08,夜班,正常生产运行,0,,"默认(未观测,按正常生产)",0
SCHEC-INPUT-V1.0,HB-QC,辅助品控(河北),PET瓶灌装,0,88,2026-08-09,白班,正常生产运行,0,,主数据集观测(众数),3
SCHEC-INPUT-V1.0,HB-QC,辅助品控(河北),PET瓶灌装,0,88,2026-08-09,夜班,正常生产运行,0,,"默认(未观测,按正常生产)",0
SCHEC-INPUT-V1.0,HB-QC,辅助品控(河北),PET瓶灌装,0,88,2026-08-10,白班,正常生产运行,0,,主数据集观测(众数),1
SCHEC-INPUT-V1.0,HB-QC,辅助品控(河北),PET瓶灌装,0,88,2026-08-10,夜班,正常生产运行,0,,"默认(未观测,按正常生产)",0
SCHEC-INPUT-V1.0,HB-QC,辅助品控(河北),PET瓶灌装,0,88,2026-08-11,白班,正常生产运行,0,,主数据集观测(众数),3
SCHEC-INPUT-V1.0,HB-QC,辅助品控(河北),PET瓶灌装,0,88,2026-08-11,夜班,正常生产运行,0,,"默认(未观测,按正常生产)",0
SCHEC-INPUT-V1.0,HB-QC,辅助品控(河北),PET瓶灌装,0,88,2026-08-12,白班,正常生产运行,0,,主数据集观测(众数),1
SCHEC-INPUT-V1.0,HB-QC,辅助品控(河北),PET瓶灌装,0,88,2026-08-12,夜班,正常生产运行,0,,"默认(未观测,按正常生产)",0
SCHEC-INPUT-V1.0,HB-QC,辅助品控(河北),PET瓶灌装,0,88,2026-08-13,白班,正常生产运行,0,,"默认(未观测,按正常生产)",0
SCHEC-INPUT-V1.0,HB-QC,辅助品控(河北),PET瓶灌装,0,88,2026-08-13,夜班,正常生产运行,0,,主数据集观测(众数),1
SCHEC-INPUT-V1.0,HB-QC,辅助品控(河北),PET瓶灌装,0,88,2026-08-14,白班,正常生产运行,0,,"默认(未观测,按正常生产)",0
SCHEC-INPUT-V1.0,HB-QC,辅助品控(河北),PET瓶灌装,0,88,2026-08-14,夜班,正常生产运行,0,,"默认(未观测,按正常生产)",0
SCHEC-INPUT-V1.0,HB-QC,辅助品控(河北),PET瓶灌装,0,88,2026-08-15,白班,正常生产运行,0,,主数据集观测(众数),13
SCHEC-INPUT-V1.0,HB-QC,辅助品控(河北),PET瓶灌装,0,88,2026-08-15,夜班,正常生产运行,0,,"默认(未观测,按正常生产)",0
SCHEC-INPUT-V1.0,HB-QC,辅助品控(河北),PET瓶灌装,0,88,2026-08-16,白班,正常生产运行,0,,"默认(未观测,按正常生产)",0
SCHEC-INPUT-V1.0,HB-QC,辅助品控(河北),PET瓶灌装,0,88,2026-08-16,夜班,正常生产运行,0,,"默认(未观测,按正常生产)",0
SCHEC-INPUT-V1.0,HB-QC,辅助品控(河北),PET瓶灌装,0,88,2026-08-17,白班,正常生产运行,0,,主数据集观测(众数),1
SCHEC-INPUT-V1.0,HB-QC,辅助品控(河北),PET瓶灌装,0,88,2026-08-17,夜班,正常生产运行,0,,"默认(未观测,按正常生产)",0
SCHEC-INPUT-V1.0,HB-QC,辅助品控(河北),PET瓶灌装,0,88,2026-08-18,白班,正常生产运行,0,,"默认(未观测,按正常生产)",0
SCHEC-INPUT-V1.0,HB-QC,辅助品控(河北),PET瓶灌装,0,88,2026-08-18,夜班,正常生产运行,0,,"默认(未观测,按正常生产)",0
SCHEC-INPUT-V1.0,HB-QC,辅助品控(河北),PET瓶灌装,0,88,2026-08-19,白班,正常生产运行,0,,"默认(未观测,按正常生产)",0
SCHEC-INPUT-V1.0,HB-QC,辅助品控(河北),PET瓶灌装,0,88,2026-08-19,夜班,正常生产运行,0,,"默认(未观测,按正常生产)",0
SCHEC-INPUT-V1.0,HB-QC,辅助品控(河北),PET瓶灌装,0,88,2026-08-20,白班,正常生产运行,0,,"默认(未观测,按正常生产)",0
SCHEC-INPUT-V1.0,HB-QC,辅助品控(河北),PET瓶灌装,0,88,2026-08-20,夜班,正常生产运行,0,,主数据集观测(众数),1
SCHEC-INPUT-V1.0,HB-QC,辅助品控(河北),PET瓶灌装,0,88,2026-08-21,白班,正常生产运行,0,,"默认(未观测,按正常生产)",0
SCHEC-INPUT-V1.0,HB-QC,辅助品控(河北),PET瓶灌装,0,88,2026-08-21,夜班,换型,1,F.5步热清洗消毒,主数据集观测(众数),1
SCHEC-INPUT-V1.0,HB-QC,辅助品控(河北),PET瓶灌装,0,88,2026-08-22,白班,例行维护,0,,主数据集观测(众数),2
SCHEC-INPUT-V1.0,HB-QC,辅助品控(河北),PET瓶灌装,0,88,2026-08-22,夜班,正常生产运行,0,,"默认(未观测,按正常生产)",0
SCHEC-INPUT-V1.0,HB-QC,辅助品控(河北),PET瓶灌装,0,88,2026-08-23,白班,正常生产运行,0,,主数据集观测(众数),2
SCHEC-INPUT-V1.0,HB-QC,辅助品控(河北),PET瓶灌装,0,88,2026-08-23,夜班,正常生产运行,0,,"默认(未观测,按正常生产)",0
SCHEC-INPUT-V1.0,HB-QC,辅助品控(河北),PET瓶灌装,0,88,2026-08-24,白班,正常生产运行,0,,"默认(未观测,按正常生产)",0
SCHEC-INPUT-V1.0,HB-QC,辅助品控(河北),PET瓶灌装,0,88,2026-08-24,夜班,正常生产运行,0,,"默认(未观测,按正常生产)",0
SCHEC-INPUT-V1.0,HB-QC,辅助品控(河北),PET瓶灌装,0,88,2026-08-25,白班,换型,1,B.4步清洗,主数据集观测(众数),1
SCHEC-INPUT-V1.0,HB-QC,辅助品控(河北),PET瓶灌装,0,88,2026-08-25,夜班,正常生产运行,0,,"默认(未观测,按正常生产)",0
SCHEC-INPUT-V1.0,HB-QC,辅助品控(河北),PET瓶灌装,0,88,2026-08-26,白班,换型,1,B.4步清洗,主数据集观测(众数),5
SCHEC-INPUT-V1.0,HB-QC,辅助品控(河北),PET瓶灌装,0,88,2026-08-26,夜班,换型,1,B.4步清洗,主数据集观测(众数),3
SCHEC-INPUT-V1.0,HB-QC,辅助品控(河北),PET瓶灌装,0,88,2026-08-27,白班,正常生产运行,0,,主数据集观测(众数),1
SCHEC-INPUT-V1.0,HB-QC,辅助品控(河北),PET瓶灌装,0,88,2026-08-27,夜班,正常生产运行,0,,"默认(未观测,按正常生产)",0
SCHEC-INPUT-V1.0,HB-QC,辅助品控(河北),PET瓶灌装,0,88,2026-08-28,白班,正常生产运行,0,,主数据集观测(众数),1
SCHEC-INPUT-V1.0,HB-QC,辅助品控(河北),PET瓶灌装,0,88,2026-08-28,夜班,正常生产运行,0,,"默认(未观测,按正常生产)",0
SCHEC-INPUT-V1.0,HB-QC,辅助品控(河北),PET瓶灌装,0,88,2026-08-29,白班,正常生产运行,0,,"默认(未观测,按正常生产)",0
SCHEC-INPUT-V1.0,HB-QC,辅助品控(河北),PET瓶灌装,0,88,2026-08-29,夜班,正常生产运行,0,,主数据集观测(众数),1
SCHEC-INPUT-V1.0,HB-QC,辅助品控(河北),PET瓶灌装,0,88,2026-08-30,白班,正常生产运行,0,,"默认(未观测,按正常生产)",0
SCHEC-INPUT-V1.0,HB-QC,辅助品控(河北),PET瓶灌装,0,88,2026-08-30,夜班,正常生产运行,0,,"默认(未观测,按正常生产)",0
SCHEC-INPUT-V1.0,HB-QC,辅助品控(河北),PET瓶灌装,0,88,2026-08-31,白班,正常生产运行,0,,主数据集观测(众数),1
SCHEC-INPUT-V1.0,HB-QC,辅助品控(河北),PET瓶灌装,0,88,2026-08-31,夜班,正常生产运行,0,,"默认(未观测,按正常生产)",0
SCHEC-INPUT-V1.0,HB-QC2,制程品控(河北),PET瓶灌装,0,88,2026-07-01,白班,正常生产运行,0,,主数据集观测(众数),1
SCHEC-INPUT-V1.0,HB-QC2,制程品控(河北),PET瓶灌装,0,88,2026-07-01,夜班,正常生产运行,0,,主数据集观测(众数),2
SCHEC-INPUT-V1.0,HB-QC2,制程品控(河北),PET瓶灌装,0,88,2026-07-02,白班,正常生产运行,0,,主数据集观测(众数),2
SCHEC-INPUT-V1.0,HB-QC2,制程品控(河北),PET瓶灌装,0,88,2026-07-02,夜班,正常生产运行,0,,"默认(未观测,按正常生产)",0
SCHEC-INPUT-V1.0,HB-QC2,制程品控(河北),PET瓶灌装,0,88,2026-07-03,白班,换型,1,F.5步热清洗消毒,主数据集观测(众数),4
SCHEC-INPUT-V1.0,HB-QC2,制程品控(河北),PET瓶灌装,0,88,2026-07-03,夜班,正常生产运行,0,,"默认(未观测,按正常生产)",0
SCHEC-INPUT-V1.0,HB-QC2,制程品控(河北),PET瓶灌装,0,88,2026-07-04,白班,正常生产运行,0,,主数据集观测(众数),2
SCHEC-INPUT-V1.0,HB-QC2,制程品控(河北),PET瓶灌装,0,88,2026-07-04,夜班,正常生产运行,0,,"默认(未观测,按正常生产)",0
SCHEC-INPUT-V1.0,HB-QC2,制程品控(河北),PET瓶灌装,0,88,2026-07-05,白班,正常生产运行,0,,主数据集观测(众数),1
SCHEC-INPUT-V1.0,HB-QC2,制程品控(河北),PET瓶灌装,0,88,2026-07-05,夜班,例行维护,0,,主数据集观测(众数),1
SCHEC-INPUT-V1.0,HB-QC2,制程品控(河北),PET瓶灌装,0,88,2026-07-06,白班,正常生产运行,0,,主数据集观测(众数),2
SCHEC-INPUT-V1.0,HB-QC2,制程品控(河北),PET瓶灌装,0,88,2026-07-06,夜班,正常生产运行,0,,"默认(未观测,按正常生产)",0
SCHEC-INPUT-V1.0,HB-QC2,制程品控(河北),PET瓶灌装,0,88,2026-07-07,白班,大修,0,,主数据集观测(众数),1
SCHEC-INPUT-V1.0,HB-QC2,制程品控(河北),PET瓶灌装,0,88,2026-07-07,夜班,大修,0,,主数据集观测(众数),3
SCHEC-INPUT-V1.0,HB-QC2,制程品控(河北),PET瓶灌装,0,88,2026-07-08,白班,正常生产运行,0,,主数据集观测(众数),1
SCHEC-INPUT-V1.0,HB-QC2,制程品控(河北),PET瓶灌装,0,88,2026-07-08,夜班,正常生产运行,0,,"默认(未观测,按正常生产)",0
SCHEC-INPUT-V1.0,HB-QC2,制程品控(河北),PET瓶灌装,0,88,2026-07-09,白班,正常生产运行,0,,主数据集观测(众数),1
SCHEC-INPUT-V1.0,HB-QC2,制程品控(河北),PET瓶灌装,0,88,2026-07-09,夜班,正常生产运行,0,,主数据集观测(众数),2
SCHEC-INPUT-V1.0,HB-QC2,制程品控(河北),PET瓶灌装,0,88,2026-07-10,白班,换型,1,C.碱洗,主数据集观测(众数),1
SCHEC-INPUT-V1.0,HB-QC2,制程品控(河北),PET瓶灌装,0,88,2026-07-10,夜班,正常生产运行,0,,主数据集观测(众数),5
SCHEC-INPUT-V1.0,HB-QC2,制程品控(河北),PET瓶灌装,0,88,2026-07-11,白班,正常生产运行,0,,主数据集观测(众数),1
SCHEC-INPUT-V1.0,HB-QC2,制程品控(河北),PET瓶灌装,0,88,2026-07-11,夜班,正常生产运行,0,,"默认(未观测,按正常生产)",0
SCHEC-INPUT-V1.0,HB-QC2,制程品控(河北),PET瓶灌装,0,88,2026-07-12,白班,正常生产运行,0,,主数据集观测(众数),1
SCHEC-INPUT-V1.0,HB-QC2,制程品控(河北),PET瓶灌装,0,88,2026-07-12,夜班,正常生产运行,0,,"默认(未观测,按正常生产)",0
SCHEC-INPUT-V1.0,HB-QC2,制程品控(河北),PET瓶灌装,0,88,2026-07-13,白班,正常生产运行,0,,主数据集观测(众数),4
SCHEC-INPUT-V1.0,HB-QC2,制程品控(河北),PET瓶灌装,0,88,2026-07-13,夜班,正常生产运行,0,,主数据集观测(众数),2
SCHEC-INPUT-V1.0,HB-QC2,制程品控(河北),PET瓶灌装,0,88,2026-07-14,白班,正常生产运行,0,,主数据集观测(众数),2
SCHEC-INPUT-V1.0,HB-QC2,制程品控(河北),PET瓶灌装,0,88,2026-07-14,夜班,正常生产运行,0,,"默认(未观测,按正常生产)",0
SCHEC-INPUT-V1.0,HB-QC2,制程品控(河北),PET瓶灌装,0,88,2026-07-15,白班,正常生产运行,0,,主数据集观测(众数),19
SCHEC-INPUT-V1.0,HB-QC2,制程品控(河北),PET瓶灌装,0,88,2026-07-15,夜班,例行维护,0,,主数据集观测(众数),1
SCHEC-INPUT-V1.0,HB-QC2,制程品控(河北),PET瓶灌装,0,88,2026-07-16,白班,正常生产运行,0,,"默认(未观测,按正常生产)",0
SCHEC-INPUT-V1.0,HB-QC2,制程品控(河北),PET瓶灌装,0,88,2026-07-16,夜班,正常生产运行,0,,主数据集观测(众数),3
SCHEC-INPUT-V1.0,HB-QC2,制程品控(河北),PET瓶灌装,0,88,2026-07-17,白班,正常生产运行,0,,"默认(未观测,按正常生产)",0
SCHEC-INPUT-V1.0,HB-QC2,制程品控(河北),PET瓶灌装,0,88,2026-07-17,夜班,正常生产运行,0,,主数据集观测(众数),1
SCHEC-INPUT-V1.0,HB-QC2,制程品控(河北),PET瓶灌装,0,88,2026-07-18,白班,正常生产运行,0,,主数据集观测(众数),2
SCHEC-INPUT-V1.0,HB-QC2,制程品控(河北),PET瓶灌装,0,88,2026-07-18,夜班,正常生产运行,0,,主数据集观测(众数),1
SCHEC-INPUT-V1.0,HB-QC2,制程品控(河北),PET瓶灌装,0,88,2026-07-19,白班,正常生产运行,0,,"默认(未观测,按正常生产)",0
SCHEC-INPUT-V1.0,HB-QC2,制程品控(河北),PET瓶灌装,0,88,2026-07-19,夜班,正常生产运行,0,,"默认(未观测,按正常生产)",0
SCHEC-INPUT-V1.0,HB-QC2,制程品控(河北),PET瓶灌装,0,88,2026-07-20,白班,正常生产运行,0,,主数据集观测(众数),3
SCHEC-INPUT-V1.0,HB-QC2,制程品控(河北),PET瓶灌装,0,88,2026-07-20,夜班,正常生产运行,0,,主数据集观测(众数),1
SCHEC-INPUT-V1.0,HB-QC2,制程品控(河北),PET瓶灌装,0,88,2026-07-21,白班,例行维护,0,,主数据集观测(众数),2
SCHEC-INPUT-V1.0,HB-QC2,制程品控(河北),PET瓶灌装,0,88,2026-07-21,夜班,例行维护,0,,主数据集观测(众数),2
SCHEC-INPUT-V1.0,HB-QC2,制程品控(河北),PET瓶灌装,0,88,2026-07-22,白班,正常生产运行,0,,"默认(未观测,按正常生产)",0
SCHEC-INPUT-V1.0,HB-QC2,制程品控(河北),PET瓶灌装,0,88,2026-07-22,夜班,正常生产运行,0,,"默认(未观测,按正常生产)",0
SCHEC-INPUT-V1.0,HB-QC2,制程品控(河北),PET瓶灌装,0,88,2026-07-23,白班,例行维护,0,,主数据集观测(众数),3
SCHEC-INPUT-V1.0,HB-QC2,制程品控(河北),PET瓶灌装,0,88,2026-07-23,夜班,正常生产运行,0,,"默认(未观测,按正常生产)",0
SCHEC-INPUT-V1.0,HB-QC2,制程品控(河北),PET瓶灌装,0,88,2026-07-24,白班,正常生产运行,0,,"默认(未观测,按正常生产)",0
SCHEC-INPUT-V1.0,HB-QC2,制程品控(河北),PET瓶灌装,0,88,2026-07-24,夜班,正常生产运行,0,,主数据集观测(众数),1
SCHEC-INPUT-V1.0,HB-QC2,制程品控(河北),PET瓶灌装,0,88,2026-07-25,白班,正常生产运行,0,,主数据集观测(众数),1
SCHEC-INPUT-V1.0,HB-QC2,制程品控(河北),PET瓶灌装,0,88,2026-07-25,夜班,正常生产运行,0,,主数据集观测(众数),1
SCHEC-INPUT-V1.0,HB-QC2,制程品控(河北),PET瓶灌装,0,88,2026-07-26,白班,正常生产运行,0,,主数据集观测(众数),2
SCHEC-INPUT-V1.0,HB-QC2,制程品控(河北),PET瓶灌装,0,88,2026-07-26,夜班,正常生产运行,0,,"默认(未观测,按正常生产)",0
SCHEC-INPUT-V1.0,HB-QC2,制程品控(河北),PET瓶灌装,0,88,2026-07-27,白班,正常生产运行,0,,主数据集观测(众数),3
SCHEC-INPUT-V1.0,HB-QC2,制程品控(河北),PET瓶灌装,0,88,2026-07-27,夜班,正常生产运行,0,,主数据集观测(众数),1
SCHEC-INPUT-V1.0,HB-QC2,制程品控(河北),PET瓶灌装,0,88,2026-07-28,白班,正常生产运行,0,,主数据集观测(众数),1
SCHEC-INPUT-V1.0,HB-QC2,制程品控(河北),PET瓶灌装,0,88,2026-07-28,夜班,正常生产运行,0,,主数据集观测(众数),1
SCHEC-INPUT-V1.0,HB-QC2,制程品控(河北),PET瓶灌装,0,88,2026-07-29,白班,正常生产运行,1,F.5步热清洗消毒,主数据集观测(众数),2
SCHEC-INPUT-V1.0,HB-QC2,制程品控(河北),PET瓶灌装,0,88,2026-07-29,夜班,换型,1,C.碱洗,主数据集观测(众数),1
SCHEC-INPUT-V1.0,HB-QC2,制程品控(河北),PET瓶灌装,0,88,2026-07-30,白班,正常生产运行,0,,"默认(未观测,按正常生产)",0
SCHEC-INPUT-V1.0,HB-QC2,制程品控(河北),PET瓶灌装,0,88,2026-07-30,夜班,正常生产运行,0,,主数据集观测(众数),2
SCHEC-INPUT-V1.0,HB-QC2,制程品控(河北),PET瓶灌装,0,88,2026-07-31,白班,正常生产运行,0,,主数据集观测(众数),4
SCHEC-INPUT-V1.0,HB-QC2,制程品控(河北),PET瓶灌装,0,88,2026-07-31,夜班,正常生产运行,0,,主数据集观测(众数),3
SCHEC-INPUT-V1.0,HB-QC2,制程品控(河北),PET瓶灌装,0,88,2026-08-01,白班,正常生产运行,0,,主数据集观测(众数),3
SCHEC-INPUT-V1.0,HB-QC2,制程品控(河北),PET瓶灌装,0,88,2026-08-01,夜班,正常生产运行,0,,主数据集观测(众数),1
SCHEC-INPUT-V1.0,HB-QC2,制程品控(河北),PET瓶灌装,0,88,2026-08-02,白班,正常生产运行,0,,主数据集观测(众数),1
SCHEC-INPUT-V1.0,HB-QC2,制程品控(河北),PET瓶灌装,0,88,2026-08-02,夜班,正常生产运行,0,,主数据集观测(众数),1
SCHEC-INPUT-V1.0,HB-QC2,制程品控(河北),PET瓶灌装,0,88,2026-08-03,白班,正常生产运行,0,,"默认(未观测,按正常生产)",0
SCHEC-INPUT-V1.0,HB-QC2,制程品控(河北),PET瓶灌装,0,88,2026-08-03,夜班,正常生产运行,0,,主数据集观测(众数),3
SCHEC-INPUT-V1.0,HB-QC2,制程品控(河北),PET瓶灌装,0,88,2026-08-04,白班,正常生产运行,0,,"默认(未观测,按正常生产)",0
SCHEC-INPUT-V1.0,HB-QC2,制程品控(河北),PET瓶灌装,0,88,2026-08-04,夜班,例行维护,0,,主数据集观测(众数),2
SCHEC-INPUT-V1.0,HB-QC2,制程品控(河北),PET瓶灌装,0,88,2026-08-05,白班,正常生产运行,0,,主数据集观测(众数),1
SCHEC-INPUT-V1.0,HB-QC2,制程品控(河北),PET瓶灌装,0,88,2026-08-05,夜班,正常生产运行,0,,"默认(未观测,按正常生产)",0
SCHEC-INPUT-V1.0,HB-QC2,制程品控(河北),PET瓶灌装,0,88,2026-08-06,白班,正常生产运行,0,,主数据集观测(众数),3
SCHEC-INPUT-V1.0,HB-QC2,制程品控(河北),PET瓶灌装,0,88,2026-08-06,夜班,例行维护,0,,主数据集观测(众数),2
SCHEC-INPUT-V1.0,HB-QC2,制程品控(河北),PET瓶灌装,0,88,2026-08-07,白班,正常生产运行,0,,"默认(未观测,按正常生产)",0
SCHEC-INPUT-V1.0,HB-QC2,制程品控(河北),PET瓶灌装,0,88,2026-08-07,夜班,大修,0,,主数据集观测(众数),1
SCHEC-INPUT-V1.0,HB-QC2,制程品控(河北),PET瓶灌装,0,88,2026-08-08,白班,正常生产运行,0,,主数据集观测(众数),1
SCHEC-INPUT-V1.0,HB-QC2,制程品控(河北),PET瓶灌装,0,88,2026-08-08,夜班,正常生产运行,0,,"默认(未观测,按正常生产)",0
SCHEC-INPUT-V1.0,HB-QC2,制程品控(河北),PET瓶灌装,0,88,2026-08-09,白班,正常生产运行,0,,主数据集观测(众数),1
SCHEC-INPUT-V1.0,HB-QC2,制程品控(河北),PET瓶灌装,0,88,2026-08-09,夜班,正常生产运行,0,,主数据集观测(众数),1
SCHEC-INPUT-V1.0,HB-QC2,制程品控(河北),PET瓶灌装,0,88,2026-08-10,白班,正常生产运行,0,,"默认(未观测,按正常生产)",0
SCHEC-INPUT-V1.0,HB-QC2,制程品控(河北),PET瓶灌装,0,88,2026-08-10,夜班,正常生产运行,0,,主数据集观测(众数),6
SCHEC-INPUT-V1.0,HB-QC2,制程品控(河北),PET瓶灌装,0,88,2026-08-11,白班,正常生产运行,0,,"默认(未观测,按正常生产)",0
SCHEC-INPUT-V1.0,HB-QC2,制程品控(河北),PET瓶灌装,0,88,2026-08-11,夜班,换型,1,C.碱洗,主数据集观测(众数),1
SCHEC-INPUT-V1.0,HB-QC2,制程品控(河北),PET瓶灌装,0,88,2026-08-12,白班,正常生产运行,0,,主数据集观测(众数),1
SCHEC-INPUT-V1.0,HB-QC2,制程品控(河北),PET瓶灌装,0,88,2026-08-12,夜班,正常生产运行,0,,主数据集观测(众数),2
SCHEC-INPUT-V1.0,HB-QC2,制程品控(河北),PET瓶灌装,0,88,2026-08-13,白班,正常生产运行,0,,主数据集观测(众数),4
SCHEC-INPUT-V1.0,HB-QC2,制程品控(河北),PET瓶灌装,0,88,2026-08-13,夜班,正常生产运行,0,,"默认(未观测,按正常生产)",0
SCHEC-INPUT-V1.0,HB-QC2,制程品控(河北),PET瓶灌装,0,88,2026-08-14,白班,正常生产运行,0,,主数据集观测(众数),6
SCHEC-INPUT-V1.0,HB-QC2,制程品控(河北),PET瓶灌装,0,88,2026-08-14,夜班,正常生产运行,0,,主数据集观测(众数),1
SCHEC-INPUT-V1.0,HB-QC2,制程品控(河北),PET瓶灌装,0,88,2026-08-15,白班,正常生产运行,0,,主数据集观测(众数),13
SCHEC-INPUT-V1.0,HB-QC2,制程品控(河北),PET瓶灌装,0,88,2026-08-15,夜班,正常生产运行,0,,主数据集观测(众数),2
SCHEC-INPUT-V1.0,HB-QC2,制程品控(河北),PET瓶灌装,0,88,2026-08-16,白班,正常生产运行,0,,主数据集观测(众数),2
SCHEC-INPUT-V1.0,HB-QC2,制程品控(河北),PET瓶灌装,0,88,2026-08-16,夜班,正常生产运行,0,,"默认(未观测,按正常生产)",0
SCHEC-INPUT-V1.0,HB-QC2,制程品控(河北),PET瓶灌装,0,88,2026-08-17,白班,换型,1,F.5步热清洗消毒,主数据集观测(众数),6
SCHEC-INPUT-V1.0,HB-QC2,制程品控(河北),PET瓶灌装,0,88,2026-08-17,夜班,换型,1,A.3步清洗,主数据集观测(众数),1
SCHEC-INPUT-V1.0,HB-QC2,制程品控(河北),PET瓶灌装,0,88,2026-08-18,白班,大修,0,,主数据集观测(众数),5
SCHEC-INPUT-V1.0,HB-QC2,制程品控(河北),PET瓶灌装,0,88,2026-08-18,夜班,大修,0,,主数据集观测(众数),2
SCHEC-INPUT-V1.0,HB-QC2,制程品控(河北),PET瓶灌装,0,88,2026-08-19,白班,正常生产运行,0,,主数据集观测(众数),2
SCHEC-INPUT-V1.0,HB-QC2,制程品控(河北),PET瓶灌装,0,88,2026-08-19,夜班,正常生产运行,0,,"默认(未观测,按正常生产)",0
SCHEC-INPUT-V1.0,HB-QC2,制程品控(河北),PET瓶灌装,0,88,2026-08-20,白班,正常生产运行,0,,主数据集观测(众数),1
SCHEC-INPUT-V1.0,HB-QC2,制程品控(河北),PET瓶灌装,0,88,2026-08-20,夜班,正常生产运行,0,,"默认(未观测,按正常生产)",0
SCHEC-INPUT-V1.0,HB-QC2,制程品控(河北),PET瓶灌装,0,88,2026-08-21,白班,正常生产运行,0,,主数据集观测(众数),2
SCHEC-INPUT-V1.0,HB-QC2,制程品控(河北),PET瓶灌装,0,88,2026-08-21,夜班,正常生产运行,0,,主数据集观测(众数),1
SCHEC-INPUT-V1.0,HB-QC2,制程品控(河北),PET瓶灌装,0,88,2026-08-22,白班,正常生产运行,0,,"默认(未观测,按正常生产)",0
SCHEC-INPUT-V1.0,HB-QC2,制程品控(河北),PET瓶灌装,0,88,2026-08-22,夜班,正常生产运行,0,,主数据集观测(众数),5
SCHEC-INPUT-V1.0,HB-QC2,制程品控(河北),PET瓶灌装,0,88,2026-08-23,白班,正常生产运行,0,,主数据集观测(众数),2
SCHEC-INPUT-V1.0,HB-QC2,制程品控(河北),PET瓶灌装,0,88,2026-08-23,夜班,正常生产运行,0,,主数据集观测(众数),2
SCHEC-INPUT-V1.0,HB-QC2,制程品控(河北),PET瓶灌装,0,88,2026-08-24,白班,正常生产运行,0,,主数据集观测(众数),2
SCHEC-INPUT-V1.0,HB-QC2,制程品控(河北),PET瓶灌装,0,88,2026-08-24,夜班,正常生产运行,0,,主数据集观测(众数),1
SCHEC-INPUT-V1.0,HB-QC2,制程品控(河北),PET瓶灌装,0,88,2026-08-25,白班,大修,0,,主数据集观测(众数),2
SCHEC-INPUT-V1.0,HB-QC2,制程品控(河北),PET瓶灌装,0,88,2026-08-25,夜班,大修,0,,主数据集观测(众数),1
SCHEC-INPUT-V1.0,HB-QC2,制程品控(河北),PET瓶灌装,0,88,2026-08-26,白班,换型,1,B.4步清洗,主数据集观测(众数),2
SCHEC-INPUT-V1.0,HB-QC2,制程品控(河北),PET瓶灌装,0,88,2026-08-26,夜班,正常生产运行,1,F.5步热清洗消毒,主数据集观测(众数),2
SCHEC-INPUT-V1.0,HB-QC2,制程品控(河北),PET瓶灌装,0,88,2026-08-27,白班,正常生产运行,0,,主数据集观测(众数),2
SCHEC-INPUT-V1.0,HB-QC2,制程品控(河北),PET瓶灌装,0,88,2026-08-27,夜班,正常生产运行,0,,主数据集观测(众数),6
SCHEC-INPUT-V1.0,HB-QC2,制程品控(河北),PET瓶灌装,0,88,2026-08-28,白班,正常生产运行,0,,主数据集观测(众数),2
SCHEC-INPUT-V1.0,HB-QC2,制程品控(河北),PET瓶灌装,0,88,2026-08-28,夜班,正常生产运行,0,,主数据集观测(众数),2
SCHEC-INPUT-V1.0,HB-QC2,制程品控(河北),PET瓶灌装,0,88,2026-08-29,白班,正常生产运行,0,,主数据集观测(众数),2
SCHEC-INPUT-V1.0,HB-QC2,制程品控(河北),PET瓶灌装,0,88,2026-08-29,夜班,正常生产运行,0,,主数据集观测(众数),1
SCHEC-INPUT-V1.0,HB-QC2,制程品控(河北),PET瓶灌装,0,88,2026-08-30,白班,正常生产运行,0,,主数据集观测(众数),1
SCHEC-INPUT-V1.0,HB-QC2,制程品控(河北),PET瓶灌装,0,88,2026-08-30,夜班,正常生产运行,0,,主数据集观测(众数),1
SCHEC-INPUT-V1.0,HB-QC2,制程品控(河北),PET瓶灌装,0,88,2026-08-31,白班,例行维护,0,,主数据集观测(众数),1
SCHEC-INPUT-V1.0,HB-QC2,制程品控(河北),PET瓶灌装,0,88,2026-08-31,夜班,正常生产运行,0,,"默认(未观测,按正常生产)",0
SCHEC-INPUT-V1.0,HB-SYRUP,水糖车间,PET瓶灌装,0,88,2026-07-01,白班,正常生产运行,0,,"默认(未观测,按正常生产)",0
SCHEC-INPUT-V1.0,HB-SYRUP,水糖车间,PET瓶灌装,0,88,2026-07-01,夜班,正常生产运行,0,,"默认(未观测,按正常生产)",0
SCHEC-INPUT-V1.0,HB-SYRUP,水糖车间,PET瓶灌装,0,88,2026-07-02,白班,正常生产运行,0,,"默认(未观测,按正常生产)",0
SCHEC-INPUT-V1.0,HB-SYRUP,水糖车间,PET瓶灌装,0,88,2026-07-02,夜班,正常生产运行,0,,"默认(未观测,按正常生产)",0
SCHEC-INPUT-V1.0,HB-SYRUP,水糖车间,PET瓶灌装,0,88,2026-07-03,白班,正常生产运行,0,,主数据集观测(众数),1
SCHEC-INPUT-V1.0,HB-SYRUP,水糖车间,PET瓶灌装,0,88,2026-07-03,夜班,正常生产运行,0,,主数据集观测(众数),1
SCHEC-INPUT-V1.0,HB-SYRUP,水糖车间,PET瓶灌装,0,88,2026-07-04,白班,正常生产运行,0,,"默认(未观测,按正常生产)",0
SCHEC-INPUT-V1.0,HB-SYRUP,水糖车间,PET瓶灌装,0,88,2026-07-04,夜班,正常生产运行,0,,主数据集观测(众数),1
SCHEC-INPUT-V1.0,HB-SYRUP,水糖车间,PET瓶灌装,0,88,2026-07-05,白班,正常生产运行,0,,"默认(未观测,按正常生产)",0
SCHEC-INPUT-V1.0,HB-SYRUP,水糖车间,PET瓶灌装,0,88,2026-07-05,夜班,正常生产运行,0,,主数据集观测(众数),3
SCHEC-INPUT-V1.0,HB-SYRUP,水糖车间,PET瓶灌装,0,88,2026-07-06,白班,正常生产运行,0,,主数据集观测(众数),6
SCHEC-INPUT-V1.0,HB-SYRUP,水糖车间,PET瓶灌装,0,88,2026-07-06,夜班,正常生产运行,0,,"默认(未观测,按正常生产)",0
SCHEC-INPUT-V1.0,HB-SYRUP,水糖车间,PET瓶灌装,0,88,2026-07-07,白班,正常生产运行,0,,"默认(未观测,按正常生产)",0
SCHEC-INPUT-V1.0,HB-SYRUP,水糖车间,PET瓶灌装,0,88,2026-07-07,夜班,正常生产运行,0,,主数据集观测(众数),4
SCHEC-INPUT-V1.0,HB-SYRUP,水糖车间,PET瓶灌装,0,88,2026-07-08,白班,正常生产运行,0,,主数据集观测(众数),1
SCHEC-INPUT-V1.0,HB-SYRUP,水糖车间,PET瓶灌装,0,88,2026-07-08,夜班,正常生产运行,0,,主数据集观测(众数),1
SCHEC-INPUT-V1.0,HB-SYRUP,水糖车间,PET瓶灌装,0,88,2026-07-09,白班,正常生产运行,0,,主数据集观测(众数),5
SCHEC-INPUT-V1.0,HB-SYRUP,水糖车间,PET瓶灌装,0,88,2026-07-09,夜班,正常生产运行,0,,主数据集观测(众数),1
SCHEC-INPUT-V1.0,HB-SYRUP,水糖车间,PET瓶灌装,0,88,2026-07-10,白班,正常生产运行,0,,主数据集观测(众数),2
SCHEC-INPUT-V1.0,HB-SYRUP,水糖车间,PET瓶灌装,0,88,2026-07-10,夜班,正常生产运行,0,,主数据集观测(众数),1
SCHEC-INPUT-V1.0,HB-SYRUP,水糖车间,PET瓶灌装,0,88,2026-07-11,白班,正常生产运行,0,,主数据集观测(众数),1
SCHEC-INPUT-V1.0,HB-SYRUP,水糖车间,PET瓶灌装,0,88,2026-07-11,夜班,正常生产运行,0,,主数据集观测(众数),1
SCHEC-INPUT-V1.0,HB-SYRUP,水糖车间,PET瓶灌装,0,88,2026-07-12,白班,正常生产运行,0,,主数据集观测(众数),2
SCHEC-INPUT-V1.0,HB-SYRUP,水糖车间,PET瓶灌装,0,88,2026-07-12,夜班,正常生产运行,0,,"默认(未观测,按正常生产)",0
SCHEC-INPUT-V1.0,HB-SYRUP,水糖车间,PET瓶灌装,0,88,2026-07-13,白班,换型,1,F.5步热清洗消毒,主数据集观测(众数),4
SCHEC-INPUT-V1.0,HB-SYRUP,水糖车间,PET瓶灌装,0,88,2026-07-13,夜班,正常生产运行,0,,"默认(未观测,按正常生产)",0
SCHEC-INPUT-V1.0,HB-SYRUP,水糖车间,PET瓶灌装,0,88,2026-07-14,白班,正常生产运行,0,,主数据集观测(众数),1
SCHEC-INPUT-V1.0,HB-SYRUP,水糖车间,PET瓶灌装,0,88,2026-07-14,夜班,正常生产运行,0,,"默认(未观测,按正常生产)",0
SCHEC-INPUT-V1.0,HB-SYRUP,水糖车间,PET瓶灌装,0,88,2026-07-15,白班,正常生产运行,0,,主数据集观测(众数),7
SCHEC-INPUT-V1.0,HB-SYRUP,水糖车间,PET瓶灌装,0,88,2026-07-15,夜班,例行维护,0,,主数据集观测(众数),1
SCHEC-INPUT-V1.0,HB-SYRUP,水糖车间,PET瓶灌装,0,88,2026-07-16,白班,正常生产运行,0,,主数据集观测(众数),5
SCHEC-INPUT-V1.0,HB-SYRUP,水糖车间,PET瓶灌装,0,88,2026-07-16,夜班,正常生产运行,0,,主数据集观测(众数),1
SCHEC-INPUT-V1.0,HB-SYRUP,水糖车间,PET瓶灌装,0,88,2026-07-17,白班,正常生产运行,0,,"默认(未观测,按正常生产)",0
SCHEC-INPUT-V1.0,HB-SYRUP,水糖车间,PET瓶灌装,0,88,2026-07-17,夜班,正常生产运行,0,,"默认(未观测,按正常生产)",0
SCHEC-INPUT-V1.0,HB-SYRUP,水糖车间,PET瓶灌装,0,88,2026-07-18,白班,正常生产运行,0,,主数据集观测(众数),1
SCHEC-INPUT-V1.0,HB-SYRUP,水糖车间,PET瓶灌装,0,88,2026-07-18,夜班,大修,0,,主数据集观测(众数),1
SCHEC-INPUT-V1.0,HB-SYRUP,水糖车间,PET瓶灌装,0,88,2026-07-19,白班,正常生产运行,0,,主数据集观测(众数),2
SCHEC-INPUT-V1.0,HB-SYRUP,水糖车间,PET瓶灌装,0,88,2026-07-19,夜班,正常生产运行,0,,主数据集观测(众数),1
SCHEC-INPUT-V1.0,HB-SYRUP,水糖车间,PET瓶灌装,0,88,2026-07-20,白班,正常生产运行,0,,"默认(未观测,按正常生产)",0
SCHEC-INPUT-V1.0,HB-SYRUP,水糖车间,PET瓶灌装,0,88,2026-07-20,夜班,正常生产运行,0,,"默认(未观测,按正常生产)",0
SCHEC-INPUT-V1.0,HB-SYRUP,水糖车间,PET瓶灌装,0,88,2026-07-21,白班,正常生产运行,0,,主数据集观测(众数),1
SCHEC-INPUT-V1.0,HB-SYRUP,水糖车间,PET瓶灌装,0,88,2026-07-21,夜班,正常生产运行,0,,主数据集观测(众数),1
SCHEC-INPUT-V1.0,HB-SYRUP,水糖车间,PET瓶灌装,0,88,2026-07-22,白班,正常生产运行,0,,主数据集观测(众数),3
SCHEC-INPUT-V1.0,HB-SYRUP,水糖车间,PET瓶灌装,0,88,2026-07-22,夜班,正常生产运行,0,,"默认(未观测,按正常生产)",0
SCHEC-INPUT-V1.0,HB-SYRUP,水糖车间,PET瓶灌装,0,88,2026-07-23,白班,正常生产运行,0,,"默认(未观测,按正常生产)",0
SCHEC-INPUT-V1.0,HB-SYRUP,水糖车间,PET瓶灌装,0,88,2026-07-23,夜班,正常生产运行,0,,"默认(未观测,按正常生产)",0
SCHEC-INPUT-V1.0,HB-SYRUP,水糖车间,PET瓶灌装,0,88,2026-07-24,白班,正常生产运行,0,,主数据集观测(众数),4
SCHEC-INPUT-V1.0,HB-SYRUP,水糖车间,PET瓶灌装,0,88,2026-07-24,夜班,正常生产运行,0,,主数据集观测(众数),1
SCHEC-INPUT-V1.0,HB-SYRUP,水糖车间,PET瓶灌装,0,88,2026-07-25,白班,正常生产运行,0,,主数据集观测(众数),2
SCHEC-INPUT-V1.0,HB-SYRUP,水糖车间,PET瓶灌装,0,88,2026-07-25,夜班,换型,1,B.4步清洗,主数据集观测(众数),1
SCHEC-INPUT-V1.0,HB-SYRUP,水糖车间,PET瓶灌装,0,88,2026-07-26,白班,换型,1,C.碱洗,主数据集观测(众数),3
SCHEC-INPUT-V1.0,HB-SYRUP,水糖车间,PET瓶灌装,0,88,2026-07-26,夜班,正常生产运行,0,,"默认(未观测,按正常生产)",0
SCHEC-INPUT-V1.0,HB-SYRUP,水糖车间,PET瓶灌装,0,88,2026-07-27,白班,正常生产运行,0,,"默认(未观测,按正常生产)",0
SCHEC-INPUT-V1.0,HB-SYRUP,水糖车间,PET瓶灌装,0,88,2026-07-27,夜班,正常生产运行,0,,主数据集观测(众数),3
SCHEC-INPUT-V1.0,HB-SYRUP,水糖车间,PET瓶灌装,0,88,2026-07-28,白班,正常生产运行,0,,主数据集观测(众数),1
SCHEC-INPUT-V1.0,HB-SYRUP,水糖车间,PET瓶灌装,0,88,2026-07-28,夜班,正常生产运行,0,,主数据集观测(众数),1
SCHEC-INPUT-V1.0,HB-SYRUP,水糖车间,PET瓶灌装,0,88,2026-07-29,白班,正常生产运行,0,,主数据集观测(众数),1
SCHEC-INPUT-V1.0,HB-SYRUP,水糖车间,PET瓶灌装,0,88,2026-07-29,夜班,正常生产运行,0,,主数据集观测(众数),1
SCHEC-INPUT-V1.0,HB-SYRUP,水糖车间,PET瓶灌装,0,88,2026-07-30,白班,正常生产运行,1,B.4步清洗,主数据集观测(众数),2
SCHEC-INPUT-V1.0,HB-SYRUP,水糖车间,PET瓶灌装,0,88,2026-07-30,夜班,正常生产运行,0,,"默认(未观测,按正常生产)",0
SCHEC-INPUT-V1.0,HB-SYRUP,水糖车间,PET瓶灌装,0,88,2026-07-31,白班,正常生产运行,0,,主数据集观测(众数),4
SCHEC-INPUT-V1.0,HB-SYRUP,水糖车间,PET瓶灌装,0,88,2026-07-31,夜班,正常生产运行,0,,主数据集观测(众数),5
SCHEC-INPUT-V1.0,HB-SYRUP,水糖车间,PET瓶灌装,0,88,2026-08-01,白班,例行维护,0,,主数据集观测(众数),2
SCHEC-INPUT-V1.0,HB-SYRUP,水糖车间,PET瓶灌装,0,88,2026-08-01,夜班,正常生产运行,0,,"默认(未观测,按正常生产)",0
SCHEC-INPUT-V1.0,HB-SYRUP,水糖车间,PET瓶灌装,0,88,2026-08-02,白班,正常生产运行,0,,主数据集观测(众数),3
SCHEC-INPUT-V1.0,HB-SYRUP,水糖车间,PET瓶灌装,0,88,2026-08-02,夜班,正常生产运行,0,,"默认(未观测,按正常生产)",0
SCHEC-INPUT-V1.0,HB-SYRUP,水糖车间,PET瓶灌装,0,88,2026-08-03,白班,正常生产运行,1,F.5步热清洗消毒,主数据集观测(众数),6
SCHEC-INPUT-V1.0,HB-SYRUP,水糖车间,PET瓶灌装,0,88,2026-08-03,夜班,换型,1,F.5步热清洗消毒,主数据集观测(众数),1
SCHEC-INPUT-V1.0,HB-SYRUP,水糖车间,PET瓶灌装,0,88,2026-08-04,白班,正常生产运行,0,,主数据集观测(众数),5
SCHEC-INPUT-V1.0,HB-SYRUP,水糖车间,PET瓶灌装,0,88,2026-08-04,夜班,正常生产运行,0,,主数据集观测(众数),1
SCHEC-INPUT-V1.0,HB-SYRUP,水糖车间,PET瓶灌装,0,88,2026-08-05,白班,正常生产运行,0,,"默认(未观测,按正常生产)",0
SCHEC-INPUT-V1.0,HB-SYRUP,水糖车间,PET瓶灌装,0,88,2026-08-05,夜班,正常生产运行,0,,主数据集观测(众数),1
SCHEC-INPUT-V1.0,HB-SYRUP,水糖车间,PET瓶灌装,0,88,2026-08-06,白班,正常生产运行,0,,主数据集观测(众数),1
SCHEC-INPUT-V1.0,HB-SYRUP,水糖车间,PET瓶灌装,0,88,2026-08-06,夜班,正常生产运行,0,,主数据集观测(众数),4
SCHEC-INPUT-V1.0,HB-SYRUP,水糖车间,PET瓶灌装,0,88,2026-08-07,白班,正常生产运行,0,,"默认(未观测,按正常生产)",0
SCHEC-INPUT-V1.0,HB-SYRUP,水糖车间,PET瓶灌装,0,88,2026-08-07,夜班,正常生产运行,0,B.4步清洗,主数据集观测(众数),4
SCHEC-INPUT-V1.0,HB-SYRUP,水糖车间,PET瓶灌装,0,88,2026-08-08,白班,正常生产运行,0,,主数据集观测(众数),6
SCHEC-INPUT-V1.0,HB-SYRUP,水糖车间,PET瓶灌装,0,88,2026-08-08,夜班,正常生产运行,0,,"默认(未观测,按正常生产)",0
SCHEC-INPUT-V1.0,HB-SYRUP,水糖车间,PET瓶灌装,0,88,2026-08-09,白班,正常生产运行,0,,主数据集观测(众数),1
SCHEC-INPUT-V1.0,HB-SYRUP,水糖车间,PET瓶灌装,0,88,2026-08-09,夜班,正常生产运行,0,,主数据集观测(众数),2
SCHEC-INPUT-V1.0,HB-SYRUP,水糖车间,PET瓶灌装,0,88,2026-08-10,白班,正常生产运行,0,,主数据集观测(众数),2
SCHEC-INPUT-V1.0,HB-SYRUP,水糖车间,PET瓶灌装,0,88,2026-08-10,夜班,正常生产运行,0,,"默认(未观测,按正常生产)",0
SCHEC-INPUT-V1.0,HB-SYRUP,水糖车间,PET瓶灌装,0,88,2026-08-11,白班,正常生产运行,0,,"默认(未观测,按正常生产)",0
SCHEC-INPUT-V1.0,HB-SYRUP,水糖车间,PET瓶灌装,0,88,2026-08-11,夜班,正常生产运行,0,,主数据集观测(众数),1
SCHEC-INPUT-V1.0,HB-SYRUP,水糖车间,PET瓶灌装,0,88,2026-08-12,白班,正常生产运行,0,,主数据集观测(众数),3
SCHEC-INPUT-V1.0,HB-SYRUP,水糖车间,PET瓶灌装,0,88,2026-08-12,夜班,正常生产运行,0,,主数据集观测(众数),1
SCHEC-INPUT-V1.0,HB-SYRUP,水糖车间,PET瓶灌装,0,88,2026-08-13,白班,正常生产运行,0,,主数据集观测(众数),1
SCHEC-INPUT-V1.0,HB-SYRUP,水糖车间,PET瓶灌装,0,88,2026-08-13,夜班,正常生产运行,0,,"默认(未观测,按正常生产)",0
SCHEC-INPUT-V1.0,HB-SYRUP,水糖车间,PET瓶灌装,0,88,2026-08-14,白班,正常生产运行,0,,"默认(未观测,按正常生产)",0
SCHEC-INPUT-V1.0,HB-SYRUP,水糖车间,PET瓶灌装,0,88,2026-08-14,夜班,正常生产运行,0,,主数据集观测(众数),4
SCHEC-INPUT-V1.0,HB-SYRUP,水糖车间,PET瓶灌装,0,88,2026-08-15,白班,正常生产运行,0,,主数据集观测(众数),10
SCHEC-INPUT-V1.0,HB-SYRUP,水糖车间,PET瓶灌装,0,88,2026-08-15,夜班,正常生产运行,0,,主数据集观测(众数),4
SCHEC-INPUT-V1.0,HB-SYRUP,水糖车间,PET瓶灌装,0,88,2026-08-16,白班,正常生产运行,0,,"默认(未观测,按正常生产)",0
SCHEC-INPUT-V1.0,HB-SYRUP,水糖车间,PET瓶灌装,0,88,2026-08-16,夜班,换型,1,C.碱洗,主数据集观测(众数),1
SCHEC-INPUT-V1.0,HB-SYRUP,水糖车间,PET瓶灌装,0,88,2026-08-17,白班,正常生产运行,0,,主数据集观测(众数),4
SCHEC-INPUT-V1.0,HB-SYRUP,水糖车间,PET瓶灌装,0,88,2026-08-17,夜班,正常生产运行,0,,"默认(未观测,按正常生产)",0
SCHEC-INPUT-V1.0,HB-SYRUP,水糖车间,PET瓶灌装,0,88,2026-08-18,白班,正常生产运行,0,,主数据集观测(众数),4
SCHEC-INPUT-V1.0,HB-SYRUP,水糖车间,PET瓶灌装,0,88,2026-08-18,夜班,正常生产运行,0,,主数据集观测(众数),1
SCHEC-INPUT-V1.0,HB-SYRUP,水糖车间,PET瓶灌装,0,88,2026-08-19,白班,正常生产运行,0,,"默认(未观测,按正常生产)",0
SCHEC-INPUT-V1.0,HB-SYRUP,水糖车间,PET瓶灌装,0,88,2026-08-19,夜班,正常生产运行,0,,主数据集观测(众数),2
SCHEC-INPUT-V1.0,HB-SYRUP,水糖车间,PET瓶灌装,0,88,2026-08-20,白班,正常生产运行,0,,"默认(未观测,按正常生产)",0
SCHEC-INPUT-V1.0,HB-SYRUP,水糖车间,PET瓶灌装,0,88,2026-08-20,夜班,正常生产运行,0,,主数据集观测(众数),4
SCHEC-INPUT-V1.0,HB-SYRUP,水糖车间,PET瓶灌装,0,88,2026-08-21,白班,正常生产运行,0,,主数据集观测(众数),1
SCHEC-INPUT-V1.0,HB-SYRUP,水糖车间,PET瓶灌装,0,88,2026-08-21,夜班,正常生产运行,0,,"默认(未观测,按正常生产)",0
SCHEC-INPUT-V1.0,HB-SYRUP,水糖车间,PET瓶灌装,0,88,2026-08-22,白班,正常生产运行,0,,主数据集观测(众数),1
SCHEC-INPUT-V1.0,HB-SYRUP,水糖车间,PET瓶灌装,0,88,2026-08-22,夜班,正常生产运行,0,,主数据集观测(众数),1
SCHEC-INPUT-V1.0,HB-SYRUP,水糖车间,PET瓶灌装,0,88,2026-08-23,白班,正常生产运行,0,,主数据集观测(众数),1
SCHEC-INPUT-V1.0,HB-SYRUP,水糖车间,PET瓶灌装,0,88,2026-08-23,夜班,正常生产运行,0,,"默认(未观测,按正常生产)",0
SCHEC-INPUT-V1.0,HB-SYRUP,水糖车间,PET瓶灌装,0,88,2026-08-24,白班,正常生产运行,0,,主数据集观测(众数),1
SCHEC-INPUT-V1.0,HB-SYRUP,水糖车间,PET瓶灌装,0,88,2026-08-24,夜班,换型,1,C.碱洗,主数据集观测(众数),1
SCHEC-INPUT-V1.0,HB-SYRUP,水糖车间,PET瓶灌装,0,88,2026-08-25,白班,正常生产运行,0,,主数据集观测(众数),1
SCHEC-INPUT-V1.0,HB-SYRUP,水糖车间,PET瓶灌装,0,88,2026-08-25,夜班,正常生产运行,0,,主数据集观测(众数),4
SCHEC-INPUT-V1.0,HB-SYRUP,水糖车间,PET瓶灌装,0,88,2026-08-26,白班,正常生产运行,0,,"默认(未观测,按正常生产)",0
SCHEC-INPUT-V1.0,HB-SYRUP,水糖车间,PET瓶灌装,0,88,2026-08-26,夜班,正常生产运行,0,,主数据集观测(众数),3
SCHEC-INPUT-V1.0,HB-SYRUP,水糖车间,PET瓶灌装,0,88,2026-08-27,白班,正常生产运行,0,,主数据集观测(众数),5
SCHEC-INPUT-V1.0,HB-SYRUP,水糖车间,PET瓶灌装,0,88,2026-08-27,夜班,正常生产运行,0,,主数据集观测(众数),1
SCHEC-INPUT-V1.0,HB-SYRUP,水糖车间,PET瓶灌装,0,88,2026-08-28,白班,换型,1,C.碱洗,主数据集观测(众数),1
SCHEC-INPUT-V1.0,HB-SYRUP,水糖车间,PET瓶灌装,0,88,2026-08-28,夜班,正常生产运行,0,,主数据集观测(众数),1
SCHEC-INPUT-V1.0,HB-SYRUP,水糖车间,PET瓶灌装,0,88,2026-08-29,白班,正常生产运行,0,,主数据集观测(众数),4
SCHEC-INPUT-V1.0,HB-SYRUP,水糖车间,PET瓶灌装,0,88,2026-08-29,夜班,正常生产运行,0,,主数据集观测(众数),1
SCHEC-INPUT-V1.0,HB-SYRUP,水糖车间,PET瓶灌装,0,88,2026-08-30,白班,正常生产运行,0,,主数据集观测(众数),1
SCHEC-INPUT-V1.0,HB-SYRUP,水糖车间,PET瓶灌装,0,88,2026-08-30,夜班,正常生产运行,0,,主数据集观测(众数),1
SCHEC-INPUT-V1.0,HB-SYRUP,水糖车间,PET瓶灌装,0,88,2026-08-31,白班,正常生产运行,0,,主数据集观测(众数),1
SCHEC-INPUT-V1.0,HB-SYRUP,水糖车间,PET瓶灌装,0,88,2026-08-31,夜班,正常生产运行,0,,"默认(未观测,按正常生产)",0
SCHEC-INPUT-V1.0,SX-BIB01,BIB线,现调糖浆BIB灌装,8000,84,2026-07-01,白班,正常生产运行,0,,"默认(未观测,按正常生产)",0
SCHEC-INPUT-V1.0,SX-BIB01,BIB线,现调糖浆BIB灌装,8000,84,2026-07-01,夜班,正常生产运行,0,,"默认(未观测,按正常生产)",0
SCHEC-INPUT-V1.0,SX-BIB01,BIB线,现调糖浆BIB灌装,8000,84,2026-07-02,白班,正常生产运行,0,,主数据集观测(众数),1
SCHEC-INPUT-V1.0,SX-BIB01,BIB线,现调糖浆BIB灌装,8000,84,2026-07-02,夜班,正常生产运行,0,,主数据集观测(众数),5
SCHEC-INPUT-V1.0,SX-BIB01,BIB线,现调糖浆BIB灌装,8000,84,2026-07-03,白班,正常生产运行,0,,主数据集观测(众数),5
SCHEC-INPUT-V1.0,SX-BIB01,BIB线,现调糖浆BIB灌装,8000,84,2026-07-03,夜班,正常生产运行,0,,"默认(未观测,按正常生产)",0
SCHEC-INPUT-V1.0,SX-BIB01,BIB线,现调糖浆BIB灌装,8000,84,2026-07-04,白班,正常生产运行,0,,"默认(未观测,按正常生产)",0
SCHEC-INPUT-V1.0,SX-BIB01,BIB线,现调糖浆BIB灌装,8000,84,2026-07-04,夜班,正常生产运行,0,,主数据集观测(众数),1
SCHEC-INPUT-V1.0,SX-BIB01,BIB线,现调糖浆BIB灌装,8000,84,2026-07-05,白班,正常生产运行,0,,"默认(未观测,按正常生产)",0
SCHEC-INPUT-V1.0,SX-BIB01,BIB线,现调糖浆BIB灌装,8000,84,2026-07-05,夜班,正常生产运行,0,,主数据集观测(众数),5
SCHEC-INPUT-V1.0,SX-BIB01,BIB线,现调糖浆BIB灌装,8000,84,2026-07-06,白班,正常生产运行,0,,主数据集观测(众数),1
SCHEC-INPUT-V1.0,SX-BIB01,BIB线,现调糖浆BIB灌装,8000,84,2026-07-06,夜班,正常生产运行,0,,"默认(未观测,按正常生产)",0
SCHEC-INPUT-V1.0,SX-BIB01,BIB线,现调糖浆BIB灌装,8000,84,2026-07-07,白班,换型,1,C.碱洗,主数据集观测(众数),4
SCHEC-INPUT-V1.0,SX-BIB01,BIB线,现调糖浆BIB灌装,8000,84,2026-07-07,夜班,换型,1,A.3步清洗,主数据集观测(众数),3
SCHEC-INPUT-V1.0,SX-BIB01,BIB线,现调糖浆BIB灌装,8000,84,2026-07-08,白班,正常生产运行,0,,主数据集观测(众数),1
SCHEC-INPUT-V1.0,SX-BIB01,BIB线,现调糖浆BIB灌装,8000,84,2026-07-08,夜班,正常生产运行,0,,主数据集观测(众数),3
SCHEC-INPUT-V1.0,SX-BIB01,BIB线,现调糖浆BIB灌装,8000,84,2026-07-09,白班,正常生产运行,0,,"默认(未观测,按正常生产)",0
SCHEC-INPUT-V1.0,SX-BIB01,BIB线,现调糖浆BIB灌装,8000,84,2026-07-09,夜班,正常生产运行,0,,"默认(未观测,按正常生产)",0
SCHEC-INPUT-V1.0,SX-BIB01,BIB线,现调糖浆BIB灌装,8000,84,2026-07-10,白班,正常生产运行,0,,主数据集观测(众数),2
SCHEC-INPUT-V1.0,SX-BIB01,BIB线,现调糖浆BIB灌装,8000,84,2026-07-10,夜班,正常生产运行,0,,主数据集观测(众数),1
SCHEC-INPUT-V1.0,SX-BIB01,BIB线,现调糖浆BIB灌装,8000,84,2026-07-11,白班,正常生产运行,0,,主数据集观测(众数),2
SCHEC-INPUT-V1.0,SX-BIB01,BIB线,现调糖浆BIB灌装,8000,84,2026-07-11,夜班,正常生产运行,0,,主数据集观测(众数),5
SCHEC-INPUT-V1.0,SX-BIB01,BIB线,现调糖浆BIB灌装,8000,84,2026-07-12,白班,正常生产运行,0,,主数据集观测(众数),1
SCHEC-INPUT-V1.0,SX-BIB01,BIB线,现调糖浆BIB灌装,8000,84,2026-07-12,夜班,正常生产运行,0,,"默认(未观测,按正常生产)",0
SCHEC-INPUT-V1.0,SX-BIB01,BIB线,现调糖浆BIB灌装,8000,84,2026-07-13,白班,正常生产运行,0,,主数据集观测(众数),1
SCHEC-INPUT-V1.0,SX-BIB01,BIB线,现调糖浆BIB灌装,8000,84,2026-07-13,夜班,正常生产运行,0,,主数据集观测(众数),4
SCHEC-INPUT-V1.0,SX-BIB01,BIB线,现调糖浆BIB灌装,8000,84,2026-07-14,白班,正常生产运行,0,,"默认(未观测,按正常生产)",0
SCHEC-INPUT-V1.0,SX-BIB01,BIB线,现调糖浆BIB灌装,8000,84,2026-07-14,夜班,正常生产运行,0,,主数据集观测(众数),1
SCHEC-INPUT-V1.0,SX-BIB01,BIB线,现调糖浆BIB灌装,8000,84,2026-07-15,白班,正常生产运行,0,,主数据集观测(众数),7
SCHEC-INPUT-V1.0,SX-BIB01,BIB线,现调糖浆BIB灌装,8000,84,2026-07-15,夜班,正常生产运行,0,,"默认(未观测,按正常生产)",0
SCHEC-INPUT-V1.0,SX-BIB01,BIB线,现调糖浆BIB灌装,8000,84,2026-07-16,白班,正常生产运行,0,,主数据集观测(众数),4
SCHEC-INPUT-V1.0,SX-BIB01,BIB线,现调糖浆BIB灌装,8000,84,2026-07-16,夜班,正常生产运行,0,,主数据集观测(众数),3
SCHEC-INPUT-V1.0,SX-BIB01,BIB线,现调糖浆BIB灌装,8000,84,2026-07-17,白班,正常生产运行,0,,主数据集观测(众数),1
SCHEC-INPUT-V1.0,SX-BIB01,BIB线,现调糖浆BIB灌装,8000,84,2026-07-17,夜班,正常生产运行,0,,主数据集观测(众数),1
SCHEC-INPUT-V1.0,SX-BIB01,BIB线,现调糖浆BIB灌装,8000,84,2026-07-18,白班,正常生产运行,0,,主数据集观测(众数),3
SCHEC-INPUT-V1.0,SX-BIB01,BIB线,现调糖浆BIB灌装,8000,84,2026-07-18,夜班,正常生产运行,0,,"默认(未观测,按正常生产)",0
SCHEC-INPUT-V1.0,SX-BIB01,BIB线,现调糖浆BIB灌装,8000,84,2026-07-19,白班,正常生产运行,0,,"默认(未观测,按正常生产)",0
SCHEC-INPUT-V1.0,SX-BIB01,BIB线,现调糖浆BIB灌装,8000,84,2026-07-19,夜班,正常生产运行,0,,主数据集观测(众数),1
SCHEC-INPUT-V1.0,SX-BIB01,BIB线,现调糖浆BIB灌装,8000,84,2026-07-20,白班,换型,1,B.4步清洗,主数据集观测(众数),2
SCHEC-INPUT-V1.0,SX-BIB01,BIB线,现调糖浆BIB灌装,8000,84,2026-07-20,夜班,正常生产运行,0,,"默认(未观测,按正常生产)",0
SCHEC-INPUT-V1.0,SX-BIB01,BIB线,现调糖浆BIB灌装,8000,84,2026-07-21,白班,正常生产运行,0,,主数据集观测(众数),5
SCHEC-INPUT-V1.0,SX-BIB01,BIB线,现调糖浆BIB灌装,8000,84,2026-07-21,夜班,正常生产运行,0,,主数据集观测(众数),1
SCHEC-INPUT-V1.0,SX-BIB01,BIB线,现调糖浆BIB灌装,8000,84,2026-07-22,白班,正常生产运行,0,,主数据集观测(众数),3
SCHEC-INPUT-V1.0,SX-BIB01,BIB线,现调糖浆BIB灌装,8000,84,2026-07-22,夜班,正常生产运行,0,,主数据集观测(众数),4
SCHEC-INPUT-V1.0,SX-BIB01,BIB线,现调糖浆BIB灌装,8000,84,2026-07-23,白班,正常生产运行,0,,主数据集观测(众数),2
SCHEC-INPUT-V1.0,SX-BIB01,BIB线,现调糖浆BIB灌装,8000,84,2026-07-23,夜班,正常生产运行,0,,"默认(未观测,按正常生产)",0
SCHEC-INPUT-V1.0,SX-BIB01,BIB线,现调糖浆BIB灌装,8000,84,2026-07-24,白班,正常生产运行,0,,主数据集观测(众数),1
SCHEC-INPUT-V1.0,SX-BIB01,BIB线,现调糖浆BIB灌装,8000,84,2026-07-24,夜班,正常生产运行,0,,"默认(未观测,按正常生产)",0
SCHEC-INPUT-V1.0,SX-BIB01,BIB线,现调糖浆BIB灌装,8000,84,2026-07-25,白班,正常生产运行,0,,主数据集观测(众数),2
SCHEC-INPUT-V1.0,SX-BIB01,BIB线,现调糖浆BIB灌装,8000,84,2026-07-25,夜班,正常生产运行,0,,主数据集观测(众数),5
SCHEC-INPUT-V1.0,SX-BIB01,BIB线,现调糖浆BIB灌装,8000,84,2026-07-26,白班,正常生产运行,0,,"默认(未观测,按正常生产)",0
SCHEC-INPUT-V1.0,SX-BIB01,BIB线,现调糖浆BIB灌装,8000,84,2026-07-26,夜班,正常生产运行,0,,主数据集观测(众数),1
SCHEC-INPUT-V1.0,SX-BIB01,BIB线,现调糖浆BIB灌装,8000,84,2026-07-27,白班,正常生产运行,0,,主数据集观测(众数),3
SCHEC-INPUT-V1.0,SX-BIB01,BIB线,现调糖浆BIB灌装,8000,84,2026-07-27,夜班,正常生产运行,0,,主数据集观测(众数),1
SCHEC-INPUT-V1.0,SX-BIB01,BIB线,现调糖浆BIB灌装,8000,84,2026-07-28,白班,正常生产运行,0,,主数据集观测(众数),8
SCHEC-INPUT-V1.0,SX-BIB01,BIB线,现调糖浆BIB灌装,8000,84,2026-07-28,夜班,正常生产运行,0,,主数据集观测(众数),2
SCHEC-INPUT-V1.0,SX-BIB01,BIB线,现调糖浆BIB灌装,8000,84,2026-07-29,白班,正常生产运行,0,,"默认(未观测,按正常生产)",0
SCHEC-INPUT-V1.0,SX-BIB01,BIB线,现调糖浆BIB灌装,8000,84,2026-07-29,夜班,正常生产运行,0,,"默认(未观测,按正常生产)",0
SCHEC-INPUT-V1.0,SX-BIB01,BIB线,现调糖浆BIB灌装,8000,84,2026-07-30,白班,正常生产运行,0,,主数据集观测(众数),4
SCHEC-INPUT-V1.0,SX-BIB01,BIB线,现调糖浆BIB灌装,8000,84,2026-07-30,夜班,正常生产运行,0,,"默认(未观测,按正常生产)",0
SCHEC-INPUT-V1.0,SX-BIB01,BIB线,现调糖浆BIB灌装,8000,84,2026-07-31,白班,正常生产运行,0,,主数据集观测(众数),1
SCHEC-INPUT-V1.0,SX-BIB01,BIB线,现调糖浆BIB灌装,8000,84,2026-07-31,夜班,正常生产运行,0,,主数据集观测(众数),2
SCHEC-INPUT-V1.0,SX-BIB01,BIB线,现调糖浆BIB灌装,8000,84,2026-08-01,白班,正常生产运行,0,,"默认(未观测,按正常生产)",0
SCHEC-INPUT-V1.0,SX-BIB01,BIB线,现调糖浆BIB灌装,8000,84,2026-08-01,夜班,正常生产运行,0,,主数据集观测(众数),8
SCHEC-INPUT-V1.0,SX-BIB01,BIB线,现调糖浆BIB灌装,8000,84,2026-08-02,白班,正常生产运行,0,,主数据集观测(众数),2
SCHEC-INPUT-V1.0,SX-BIB01,BIB线,现调糖浆BIB灌装,8000,84,2026-08-02,夜班,正常生产运行,0,,主数据集观测(众数),2
SCHEC-INPUT-V1.0,SX-BIB01,BIB线,现调糖浆BIB灌装,8000,84,2026-08-03,白班,正常生产运行,0,,主数据集观测(众数),1
SCHEC-INPUT-V1.0,SX-BIB01,BIB线,现调糖浆BIB灌装,8000,84,2026-08-03,夜班,正常生产运行,0,,"默认(未观测,按正常生产)",0
SCHEC-INPUT-V1.0,SX-BIB01,BIB线,现调糖浆BIB灌装,8000,84,2026-08-04,白班,正常生产运行,0,,"默认(未观测,按正常生产)",0
SCHEC-INPUT-V1.0,SX-BIB01,BIB线,现调糖浆BIB灌装,8000,84,2026-08-04,夜班,正常生产运行,0,,"默认(未观测,按正常生产)",0
SCHEC-INPUT-V1.0,SX-BIB01,BIB线,现调糖浆BIB灌装,8000,84,2026-08-05,白班,正常生产运行,0,,主数据集观测(众数),3
SCHEC-INPUT-V1.0,SX-BIB01,BIB线,现调糖浆BIB灌装,8000,84,2026-08-05,夜班,正常生产运行,0,,主数据集观测(众数),1
SCHEC-INPUT-V1.0,SX-BIB01,BIB线,现调糖浆BIB灌装,8000,84,2026-08-06,白班,正常生产运行,0,,主数据集观测(众数),2
SCHEC-INPUT-V1.0,SX-BIB01,BIB线,现调糖浆BIB灌装,8000,84,2026-08-06,夜班,正常生产运行,0,,主数据集观测(众数),3
SCHEC-INPUT-V1.0,SX-BIB01,BIB线,现调糖浆BIB灌装,8000,84,2026-08-07,白班,正常生产运行,0,,主数据集观测(众数),2
SCHEC-INPUT-V1.0,SX-BIB01,BIB线,现调糖浆BIB灌装,8000,84,2026-08-07,夜班,正常生产运行,0,,主数据集观测(众数),1
SCHEC-INPUT-V1.0,SX-BIB01,BIB线,现调糖浆BIB灌装,8000,84,2026-08-08,白班,正常生产运行,0,,主数据集观测(众数),1
SCHEC-INPUT-V1.0,SX-BIB01,BIB线,现调糖浆BIB灌装,8000,84,2026-08-08,夜班,正常生产运行,0,,主数据集观测(众数),1
SCHEC-INPUT-V1.0,SX-BIB01,BIB线,现调糖浆BIB灌装,8000,84,2026-08-09,白班,正常生产运行,0,,主数据集观测(众数),1
SCHEC-INPUT-V1.0,SX-BIB01,BIB线,现调糖浆BIB灌装,8000,84,2026-08-09,夜班,正常生产运行,0,A.3步清洗,主数据集观测(众数),5
SCHEC-INPUT-V1.0,SX-BIB01,BIB线,现调糖浆BIB灌装,8000,84,2026-08-10,白班,正常生产运行,0,,主数据集观测(众数),2
SCHEC-INPUT-V1.0,SX-BIB01,BIB线,现调糖浆BIB灌装,8000,84,2026-08-10,夜班,换型,1,A.3步清洗,主数据集观测(众数),1
SCHEC-INPUT-V1.0,SX-BIB01,BIB线,现调糖浆BIB灌装,8000,84,2026-08-11,白班,正常生产运行,0,,主数据集观测(众数),1
SCHEC-INPUT-V1.0,SX-BIB01,BIB线,现调糖浆BIB灌装,8000,84,2026-08-11,夜班,正常生产运行,0,,"默认(未观测,按正常生产)",0
SCHEC-INPUT-V1.0,SX-BIB01,BIB线,现调糖浆BIB灌装,8000,84,2026-08-12,白班,正常生产运行,0,,主数据集观测(众数),4
SCHEC-INPUT-V1.0,SX-BIB01,BIB线,现调糖浆BIB灌装,8000,84,2026-08-12,夜班,正常生产运行,0,,主数据集观测(众数),1
SCHEC-INPUT-V1.0,SX-BIB01,BIB线,现调糖浆BIB灌装,8000,84,2026-08-13,白班,正常生产运行,0,,主数据集观测(众数),5
SCHEC-INPUT-V1.0,SX-BIB01,BIB线,现调糖浆BIB灌装,8000,84,2026-08-13,夜班,正常生产运行,0,,主数据集观测(众数),1
SCHEC-INPUT-V1.0,SX-BIB01,BIB线,现调糖浆BIB灌装,8000,84,2026-08-14,白班,正常生产运行,0,,主数据集观测(众数),1
SCHEC-INPUT-V1.0,SX-BIB01,BIB线,现调糖浆BIB灌装,8000,84,2026-08-14,夜班,正常生产运行,0,,"默认(未观测,按正常生产)",0
SCHEC-INPUT-V1.0,SX-BIB01,BIB线,现调糖浆BIB灌装,8000,84,2026-08-15,白班,正常生产运行,0,,主数据集观测(众数),7
SCHEC-INPUT-V1.0,SX-BIB01,BIB线,现调糖浆BIB灌装,8000,84,2026-08-15,夜班,正常生产运行,0,,主数据集观测(众数),2
SCHEC-INPUT-V1.0,SX-BIB01,BIB线,现调糖浆BIB灌装,8000,84,2026-08-16,白班,正常生产运行,0,,主数据集观测(众数),1
SCHEC-INPUT-V1.0,SX-BIB01,BIB线,现调糖浆BIB灌装,8000,84,2026-08-16,夜班,正常生产运行,0,,主数据集观测(众数),1
SCHEC-INPUT-V1.0,SX-BIB01,BIB线,现调糖浆BIB灌装,8000,84,2026-08-17,白班,正常生产运行,0,,主数据集观测(众数),1
SCHEC-INPUT-V1.0,SX-BIB01,BIB线,现调糖浆BIB灌装,8000,84,2026-08-17,夜班,正常生产运行,0,,"默认(未观测,按正常生产)",0
SCHEC-INPUT-V1.0,SX-BIB01,BIB线,现调糖浆BIB灌装,8000,84,2026-08-18,白班,正常生产运行,0,,"默认(未观测,按正常生产)",0
SCHEC-INPUT-V1.0,SX-BIB01,BIB线,现调糖浆BIB灌装,8000,84,2026-08-18,夜班,正常生产运行,0,,主数据集观测(众数),1
SCHEC-INPUT-V1.0,SX-BIB01,BIB线,现调糖浆BIB灌装,8000,84,2026-08-19,白班,正常生产运行,0,B.4步清洗,主数据集观测(众数),3
SCHEC-INPUT-V1.0,SX-BIB01,BIB线,现调糖浆BIB灌装,8000,84,2026-08-19,夜班,正常生产运行,0,,"默认(未观测,按正常生产)",0
SCHEC-INPUT-V1.0,SX-BIB01,BIB线,现调糖浆BIB灌装,8000,84,2026-08-20,白班,正常生产运行,0,,主数据集观测(众数),1
SCHEC-INPUT-V1.0,SX-BIB01,BIB线,现调糖浆BIB灌装,8000,84,2026-08-20,夜班,正常生产运行,0,,"默认(未观测,按正常生产)",0
SCHEC-INPUT-V1.0,SX-BIB01,BIB线,现调糖浆BIB灌装,8000,84,2026-08-21,白班,正常生产运行,0,,"默认(未观测,按正常生产)",0
SCHEC-INPUT-V1.0,SX-BIB01,BIB线,现调糖浆BIB灌装,8000,84,2026-08-21,夜班,正常生产运行,0,,"默认(未观测,按正常生产)",0
SCHEC-INPUT-V1.0,SX-BIB01,BIB线,现调糖浆BIB灌装,8000,84,2026-08-22,白班,正常生产运行,0,,主数据集观测(众数),1
SCHEC-INPUT-V1.0,SX-BIB01,BIB线,现调糖浆BIB灌装,8000,84,2026-08-22,夜班,正常生产运行,0,,"默认(未观测,按正常生产)",0
SCHEC-INPUT-V1.0,SX-BIB01,BIB线,现调糖浆BIB灌装,8000,84,2026-08-23,白班,正常生产运行,0,,"默认(未观测,按正常生产)",0
SCHEC-INPUT-V1.0,SX-BIB01,BIB线,现调糖浆BIB灌装,8000,84,2026-08-23,夜班,正常生产运行,0,,"默认(未观测,按正常生产)",0
SCHEC-INPUT-V1.0,SX-BIB01,BIB线,现调糖浆BIB灌装,8000,84,2026-08-24,白班,正常生产运行,0,,主数据集观测(众数),1
SCHEC-INPUT-V1.0,SX-BIB01,BIB线,现调糖浆BIB灌装,8000,84,2026-08-24,夜班,正常生产运行,0,,"默认(未观测,按正常生产)",0
SCHEC-INPUT-V1.0,SX-BIB01,BIB线,现调糖浆BIB灌装,8000,84,2026-08-25,白班,正常生产运行,0,,"默认(未观测,按正常生产)",0
SCHEC-INPUT-V1.0,SX-BIB01,BIB线,现调糖浆BIB灌装,8000,84,2026-08-25,夜班,正常生产运行,0,,主数据集观测(众数),2
SCHEC-INPUT-V1.0,SX-BIB01,BIB线,现调糖浆BIB灌装,8000,84,2026-08-26,白班,正常生产运行,0,,"默认(未观测,按正常生产)",0
SCHEC-INPUT-V1.0,SX-BIB01,BIB线,现调糖浆BIB灌装,8000,84,2026-08-26,夜班,正常生产运行,0,,主数据集观测(众数),1
SCHEC-INPUT-V1.0,SX-BIB01,BIB线,现调糖浆BIB灌装,8000,84,2026-08-27,白班,正常生产运行,0,,主数据集观测(众数),1
SCHEC-INPUT-V1.0,SX-BIB01,BIB线,现调糖浆BIB灌装,8000,84,2026-08-27,夜班,正常生产运行,0,,主数据集观测(众数),1
SCHEC-INPUT-V1.0,SX-BIB01,BIB线,现调糖浆BIB灌装,8000,84,2026-08-28,白班,正常生产运行,0,,主数据集观测(众数),1
SCHEC-INPUT-V1.0,SX-BIB01,BIB线,现调糖浆BIB灌装,8000,84,2026-08-28,夜班,正常生产运行,0,,"默认(未观测,按正常生产)",0
SCHEC-INPUT-V1.0,SX-BIB01,BIB线,现调糖浆BIB灌装,8000,84,2026-08-29,白班,正常生产运行,0,,主数据集观测(众数),4
SCHEC-INPUT-V1.0,SX-BIB01,BIB线,现调糖浆BIB灌装,8000,84,2026-08-29,夜班,正常生产运行,0,,主数据集观测(众数),4
SCHEC-INPUT-V1.0,SX-BIB01,BIB线,现调糖浆BIB灌装,8000,84,2026-08-30,白班,正常生产运行,0,,主数据集观测(众数),7
SCHEC-INPUT-V1.0,SX-BIB01,BIB线,现调糖浆BIB灌装,8000,84,2026-08-30,夜班,正常生产运行,0,,主数据集观测(众数),3
SCHEC-INPUT-V1.0,SX-BIB01,BIB线,现调糖浆BIB灌装,8000,84,2026-08-31,白班,正常生产运行,0,,"默认(未观测,按正常生产)",0
SCHEC-INPUT-V1.0,SX-BIB01,BIB线,现调糖浆BIB灌装,8000,84,2026-08-31,夜班,正常生产运行,0,,主数据集观测(众数),2
SCHEC-INPUT-V1.0,SX-CAN01,CAN线,CAN易拉罐灌装,33000,88,2026-07-01,白班,正常生产运行,0,,主数据集观测(众数),1
SCHEC-INPUT-V1.0,SX-CAN01,CAN线,CAN易拉罐灌装,33000,88,2026-07-01,夜班,正常生产运行,0,,"默认(未观测,按正常生产)",0
SCHEC-INPUT-V1.0,SX-CAN01,CAN线,CAN易拉罐灌装,33000,88,2026-07-02,白班,正常生产运行,0,,主数据集观测(众数),1
SCHEC-INPUT-V1.0,SX-CAN01,CAN线,CAN易拉罐灌装,33000,88,2026-07-02,夜班,换型,1,C.碱洗,主数据集观测(众数),3
SCHEC-INPUT-V1.0,SX-CAN01,CAN线,CAN易拉罐灌装,33000,88,2026-07-03,白班,正常生产运行,0,,主数据集观测(众数),1
SCHEC-INPUT-V1.0,SX-CAN01,CAN线,CAN易拉罐灌装,33000,88,2026-07-03,夜班,正常生产运行,0,,主数据集观测(众数),1
SCHEC-INPUT-V1.0,SX-CAN01,CAN线,CAN易拉罐灌装,33000,88,2026-07-04,白班,正常生产运行,0,,主数据集观测(众数),3
SCHEC-INPUT-V1.0,SX-CAN01,CAN线,CAN易拉罐灌装,33000,88,2026-07-04,夜班,正常生产运行,0,,主数据集观测(众数),2
SCHEC-INPUT-V1.0,SX-CAN01,CAN线,CAN易拉罐灌装,33000,88,2026-07-05,白班,正常生产运行,0,,主数据集观测(众数),6
SCHEC-INPUT-V1.0,SX-CAN01,CAN线,CAN易拉罐灌装,33000,88,2026-07-05,夜班,正常生产运行,0,,主数据集观测(众数),5
SCHEC-INPUT-V1.0,SX-CAN01,CAN线,CAN易拉罐灌装,33000,88,2026-07-06,白班,正常生产运行,0,,"默认(未观测,按正常生产)",0
SCHEC-INPUT-V1.0,SX-CAN01,CAN线,CAN易拉罐灌装,33000,88,2026-07-06,夜班,正常生产运行,0,,主数据集观测(众数),1
SCHEC-INPUT-V1.0,SX-CAN01,CAN线,CAN易拉罐灌装,33000,88,2026-07-07,白班,正常生产运行,0,,主数据集观测(众数),1
SCHEC-INPUT-V1.0,SX-CAN01,CAN线,CAN易拉罐灌装,33000,88,2026-07-07,夜班,正常生产运行,0,,"默认(未观测,按正常生产)",0
SCHEC-INPUT-V1.0,SX-CAN01,CAN线,CAN易拉罐灌装,33000,88,2026-07-08,白班,正常生产运行,0,,主数据集观测(众数),1
SCHEC-INPUT-V1.0,SX-CAN01,CAN线,CAN易拉罐灌装,33000,88,2026-07-08,夜班,正常生产运行,0,,"默认(未观测,按正常生产)",0
SCHEC-INPUT-V1.0,SX-CAN01,CAN线,CAN易拉罐灌装,33000,88,2026-07-09,白班,换型,1,C.碱洗,主数据集观测(众数),9
SCHEC-INPUT-V1.0,SX-CAN01,CAN线,CAN易拉罐灌装,33000,88,2026-07-09,夜班,正常生产运行,0,,"默认(未观测,按正常生产)",0
SCHEC-INPUT-V1.0,SX-CAN01,CAN线,CAN易拉罐灌装,33000,88,2026-07-10,白班,正常生产运行,0,,主数据集观测(众数),1
SCHEC-INPUT-V1.0,SX-CAN01,CAN线,CAN易拉罐灌装,33000,88,2026-07-10,夜班,正常生产运行,0,,主数据集观测(众数),5
SCHEC-INPUT-V1.0,SX-CAN01,CAN线,CAN易拉罐灌装,33000,88,2026-07-11,白班,正常生产运行,0,,"默认(未观测,按正常生产)",0
SCHEC-INPUT-V1.0,SX-CAN01,CAN线,CAN易拉罐灌装,33000,88,2026-07-11,夜班,正常生产运行,0,,"默认(未观测,按正常生产)",0
SCHEC-INPUT-V1.0,SX-CAN01,CAN线,CAN易拉罐灌装,33000,88,2026-07-12,白班,正常生产运行,0,,主数据集观测(众数),4
SCHEC-INPUT-V1.0,SX-CAN01,CAN线,CAN易拉罐灌装,33000,88,2026-07-12,夜班,正常生产运行,0,,主数据集观测(众数),4
SCHEC-INPUT-V1.0,SX-CAN01,CAN线,CAN易拉罐灌装,33000,88,2026-07-13,白班,正常生产运行,0,,主数据集观测(众数),2
SCHEC-INPUT-V1.0,SX-CAN01,CAN线,CAN易拉罐灌装,33000,88,2026-07-13,夜班,正常生产运行,0,,主数据集观测(众数),5
SCHEC-INPUT-V1.0,SX-CAN01,CAN线,CAN易拉罐灌装,33000,88,2026-07-14,白班,正常生产运行,0,,主数据集观测(众数),1
SCHEC-INPUT-V1.0,SX-CAN01,CAN线,CAN易拉罐灌装,33000,88,2026-07-14,夜班,正常生产运行,0,,主数据集观测(众数),3
SCHEC-INPUT-V1.0,SX-CAN01,CAN线,CAN易拉罐灌装,33000,88,2026-07-15,白班,正常生产运行,0,,主数据集观测(众数),12
SCHEC-INPUT-V1.0,SX-CAN01,CAN线,CAN易拉罐灌装,33000,88,2026-07-15,夜班,正常生产运行,0,,主数据集观测(众数),12
SCHEC-INPUT-V1.0,SX-CAN01,CAN线,CAN易拉罐灌装,33000,88,2026-07-16,白班,换型,1,F.5步热清洗消毒,主数据集观测(众数),5
SCHEC-INPUT-V1.0,SX-CAN01,CAN线,CAN易拉罐灌装,33000,88,2026-07-16,夜班,换型,1,C.碱洗,主数据集观测(众数),5
SCHEC-INPUT-V1.0,SX-CAN01,CAN线,CAN易拉罐灌装,33000,88,2026-07-17,白班,正常生产运行,1,C.碱洗,主数据集观测(众数),3
SCHEC-INPUT-V1.0,SX-CAN01,CAN线,CAN易拉罐灌装,33000,88,2026-07-17,夜班,正常生产运行,1,C.碱洗,主数据集观测(众数),6
SCHEC-INPUT-V1.0,SX-CAN01,CAN线,CAN易拉罐灌装,33000,88,2026-07-18,白班,正常生产运行,0,,"默认(未观测,按正常生产)",0
SCHEC-INPUT-V1.0,SX-CAN01,CAN线,CAN易拉罐灌装,33000,88,2026-07-18,夜班,换型,1,C.碱洗,主数据集观测(众数),1
SCHEC-INPUT-V1.0,SX-CAN01,CAN线,CAN易拉罐灌装,33000,88,2026-07-19,白班,换型,1,A.3步清洗,主数据集观测(众数),1
SCHEC-INPUT-V1.0,SX-CAN01,CAN线,CAN易拉罐灌装,33000,88,2026-07-19,夜班,正常生产运行,1,B.4步清洗,主数据集观测(众数),2
SCHEC-INPUT-V1.0,SX-CAN01,CAN线,CAN易拉罐灌装,33000,88,2026-07-20,白班,正常生产运行,0,,"默认(未观测,按正常生产)",0
SCHEC-INPUT-V1.0,SX-CAN01,CAN线,CAN易拉罐灌装,33000,88,2026-07-20,夜班,正常生产运行,0,,"默认(未观测,按正常生产)",0
SCHEC-INPUT-V1.0,SX-CAN01,CAN线,CAN易拉罐灌装,33000,88,2026-07-21,白班,正常生产运行,0,,"默认(未观测,按正常生产)",0
SCHEC-INPUT-V1.0,SX-CAN01,CAN线,CAN易拉罐灌装,33000,88,2026-07-21,夜班,正常生产运行,0,,主数据集观测(众数),1
SCHEC-INPUT-V1.0,SX-CAN01,CAN线,CAN易拉罐灌装,33000,88,2026-07-22,白班,正常生产运行,0,,主数据集观测(众数),1
SCHEC-INPUT-V1.0,SX-CAN01,CAN线,CAN易拉罐灌装,33000,88,2026-07-22,夜班,正常生产运行,0,,"默认(未观测,按正常生产)",0
SCHEC-INPUT-V1.0,SX-CAN01,CAN线,CAN易拉罐灌装,33000,88,2026-07-23,白班,正常生产运行,0,,"默认(未观测,按正常生产)",0
SCHEC-INPUT-V1.0,SX-CAN01,CAN线,CAN易拉罐灌装,33000,88,2026-07-23,夜班,正常生产运行,0,,主数据集观测(众数),2
SCHEC-INPUT-V1.0,SX-CAN01,CAN线,CAN易拉罐灌装,33000,88,2026-07-24,白班,正常生产运行,0,,"默认(未观测,按正常生产)",0
SCHEC-INPUT-V1.0,SX-CAN01,CAN线,CAN易拉罐灌装,33000,88,2026-07-24,夜班,正常生产运行,0,,"默认(未观测,按正常生产)",0
SCHEC-INPUT-V1.0,SX-CAN01,CAN线,CAN易拉罐灌装,33000,88,2026-07-25,白班,换型,1,B.4步清洗,主数据集观测(众数),1
SCHEC-INPUT-V1.0,SX-CAN01,CAN线,CAN易拉罐灌装,33000,88,2026-07-25,夜班,正常生产运行,0,,主数据集观测(众数),5
SCHEC-INPUT-V1.0,SX-CAN01,CAN线,CAN易拉罐灌装,33000,88,2026-07-26,白班,换型,1,A.3步清洗,主数据集观测(众数),3
SCHEC-INPUT-V1.0,SX-CAN01,CAN线,CAN易拉罐灌装,33000,88,2026-07-26,夜班,换型,1,C.碱洗,主数据集观测(众数),1
SCHEC-INPUT-V1.0,SX-CAN01,CAN线,CAN易拉罐灌装,33000,88,2026-07-27,白班,正常生产运行,0,,主数据集观测(众数),3
SCHEC-INPUT-V1.0,SX-CAN01,CAN线,CAN易拉罐灌装,33000,88,2026-07-27,夜班,正常生产运行,0,,主数据集观测(众数),1
SCHEC-INPUT-V1.0,SX-CAN01,CAN线,CAN易拉罐灌装,33000,88,2026-07-28,白班,换型,1,C.碱洗,主数据集观测(众数),4
SCHEC-INPUT-V1.0,SX-CAN01,CAN线,CAN易拉罐灌装,33000,88,2026-07-28,夜班,正常生产运行,0,,主数据集观测(众数),1
SCHEC-INPUT-V1.0,SX-CAN01,CAN线,CAN易拉罐灌装,33000,88,2026-07-29,白班,正常生产运行,0,,"默认(未观测,按正常生产)",0
SCHEC-INPUT-V1.0,SX-CAN01,CAN线,CAN易拉罐灌装,33000,88,2026-07-29,夜班,正常生产运行,0,,主数据集观测(众数),1
SCHEC-INPUT-V1.0,SX-CAN01,CAN线,CAN易拉罐灌装,33000,88,2026-07-30,白班,正常生产运行,0,,主数据集观测(众数),2
SCHEC-INPUT-V1.0,SX-CAN01,CAN线,CAN易拉罐灌装,33000,88,2026-07-30,夜班,正常生产运行,0,,主数据集观测(众数),5
SCHEC-INPUT-V1.0,SX-CAN01,CAN线,CAN易拉罐灌装,33000,88,2026-07-31,白班,正常生产运行,0,,"默认(未观测,按正常生产)",0
SCHEC-INPUT-V1.0,SX-CAN01,CAN线,CAN易拉罐灌装,33000,88,2026-07-31,夜班,正常生产运行,0,,主数据集观测(众数),1
SCHEC-INPUT-V1.0,SX-CAN01,CAN线,CAN易拉罐灌装,33000,88,2026-08-01,白班,正常生产运行,0,,主数据集观测(众数),2
SCHEC-INPUT-V1.0,SX-CAN01,CAN线,CAN易拉罐灌装,33000,88,2026-08-01,夜班,正常生产运行,0,,主数据集观测(众数),3
SCHEC-INPUT-V1.0,SX-CAN01,CAN线,CAN易拉罐灌装,33000,88,2026-08-02,白班,正常生产运行,1,A.3步清洗,主数据集观测(众数),3
SCHEC-INPUT-V1.0,SX-CAN01,CAN线,CAN易拉罐灌装,33000,88,2026-08-02,夜班,正常生产运行,0,,"默认(未观测,按正常生产)",0
SCHEC-INPUT-V1.0,SX-CAN01,CAN线,CAN易拉罐灌装,33000,88,2026-08-03,白班,正常生产运行,0,,主数据集观测(众数),1
SCHEC-INPUT-V1.0,SX-CAN01,CAN线,CAN易拉罐灌装,33000,88,2026-08-03,夜班,正常生产运行,0,,主数据集观测(众数),9
SCHEC-INPUT-V1.0,SX-CAN01,CAN线,CAN易拉罐灌装,33000,88,2026-08-04,白班,正常生产运行,0,,主数据集观测(众数),8
SCHEC-INPUT-V1.0,SX-CAN01,CAN线,CAN易拉罐灌装,33000,88,2026-08-04,夜班,正常生产运行,0,,"默认(未观测,按正常生产)",0
SCHEC-INPUT-V1.0,SX-CAN01,CAN线,CAN易拉罐灌装,33000,88,2026-08-05,白班,正常生产运行,1,A.3步清洗,主数据集观测(众数),2
SCHEC-INPUT-V1.0,SX-CAN01,CAN线,CAN易拉罐灌装,33000,88,2026-08-05,夜班,正常生产运行,0,B.4步清洗,主数据集观测(众数),2
SCHEC-INPUT-V1.0,SX-CAN01,CAN线,CAN易拉罐灌装,33000,88,2026-08-06,白班,正常生产运行,0,,"默认(未观测,按正常生产)",0
SCHEC-INPUT-V1.0,SX-CAN01,CAN线,CAN易拉罐灌装,33000,88,2026-08-06,夜班,正常生产运行,0,,"默认(未观测,按正常生产)",0
SCHEC-INPUT-V1.0,SX-CAN01,CAN线,CAN易拉罐灌装,33000,88,2026-08-07,白班,正常生产运行,0,,主数据集观测(众数),2
SCHEC-INPUT-V1.0,SX-CAN01,CAN线,CAN易拉罐灌装,33000,88,2026-08-07,夜班,正常生产运行,0,,主数据集观测(众数),2
SCHEC-INPUT-V1.0,SX-CAN01,CAN线,CAN易拉罐灌装,33000,88,2026-08-08,白班,正常生产运行,0,,主数据集观测(众数),1
SCHEC-INPUT-V1.0,SX-CAN01,CAN线,CAN易拉罐灌装,33000,88,2026-08-08,夜班,换型,1,B.4步清洗,主数据集观测(众数),2
SCHEC-INPUT-V1.0,SX-CAN01,CAN线,CAN易拉罐灌装,33000,88,2026-08-09,白班,正常生产运行,0,,"默认(未观测,按正常生产)",0
SCHEC-INPUT-V1.0,SX-CAN01,CAN线,CAN易拉罐灌装,33000,88,2026-08-09,夜班,正常生产运行,0,,主数据集观测(众数),6
SCHEC-INPUT-V1.0,SX-CAN01,CAN线,CAN易拉罐灌装,33000,88,2026-08-10,白班,正常生产运行,0,,主数据集观测(众数),7
SCHEC-INPUT-V1.0,SX-CAN01,CAN线,CAN易拉罐灌装,33000,88,2026-08-10,夜班,正常生产运行,0,,主数据集观测(众数),1
SCHEC-INPUT-V1.0,SX-CAN01,CAN线,CAN易拉罐灌装,33000,88,2026-08-11,白班,正常生产运行,0,,"默认(未观测,按正常生产)",0
SCHEC-INPUT-V1.0,SX-CAN01,CAN线,CAN易拉罐灌装,33000,88,2026-08-11,夜班,正常生产运行,0,,主数据集观测(众数),1
SCHEC-INPUT-V1.0,SX-CAN01,CAN线,CAN易拉罐灌装,33000,88,2026-08-12,白班,正常生产运行,0,,"默认(未观测,按正常生产)",0
SCHEC-INPUT-V1.0,SX-CAN01,CAN线,CAN易拉罐灌装,33000,88,2026-08-12,夜班,正常生产运行,0,,"默认(未观测,按正常生产)",0
SCHEC-INPUT-V1.0,SX-CAN01,CAN线,CAN易拉罐灌装,33000,88,2026-08-13,白班,正常生产运行,0,,主数据集观测(众数),1
SCHEC-INPUT-V1.0,SX-CAN01,CAN线,CAN易拉罐灌装,33000,88,2026-08-13,夜班,正常生产运行,0,,"默认(未观测,按正常生产)",0
SCHEC-INPUT-V1.0,SX-CAN01,CAN线,CAN易拉罐灌装,33000,88,2026-08-14,白班,换型,1,B.4步清洗,主数据集观测(众数),1
SCHEC-INPUT-V1.0,SX-CAN01,CAN线,CAN易拉罐灌装,33000,88,2026-08-14,夜班,正常生产运行,0,,"默认(未观测,按正常生产)",0
SCHEC-INPUT-V1.0,SX-CAN01,CAN线,CAN易拉罐灌装,33000,88,2026-08-15,白班,正常生产运行,0,,主数据集观测(众数),10
SCHEC-INPUT-V1.0,SX-CAN01,CAN线,CAN易拉罐灌装,33000,88,2026-08-15,夜班,正常生产运行,0,,主数据集观测(众数),4
SCHEC-INPUT-V1.0,SX-CAN01,CAN线,CAN易拉罐灌装,33000,88,2026-08-16,白班,正常生产运行,0,,主数据集观测(众数),2
SCHEC-INPUT-V1.0,SX-CAN01,CAN线,CAN易拉罐灌装,33000,88,2026-08-16,夜班,正常生产运行,0,,主数据集观测(众数),1
SCHEC-INPUT-V1.0,SX-CAN01,CAN线,CAN易拉罐灌装,33000,88,2026-08-17,白班,正常生产运行,0,,主数据集观测(众数),1
SCHEC-INPUT-V1.0,SX-CAN01,CAN线,CAN易拉罐灌装,33000,88,2026-08-17,夜班,正常生产运行,0,,"默认(未观测,按正常生产)",0
SCHEC-INPUT-V1.0,SX-CAN01,CAN线,CAN易拉罐灌装,33000,88,2026-08-18,白班,换型,1,B.4步清洗,主数据集观测(众数),2
SCHEC-INPUT-V1.0,SX-CAN01,CAN线,CAN易拉罐灌装,33000,88,2026-08-18,夜班,换型,1,C.碱洗,主数据集观测(众数),1
SCHEC-INPUT-V1.0,SX-CAN01,CAN线,CAN易拉罐灌装,33000,88,2026-08-19,白班,正常生产运行,0,,主数据集观测(众数),4
SCHEC-INPUT-V1.0,SX-CAN01,CAN线,CAN易拉罐灌装,33000,88,2026-08-19,夜班,正常生产运行,0,,主数据集观测(众数),2
SCHEC-INPUT-V1.0,SX-CAN01,CAN线,CAN易拉罐灌装,33000,88,2026-08-20,白班,正常生产运行,0,,主数据集观测(众数),2
SCHEC-INPUT-V1.0,SX-CAN01,CAN线,CAN易拉罐灌装,33000,88,2026-08-20,夜班,正常生产运行,0,,主数据集观测(众数),2
SCHEC-INPUT-V1.0,SX-CAN01,CAN线,CAN易拉罐灌装,33000,88,2026-08-21,白班,正常生产运行,0,,"默认(未观测,按正常生产)",0
SCHEC-INPUT-V1.0,SX-CAN01,CAN线,CAN易拉罐灌装,33000,88,2026-08-21,夜班,正常生产运行,0,,"默认(未观测,按正常生产)",0
SCHEC-INPUT-V1.0,SX-CAN01,CAN线,CAN易拉罐灌装,33000,88,2026-08-22,白班,正常生产运行,0,C.碱洗,主数据集观测(众数),2
SCHEC-INPUT-V1.0,SX-CAN01,CAN线,CAN易拉罐灌装,33000,88,2026-08-22,夜班,正常生产运行,0,,主数据集观测(众数),10
SCHEC-INPUT-V1.0,SX-CAN01,CAN线,CAN易拉罐灌装,33000,88,2026-08-23,白班,正常生产运行,0,,主数据集观测(众数),1
SCHEC-INPUT-V1.0,SX-CAN01,CAN线,CAN易拉罐灌装,33000,88,2026-08-23,夜班,正常生产运行,0,,主数据集观测(众数),1
SCHEC-INPUT-V1.0,SX-CAN01,CAN线,CAN易拉罐灌装,33000,88,2026-08-24,白班,正常生产运行,0,,主数据集观测(众数),11
SCHEC-INPUT-V1.0,SX-CAN01,CAN线,CAN易拉罐灌装,33000,88,2026-08-24,夜班,正常生产运行,0,,"默认(未观测,按正常生产)",0
SCHEC-INPUT-V1.0,SX-CAN01,CAN线,CAN易拉罐灌装,33000,88,2026-08-25,白班,换型,1,B.4步清洗,主数据集观测(众数),1
SCHEC-INPUT-V1.0,SX-CAN01,CAN线,CAN易拉罐灌装,33000,88,2026-08-25,夜班,换型,1,A.3步清洗,主数据集观测(众数),4
SCHEC-INPUT-V1.0,SX-CAN01,CAN线,CAN易拉罐灌装,33000,88,2026-08-26,白班,正常生产运行,0,,"默认(未观测,按正常生产)",0
SCHEC-INPUT-V1.0,SX-CAN01,CAN线,CAN易拉罐灌装,33000,88,2026-08-26,夜班,正常生产运行,0,,"默认(未观测,按正常生产)",0
SCHEC-INPUT-V1.0,SX-CAN01,CAN线,CAN易拉罐灌装,33000,88,2026-08-27,白班,正常生产运行,0,,主数据集观测(众数),5
SCHEC-INPUT-V1.0,SX-CAN01,CAN线,CAN易拉罐灌装,33000,88,2026-08-27,夜班,正常生产运行,1,C.碱洗,主数据集观测(众数),2
SCHEC-INPUT-V1.0,SX-CAN01,CAN线,CAN易拉罐灌装,33000,88,2026-08-28,白班,正常生产运行,0,C.碱洗,主数据集观测(众数),3
SCHEC-INPUT-V1.0,SX-CAN01,CAN线,CAN易拉罐灌装,33000,88,2026-08-28,夜班,换型,1,C.碱洗,主数据集观测(众数),6
SCHEC-INPUT-V1.0,SX-CAN01,CAN线,CAN易拉罐灌装,33000,88,2026-08-29,白班,正常生产运行,0,,主数据集观测(众数),4
SCHEC-INPUT-V1.0,SX-CAN01,CAN线,CAN易拉罐灌装,33000,88,2026-08-29,夜班,正常生产运行,0,,主数据集观测(众数),1
SCHEC-INPUT-V1.0,SX-CAN01,CAN线,CAN易拉罐灌装,33000,88,2026-08-30,白班,正常生产运行,1,A.3步清洗,主数据集观测(众数),3
SCHEC-INPUT-V1.0,SX-CAN01,CAN线,CAN易拉罐灌装,33000,88,2026-08-30,夜班,正常生产运行,0,B.4步清洗,主数据集观测(众数),3
SCHEC-INPUT-V1.0,SX-CAN01,CAN线,CAN易拉罐灌装,33000,88,2026-08-31,白班,正常生产运行,0,,"默认(未观测,按正常生产)",0
SCHEC-INPUT-V1.0,SX-CAN01,CAN线,CAN易拉罐灌装,33000,88,2026-08-31,夜班,正常生产运行,0,,主数据集观测(众数),1
SCHEC-INPUT-V1.0,SX-ENG,工程部(陕西),PET瓶灌装,0,88,2026-07-01,白班,换型,1,C.碱洗,主数据集观测(众数),3
SCHEC-INPUT-V1.0,SX-ENG,工程部(陕西),PET瓶灌装,0,88,2026-07-01,夜班,正常生产运行,0,,"默认(未观测,按正常生产)",0
SCHEC-INPUT-V1.0,SX-ENG,工程部(陕西),PET瓶灌装,0,88,2026-07-02,白班,正常生产运行,0,,主数据集观测(众数),3
SCHEC-INPUT-V1.0,SX-ENG,工程部(陕西),PET瓶灌装,0,88,2026-07-02,夜班,正常生产运行,0,,主数据集观测(众数),4
SCHEC-INPUT-V1.0,SX-ENG,工程部(陕西),PET瓶灌装,0,88,2026-07-03,白班,正常生产运行,0,,主数据集观测(众数),2
SCHEC-INPUT-V1.0,SX-ENG,工程部(陕西),PET瓶灌装,0,88,2026-07-03,夜班,正常生产运行,0,,"默认(未观测,按正常生产)",0
SCHEC-INPUT-V1.0,SX-ENG,工程部(陕西),PET瓶灌装,0,88,2026-07-04,白班,正常生产运行,0,,主数据集观测(众数),1
SCHEC-INPUT-V1.0,SX-ENG,工程部(陕西),PET瓶灌装,0,88,2026-07-04,夜班,正常生产运行,0,,"默认(未观测,按正常生产)",0
SCHEC-INPUT-V1.0,SX-ENG,工程部(陕西),PET瓶灌装,0,88,2026-07-05,白班,大修,0,,主数据集观测(众数),1
SCHEC-INPUT-V1.0,SX-ENG,工程部(陕西),PET瓶灌装,0,88,2026-07-05,夜班,换型,1,A.3步清洗,主数据集观测(众数),1
SCHEC-INPUT-V1.0,SX-ENG,工程部(陕西),PET瓶灌装,0,88,2026-07-06,白班,正常生产运行,0,,主数据集观测(众数),4
SCHEC-INPUT-V1.0,SX-ENG,工程部(陕西),PET瓶灌装,0,88,2026-07-06,夜班,正常生产运行,0,,"默认(未观测,按正常生产)",0
SCHEC-INPUT-V1.0,SX-ENG,工程部(陕西),PET瓶灌装,0,88,2026-07-07,白班,正常生产运行,0,,"默认(未观测,按正常生产)",0
SCHEC-INPUT-V1.0,SX-ENG,工程部(陕西),PET瓶灌装,0,88,2026-07-07,夜班,正常生产运行,0,,"默认(未观测,按正常生产)",0
SCHEC-INPUT-V1.0,SX-ENG,工程部(陕西),PET瓶灌装,0,88,2026-07-08,白班,例行维护,0,,主数据集观测(众数),2
SCHEC-INPUT-V1.0,SX-ENG,工程部(陕西),PET瓶灌装,0,88,2026-07-08,夜班,例行维护,0,,主数据集观测(众数),1
SCHEC-INPUT-V1.0,SX-ENG,工程部(陕西),PET瓶灌装,0,88,2026-07-09,白班,正常生产运行,0,,主数据集观测(众数),8
SCHEC-INPUT-V1.0,SX-ENG,工程部(陕西),PET瓶灌装,0,88,2026-07-09,夜班,正常生产运行,0,,"默认(未观测,按正常生产)",0
SCHEC-INPUT-V1.0,SX-ENG,工程部(陕西),PET瓶灌装,0,88,2026-07-10,白班,正常生产运行,0,,主数据集观测(众数),6
SCHEC-INPUT-V1.0,SX-ENG,工程部(陕西),PET瓶灌装,0,88,2026-07-10,夜班,正常生产运行,0,,"默认(未观测,按正常生产)",0
SCHEC-INPUT-V1.0,SX-ENG,工程部(陕西),PET瓶灌装,0,88,2026-07-11,白班,正常生产运行,0,,主数据集观测(众数),1
SCHEC-INPUT-V1.0,SX-ENG,工程部(陕西),PET瓶灌装,0,88,2026-07-11,夜班,正常生产运行,0,,主数据集观测(众数),3
SCHEC-INPUT-V1.0,SX-ENG,工程部(陕西),PET瓶灌装,0,88,2026-07-12,白班,正常生产运行,0,,主数据集观测(众数),3
SCHEC-INPUT-V1.0,SX-ENG,工程部(陕西),PET瓶灌装,0,88,2026-07-12,夜班,正常生产运行,0,,"默认(未观测,按正常生产)",0
SCHEC-INPUT-V1.0,SX-ENG,工程部(陕西),PET瓶灌装,0,88,2026-07-13,白班,正常生产运行,0,,"默认(未观测,按正常生产)",0
SCHEC-INPUT-V1.0,SX-ENG,工程部(陕西),PET瓶灌装,0,88,2026-07-13,夜班,正常生产运行,0,,"默认(未观测,按正常生产)",0
SCHEC-INPUT-V1.0,SX-ENG,工程部(陕西),PET瓶灌装,0,88,2026-07-14,白班,正常生产运行,0,,主数据集观测(众数),1
SCHEC-INPUT-V1.0,SX-ENG,工程部(陕西),PET瓶灌装,0,88,2026-07-14,夜班,正常生产运行,0,,"默认(未观测,按正常生产)",0
SCHEC-INPUT-V1.0,SX-ENG,工程部(陕西),PET瓶灌装,0,88,2026-07-15,白班,正常生产运行,1,B.4步清洗,主数据集观测(众数),12
SCHEC-INPUT-V1.0,SX-ENG,工程部(陕西),PET瓶灌装,0,88,2026-07-15,夜班,正常生产运行,0,,主数据集观测(众数),1
SCHEC-INPUT-V1.0,SX-ENG,工程部(陕西),PET瓶灌装,0,88,2026-07-16,白班,正常生产运行,0,,主数据集观测(众数),1
SCHEC-INPUT-V1.0,SX-ENG,工程部(陕西),PET瓶灌装,0,88,2026-07-16,夜班,正常生产运行,0,,"默认(未观测,按正常生产)",0
SCHEC-INPUT-V1.0,SX-ENG,工程部(陕西),PET瓶灌装,0,88,2026-07-17,白班,正常生产运行,0,,"默认(未观测,按正常生产)",0
SCHEC-INPUT-V1.0,SX-ENG,工程部(陕西),PET瓶灌装,0,88,2026-07-17,夜班,换型,1,C.碱洗,主数据集观测(众数),1
SCHEC-INPUT-V1.0,SX-ENG,工程部(陕西),PET瓶灌装,0,88,2026-07-18,白班,正常生产运行,0,,主数据集观测(众数),1
SCHEC-INPUT-V1.0,SX-ENG,工程部(陕西),PET瓶灌装,0,88,2026-07-18,夜班,正常生产运行,0,,"默认(未观测,按正常生产)",0
SCHEC-INPUT-V1.0,SX-ENG,工程部(陕西),PET瓶灌装,0,88,2026-07-19,白班,正常生产运行,0,,"默认(未观测,按正常生产)",0
SCHEC-INPUT-V1.0,SX-ENG,工程部(陕西),PET瓶灌装,0,88,2026-07-19,夜班,正常生产运行,0,,主数据集观测(众数),1
SCHEC-INPUT-V1.0,SX-ENG,工程部(陕西),PET瓶灌装,0,88,2026-07-20,白班,正常生产运行,0,,主数据集观测(众数),1
SCHEC-INPUT-V1.0,SX-ENG,工程部(陕西),PET瓶灌装,0,88,2026-07-20,夜班,正常生产运行,0,,主数据集观测(众数),2
SCHEC-INPUT-V1.0,SX-ENG,工程部(陕西),PET瓶灌装,0,88,2026-07-21,白班,正常生产运行,0,,主数据集观测(众数),5
SCHEC-INPUT-V1.0,SX-ENG,工程部(陕西),PET瓶灌装,0,88,2026-07-21,夜班,正常生产运行,0,,"默认(未观测,按正常生产)",0
SCHEC-INPUT-V1.0,SX-ENG,工程部(陕西),PET瓶灌装,0,88,2026-07-22,白班,正常生产运行,0,,"默认(未观测,按正常生产)",0
SCHEC-INPUT-V1.0,SX-ENG,工程部(陕西),PET瓶灌装,0,88,2026-07-22,夜班,正常生产运行,0,,"默认(未观测,按正常生产)",0
SCHEC-INPUT-V1.0,SX-ENG,工程部(陕西),PET瓶灌装,0,88,2026-07-23,白班,大修,0,,主数据集观测(众数),3
SCHEC-INPUT-V1.0,SX-ENG,工程部(陕西),PET瓶灌装,0,88,2026-07-23,夜班,大修,0,,主数据集观测(众数),1
SCHEC-INPUT-V1.0,SX-ENG,工程部(陕西),PET瓶灌装,0,88,2026-07-24,白班,正常生产运行,0,,"默认(未观测,按正常生产)",0
SCHEC-INPUT-V1.0,SX-ENG,工程部(陕西),PET瓶灌装,0,88,2026-07-24,夜班,正常生产运行,0,,主数据集观测(众数),1
SCHEC-INPUT-V1.0,SX-ENG,工程部(陕西),PET瓶灌装,0,88,2026-07-25,白班,换型,1,F.5步热清洗消毒,主数据集观测(众数),1
SCHEC-INPUT-V1.0,SX-ENG,工程部(陕西),PET瓶灌装,0,88,2026-07-25,夜班,正常生产运行,0,,"默认(未观测,按正常生产)",0
SCHEC-INPUT-V1.0,SX-ENG,工程部(陕西),PET瓶灌装,0,88,2026-07-26,白班,正常生产运行,0,,主数据集观测(众数),3
SCHEC-INPUT-V1.0,SX-ENG,工程部(陕西),PET瓶灌装,0,88,2026-07-26,夜班,正常生产运行,0,,"默认(未观测,按正常生产)",0
SCHEC-INPUT-V1.0,SX-ENG,工程部(陕西),PET瓶灌装,0,88,2026-07-27,白班,正常生产运行,0,,主数据集观测(众数),3
SCHEC-INPUT-V1.0,SX-ENG,工程部(陕西),PET瓶灌装,0,88,2026-07-27,夜班,正常生产运行,0,,"默认(未观测,按正常生产)",0
SCHEC-INPUT-V1.0,SX-ENG,工程部(陕西),PET瓶灌装,0,88,2026-07-28,白班,正常生产运行,0,,主数据集观测(众数),1
SCHEC-INPUT-V1.0,SX-ENG,工程部(陕西),PET瓶灌装,0,88,2026-07-28,夜班,正常生产运行,0,,主数据集观测(众数),1
SCHEC-INPUT-V1.0,SX-ENG,工程部(陕西),PET瓶灌装,0,88,2026-07-29,白班,正常生产运行,0,,主数据集观测(众数),1
SCHEC-INPUT-V1.0,SX-ENG,工程部(陕西),PET瓶灌装,0,88,2026-07-29,夜班,正常生产运行,0,,"默认(未观测,按正常生产)",0
SCHEC-INPUT-V1.0,SX-ENG,工程部(陕西),PET瓶灌装,0,88,2026-07-30,白班,正常生产运行,0,,主数据集观测(众数),6
SCHEC-INPUT-V1.0,SX-ENG,工程部(陕西),PET瓶灌装,0,88,2026-07-30,夜班,正常生产运行,0,,主数据集观测(众数),3
SCHEC-INPUT-V1.0,SX-ENG,工程部(陕西),PET瓶灌装,0,88,2026-07-31,白班,正常生产运行,0,,"默认(未观测,按正常生产)",0
SCHEC-INPUT-V1.0,SX-ENG,工程部(陕西),PET瓶灌装,0,88,2026-07-31,夜班,换型,1,B.4步清洗,主数据集观测(众数),5
SCHEC-INPUT-V1.0,SX-ENG,工程部(陕西),PET瓶灌装,0,88,2026-08-01,白班,正常生产运行,0,,"默认(未观测,按正常生产)",0
SCHEC-INPUT-V1.0,SX-ENG,工程部(陕西),PET瓶灌装,0,88,2026-08-01,夜班,正常生产运行,0,,主数据集观测(众数),1
SCHEC-INPUT-V1.0,SX-ENG,工程部(陕西),PET瓶灌装,0,88,2026-08-02,白班,正常生产运行,1,C.碱洗,主数据集观测(众数),2
SCHEC-INPUT-V1.0,SX-ENG,工程部(陕西),PET瓶灌装,0,88,2026-08-02,夜班,正常生产运行,0,,主数据集观测(众数),1
SCHEC-INPUT-V1.0,SX-ENG,工程部(陕西),PET瓶灌装,0,88,2026-08-03,白班,正常生产运行,0,,"默认(未观测,按正常生产)",0
SCHEC-INPUT-V1.0,SX-ENG,工程部(陕西),PET瓶灌装,0,88,2026-08-03,夜班,正常生产运行,0,,"默认(未观测,按正常生产)",0
SCHEC-INPUT-V1.0,SX-ENG,工程部(陕西),PET瓶灌装,0,88,2026-08-04,白班,正常生产运行,0,,主数据集观测(众数),1
SCHEC-INPUT-V1.0,SX-ENG,工程部(陕西),PET瓶灌装,0,88,2026-08-04,夜班,正常生产运行,0,,"默认(未观测,按正常生产)",0
SCHEC-INPUT-V1.0,SX-ENG,工程部(陕西),PET瓶灌装,0,88,2026-08-05,白班,正常生产运行,0,,主数据集观测(众数),1
SCHEC-INPUT-V1.0,SX-ENG,工程部(陕西),PET瓶灌装,0,88,2026-08-05,夜班,正常生产运行,0,,主数据集观测(众数),1
SCHEC-INPUT-V1.0,SX-ENG,工程部(陕西),PET瓶灌装,0,88,2026-08-06,白班,正常生产运行,0,,主数据集观测(众数),1
SCHEC-INPUT-V1.0,SX-ENG,工程部(陕西),PET瓶灌装,0,88,2026-08-06,夜班,正常生产运行,0,,"默认(未观测,按正常生产)",0
SCHEC-INPUT-V1.0,SX-ENG,工程部(陕西),PET瓶灌装,0,88,2026-08-07,白班,正常生产运行,0,,主数据集观测(众数),3
SCHEC-INPUT-V1.0,SX-ENG,工程部(陕西),PET瓶灌装,0,88,2026-08-07,夜班,正常生产运行,0,,主数据集观测(众数),1
SCHEC-INPUT-V1.0,SX-ENG,工程部(陕西),PET瓶灌装,0,88,2026-08-08,白班,换型,1,B.4步清洗,主数据集观测(众数),1
SCHEC-INPUT-V1.0,SX-ENG,工程部(陕西),PET瓶灌装,0,88,2026-08-08,夜班,正常生产运行,0,,"默认(未观测,按正常生产)",0
SCHEC-INPUT-V1.0,SX-ENG,工程部(陕西),PET瓶灌装,0,88,2026-08-09,白班,正常生产运行,0,,主数据集观测(众数),1
SCHEC-INPUT-V1.0,SX-ENG,工程部(陕西),PET瓶灌装,0,88,2026-08-09,夜班,换型,1,B.4步清洗,主数据集观测(众数),1
SCHEC-INPUT-V1.0,SX-ENG,工程部(陕西),PET瓶灌装,0,88,2026-08-10,白班,正常生产运行,0,,主数据集观测(众数),2
SCHEC-INPUT-V1.0,SX-ENG,工程部(陕西),PET瓶灌装,0,88,2026-08-10,夜班,正常生产运行,0,,"默认(未观测,按正常生产)",0
SCHEC-INPUT-V1.0,SX-ENG,工程部(陕西),PET瓶灌装,0,88,2026-08-11,白班,正常生产运行,0,,"默认(未观测,按正常生产)",0
SCHEC-INPUT-V1.0,SX-ENG,工程部(陕西),PET瓶灌装,0,88,2026-08-11,夜班,正常生产运行,0,,主数据集观测(众数),1
SCHEC-INPUT-V1.0,SX-ENG,工程部(陕西),PET瓶灌装,0,88,2026-08-12,白班,正常生产运行,0,,主数据集观测(众数),1
SCHEC-INPUT-V1.0,SX-ENG,工程部(陕西),PET瓶灌装,0,88,2026-08-12,夜班,正常生产运行,0,,"默认(未观测,按正常生产)",0
SCHEC-INPUT-V1.0,SX-ENG,工程部(陕西),PET瓶灌装,0,88,2026-08-13,白班,正常生产运行,0,,"默认(未观测,按正常生产)",0
SCHEC-INPUT-V1.0,SX-ENG,工程部(陕西),PET瓶灌装,0,88,2026-08-13,夜班,正常生产运行,0,,"默认(未观测,按正常生产)",0
SCHEC-INPUT-V1.0,SX-ENG,工程部(陕西),PET瓶灌装,0,88,2026-08-14,白班,正常生产运行,0,,"默认(未观测,按正常生产)",0
SCHEC-INPUT-V1.0,SX-ENG,工程部(陕西),PET瓶灌装,0,88,2026-08-14,夜班,正常生产运行,0,,主数据集观测(众数),1
SCHEC-INPUT-V1.0,SX-ENG,工程部(陕西),PET瓶灌装,0,88,2026-08-15,白班,正常生产运行,0,,主数据集观测(众数),8
SCHEC-INPUT-V1.0,SX-ENG,工程部(陕西),PET瓶灌装,0,88,2026-08-15,夜班,例行维护,0,,主数据集观测(众数),2
SCHEC-INPUT-V1.0,SX-ENG,工程部(陕西),PET瓶灌装,0,88,2026-08-16,白班,正常生产运行,0,,主数据集观测(众数),1
SCHEC-INPUT-V1.0,SX-ENG,工程部(陕西),PET瓶灌装,0,88,2026-08-16,夜班,正常生产运行,0,,主数据集观测(众数),1
SCHEC-INPUT-V1.0,SX-ENG,工程部(陕西),PET瓶灌装,0,88,2026-08-17,白班,正常生产运行,0,,主数据集观测(众数),6
SCHEC-INPUT-V1.0,SX-ENG,工程部(陕西),PET瓶灌装,0,88,2026-08-17,夜班,正常生产运行,0,,"默认(未观测,按正常生产)",0
SCHEC-INPUT-V1.0,SX-ENG,工程部(陕西),PET瓶灌装,0,88,2026-08-18,白班,正常生产运行,0,,"默认(未观测,按正常生产)",0
SCHEC-INPUT-V1.0,SX-ENG,工程部(陕西),PET瓶灌装,0,88,2026-08-18,夜班,正常生产运行,0,,"默认(未观测,按正常生产)",0
SCHEC-INPUT-V1.0,SX-ENG,工程部(陕西),PET瓶灌装,0,88,2026-08-19,白班,正常生产运行,0,,主数据集观测(众数),1
SCHEC-INPUT-V1.0,SX-ENG,工程部(陕西),PET瓶灌装,0,88,2026-08-19,夜班,正常生产运行,0,,主数据集观测(众数),1
SCHEC-INPUT-V1.0,SX-ENG,工程部(陕西),PET瓶灌装,0,88,2026-08-20,白班,正常生产运行,0,,主数据集观测(众数),1
SCHEC-INPUT-V1.0,SX-ENG,工程部(陕西),PET瓶灌装,0,88,2026-08-20,夜班,正常生产运行,0,,主数据集观测(众数),1
SCHEC-INPUT-V1.0,SX-ENG,工程部(陕西),PET瓶灌装,0,88,2026-08-21,白班,正常生产运行,0,,主数据集观测(众数),1
SCHEC-INPUT-V1.0,SX-ENG,工程部(陕西),PET瓶灌装,0,88,2026-08-21,夜班,正常生产运行,0,,主数据集观测(众数),1
SCHEC-INPUT-V1.0,SX-ENG,工程部(陕西),PET瓶灌装,0,88,2026-08-22,白班,换型,1,B.4步清洗,主数据集观测(众数),2
SCHEC-INPUT-V1.0,SX-ENG,工程部(陕西),PET瓶灌装,0,88,2026-08-22,夜班,正常生产运行,0,,主数据集观测(众数),1
SCHEC-INPUT-V1.0,SX-ENG,工程部(陕西),PET瓶灌装,0,88,2026-08-23,白班,正常生产运行,0,,主数据集观测(众数),4
SCHEC-INPUT-V1.0,SX-ENG,工程部(陕西),PET瓶灌装,0,88,2026-08-23,夜班,正常生产运行,0,,主数据集观测(众数),1
SCHEC-INPUT-V1.0,SX-ENG,工程部(陕西),PET瓶灌装,0,88,2026-08-24,白班,正常生产运行,0,,主数据集观测(众数),1
SCHEC-INPUT-V1.0,SX-ENG,工程部(陕西),PET瓶灌装,0,88,2026-08-24,夜班,正常生产运行,0,,"默认(未观测,按正常生产)",0
SCHEC-INPUT-V1.0,SX-ENG,工程部(陕西),PET瓶灌装,0,88,2026-08-25,白班,正常生产运行,0,,主数据集观测(众数),1
SCHEC-INPUT-V1.0,SX-ENG,工程部(陕西),PET瓶灌装,0,88,2026-08-25,夜班,正常生产运行,0,,主数据集观测(众数),1
SCHEC-INPUT-V1.0,SX-ENG,工程部(陕西),PET瓶灌装,0,88,2026-08-26,白班,正常生产运行,0,,"默认(未观测,按正常生产)",0
SCHEC-INPUT-V1.0,SX-ENG,工程部(陕西),PET瓶灌装,0,88,2026-08-26,夜班,正常生产运行,0,,"默认(未观测,按正常生产)",0
SCHEC-INPUT-V1.0,SX-ENG,工程部(陕西),PET瓶灌装,0,88,2026-08-27,白班,正常生产运行,1,A.3步清洗,主数据集观测(众数),2
SCHEC-INPUT-V1.0,SX-ENG,工程部(陕西),PET瓶灌装,0,88,2026-08-27,夜班,正常生产运行,0,,"默认(未观测,按正常生产)",0
SCHEC-INPUT-V1.0,SX-ENG,工程部(陕西),PET瓶灌装,0,88,2026-08-28,白班,正常生产运行,0,,主数据集观测(众数),1
SCHEC-INPUT-V1.0,SX-ENG,工程部(陕西),PET瓶灌装,0,88,2026-08-28,夜班,正常生产运行,0,,"默认(未观测,按正常生产)",0
SCHEC-INPUT-V1.0,SX-ENG,工程部(陕西),PET瓶灌装,0,88,2026-08-29,白班,换型,1,C.碱洗,主数据集观测(众数),3
SCHEC-INPUT-V1.0,SX-ENG,工程部(陕西),PET瓶灌装,0,88,2026-08-29,夜班,正常生产运行,0,,"默认(未观测,按正常生产)",0
SCHEC-INPUT-V1.0,SX-ENG,工程部(陕西),PET瓶灌装,0,88,2026-08-30,白班,正常生产运行,0,,"默认(未观测,按正常生产)",0
SCHEC-INPUT-V1.0,SX-ENG,工程部(陕西),PET瓶灌装,0,88,2026-08-30,夜班,正常生产运行,0,,"默认(未观测,按正常生产)",0
SCHEC-INPUT-V1.0,SX-ENG,工程部(陕西),PET瓶灌装,0,88,2026-08-31,白班,正常生产运行,0,,主数据集观测(众数),3
SCHEC-INPUT-V1.0,SX-ENG,工程部(陕西),PET瓶灌装,0,88,2026-08-31,夜班,正常生产运行,0,,主数据集观测(众数),3
SCHEC-INPUT-V1.0,SX-PET01,新KRS线,PET瓶灌装,54000,92,2026-07-01,白班,正常生产运行,0,,"默认(未观测,按正常生产)",0
SCHEC-INPUT-V1.0,SX-PET01,新KRS线,PET瓶灌装,54000,92,2026-07-01,夜班,正常生产运行,0,,"默认(未观测,按正常生产)",0
SCHEC-INPUT-V1.0,SX-PET01,新KRS线,PET瓶灌装,54000,92,2026-07-02,白班,正常生产运行,0,,"默认(未观测,按正常生产)",0
SCHEC-INPUT-V1.0,SX-PET01,新KRS线,PET瓶灌装,54000,92,2026-07-02,夜班,正常生产运行,0,,主数据集观测(众数),1
SCHEC-INPUT-V1.0,SX-PET01,新KRS线,PET瓶灌装,54000,92,2026-07-03,白班,正常生产运行,0,,"默认(未观测,按正常生产)",0
SCHEC-INPUT-V1.0,SX-PET01,新KRS线,PET瓶灌装,54000,92,2026-07-03,夜班,正常生产运行,0,,"默认(未观测,按正常生产)",0
SCHEC-INPUT-V1.0,SX-PET01,新KRS线,PET瓶灌装,54000,92,2026-07-04,白班,正常生产运行,0,,"默认(未观测,按正常生产)",0
SCHEC-INPUT-V1.0,SX-PET01,新KRS线,PET瓶灌装,54000,92,2026-07-04,夜班,正常生产运行,0,,"默认(未观测,按正常生产)",0
SCHEC-INPUT-V1.0,SX-PET01,新KRS线,PET瓶灌装,54000,92,2026-07-05,白班,正常生产运行,0,,主数据集观测(众数),5
SCHEC-INPUT-V1.0,SX-PET01,新KRS线,PET瓶灌装,54000,92,2026-07-05,夜班,正常生产运行,0,,主数据集观测(众数),6
SCHEC-INPUT-V1.0,SX-PET01,新KRS线,PET瓶灌装,54000,92,2026-07-06,白班,正常生产运行,0,,主数据集观测(众数),5
SCHEC-INPUT-V1.0,SX-PET01,新KRS线,PET瓶灌装,54000,92,2026-07-06,夜班,正常生产运行,0,,主数据集观测(众数),1
SCHEC-INPUT-V1.0,SX-PET01,新KRS线,PET瓶灌装,54000,92,2026-07-07,白班,正常生产运行,0,,主数据集观测(众数),2
SCHEC-INPUT-V1.0,SX-PET01,新KRS线,PET瓶灌装,54000,92,2026-07-07,夜班,正常生产运行,0,,"默认(未观测,按正常生产)",0
SCHEC-INPUT-V1.0,SX-PET01,新KRS线,PET瓶灌装,54000,92,2026-07-08,白班,正常生产运行,0,,主数据集观测(众数),4
SCHEC-INPUT-V1.0,SX-PET01,新KRS线,PET瓶灌装,54000,92,2026-07-08,夜班,正常生产运行,0,,主数据集观测(众数),1
SCHEC-INPUT-V1.0,SX-PET01,新KRS线,PET瓶灌装,54000,92,2026-07-09,白班,正常生产运行,0,,主数据集观测(众数),2
SCHEC-INPUT-V1.0,SX-PET01,新KRS线,PET瓶灌装,54000,92,2026-07-09,夜班,正常生产运行,0,,主数据集观测(众数),5
SCHEC-INPUT-V1.0,SX-PET01,新KRS线,PET瓶灌装,54000,92,2026-07-10,白班,正常生产运行,0,,主数据集观测(众数),4
SCHEC-INPUT-V1.0,SX-PET01,新KRS线,PET瓶灌装,54000,92,2026-07-10,夜班,正常生产运行,0,,主数据集观测(众数),4
SCHEC-INPUT-V1.0,SX-PET01,新KRS线,PET瓶灌装,54000,92,2026-07-11,白班,正常生产运行,0,,主数据集观测(众数),7
SCHEC-INPUT-V1.0,SX-PET01,新KRS线,PET瓶灌装,54000,92,2026-07-11,夜班,正常生产运行,0,,主数据集观测(众数),4
SCHEC-INPUT-V1.0,SX-PET01,新KRS线,PET瓶灌装,54000,92,2026-07-12,白班,正常生产运行,0,,主数据集观测(众数),2
SCHEC-INPUT-V1.0,SX-PET01,新KRS线,PET瓶灌装,54000,92,2026-07-12,夜班,正常生产运行,0,,"默认(未观测,按正常生产)",0
SCHEC-INPUT-V1.0,SX-PET01,新KRS线,PET瓶灌装,54000,92,2026-07-13,白班,正常生产运行,0,,"默认(未观测,按正常生产)",0
SCHEC-INPUT-V1.0,SX-PET01,新KRS线,PET瓶灌装,54000,92,2026-07-13,夜班,正常生产运行,0,,主数据集观测(众数),1
SCHEC-INPUT-V1.0,SX-PET01,新KRS线,PET瓶灌装,54000,92,2026-07-14,白班,正常生产运行,0,,主数据集观测(众数),8
SCHEC-INPUT-V1.0,SX-PET01,新KRS线,PET瓶灌装,54000,92,2026-07-14,夜班,正常生产运行,1,B.4步清洗,主数据集观测(众数),6
SCHEC-INPUT-V1.0,SX-PET01,新KRS线,PET瓶灌装,54000,92,2026-07-15,白班,正常生产运行,0,,主数据集观测(众数),14
SCHEC-INPUT-V1.0,SX-PET01,新KRS线,PET瓶灌装,54000,92,2026-07-15,夜班,正常生产运行,0,,"默认(未观测,按正常生产)",0
SCHEC-INPUT-V1.0,SX-PET01,新KRS线,PET瓶灌装,54000,92,2026-07-16,白班,正常生产运行,0,,主数据集观测(众数),5
SCHEC-INPUT-V1.0,SX-PET01,新KRS线,PET瓶灌装,54000,92,2026-07-16,夜班,正常生产运行,0,,"默认(未观测,按正常生产)",0
SCHEC-INPUT-V1.0,SX-PET01,新KRS线,PET瓶灌装,54000,92,2026-07-17,白班,正常生产运行,0,,主数据集观测(众数),2
SCHEC-INPUT-V1.0,SX-PET01,新KRS线,PET瓶灌装,54000,92,2026-07-17,夜班,正常生产运行,0,B.4步清洗,主数据集观测(众数),5
SCHEC-INPUT-V1.0,SX-PET01,新KRS线,PET瓶灌装,54000,92,2026-07-18,白班,正常生产运行,0,,主数据集观测(众数),2
SCHEC-INPUT-V1.0,SX-PET01,新KRS线,PET瓶灌装,54000,92,2026-07-18,夜班,正常生产运行,0,,主数据集观测(众数),5
SCHEC-INPUT-V1.0,SX-PET01,新KRS线,PET瓶灌装,54000,92,2026-07-19,白班,正常生产运行,0,,主数据集观测(众数),1
SCHEC-INPUT-V1.0,SX-PET01,新KRS线,PET瓶灌装,54000,92,2026-07-19,夜班,正常生产运行,0,,"默认(未观测,按正常生产)",0
SCHEC-INPUT-V1.0,SX-PET01,新KRS线,PET瓶灌装,54000,92,2026-07-20,白班,正常生产运行,0,,主数据集观测(众数),2
SCHEC-INPUT-V1.0,SX-PET01,新KRS线,PET瓶灌装,54000,92,2026-07-20,夜班,正常生产运行,0,,主数据集观测(众数),7
SCHEC-INPUT-V1.0,SX-PET01,新KRS线,PET瓶灌装,54000,92,2026-07-21,白班,正常生产运行,0,,主数据集观测(众数),3
SCHEC-INPUT-V1.0,SX-PET01,新KRS线,PET瓶灌装,54000,92,2026-07-21,夜班,正常生产运行,0,,主数据集观测(众数),2
SCHEC-INPUT-V1.0,SX-PET01,新KRS线,PET瓶灌装,54000,92,2026-07-22,白班,正常生产运行,0,,"默认(未观测,按正常生产)",0
SCHEC-INPUT-V1.0,SX-PET01,新KRS线,PET瓶灌装,54000,92,2026-07-22,夜班,正常生产运行,0,,"默认(未观测,按正常生产)",0
SCHEC-INPUT-V1.0,SX-PET01,新KRS线,PET瓶灌装,54000,92,2026-07-23,白班,正常生产运行,0,,"默认(未观测,按正常生产)",0
SCHEC-INPUT-V1.0,SX-PET01,新KRS线,PET瓶灌装,54000,92,2026-07-23,夜班,正常生产运行,0,,主数据集观测(众数),5
SCHEC-INPUT-V1.0,SX-PET01,新KRS线,PET瓶灌装,54000,92,2026-07-24,白班,正常生产运行,0,,主数据集观测(众数),2
SCHEC-INPUT-V1.0,SX-PET01,新KRS线,PET瓶灌装,54000,92,2026-07-24,夜班,正常生产运行,0,,主数据集观测(众数),6
SCHEC-INPUT-V1.0,SX-PET01,新KRS线,PET瓶灌装,54000,92,2026-07-25,白班,正常生产运行,0,,主数据集观测(众数),4
SCHEC-INPUT-V1.0,SX-PET01,新KRS线,PET瓶灌装,54000,92,2026-07-25,夜班,正常生产运行,0,,主数据集观测(众数),3
SCHEC-INPUT-V1.0,SX-PET01,新KRS线,PET瓶灌装,54000,92,2026-07-26,白班,换型,1,C.碱洗,主数据集观测(众数),7
SCHEC-INPUT-V1.0,SX-PET01,新KRS线,PET瓶灌装,54000,92,2026-07-26,夜班,换型,1,C.碱洗,主数据集观测(众数),4
SCHEC-INPUT-V1.0,SX-PET01,新KRS线,PET瓶灌装,54000,92,2026-07-27,白班,正常生产运行,0,,主数据集观测(众数),1
SCHEC-INPUT-V1.0,SX-PET01,新KRS线,PET瓶灌装,54000,92,2026-07-27,夜班,正常生产运行,0,,主数据集观测(众数),2
SCHEC-INPUT-V1.0,SX-PET01,新KRS线,PET瓶灌装,54000,92,2026-07-28,白班,正常生产运行,0,,主数据集观测(众数),5
SCHEC-INPUT-V1.0,SX-PET01,新KRS线,PET瓶灌装,54000,92,2026-07-28,夜班,正常生产运行,0,,主数据集观测(众数),1
SCHEC-INPUT-V1.0,SX-PET01,新KRS线,PET瓶灌装,54000,92,2026-07-29,白班,正常生产运行,0,,主数据集观测(众数),3
SCHEC-INPUT-V1.0,SX-PET01,新KRS线,PET瓶灌装,54000,92,2026-07-29,夜班,正常生产运行,0,,主数据集观测(众数),1
SCHEC-INPUT-V1.0,SX-PET01,新KRS线,PET瓶灌装,54000,92,2026-07-30,白班,正常生产运行,0,,"默认(未观测,按正常生产)",0
SCHEC-INPUT-V1.0,SX-PET01,新KRS线,PET瓶灌装,54000,92,2026-07-30,夜班,正常生产运行,0,,主数据集观测(众数),5
SCHEC-INPUT-V1.0,SX-PET01,新KRS线,PET瓶灌装,54000,92,2026-07-31,白班,正常生产运行,0,,主数据集观测(众数),4
SCHEC-INPUT-V1.0,SX-PET01,新KRS线,PET瓶灌装,54000,92,2026-07-31,夜班,正常生产运行,0,,"默认(未观测,按正常生产)",0
SCHEC-INPUT-V1.0,SX-PET01,新KRS线,PET瓶灌装,54000,92,2026-08-01,白班,正常生产运行,0,,"默认(未观测,按正常生产)",0
SCHEC-INPUT-V1.0,SX-PET01,新KRS线,PET瓶灌装,54000,92,2026-08-01,夜班,正常生产运行,0,,"默认(未观测,按正常生产)",0
SCHEC-INPUT-V1.0,SX-PET01,新KRS线,PET瓶灌装,54000,92,2026-08-02,白班,正常生产运行,0,,主数据集观测(众数),1
SCHEC-INPUT-V1.0,SX-PET01,新KRS线,PET瓶灌装,54000,92,2026-08-02,夜班,正常生产运行,0,,主数据集观测(众数),1
SCHEC-INPUT-V1.0,SX-PET01,新KRS线,PET瓶灌装,54000,92,2026-08-03,白班,正常生产运行,0,,主数据集观测(众数),2
SCHEC-INPUT-V1.0,SX-PET01,新KRS线,PET瓶灌装,54000,92,2026-08-03,夜班,正常生产运行,0,,主数据集观测(众数),5
SCHEC-INPUT-V1.0,SX-PET01,新KRS线,PET瓶灌装,54000,92,2026-08-04,白班,正常生产运行,0,,主数据集观测(众数),1
SCHEC-INPUT-V1.0,SX-PET01,新KRS线,PET瓶灌装,54000,92,2026-08-04,夜班,换型,1,F.5步热清洗消毒,主数据集观测(众数),5
SCHEC-INPUT-V1.0,SX-PET01,新KRS线,PET瓶灌装,54000,92,2026-08-05,白班,正常生产运行,0,,主数据集观测(众数),2
SCHEC-INPUT-V1.0,SX-PET01,新KRS线,PET瓶灌装,54000,92,2026-08-05,夜班,正常生产运行,0,,主数据集观测(众数),6
SCHEC-INPUT-V1.0,SX-PET01,新KRS线,PET瓶灌装,54000,92,2026-08-06,白班,正常生产运行,0,,主数据集观测(众数),1
SCHEC-INPUT-V1.0,SX-PET01,新KRS线,PET瓶灌装,54000,92,2026-08-06,夜班,正常生产运行,0,,"默认(未观测,按正常生产)",0
SCHEC-INPUT-V1.0,SX-PET01,新KRS线,PET瓶灌装,54000,92,2026-08-07,白班,正常生产运行,0,,主数据集观测(众数),5
SCHEC-INPUT-V1.0,SX-PET01,新KRS线,PET瓶灌装,54000,92,2026-08-07,夜班,正常生产运行,0,,"默认(未观测,按正常生产)",0
SCHEC-INPUT-V1.0,SX-PET01,新KRS线,PET瓶灌装,54000,92,2026-08-08,白班,正常生产运行,0,,"默认(未观测,按正常生产)",0
SCHEC-INPUT-V1.0,SX-PET01,新KRS线,PET瓶灌装,54000,92,2026-08-08,夜班,正常生产运行,0,,主数据集观测(众数),2
SCHEC-INPUT-V1.0,SX-PET01,新KRS线,PET瓶灌装,54000,92,2026-08-09,白班,正常生产运行,0,,主数据集观测(众数),3
SCHEC-INPUT-V1.0,SX-PET01,新KRS线,PET瓶灌装,54000,92,2026-08-09,夜班,正常生产运行,0,,主数据集观测(众数),7
SCHEC-INPUT-V1.0,SX-PET01,新KRS线,PET瓶灌装,54000,92,2026-08-10,白班,正常生产运行,0,,主数据集观测(众数),1
SCHEC-INPUT-V1.0,SX-PET01,新KRS线,PET瓶灌装,54000,92,2026-08-10,夜班,正常生产运行,0,,主数据集观测(众数),1
SCHEC-INPUT-V1.0,SX-PET01,新KRS线,PET瓶灌装,54000,92,2026-08-11,白班,正常生产运行,0,,"默认(未观测,按正常生产)",0
SCHEC-INPUT-V1.0,SX-PET01,新KRS线,PET瓶灌装,54000,92,2026-08-11,夜班,正常生产运行,0,,"默认(未观测,按正常生产)",0
SCHEC-INPUT-V1.0,SX-PET01,新KRS线,PET瓶灌装,54000,92,2026-08-12,白班,正常生产运行,0,,主数据集观测(众数),7
SCHEC-INPUT-V1.0,SX-PET01,新KRS线,PET瓶灌装,54000,92,2026-08-12,夜班,正常生产运行,0,,主数据集观测(众数),1
SCHEC-INPUT-V1.0,SX-PET01,新KRS线,PET瓶灌装,54000,92,2026-08-13,白班,正常生产运行,0,,"默认(未观测,按正常生产)",0
SCHEC-INPUT-V1.0,SX-PET01,新KRS线,PET瓶灌装,54000,92,2026-08-13,夜班,正常生产运行,0,,主数据集观测(众数),2
SCHEC-INPUT-V1.0,SX-PET01,新KRS线,PET瓶灌装,54000,92,2026-08-14,白班,正常生产运行,0,,主数据集观测(众数),2
SCHEC-INPUT-V1.0,SX-PET01,新KRS线,PET瓶灌装,54000,92,2026-08-14,夜班,正常生产运行,0,,主数据集观测(众数),1
SCHEC-INPUT-V1.0,SX-PET01,新KRS线,PET瓶灌装,54000,92,2026-08-15,白班,正常生产运行,0,,主数据集观测(众数),19
SCHEC-INPUT-V1.0,SX-PET01,新KRS线,PET瓶灌装,54000,92,2026-08-15,夜班,正常生产运行,0,,"默认(未观测,按正常生产)",0
SCHEC-INPUT-V1.0,SX-PET01,新KRS线,PET瓶灌装,54000,92,2026-08-16,白班,正常生产运行,0,,主数据集观测(众数),2
SCHEC-INPUT-V1.0,SX-PET01,新KRS线,PET瓶灌装,54000,92,2026-08-16,夜班,正常生产运行,0,,主数据集观测(众数),1
SCHEC-INPUT-V1.0,SX-PET01,新KRS线,PET瓶灌装,54000,92,2026-08-17,白班,正常生产运行,0,,主数据集观测(众数),10
SCHEC-INPUT-V1.0,SX-PET01,新KRS线,PET瓶灌装,54000,92,2026-08-17,夜班,正常生产运行,0,,主数据集观测(众数),2
SCHEC-INPUT-V1.0,SX-PET01,新KRS线,PET瓶灌装,54000,92,2026-08-18,白班,正常生产运行,0,,主数据集观测(众数),1
SCHEC-INPUT-V1.0,SX-PET01,新KRS线,PET瓶灌装,54000,92,2026-08-18,夜班,正常生产运行,0,,"默认(未观测,按正常生产)",0
SCHEC-INPUT-V1.0,SX-PET01,新KRS线,PET瓶灌装,54000,92,2026-08-19,白班,正常生产运行,0,,主数据集观测(众数),2
SCHEC-INPUT-V1.0,SX-PET01,新KRS线,PET瓶灌装,54000,92,2026-08-19,夜班,正常生产运行,0,,主数据集观测(众数),4
SCHEC-INPUT-V1.0,SX-PET01,新KRS线,PET瓶灌装,54000,92,2026-08-20,白班,正常生产运行,0,,主数据集观测(众数),2
SCHEC-INPUT-V1.0,SX-PET01,新KRS线,PET瓶灌装,54000,92,2026-08-20,夜班,正常生产运行,0,,主数据集观测(众数),8
SCHEC-INPUT-V1.0,SX-PET01,新KRS线,PET瓶灌装,54000,92,2026-08-21,白班,正常生产运行,0,,主数据集观测(众数),7
SCHEC-INPUT-V1.0,SX-PET01,新KRS线,PET瓶灌装,54000,92,2026-08-21,夜班,正常生产运行,0,,主数据集观测(众数),8
SCHEC-INPUT-V1.0,SX-PET01,新KRS线,PET瓶灌装,54000,92,2026-08-22,白班,正常生产运行,0,,主数据集观测(众数),2
SCHEC-INPUT-V1.0,SX-PET01,新KRS线,PET瓶灌装,54000,92,2026-08-22,夜班,正常生产运行,0,,主数据集观测(众数),10
SCHEC-INPUT-V1.0,SX-PET01,新KRS线,PET瓶灌装,54000,92,2026-08-23,白班,正常生产运行,0,,主数据集观测(众数),2
SCHEC-INPUT-V1.0,SX-PET01,新KRS线,PET瓶灌装,54000,92,2026-08-23,夜班,正常生产运行,0,,主数据集观测(众数),1
SCHEC-INPUT-V1.0,SX-PET01,新KRS线,PET瓶灌装,54000,92,2026-08-24,白班,正常生产运行,0,,主数据集观测(众数),9
SCHEC-INPUT-V1.0,SX-PET01,新KRS线,PET瓶灌装,54000,92,2026-08-24,夜班,正常生产运行,0,,主数据集观测(众数),1
SCHEC-INPUT-V1.0,SX-PET01,新KRS线,PET瓶灌装,54000,92,2026-08-25,白班,正常生产运行,0,,主数据集观测(众数),7
SCHEC-INPUT-V1.0,SX-PET01,新KRS线,PET瓶灌装,54000,92,2026-08-25,夜班,正常生产运行,0,,主数据集观测(众数),3
SCHEC-INPUT-V1.0,SX-PET01,新KRS线,PET瓶灌装,54000,92,2026-08-26,白班,换型,1,B.4步清洗,主数据集观测(众数),2
SCHEC-INPUT-V1.0,SX-PET01,新KRS线,PET瓶灌装,54000,92,2026-08-26,夜班,换型,1,F.5步热清洗消毒,主数据集观测(众数),1
SCHEC-INPUT-V1.0,SX-PET01,新KRS线,PET瓶灌装,54000,92,2026-08-27,白班,正常生产运行,0,,主数据集观测(众数),5
SCHEC-INPUT-V1.0,SX-PET01,新KRS线,PET瓶灌装,54000,92,2026-08-27,夜班,正常生产运行,0,,主数据集观测(众数),9
SCHEC-INPUT-V1.0,SX-PET01,新KRS线,PET瓶灌装,54000,92,2026-08-28,白班,正常生产运行,0,,主数据集观测(众数),1
SCHEC-INPUT-V1.0,SX-PET01,新KRS线,PET瓶灌装,54000,92,2026-08-28,夜班,正常生产运行,0,,主数据集观测(众数),3
SCHEC-INPUT-V1.0,SX-PET01,新KRS线,PET瓶灌装,54000,92,2026-08-29,白班,正常生产运行,0,,主数据集观测(众数),4
SCHEC-INPUT-V1.0,SX-PET01,新KRS线,PET瓶灌装,54000,92,2026-08-29,夜班,正常生产运行,0,,主数据集观测(众数),5
SCHEC-INPUT-V1.0,SX-PET01,新KRS线,PET瓶灌装,54000,92,2026-08-30,白班,正常生产运行,0,,主数据集观测(众数),3
SCHEC-INPUT-V1.0,SX-PET01,新KRS线,PET瓶灌装,54000,92,2026-08-30,夜班,正常生产运行,0,,"默认(未观测,按正常生产)",0
SCHEC-INPUT-V1.0,SX-PET01,新KRS线,PET瓶灌装,54000,92,2026-08-31,白班,正常生产运行,0,,主数据集观测(众数),4
SCHEC-INPUT-V1.0,SX-PET01,新KRS线,PET瓶灌装,54000,92,2026-08-31,夜班,正常生产运行,0,,主数据集观测(众数),5
SCHEC-INPUT-V1.0,SX-PET02,旧KRS线,PET瓶灌装,51000,90,2026-07-01,白班,换型,1,F.5步热清洗消毒,主数据集观测(众数),1
SCHEC-INPUT-V1.0,SX-PET02,旧KRS线,PET瓶灌装,51000,90,2026-07-01,夜班,换型,1,A.3步清洗,主数据集观测(众数),4
SCHEC-INPUT-V1.0,SX-PET02,旧KRS线,PET瓶灌装,51000,90,2026-07-02,白班,换型,1,C.碱洗,主数据集观测(众数),6
SCHEC-INPUT-V1.0,SX-PET02,旧KRS线,PET瓶灌装,51000,90,2026-07-02,夜班,正常生产运行,0,A.3步清洗,主数据集观测(众数),3
SCHEC-INPUT-V1.0,SX-PET02,旧KRS线,PET瓶灌装,51000,90,2026-07-03,白班,正常生产运行,0,,主数据集观测(众数),5
SCHEC-INPUT-V1.0,SX-PET02,旧KRS线,PET瓶灌装,51000,90,2026-07-03,夜班,正常生产运行,0,,"默认(未观测,按正常生产)",0
SCHEC-INPUT-V1.0,SX-PET02,旧KRS线,PET瓶灌装,51000,90,2026-07-04,白班,正常生产运行,0,,主数据集观测(众数),6
SCHEC-INPUT-V1.0,SX-PET02,旧KRS线,PET瓶灌装,51000,90,2026-07-04,夜班,正常生产运行,0,,主数据集观测(众数),4
SCHEC-INPUT-V1.0,SX-PET02,旧KRS线,PET瓶灌装,51000,90,2026-07-05,白班,换型,1,B.4步清洗,主数据集观测(众数),9
SCHEC-INPUT-V1.0,SX-PET02,旧KRS线,PET瓶灌装,51000,90,2026-07-05,夜班,换型,1,F.5步热清洗消毒,主数据集观测(众数),1
SCHEC-INPUT-V1.0,SX-PET02,旧KRS线,PET瓶灌装,51000,90,2026-07-06,白班,正常生产运行,0,,主数据集观测(众数),1
SCHEC-INPUT-V1.0,SX-PET02,旧KRS线,PET瓶灌装,51000,90,2026-07-06,夜班,正常生产运行,0,,主数据集观测(众数),2
SCHEC-INPUT-V1.0,SX-PET02,旧KRS线,PET瓶灌装,51000,90,2026-07-07,白班,正常生产运行,0,,"默认(未观测,按正常生产)",0
SCHEC-INPUT-V1.0,SX-PET02,旧KRS线,PET瓶灌装,51000,90,2026-07-07,夜班,正常生产运行,0,,"默认(未观测,按正常生产)",0
SCHEC-INPUT-V1.0,SX-PET02,旧KRS线,PET瓶灌装,51000,90,2026-07-08,白班,正常生产运行,0,,主数据集观测(众数),4
SCHEC-INPUT-V1.0,SX-PET02,旧KRS线,PET瓶灌装,51000,90,2026-07-08,夜班,正常生产运行,0,,"默认(未观测,按正常生产)",0
SCHEC-INPUT-V1.0,SX-PET02,旧KRS线,PET瓶灌装,51000,90,2026-07-09,白班,正常生产运行,0,,"默认(未观测,按正常生产)",0
SCHEC-INPUT-V1.0,SX-PET02,旧KRS线,PET瓶灌装,51000,90,2026-07-09,夜班,正常生产运行,0,,主数据集观测(众数),1
SCHEC-INPUT-V1.0,SX-PET02,旧KRS线,PET瓶灌装,51000,90,2026-07-10,白班,正常生产运行,0,,主数据集观测(众数),1
SCHEC-INPUT-V1.0,SX-PET02,旧KRS线,PET瓶灌装,51000,90,2026-07-10,夜班,正常生产运行,0,,主数据集观测(众数),1
SCHEC-INPUT-V1.0,SX-PET02,旧KRS线,PET瓶灌装,51000,90,2026-07-11,白班,正常生产运行,0,,主数据集观测(众数),2
SCHEC-INPUT-V1.0,SX-PET02,旧KRS线,PET瓶灌装,51000,90,2026-07-11,夜班,正常生产运行,0,,"默认(未观测,按正常生产)",0
SCHEC-INPUT-V1.0,SX-PET02,旧KRS线,PET瓶灌装,51000,90,2026-07-12,白班,换型,1,A.3步清洗,主数据集观测(众数),1
SCHEC-INPUT-V1.0,SX-PET02,旧KRS线,PET瓶灌装,51000,90,2026-07-12,夜班,正常生产运行,0,,主数据集观测(众数),5
SCHEC-INPUT-V1.0,SX-PET02,旧KRS线,PET瓶灌装,51000,90,2026-07-13,白班,正常生产运行,0,,主数据集观测(众数),2
SCHEC-INPUT-V1.0,SX-PET02,旧KRS线,PET瓶灌装,51000,90,2026-07-13,夜班,正常生产运行,0,,主数据集观测(众数),3
SCHEC-INPUT-V1.0,SX-PET02,旧KRS线,PET瓶灌装,51000,90,2026-07-14,白班,正常生产运行,0,,主数据集观测(众数),2
SCHEC-INPUT-V1.0,SX-PET02,旧KRS线,PET瓶灌装,51000,90,2026-07-14,夜班,正常生产运行,0,,"默认(未观测,按正常生产)",0
SCHEC-INPUT-V1.0,SX-PET02,旧KRS线,PET瓶灌装,51000,90,2026-07-15,白班,正常生产运行,0,,主数据集观测(众数),7
SCHEC-INPUT-V1.0,SX-PET02,旧KRS线,PET瓶灌装,51000,90,2026-07-15,夜班,正常生产运行,0,,"默认(未观测,按正常生产)",0
SCHEC-INPUT-V1.0,SX-PET02,旧KRS线,PET瓶灌装,51000,90,2026-07-16,白班,正常生产运行,0,,主数据集观测(众数),1
SCHEC-INPUT-V1.0,SX-PET02,旧KRS线,PET瓶灌装,51000,90,2026-07-16,夜班,正常生产运行,0,,"默认(未观测,按正常生产)",0
SCHEC-INPUT-V1.0,SX-PET02,旧KRS线,PET瓶灌装,51000,90,2026-07-17,白班,正常生产运行,0,,主数据集观测(众数),1
SCHEC-INPUT-V1.0,SX-PET02,旧KRS线,PET瓶灌装,51000,90,2026-07-17,夜班,正常生产运行,0,,主数据集观测(众数),2
SCHEC-INPUT-V1.0,SX-PET02,旧KRS线,PET瓶灌装,51000,90,2026-07-18,白班,正常生产运行,0,,主数据集观测(众数),1
SCHEC-INPUT-V1.0,SX-PET02,旧KRS线,PET瓶灌装,51000,90,2026-07-18,夜班,正常生产运行,0,,"默认(未观测,按正常生产)",0
SCHEC-INPUT-V1.0,SX-PET02,旧KRS线,PET瓶灌装,51000,90,2026-07-19,白班,换型,1,C.碱洗,主数据集观测(众数),3
SCHEC-INPUT-V1.0,SX-PET02,旧KRS线,PET瓶灌装,51000,90,2026-07-19,夜班,正常生产运行,0,,"默认(未观测,按正常生产)",0
SCHEC-INPUT-V1.0,SX-PET02,旧KRS线,PET瓶灌装,51000,90,2026-07-20,白班,正常生产运行,0,,"默认(未观测,按正常生产)",0
SCHEC-INPUT-V1.0,SX-PET02,旧KRS线,PET瓶灌装,51000,90,2026-07-20,夜班,正常生产运行,0,,"默认(未观测,按正常生产)",0
SCHEC-INPUT-V1.0,SX-PET02,旧KRS线,PET瓶灌装,51000,90,2026-07-21,白班,正常生产运行,0,,主数据集观测(众数),2
SCHEC-INPUT-V1.0,SX-PET02,旧KRS线,PET瓶灌装,51000,90,2026-07-21,夜班,正常生产运行,0,,主数据集观测(众数),2
SCHEC-INPUT-V1.0,SX-PET02,旧KRS线,PET瓶灌装,51000,90,2026-07-22,白班,正常生产运行,0,,主数据集观测(众数),4
SCHEC-INPUT-V1.0,SX-PET02,旧KRS线,PET瓶灌装,51000,90,2026-07-22,夜班,正常生产运行,0,,主数据集观测(众数),2
SCHEC-INPUT-V1.0,SX-PET02,旧KRS线,PET瓶灌装,51000,90,2026-07-23,白班,正常生产运行,0,,"默认(未观测,按正常生产)",0
SCHEC-INPUT-V1.0,SX-PET02,旧KRS线,PET瓶灌装,51000,90,2026-07-23,夜班,正常生产运行,0,,主数据集观测(众数),1
SCHEC-INPUT-V1.0,SX-PET02,旧KRS线,PET瓶灌装,51000,90,2026-07-24,白班,正常生产运行,0,,"默认(未观测,按正常生产)",0
SCHEC-INPUT-V1.0,SX-PET02,旧KRS线,PET瓶灌装,51000,90,2026-07-24,夜班,正常生产运行,0,,主数据集观测(众数),10
SCHEC-INPUT-V1.0,SX-PET02,旧KRS线,PET瓶灌装,51000,90,2026-07-25,白班,换型,1,A.3步清洗,主数据集观测(众数),8
SCHEC-INPUT-V1.0,SX-PET02,旧KRS线,PET瓶灌装,51000,90,2026-07-25,夜班,正常生产运行,0,,主数据集观测(众数),1
SCHEC-INPUT-V1.0,SX-PET02,旧KRS线,PET瓶灌装,51000,90,2026-07-26,白班,正常生产运行,0,,主数据集观测(众数),2
SCHEC-INPUT-V1.0,SX-PET02,旧KRS线,PET瓶灌装,51000,90,2026-07-26,夜班,正常生产运行,0,,"默认(未观测,按正常生产)",0
SCHEC-INPUT-V1.0,SX-PET02,旧KRS线,PET瓶灌装,51000,90,2026-07-27,白班,正常生产运行,0,A.3步清洗,主数据集观测(众数),2
SCHEC-INPUT-V1.0,SX-PET02,旧KRS线,PET瓶灌装,51000,90,2026-07-27,夜班,正常生产运行,0,,主数据集观测(众数),3
SCHEC-INPUT-V1.0,SX-PET02,旧KRS线,PET瓶灌装,51000,90,2026-07-28,白班,正常生产运行,0,,"默认(未观测,按正常生产)",0
SCHEC-INPUT-V1.0,SX-PET02,旧KRS线,PET瓶灌装,51000,90,2026-07-28,夜班,正常生产运行,0,,主数据集观测(众数),6
SCHEC-INPUT-V1.0,SX-PET02,旧KRS线,PET瓶灌装,51000,90,2026-07-29,白班,正常生产运行,0,,主数据集观测(众数),2
SCHEC-INPUT-V1.0,SX-PET02,旧KRS线,PET瓶灌装,51000,90,2026-07-29,夜班,正常生产运行,0,,主数据集观测(众数),1
SCHEC-INPUT-V1.0,SX-PET02,旧KRS线,PET瓶灌装,51000,90,2026-07-30,白班,正常生产运行,0,,主数据集观测(众数),1
SCHEC-INPUT-V1.0,SX-PET02,旧KRS线,PET瓶灌装,51000,90,2026-07-30,夜班,正常生产运行,0,,主数据集观测(众数),4
SCHEC-INPUT-V1.0,SX-PET02,旧KRS线,PET瓶灌装,51000,90,2026-07-31,白班,正常生产运行,0,,主数据集观测(众数),1
SCHEC-INPUT-V1.0,SX-PET02,旧KRS线,PET瓶灌装,51000,90,2026-07-31,夜班,正常生产运行,0,,主数据集观测(众数),1
SCHEC-INPUT-V1.0,SX-PET02,旧KRS线,PET瓶灌装,51000,90,2026-08-01,白班,正常生产运行,0,,主数据集观测(众数),6
SCHEC-INPUT-V1.0,SX-PET02,旧KRS线,PET瓶灌装,51000,90,2026-08-01,夜班,正常生产运行,0,,"默认(未观测,按正常生产)",0
SCHEC-INPUT-V1.0,SX-PET02,旧KRS线,PET瓶灌装,51000,90,2026-08-02,白班,换型,1,F.5步热清洗消毒,主数据集观测(众数),5
SCHEC-INPUT-V1.0,SX-PET02,旧KRS线,PET瓶灌装,51000,90,2026-08-02,夜班,换型,1,C.碱洗,主数据集观测(众数),4
SCHEC-INPUT-V1.0,SX-PET02,旧KRS线,PET瓶灌装,51000,90,2026-08-03,白班,正常生产运行,0,,主数据集观测(众数),1
SCHEC-INPUT-V1.0,SX-PET02,旧KRS线,PET瓶灌装,51000,90,2026-08-03,夜班,正常生产运行,0,,"默认(未观测,按正常生产)",0
SCHEC-INPUT-V1.0,SX-PET02,旧KRS线,PET瓶灌装,51000,90,2026-08-04,白班,正常生产运行,0,,主数据集观测(众数),1
SCHEC-INPUT-V1.0,SX-PET02,旧KRS线,PET瓶灌装,51000,90,2026-08-04,夜班,正常生产运行,0,,"默认(未观测,按正常生产)",0
SCHEC-INPUT-V1.0,SX-PET02,旧KRS线,PET瓶灌装,51000,90,2026-08-05,白班,正常生产运行,0,,主数据集观测(众数),1
SCHEC-INPUT-V1.0,SX-PET02,旧KRS线,PET瓶灌装,51000,90,2026-08-05,夜班,正常生产运行,0,,主数据集观测(众数),1
SCHEC-INPUT-V1.0,SX-PET02,旧KRS线,PET瓶灌装,51000,90,2026-08-06,白班,正常生产运行,0,,"默认(未观测,按正常生产)",0
SCHEC-INPUT-V1.0,SX-PET02,旧KRS线,PET瓶灌装,51000,90,2026-08-06,夜班,正常生产运行,0,,"默认(未观测,按正常生产)",0
SCHEC-INPUT-V1.0,SX-PET02,旧KRS线,PET瓶灌装,51000,90,2026-08-07,白班,正常生产运行,0,,主数据集观测(众数),1
SCHEC-INPUT-V1.0,SX-PET02,旧KRS线,PET瓶灌装,51000,90,2026-08-07,夜班,正常生产运行,0,,"默认(未观测,按正常生产)",0
SCHEC-INPUT-V1.0,SX-PET02,旧KRS线,PET瓶灌装,51000,90,2026-08-08,白班,正常生产运行,0,,主数据集观测(众数),2
SCHEC-INPUT-V1.0,SX-PET02,旧KRS线,PET瓶灌装,51000,90,2026-08-08,夜班,正常生产运行,0,,主数据集观测(众数),1
SCHEC-INPUT-V1.0,SX-PET02,旧KRS线,PET瓶灌装,51000,90,2026-08-09,白班,正常生产运行,0,,主数据集观测(众数),8
SCHEC-INPUT-V1.0,SX-PET02,旧KRS线,PET瓶灌装,51000,90,2026-08-09,夜班,正常生产运行,0,,主数据集观测(众数),1
SCHEC-INPUT-V1.0,SX-PET02,旧KRS线,PET瓶灌装,51000,90,2026-08-10,白班,正常生产运行,0,,"默认(未观测,按正常生产)",0
SCHEC-INPUT-V1.0,SX-PET02,旧KRS线,PET瓶灌装,51000,90,2026-08-10,夜班,正常生产运行,0,,主数据集观测(众数),1
SCHEC-INPUT-V1.0,SX-PET02,旧KRS线,PET瓶灌装,51000,90,2026-08-11,白班,换型,1,B.4步清洗,主数据集观测(众数),3
SCHEC-INPUT-V1.0,SX-PET02,旧KRS线,PET瓶灌装,51000,90,2026-08-11,夜班,换型,1,A.3步清洗,主数据集观测(众数),2
SCHEC-INPUT-V1.0,SX-PET02,旧KRS线,PET瓶灌装,51000,90,2026-08-12,白班,换型,1,A.3步清洗,主数据集观测(众数),2
SCHEC-INPUT-V1.0,SX-PET02,旧KRS线,PET瓶灌装,51000,90,2026-08-12,夜班,正常生产运行,0,C.碱洗,主数据集观测(众数),4
SCHEC-INPUT-V1.0,SX-PET02,旧KRS线,PET瓶灌装,51000,90,2026-08-13,白班,正常生产运行,0,,"默认(未观测,按正常生产)",0
SCHEC-INPUT-V1.0,SX-PET02,旧KRS线,PET瓶灌装,51000,90,2026-08-13,夜班,正常生产运行,0,,主数据集观测(众数),2
SCHEC-INPUT-V1.0,SX-PET02,旧KRS线,PET瓶灌装,51000,90,2026-08-14,白班,正常生产运行,0,,主数据集观测(众数),2
SCHEC-INPUT-V1.0,SX-PET02,旧KRS线,PET瓶灌装,51000,90,2026-08-14,夜班,正常生产运行,0,,主数据集观测(众数),1
SCHEC-INPUT-V1.0,SX-PET02,旧KRS线,PET瓶灌装,51000,90,2026-08-15,白班,正常生产运行,0,,主数据集观测(众数),9
SCHEC-INPUT-V1.0,SX-PET02,旧KRS线,PET瓶灌装,51000,90,2026-08-15,夜班,正常生产运行,0,,主数据集观测(众数),1
SCHEC-INPUT-V1.0,SX-PET02,旧KRS线,PET瓶灌装,51000,90,2026-08-16,白班,正常生产运行,0,,"默认(未观测,按正常生产)",0
SCHEC-INPUT-V1.0,SX-PET02,旧KRS线,PET瓶灌装,51000,90,2026-08-16,夜班,正常生产运行,0,,主数据集观测(众数),1
SCHEC-INPUT-V1.0,SX-PET02,旧KRS线,PET瓶灌装,51000,90,2026-08-17,白班,正常生产运行,0,,主数据集观测(众数),5
SCHEC-INPUT-V1.0,SX-PET02,旧KRS线,PET瓶灌装,51000,90,2026-08-17,夜班,正常生产运行,0,,主数据集观测(众数),6
SCHEC-INPUT-V1.0,SX-PET02,旧KRS线,PET瓶灌装,51000,90,2026-08-18,白班,正常生产运行,0,,"默认(未观测,按正常生产)",0
SCHEC-INPUT-V1.0,SX-PET02,旧KRS线,PET瓶灌装,51000,90,2026-08-18,夜班,正常生产运行,0,,主数据集观测(众数),8
SCHEC-INPUT-V1.0,SX-PET02,旧KRS线,PET瓶灌装,51000,90,2026-08-19,白班,正常生产运行,0,,主数据集观测(众数),4
SCHEC-INPUT-V1.0,SX-PET02,旧KRS线,PET瓶灌装,51000,90,2026-08-19,夜班,正常生产运行,0,,主数据集观测(众数),1
SCHEC-INPUT-V1.0,SX-PET02,旧KRS线,PET瓶灌装,51000,90,2026-08-20,白班,正常生产运行,0,,主数据集观测(众数),2
SCHEC-INPUT-V1.0,SX-PET02,旧KRS线,PET瓶灌装,51000,90,2026-08-20,夜班,正常生产运行,0,,主数据集观测(众数),1
SCHEC-INPUT-V1.0,SX-PET02,旧KRS线,PET瓶灌装,51000,90,2026-08-21,白班,正常生产运行,0,,主数据集观测(众数),1
SCHEC-INPUT-V1.0,SX-PET02,旧KRS线,PET瓶灌装,51000,90,2026-08-21,夜班,正常生产运行,0,,主数据集观测(众数),5
SCHEC-INPUT-V1.0,SX-PET02,旧KRS线,PET瓶灌装,51000,90,2026-08-22,白班,正常生产运行,0,,"默认(未观测,按正常生产)",0
SCHEC-INPUT-V1.0,SX-PET02,旧KRS线,PET瓶灌装,51000,90,2026-08-22,夜班,正常生产运行,0,,"默认(未观测,按正常生产)",0
SCHEC-INPUT-V1.0,SX-PET02,旧KRS线,PET瓶灌装,51000,90,2026-08-23,白班,正常生产运行,0,,主数据集观测(众数),3
SCHEC-INPUT-V1.0,SX-PET02,旧KRS线,PET瓶灌装,51000,90,2026-08-23,夜班,正常生产运行,0,,主数据集观测(众数),1
SCHEC-INPUT-V1.0,SX-PET02,旧KRS线,PET瓶灌装,51000,90,2026-08-24,白班,正常生产运行,0,,"默认(未观测,按正常生产)",0
SCHEC-INPUT-V1.0,SX-PET02,旧KRS线,PET瓶灌装,51000,90,2026-08-24,夜班,正常生产运行,0,,"默认(未观测,按正常生产)",0
SCHEC-INPUT-V1.0,SX-PET02,旧KRS线,PET瓶灌装,51000,90,2026-08-25,白班,正常生产运行,0,,主数据集观测(众数),2
SCHEC-INPUT-V1.0,SX-PET02,旧KRS线,PET瓶灌装,51000,90,2026-08-25,夜班,正常生产运行,0,,主数据集观测(众数),5
SCHEC-INPUT-V1.0,SX-PET02,旧KRS线,PET瓶灌装,51000,90,2026-08-26,白班,正常生产运行,0,,主数据集观测(众数),6
SCHEC-INPUT-V1.0,SX-PET02,旧KRS线,PET瓶灌装,51000,90,2026-08-26,夜班,正常生产运行,0,,主数据集观测(众数),6
SCHEC-INPUT-V1.0,SX-PET02,旧KRS线,PET瓶灌装,51000,90,2026-08-27,白班,正常生产运行,0,,"默认(未观测,按正常生产)",0
SCHEC-INPUT-V1.0,SX-PET02,旧KRS线,PET瓶灌装,51000,90,2026-08-27,夜班,正常生产运行,0,,主数据集观测(众数),2
SCHEC-INPUT-V1.0,SX-PET02,旧KRS线,PET瓶灌装,51000,90,2026-08-28,白班,正常生产运行,0,,主数据集观测(众数),2
SCHEC-INPUT-V1.0,SX-PET02,旧KRS线,PET瓶灌装,51000,90,2026-08-28,夜班,正常生产运行,0,,主数据集观测(众数),2
SCHEC-INPUT-V1.0,SX-PET02,旧KRS线,PET瓶灌装,51000,90,2026-08-29,白班,正常生产运行,0,,"默认(未观测,按正常生产)",0
SCHEC-INPUT-V1.0,SX-PET02,旧KRS线,PET瓶灌装,51000,90,2026-08-29,夜班,正常生产运行,0,,主数据集观测(众数),1
SCHEC-INPUT-V1.0,SX-PET02,旧KRS线,PET瓶灌装,51000,90,2026-08-30,白班,正常生产运行,0,,主数据集观测(众数),1
SCHEC-INPUT-V1.0,SX-PET02,旧KRS线,PET瓶灌装,51000,90,2026-08-30,夜班,正常生产运行,0,,主数据集观测(众数),1
SCHEC-INPUT-V1.0,SX-PET02,旧KRS线,PET瓶灌装,51000,90,2026-08-31,白班,正常生产运行,0,,主数据集观测(众数),4
SCHEC-INPUT-V1.0,SX-PET02,旧KRS线,PET瓶灌装,51000,90,2026-08-31,夜班,正常生产运行,0,,"默认(未观测,按正常生产)",0
SCHEC-INPUT-V1.0,SX-QC,辅助品控(陕西),PET瓶灌装,0,88,2026-07-01,白班,正常生产运行,0,,主数据集观测(众数),3
SCHEC-INPUT-V1.0,SX-QC,辅助品控(陕西),PET瓶灌装,0,88,2026-07-01,夜班,正常生产运行,0,,"默认(未观测,按正常生产)",0
SCHEC-INPUT-V1.0,SX-QC,辅助品控(陕西),PET瓶灌装,0,88,2026-07-02,白班,正常生产运行,0,,主数据集观测(众数),1
SCHEC-INPUT-V1.0,SX-QC,辅助品控(陕西),PET瓶灌装,0,88,2026-07-02,夜班,正常生产运行,0,,主数据集观测(众数),4
SCHEC-INPUT-V1.0,SX-QC,辅助品控(陕西),PET瓶灌装,0,88,2026-07-03,白班,正常生产运行,1,F.5步热清洗消毒,主数据集观测(众数),2
SCHEC-INPUT-V1.0,SX-QC,辅助品控(陕西),PET瓶灌装,0,88,2026-07-03,夜班,正常生产运行,0,,"默认(未观测,按正常生产)",0
SCHEC-INPUT-V1.0,SX-QC,辅助品控(陕西),PET瓶灌装,0,88,2026-07-04,白班,正常生产运行,0,,主数据集观测(众数),3
SCHEC-INPUT-V1.0,SX-QC,辅助品控(陕西),PET瓶灌装,0,88,2026-07-04,夜班,正常生产运行,0,,主数据集观测(众数),2
SCHEC-INPUT-V1.0,SX-QC,辅助品控(陕西),PET瓶灌装,0,88,2026-07-05,白班,正常生产运行,0,,主数据集观测(众数),1
SCHEC-INPUT-V1.0,SX-QC,辅助品控(陕西),PET瓶灌装,0,88,2026-07-05,夜班,正常生产运行,0,,主数据集观测(众数),1
SCHEC-INPUT-V1.0,SX-QC,辅助品控(陕西),PET瓶灌装,0,88,2026-07-06,白班,例行维护,0,,主数据集观测(众数),2
SCHEC-INPUT-V1.0,SX-QC,辅助品控(陕西),PET瓶灌装,0,88,2026-07-06,夜班,正常生产运行,0,,"默认(未观测,按正常生产)",0
SCHEC-INPUT-V1.0,SX-QC,辅助品控(陕西),PET瓶灌装,0,88,2026-07-07,白班,正常生产运行,0,,主数据集观测(众数),2
SCHEC-INPUT-V1.0,SX-QC,辅助品控(陕西),PET瓶灌装,0,88,2026-07-07,夜班,正常生产运行,0,,主数据集观测(众数),1
SCHEC-INPUT-V1.0,SX-QC,辅助品控(陕西),PET瓶灌装,0,88,2026-07-08,白班,正常生产运行,0,,主数据集观测(众数),2
SCHEC-INPUT-V1.0,SX-QC,辅助品控(陕西),PET瓶灌装,0,88,2026-07-08,夜班,正常生产运行,0,,主数据集观测(众数),1
SCHEC-INPUT-V1.0,SX-QC,辅助品控(陕西),PET瓶灌装,0,88,2026-07-09,白班,正常生产运行,0,,主数据集观测(众数),2
SCHEC-INPUT-V1.0,SX-QC,辅助品控(陕西),PET瓶灌装,0,88,2026-07-09,夜班,正常生产运行,0,,"默认(未观测,按正常生产)",0
SCHEC-INPUT-V1.0,SX-QC,辅助品控(陕西),PET瓶灌装,0,88,2026-07-10,白班,正常生产运行,0,,主数据集观测(众数),1
SCHEC-INPUT-V1.0,SX-QC,辅助品控(陕西),PET瓶灌装,0,88,2026-07-10,夜班,正常生产运行,0,,"默认(未观测,按正常生产)",0
SCHEC-INPUT-V1.0,SX-QC,辅助品控(陕西),PET瓶灌装,0,88,2026-07-11,白班,正常生产运行,1,B.4步清洗,主数据集观测(众数),3
SCHEC-INPUT-V1.0,SX-QC,辅助品控(陕西),PET瓶灌装,0,88,2026-07-11,夜班,正常生产运行,0,,"默认(未观测,按正常生产)",0
SCHEC-INPUT-V1.0,SX-QC,辅助品控(陕西),PET瓶灌装,0,88,2026-07-12,白班,大修,0,,主数据集观测(众数),1
SCHEC-INPUT-V1.0,SX-QC,辅助品控(陕西),PET瓶灌装,0,88,2026-07-12,夜班,正常生产运行,0,,"默认(未观测,按正常生产)",0
SCHEC-INPUT-V1.0,SX-QC,辅助品控(陕西),PET瓶灌装,0,88,2026-07-13,白班,正常生产运行,0,,主数据集观测(众数),1
SCHEC-INPUT-V1.0,SX-QC,辅助品控(陕西),PET瓶灌装,0,88,2026-07-13,夜班,正常生产运行,0,,"默认(未观测,按正常生产)",0
SCHEC-INPUT-V1.0,SX-QC,辅助品控(陕西),PET瓶灌装,0,88,2026-07-14,白班,正常生产运行,0,,"默认(未观测,按正常生产)",0
SCHEC-INPUT-V1.0,SX-QC,辅助品控(陕西),PET瓶灌装,0,88,2026-07-14,夜班,正常生产运行,0,,"默认(未观测,按正常生产)",0
SCHEC-INPUT-V1.0,SX-QC,辅助品控(陕西),PET瓶灌装,0,88,2026-07-15,白班,正常生产运行,0,,主数据集观测(众数),17
SCHEC-INPUT-V1.0,SX-QC,辅助品控(陕西),PET瓶灌装,0,88,2026-07-15,夜班,正常生产运行,0,,"默认(未观测,按正常生产)",0
SCHEC-INPUT-V1.0,SX-QC,辅助品控(陕西),PET瓶灌装,0,88,2026-07-16,白班,正常生产运行,0,,"默认(未观测,按正常生产)",0
SCHEC-INPUT-V1.0,SX-QC,辅助品控(陕西),PET瓶灌装,0,88,2026-07-16,夜班,正常生产运行,0,,"默认(未观测,按正常生产)",0
SCHEC-INPUT-V1.0,SX-QC,辅助品控(陕西),PET瓶灌装,0,88,2026-07-17,白班,正常生产运行,0,,主数据集观测(众数),4
SCHEC-INPUT-V1.0,SX-QC,辅助品控(陕西),PET瓶灌装,0,88,2026-07-17,夜班,正常生产运行,0,,主数据集观测(众数),1
SCHEC-INPUT-V1.0,SX-QC,辅助品控(陕西),PET瓶灌装,0,88,2026-07-18,白班,正常生产运行,0,,主数据集观测(众数),1
SCHEC-INPUT-V1.0,SX-QC,辅助品控(陕西),PET瓶灌装,0,88,2026-07-18,夜班,正常生产运行,0,,主数据集观测(众数),1
SCHEC-INPUT-V1.0,SX-QC,辅助品控(陕西),PET瓶灌装,0,88,2026-07-19,白班,正常生产运行,0,,主数据集观测(众数),2
SCHEC-INPUT-V1.0,SX-QC,辅助品控(陕西),PET瓶灌装,0,88,2026-07-19,夜班,正常生产运行,0,,"默认(未观测,按正常生产)",0
SCHEC-INPUT-V1.0,SX-QC,辅助品控(陕西),PET瓶灌装,0,88,2026-07-20,白班,正常生产运行,0,,"默认(未观测,按正常生产)",0
SCHEC-INPUT-V1.0,SX-QC,辅助品控(陕西),PET瓶灌装,0,88,2026-07-20,夜班,正常生产运行,0,,"默认(未观测,按正常生产)",0
SCHEC-INPUT-V1.0,SX-QC,辅助品控(陕西),PET瓶灌装,0,88,2026-07-21,白班,换型,1,B.4步清洗,主数据集观测(众数),1
SCHEC-INPUT-V1.0,SX-QC,辅助品控(陕西),PET瓶灌装,0,88,2026-07-21,夜班,正常生产运行,0,,"默认(未观测,按正常生产)",0
SCHEC-INPUT-V1.0,SX-QC,辅助品控(陕西),PET瓶灌装,0,88,2026-07-22,白班,换型,1,C.碱洗,主数据集观测(众数),2
SCHEC-INPUT-V1.0,SX-QC,辅助品控(陕西),PET瓶灌装,0,88,2026-07-22,夜班,换型,1,A.3步清洗,主数据集观测(众数),1
SCHEC-INPUT-V1.0,SX-QC,辅助品控(陕西),PET瓶灌装,0,88,2026-07-23,白班,正常生产运行,0,,主数据集观测(众数),2
SCHEC-INPUT-V1.0,SX-QC,辅助品控(陕西),PET瓶灌装,0,88,2026-07-23,夜班,换型,1,B.4步清洗,主数据集观测(众数),9
SCHEC-INPUT-V1.0,SX-QC,辅助品控(陕西),PET瓶灌装,0,88,2026-07-24,白班,正常生产运行,0,,主数据集观测(众数),1
SCHEC-INPUT-V1.0,SX-QC,辅助品控(陕西),PET瓶灌装,0,88,2026-07-24,夜班,正常生产运行,0,,主数据集观测(众数),1
SCHEC-INPUT-V1.0,SX-QC,辅助品控(陕西),PET瓶灌装,0,88,2026-07-25,白班,正常生产运行,0,,主数据集观测(众数),3
SCHEC-INPUT-V1.0,SX-QC,辅助品控(陕西),PET瓶灌装,0,88,2026-07-25,夜班,正常生产运行,0,,"默认(未观测,按正常生产)",0
SCHEC-INPUT-V1.0,SX-QC,辅助品控(陕西),PET瓶灌装,0,88,2026-07-26,白班,正常生产运行,0,,主数据集观测(众数),3
SCHEC-INPUT-V1.0,SX-QC,辅助品控(陕西),PET瓶灌装,0,88,2026-07-26,夜班,正常生产运行,0,,主数据集观测(众数),1
SCHEC-INPUT-V1.0,SX-QC,辅助品控(陕西),PET瓶灌装,0,88,2026-07-27,白班,正常生产运行,0,,"默认(未观测,按正常生产)",0
SCHEC-INPUT-V1.0,SX-QC,辅助品控(陕西),PET瓶灌装,0,88,2026-07-27,夜班,正常生产运行,0,,主数据集观测(众数),1
SCHEC-INPUT-V1.0,SX-QC,辅助品控(陕西),PET瓶灌装,0,88,2026-07-28,白班,正常生产运行,0,,主数据集观测(众数),2
SCHEC-INPUT-V1.0,SX-QC,辅助品控(陕西),PET瓶灌装,0,88,2026-07-28,夜班,正常生产运行,0,,"默认(未观测,按正常生产)",0
SCHEC-INPUT-V1.0,SX-QC,辅助品控(陕西),PET瓶灌装,0,88,2026-07-29,白班,正常生产运行,0,,主数据集观测(众数),5
SCHEC-INPUT-V1.0,SX-QC,辅助品控(陕西),PET瓶灌装,0,88,2026-07-29,夜班,正常生产运行,0,,主数据集观测(众数),1
SCHEC-INPUT-V1.0,SX-QC,辅助品控(陕西),PET瓶灌装,0,88,2026-07-30,白班,正常生产运行,0,,主数据集观测(众数),1
SCHEC-INPUT-V1.0,SX-QC,辅助品控(陕西),PET瓶灌装,0,88,2026-07-30,夜班,正常生产运行,0,,主数据集观测(众数),1
SCHEC-INPUT-V1.0,SX-QC,辅助品控(陕西),PET瓶灌装,0,88,2026-07-31,白班,正常生产运行,0,,"默认(未观测,按正常生产)",0
SCHEC-INPUT-V1.0,SX-QC,辅助品控(陕西),PET瓶灌装,0,88,2026-07-31,夜班,正常生产运行,0,,主数据集观测(众数),2
SCHEC-INPUT-V1.0,SX-QC,辅助品控(陕西),PET瓶灌装,0,88,2026-08-01,白班,正常生产运行,1,A.3步清洗,主数据集观测(众数),3
SCHEC-INPUT-V1.0,SX-QC,辅助品控(陕西),PET瓶灌装,0,88,2026-08-01,夜班,正常生产运行,0,,"默认(未观测,按正常生产)",0
SCHEC-INPUT-V1.0,SX-QC,辅助品控(陕西),PET瓶灌装,0,88,2026-08-02,白班,正常生产运行,0,,主数据集观测(众数),1
SCHEC-INPUT-V1.0,SX-QC,辅助品控(陕西),PET瓶灌装,0,88,2026-08-02,夜班,换型,1,B.4步清洗,主数据集观测(众数),1
SCHEC-INPUT-V1.0,SX-QC,辅助品控(陕西),PET瓶灌装,0,88,2026-08-03,白班,正常生产运行,0,,主数据集观测(众数),4
SCHEC-INPUT-V1.0,SX-QC,辅助品控(陕西),PET瓶灌装,0,88,2026-08-03,夜班,正常生产运行,0,,主数据集观测(众数),1
SCHEC-INPUT-V1.0,SX-QC,辅助品控(陕西),PET瓶灌装,0,88,2026-08-04,白班,例行维护,0,,主数据集观测(众数),3
SCHEC-INPUT-V1.0,SX-QC,辅助品控(陕西),PET瓶灌装,0,88,2026-08-04,夜班,例行维护,0,,主数据集观测(众数),5
SCHEC-INPUT-V1.0,SX-QC,辅助品控(陕西),PET瓶灌装,0,88,2026-08-05,白班,正常生产运行,0,,主数据集观测(众数),1
SCHEC-INPUT-V1.0,SX-QC,辅助品控(陕西),PET瓶灌装,0,88,2026-08-05,夜班,正常生产运行,0,,"默认(未观测,按正常生产)",0
SCHEC-INPUT-V1.0,SX-QC,辅助品控(陕西),PET瓶灌装,0,88,2026-08-06,白班,正常生产运行,0,,主数据集观测(众数),2
SCHEC-INPUT-V1.0,SX-QC,辅助品控(陕西),PET瓶灌装,0,88,2026-08-06,夜班,正常生产运行,0,,主数据集观测(众数),4
SCHEC-INPUT-V1.0,SX-QC,辅助品控(陕西),PET瓶灌装,0,88,2026-08-07,白班,正常生产运行,0,,主数据集观测(众数),1
SCHEC-INPUT-V1.0,SX-QC,辅助品控(陕西),PET瓶灌装,0,88,2026-08-07,夜班,正常生产运行,0,,"默认(未观测,按正常生产)",0
SCHEC-INPUT-V1.0,SX-QC,辅助品控(陕西),PET瓶灌装,0,88,2026-08-08,白班,正常生产运行,0,,主数据集观测(众数),1
SCHEC-INPUT-V1.0,SX-QC,辅助品控(陕西),PET瓶灌装,0,88,2026-08-08,夜班,正常生产运行,0,,主数据集观测(众数),1
SCHEC-INPUT-V1.0,SX-QC,辅助品控(陕西),PET瓶灌装,0,88,2026-08-09,白班,换型,1,F.5步热清洗消毒,主数据集观测(众数),2
SCHEC-INPUT-V1.0,SX-QC,辅助品控(陕西),PET瓶灌装,0,88,2026-08-09,夜班,换型,1,A.3步清洗,主数据集观测(众数),1
SCHEC-INPUT-V1.0,SX-QC,辅助品控(陕西),PET瓶灌装,0,88,2026-08-10,白班,正常生产运行,0,,主数据集观测(众数),5
SCHEC-INPUT-V1.0,SX-QC,辅助品控(陕西),PET瓶灌装,0,88,2026-08-10,夜班,大修,0,,主数据集观测(众数),2
SCHEC-INPUT-V1.0,SX-QC,辅助品控(陕西),PET瓶灌装,0,88,2026-08-11,白班,正常生产运行,0,,主数据集观测(众数),2
SCHEC-INPUT-V1.0,SX-QC,辅助品控(陕西),PET瓶灌装,0,88,2026-08-11,夜班,正常生产运行,0,,"默认(未观测,按正常生产)",0
SCHEC-INPUT-V1.0,SX-QC,辅助品控(陕西),PET瓶灌装,0,88,2026-08-12,白班,换型,1,A.3步清洗,主数据集观测(众数),2
SCHEC-INPUT-V1.0,SX-QC,辅助品控(陕西),PET瓶灌装,0,88,2026-08-12,夜班,换型,1,C.碱洗,主数据集观测(众数),1
SCHEC-INPUT-V1.0,SX-QC,辅助品控(陕西),PET瓶灌装,0,88,2026-08-13,白班,正常生产运行,0,,主数据集观测(众数),2
SCHEC-INPUT-V1.0,SX-QC,辅助品控(陕西),PET瓶灌装,0,88,2026-08-13,夜班,正常生产运行,0,,主数据集观测(众数),3
SCHEC-INPUT-V1.0,SX-QC,辅助品控(陕西),PET瓶灌装,0,88,2026-08-14,白班,正常生产运行,0,,主数据集观测(众数),2
SCHEC-INPUT-V1.0,SX-QC,辅助品控(陕西),PET瓶灌装,0,88,2026-08-14,夜班,正常生产运行,0,,主数据集观测(众数),2
SCHEC-INPUT-V1.0,SX-QC,辅助品控(陕西),PET瓶灌装,0,88,2026-08-15,白班,正常生产运行,0,,主数据集观测(众数),13
SCHEC-INPUT-V1.0,SX-QC,辅助品控(陕西),PET瓶灌装,0,88,2026-08-15,夜班,正常生产运行,0,,主数据集观测(众数),1
SCHEC-INPUT-V1.0,SX-QC,辅助品控(陕西),PET瓶灌装,0,88,2026-08-16,白班,正常生产运行,0,,"默认(未观测,按正常生产)",0
SCHEC-INPUT-V1.0,SX-QC,辅助品控(陕西),PET瓶灌装,0,88,2026-08-16,夜班,换型,1,F.5步热清洗消毒,主数据集观测(众数),2
SCHEC-INPUT-V1.0,SX-QC,辅助品控(陕西),PET瓶灌装,0,88,2026-08-17,白班,正常生产运行,0,,主数据集观测(众数),2
SCHEC-INPUT-V1.0,SX-QC,辅助品控(陕西),PET瓶灌装,0,88,2026-08-17,夜班,正常生产运行,0,,主数据集观测(众数),1
SCHEC-INPUT-V1.0,SX-QC,辅助品控(陕西),PET瓶灌装,0,88,2026-08-18,白班,换型,1,B.4步清洗,主数据集观测(众数),2
SCHEC-INPUT-V1.0,SX-QC,辅助品控(陕西),PET瓶灌装,0,88,2026-08-18,夜班,正常生产运行,0,,"默认(未观测,按正常生产)",0
SCHEC-INPUT-V1.0,SX-QC,辅助品控(陕西),PET瓶灌装,0,88,2026-08-19,白班,正常生产运行,0,,主数据集观测(众数),3
SCHEC-INPUT-V1.0,SX-QC,辅助品控(陕西),PET瓶灌装,0,88,2026-08-19,夜班,大修,0,,主数据集观测(众数),2
SCHEC-INPUT-V1.0,SX-QC,辅助品控(陕西),PET瓶灌装,0,88,2026-08-20,白班,正常生产运行,1,B.4步清洗,主数据集观测(众数),2
SCHEC-INPUT-V1.0,SX-QC,辅助品控(陕西),PET瓶灌装,0,88,2026-08-20,夜班,换型,1,B.4步清洗,主数据集观测(众数),1
SCHEC-INPUT-V1.0,SX-QC,辅助品控(陕西),PET瓶灌装,0,88,2026-08-21,白班,正常生产运行,0,,主数据集观测(众数),7
SCHEC-INPUT-V1.0,SX-QC,辅助品控(陕西),PET瓶灌装,0,88,2026-08-21,夜班,正常生产运行,0,,主数据集观测(众数),1
SCHEC-INPUT-V1.0,SX-QC,辅助品控(陕西),PET瓶灌装,0,88,2026-08-22,白班,正常生产运行,0,,主数据集观测(众数),1
SCHEC-INPUT-V1.0,SX-QC,辅助品控(陕西),PET瓶灌装,0,88,2026-08-22,夜班,正常生产运行,0,,主数据集观测(众数),1
SCHEC-INPUT-V1.0,SX-QC,辅助品控(陕西),PET瓶灌装,0,88,2026-08-23,白班,正常生产运行,0,,"默认(未观测,按正常生产)",0
SCHEC-INPUT-V1.0,SX-QC,辅助品控(陕西),PET瓶灌装,0,88,2026-08-23,夜班,正常生产运行,0,,"默认(未观测,按正常生产)",0
SCHEC-INPUT-V1.0,SX-QC,辅助品控(陕西),PET瓶灌装,0,88,2026-08-24,白班,正常生产运行,0,,主数据集观测(众数),1
SCHEC-INPUT-V1.0,SX-QC,辅助品控(陕西),PET瓶灌装,0,88,2026-08-24,夜班,正常生产运行,0,,主数据集观测(众数),1
SCHEC-INPUT-V1.0,SX-QC,辅助品控(陕西),PET瓶灌装,0,88,2026-08-25,白班,正常生产运行,0,,主数据集观测(众数),1
SCHEC-INPUT-V1.0,SX-QC,辅助品控(陕西),PET瓶灌装,0,88,2026-08-25,夜班,大修,0,,主数据集观测(众数),1
SCHEC-INPUT-V1.0,SX-QC,辅助品控(陕西),PET瓶灌装,0,88,2026-08-26,白班,正常生产运行,0,,主数据集观测(众数),2
SCHEC-INPUT-V1.0,SX-QC,辅助品控(陕西),PET瓶灌装,0,88,2026-08-26,夜班,正常生产运行,0,,"默认(未观测,按正常生产)",0
SCHEC-INPUT-V1.0,SX-QC,辅助品控(陕西),PET瓶灌装,0,88,2026-08-27,白班,正常生产运行,0,,主数据集观测(众数),6
SCHEC-INPUT-V1.0,SX-QC,辅助品控(陕西),PET瓶灌装,0,88,2026-08-27,夜班,正常生产运行,0,,"默认(未观测,按正常生产)",0
SCHEC-INPUT-V1.0,SX-QC,辅助品控(陕西),PET瓶灌装,0,88,2026-08-28,白班,正常生产运行,0,,主数据集观测(众数),3
SCHEC-INPUT-V1.0,SX-QC,辅助品控(陕西),PET瓶灌装,0,88,2026-08-28,夜班,正常生产运行,0,,主数据集观测(众数),1
SCHEC-INPUT-V1.0,SX-QC,辅助品控(陕西),PET瓶灌装,0,88,2026-08-29,白班,正常生产运行,0,,主数据集观测(众数),3
SCHEC-INPUT-V1.0,SX-QC,辅助品控(陕西),PET瓶灌装,0,88,2026-08-29,夜班,正常生产运行,0,,主数据集观测(众数),1
SCHEC-INPUT-V1.0,SX-QC,辅助品控(陕西),PET瓶灌装,0,88,2026-08-30,白班,正常生产运行,0,,主数据集观测(众数),2
SCHEC-INPUT-V1.0,SX-QC,辅助品控(陕西),PET瓶灌装,0,88,2026-08-30,夜班,正常生产运行,0,,"默认(未观测,按正常生产)",0
SCHEC-INPUT-V1.0,SX-QC,辅助品控(陕西),PET瓶灌装,0,88,2026-08-31,白班,正常生产运行,0,,主数据集观测(众数),2
SCHEC-INPUT-V1.0,SX-QC,辅助品控(陕西),PET瓶灌装,0,88,2026-08-31,夜班,大修,0,,主数据集观测(众数),2
SCHEC-INPUT-V1.0,SX-RB01,KHS线(RB),玻璃瓶（RB）灌装,36000,86,2026-07-01,白班,正常生产运行,0,,主数据集观测(众数),1
SCHEC-INPUT-V1.0,SX-RB01,KHS线(RB),玻璃瓶（RB）灌装,36000,86,2026-07-01,夜班,换型,1,F.5步热清洗消毒,主数据集观测(众数),7
SCHEC-INPUT-V1.0,SX-RB01,KHS线(RB),玻璃瓶（RB）灌装,36000,86,2026-07-02,白班,正常生产运行,0,,"默认(未观测,按正常生产)",0
SCHEC-INPUT-V1.0,SX-RB01,KHS线(RB),玻璃瓶（RB）灌装,36000,86,2026-07-02,夜班,正常生产运行,0,,"默认(未观测,按正常生产)",0
SCHEC-INPUT-V1.0,SX-RB01,KHS线(RB),玻璃瓶（RB）灌装,36000,86,2026-07-03,白班,换型,1,A.3步清洗,主数据集观测(众数),1
SCHEC-INPUT-V1.0,SX-RB01,KHS线(RB),玻璃瓶（RB）灌装,36000,86,2026-07-03,夜班,换型,1,B.4步清洗,主数据集观测(众数),5
SCHEC-INPUT-V1.0,SX-RB01,KHS线(RB),玻璃瓶（RB）灌装,36000,86,2026-07-04,白班,正常生产运行,0,,主数据集观测(众数),2
SCHEC-INPUT-V1.0,SX-RB01,KHS线(RB),玻璃瓶（RB）灌装,36000,86,2026-07-04,夜班,正常生产运行,0,,"默认(未观测,按正常生产)",0
SCHEC-INPUT-V1.0,SX-RB01,KHS线(RB),玻璃瓶（RB）灌装,36000,86,2026-07-05,白班,正常生产运行,0,,主数据集观测(众数),1
SCHEC-INPUT-V1.0,SX-RB01,KHS线(RB),玻璃瓶（RB）灌装,36000,86,2026-07-05,夜班,换型,1,A.3步清洗,主数据集观测(众数),8
SCHEC-INPUT-V1.0,SX-RB01,KHS线(RB),玻璃瓶（RB）灌装,36000,86,2026-07-06,白班,正常生产运行,0,,主数据集观测(众数),1
SCHEC-INPUT-V1.0,SX-RB01,KHS线(RB),玻璃瓶（RB）灌装,36000,86,2026-07-06,夜班,正常生产运行,0,,主数据集观测(众数),8
SCHEC-INPUT-V1.0,SX-RB01,KHS线(RB),玻璃瓶（RB）灌装,36000,86,2026-07-07,白班,正常生产运行,0,,"默认(未观测,按正常生产)",0
SCHEC-INPUT-V1.0,SX-RB01,KHS线(RB),玻璃瓶（RB）灌装,36000,86,2026-07-07,夜班,正常生产运行,0,,"默认(未观测,按正常生产)",0
SCHEC-INPUT-V1.0,SX-RB01,KHS线(RB),玻璃瓶（RB）灌装,36000,86,2026-07-08,白班,正常生产运行,0,,主数据集观测(众数),2
SCHEC-INPUT-V1.0,SX-RB01,KHS线(RB),玻璃瓶（RB）灌装,36000,86,2026-07-08,夜班,正常生产运行,0,,主数据集观测(众数),2
SCHEC-INPUT-V1.0,SX-RB01,KHS线(RB),玻璃瓶（RB）灌装,36000,86,2026-07-09,白班,正常生产运行,0,,主数据集观测(众数),6
SCHEC-INPUT-V1.0,SX-RB01,KHS线(RB),玻璃瓶（RB）灌装,36000,86,2026-07-09,夜班,正常生产运行,0,,主数据集观测(众数),8
SCHEC-INPUT-V1.0,SX-RB01,KHS线(RB),玻璃瓶（RB）灌装,36000,86,2026-07-10,白班,正常生产运行,0,,主数据集观测(众数),7
SCHEC-INPUT-V1.0,SX-RB01,KHS线(RB),玻璃瓶（RB）灌装,36000,86,2026-07-10,夜班,正常生产运行,0,,主数据集观测(众数),1
SCHEC-INPUT-V1.0,SX-RB01,KHS线(RB),玻璃瓶（RB）灌装,36000,86,2026-07-11,白班,正常生产运行,0,,主数据集观测(众数),4
SCHEC-INPUT-V1.0,SX-RB01,KHS线(RB),玻璃瓶（RB）灌装,36000,86,2026-07-11,夜班,正常生产运行,0,,主数据集观测(众数),4
SCHEC-INPUT-V1.0,SX-RB01,KHS线(RB),玻璃瓶（RB）灌装,36000,86,2026-07-12,白班,正常生产运行,0,,主数据集观测(众数),2
SCHEC-INPUT-V1.0,SX-RB01,KHS线(RB),玻璃瓶（RB）灌装,36000,86,2026-07-12,夜班,正常生产运行,0,,主数据集观测(众数),3
SCHEC-INPUT-V1.0,SX-RB01,KHS线(RB),玻璃瓶（RB）灌装,36000,86,2026-07-13,白班,正常生产运行,0,,主数据集观测(众数),5
SCHEC-INPUT-V1.0,SX-RB01,KHS线(RB),玻璃瓶（RB）灌装,36000,86,2026-07-13,夜班,正常生产运行,0,,主数据集观测(众数),5
SCHEC-INPUT-V1.0,SX-RB01,KHS线(RB),玻璃瓶（RB）灌装,36000,86,2026-07-14,白班,正常生产运行,0,,主数据集观测(众数),1
SCHEC-INPUT-V1.0,SX-RB01,KHS线(RB),玻璃瓶（RB）灌装,36000,86,2026-07-14,夜班,正常生产运行,0,,"默认(未观测,按正常生产)",0
SCHEC-INPUT-V1.0,SX-RB01,KHS线(RB),玻璃瓶（RB）灌装,36000,86,2026-07-15,白班,正常生产运行,0,,主数据集观测(众数),19
SCHEC-INPUT-V1.0,SX-RB01,KHS线(RB),玻璃瓶（RB）灌装,36000,86,2026-07-15,夜班,正常生产运行,0,,"默认(未观测,按正常生产)",0
SCHEC-INPUT-V1.0,SX-RB01,KHS线(RB),玻璃瓶（RB）灌装,36000,86,2026-07-16,白班,正常生产运行,0,,主数据集观测(众数),7
SCHEC-INPUT-V1.0,SX-RB01,KHS线(RB),玻璃瓶（RB）灌装,36000,86,2026-07-16,夜班,正常生产运行,0,,主数据集观测(众数),3
SCHEC-INPUT-V1.0,SX-RB01,KHS线(RB),玻璃瓶（RB）灌装,36000,86,2026-07-17,白班,正常生产运行,0,,主数据集观测(众数),1
SCHEC-INPUT-V1.0,SX-RB01,KHS线(RB),玻璃瓶（RB）灌装,36000,86,2026-07-17,夜班,正常生产运行,0,,"默认(未观测,按正常生产)",0
SCHEC-INPUT-V1.0,SX-RB01,KHS线(RB),玻璃瓶（RB）灌装,36000,86,2026-07-18,白班,正常生产运行,0,,"默认(未观测,按正常生产)",0
SCHEC-INPUT-V1.0,SX-RB01,KHS线(RB),玻璃瓶（RB）灌装,36000,86,2026-07-18,夜班,正常生产运行,0,,"默认(未观测,按正常生产)",0
SCHEC-INPUT-V1.0,SX-RB01,KHS线(RB),玻璃瓶（RB）灌装,36000,86,2026-07-19,白班,正常生产运行,1,B.4步清洗,主数据集观测(众数),3
SCHEC-INPUT-V1.0,SX-RB01,KHS线(RB),玻璃瓶（RB）灌装,36000,86,2026-07-19,夜班,换型,1,B.4步清洗,主数据集观测(众数),1
SCHEC-INPUT-V1.0,SX-RB01,KHS线(RB),玻璃瓶（RB）灌装,36000,86,2026-07-20,白班,正常生产运行,0,,主数据集观测(众数),1
SCHEC-INPUT-V1.0,SX-RB01,KHS线(RB),玻璃瓶（RB）灌装,36000,86,2026-07-20,夜班,正常生产运行,0,,主数据集观测(众数),1
SCHEC-INPUT-V1.0,SX-RB01,KHS线(RB),玻璃瓶（RB）灌装,36000,86,2026-07-21,白班,正常生产运行,0,,主数据集观测(众数),1
SCHEC-INPUT-V1.0,SX-RB01,KHS线(RB),玻璃瓶（RB）灌装,36000,86,2026-07-21,夜班,正常生产运行,0,,主数据集观测(众数),1
SCHEC-INPUT-V1.0,SX-RB01,KHS线(RB),玻璃瓶（RB）灌装,36000,86,2026-07-22,白班,正常生产运行,0,,主数据集观测(众数),1
SCHEC-INPUT-V1.0,SX-RB01,KHS线(RB),玻璃瓶（RB）灌装,36000,86,2026-07-22,夜班,正常生产运行,0,,主数据集观测(众数),6
SCHEC-INPUT-V1.0,SX-RB01,KHS线(RB),玻璃瓶（RB）灌装,36000,86,2026-07-23,白班,正常生产运行,0,,主数据集观测(众数),5
SCHEC-INPUT-V1.0,SX-RB01,KHS线(RB),玻璃瓶（RB）灌装,36000,86,2026-07-23,夜班,正常生产运行,0,,主数据集观测(众数),1
SCHEC-INPUT-V1.0,SX-RB01,KHS线(RB),玻璃瓶（RB）灌装,36000,86,2026-07-24,白班,正常生产运行,0,,主数据集观测(众数),1
SCHEC-INPUT-V1.0,SX-RB01,KHS线(RB),玻璃瓶（RB）灌装,36000,86,2026-07-24,夜班,正常生产运行,0,,主数据集观测(众数),1
SCHEC-INPUT-V1.0,SX-RB01,KHS线(RB),玻璃瓶（RB）灌装,36000,86,2026-07-25,白班,正常生产运行,0,,"默认(未观测,按正常生产)",0
SCHEC-INPUT-V1.0,SX-RB01,KHS线(RB),玻璃瓶（RB）灌装,36000,86,2026-07-25,夜班,正常生产运行,0,,主数据集观测(众数),1
SCHEC-INPUT-V1.0,SX-RB01,KHS线(RB),玻璃瓶（RB）灌装,36000,86,2026-07-26,白班,正常生产运行,0,,"默认(未观测,按正常生产)",0
SCHEC-INPUT-V1.0,SX-RB01,KHS线(RB),玻璃瓶（RB）灌装,36000,86,2026-07-26,夜班,换型,1,C.碱洗,主数据集观测(众数),6
SCHEC-INPUT-V1.0,SX-RB01,KHS线(RB),玻璃瓶（RB）灌装,36000,86,2026-07-27,白班,正常生产运行,0,,主数据集观测(众数),1
SCHEC-INPUT-V1.0,SX-RB01,KHS线(RB),玻璃瓶（RB）灌装,36000,86,2026-07-27,夜班,正常生产运行,0,,主数据集观测(众数),3
SCHEC-INPUT-V1.0,SX-RB01,KHS线(RB),玻璃瓶（RB）灌装,36000,86,2026-07-28,白班,正常生产运行,0,,主数据集观测(众数),7
SCHEC-INPUT-V1.0,SX-RB01,KHS线(RB),玻璃瓶（RB）灌装,36000,86,2026-07-28,夜班,正常生产运行,0,,主数据集观测(众数),1
SCHEC-INPUT-V1.0,SX-RB01,KHS线(RB),玻璃瓶（RB）灌装,36000,86,2026-07-29,白班,正常生产运行,0,,主数据集观测(众数),9
SCHEC-INPUT-V1.0,SX-RB01,KHS线(RB),玻璃瓶（RB）灌装,36000,86,2026-07-29,夜班,正常生产运行,0,,主数据集观测(众数),4
SCHEC-INPUT-V1.0,SX-RB01,KHS线(RB),玻璃瓶（RB）灌装,36000,86,2026-07-30,白班,正常生产运行,0,,主数据集观测(众数),1
SCHEC-INPUT-V1.0,SX-RB01,KHS线(RB),玻璃瓶（RB）灌装,36000,86,2026-07-30,夜班,正常生产运行,0,,主数据集观测(众数),4
SCHEC-INPUT-V1.0,SX-RB01,KHS线(RB),玻璃瓶（RB）灌装,36000,86,2026-07-31,白班,正常生产运行,0,,主数据集观测(众数),2
SCHEC-INPUT-V1.0,SX-RB01,KHS线(RB),玻璃瓶（RB）灌装,36000,86,2026-07-31,夜班,正常生产运行,0,,主数据集观测(众数),2
SCHEC-INPUT-V1.0,SX-RB01,KHS线(RB),玻璃瓶（RB）灌装,36000,86,2026-08-01,白班,正常生产运行,0,,主数据集观测(众数),4
SCHEC-INPUT-V1.0,SX-RB01,KHS线(RB),玻璃瓶（RB）灌装,36000,86,2026-08-01,夜班,正常生产运行,0,,主数据集观测(众数),2
SCHEC-INPUT-V1.0,SX-RB01,KHS线(RB),玻璃瓶（RB）灌装,36000,86,2026-08-02,白班,正常生产运行,0,,"默认(未观测,按正常生产)",0
SCHEC-INPUT-V1.0,SX-RB01,KHS线(RB),玻璃瓶（RB）灌装,36000,86,2026-08-02,夜班,正常生产运行,0,,主数据集观测(众数),1
SCHEC-INPUT-V1.0,SX-RB01,KHS线(RB),玻璃瓶（RB）灌装,36000,86,2026-08-03,白班,正常生产运行,0,,主数据集观测(众数),1
SCHEC-INPUT-V1.0,SX-RB01,KHS线(RB),玻璃瓶（RB）灌装,36000,86,2026-08-03,夜班,正常生产运行,0,,主数据集观测(众数),2
SCHEC-INPUT-V1.0,SX-RB01,KHS线(RB),玻璃瓶（RB）灌装,36000,86,2026-08-04,白班,正常生产运行,0,,主数据集观测(众数),1
SCHEC-INPUT-V1.0,SX-RB01,KHS线(RB),玻璃瓶（RB）灌装,36000,86,2026-08-04,夜班,正常生产运行,1,F.5步热清洗消毒,主数据集观测(众数),2
SCHEC-INPUT-V1.0,SX-RB01,KHS线(RB),玻璃瓶（RB）灌装,36000,86,2026-08-05,白班,正常生产运行,0,,主数据集观测(众数),3
SCHEC-INPUT-V1.0,SX-RB01,KHS线(RB),玻璃瓶（RB）灌装,36000,86,2026-08-05,夜班,正常生产运行,0,,主数据集观测(众数),1
SCHEC-INPUT-V1.0,SX-RB01,KHS线(RB),玻璃瓶（RB）灌装,36000,86,2026-08-06,白班,正常生产运行,0,,主数据集观测(众数),2
SCHEC-INPUT-V1.0,SX-RB01,KHS线(RB),玻璃瓶（RB）灌装,36000,86,2026-08-06,夜班,正常生产运行,0,,主数据集观测(众数),3
SCHEC-INPUT-V1.0,SX-RB01,KHS线(RB),玻璃瓶（RB）灌装,36000,86,2026-08-07,白班,正常生产运行,0,,主数据集观测(众数),3
SCHEC-INPUT-V1.0,SX-RB01,KHS线(RB),玻璃瓶（RB）灌装,36000,86,2026-08-07,夜班,正常生产运行,0,,主数据集观测(众数),3
SCHEC-INPUT-V1.0,SX-RB01,KHS线(RB),玻璃瓶（RB）灌装,36000,86,2026-08-08,白班,正常生产运行,0,,主数据集观测(众数),5
SCHEC-INPUT-V1.0,SX-RB01,KHS线(RB),玻璃瓶（RB）灌装,36000,86,2026-08-08,夜班,正常生产运行,0,,主数据集观测(众数),1
SCHEC-INPUT-V1.0,SX-RB01,KHS线(RB),玻璃瓶（RB）灌装,36000,86,2026-08-09,白班,正常生产运行,0,,主数据集观测(众数),1
SCHEC-INPUT-V1.0,SX-RB01,KHS线(RB),玻璃瓶（RB）灌装,36000,86,2026-08-09,夜班,换型,1,F.5步热清洗消毒,主数据集观测(众数),2
SCHEC-INPUT-V1.0,SX-RB01,KHS线(RB),玻璃瓶（RB）灌装,36000,86,2026-08-10,白班,正常生产运行,0,,主数据集观测(众数),2
SCHEC-INPUT-V1.0,SX-RB01,KHS线(RB),玻璃瓶（RB）灌装,36000,86,2026-08-10,夜班,正常生产运行,0,,主数据集观测(众数),1
SCHEC-INPUT-V1.0,SX-RB01,KHS线(RB),玻璃瓶（RB）灌装,36000,86,2026-08-11,白班,正常生产运行,0,,"默认(未观测,按正常生产)",0
SCHEC-INPUT-V1.0,SX-RB01,KHS线(RB),玻璃瓶（RB）灌装,36000,86,2026-08-11,夜班,正常生产运行,0,,主数据集观测(众数),10
SCHEC-INPUT-V1.0,SX-RB01,KHS线(RB),玻璃瓶（RB）灌装,36000,86,2026-08-12,白班,正常生产运行,0,,主数据集观测(众数),4
SCHEC-INPUT-V1.0,SX-RB01,KHS线(RB),玻璃瓶（RB）灌装,36000,86,2026-08-12,夜班,正常生产运行,0,,"默认(未观测,按正常生产)",0
SCHEC-INPUT-V1.0,SX-RB01,KHS线(RB),玻璃瓶（RB）灌装,36000,86,2026-08-13,白班,正常生产运行,0,,主数据集观测(众数),5
SCHEC-INPUT-V1.0,SX-RB01,KHS线(RB),玻璃瓶（RB）灌装,36000,86,2026-08-13,夜班,正常生产运行,0,,主数据集观测(众数),4
SCHEC-INPUT-V1.0,SX-RB01,KHS线(RB),玻璃瓶（RB）灌装,36000,86,2026-08-14,白班,正常生产运行,0,,"默认(未观测,按正常生产)",0
SCHEC-INPUT-V1.0,SX-RB01,KHS线(RB),玻璃瓶（RB）灌装,36000,86,2026-08-14,夜班,正常生产运行,0,,主数据集观测(众数),1
SCHEC-INPUT-V1.0,SX-RB01,KHS线(RB),玻璃瓶（RB）灌装,36000,86,2026-08-15,白班,正常生产运行,0,,主数据集观测(众数),19
SCHEC-INPUT-V1.0,SX-RB01,KHS线(RB),玻璃瓶（RB）灌装,36000,86,2026-08-15,夜班,正常生产运行,0,,主数据集观测(众数),1
SCHEC-INPUT-V1.0,SX-RB01,KHS线(RB),玻璃瓶（RB）灌装,36000,86,2026-08-16,白班,正常生产运行,0,,主数据集观测(众数),1
SCHEC-INPUT-V1.0,SX-RB01,KHS线(RB),玻璃瓶（RB）灌装,36000,86,2026-08-16,夜班,正常生产运行,0,,主数据集观测(众数),1
SCHEC-INPUT-V1.0,SX-RB01,KHS线(RB),玻璃瓶（RB）灌装,36000,86,2026-08-17,白班,正常生产运行,0,,主数据集观测(众数),2
SCHEC-INPUT-V1.0,SX-RB01,KHS线(RB),玻璃瓶（RB）灌装,36000,86,2026-08-17,夜班,正常生产运行,0,,主数据集观测(众数),7
SCHEC-INPUT-V1.0,SX-RB01,KHS线(RB),玻璃瓶（RB）灌装,36000,86,2026-08-18,白班,正常生产运行,0,,主数据集观测(众数),1
SCHEC-INPUT-V1.0,SX-RB01,KHS线(RB),玻璃瓶（RB）灌装,36000,86,2026-08-18,夜班,正常生产运行,0,,"默认(未观测,按正常生产)",0
SCHEC-INPUT-V1.0,SX-RB01,KHS线(RB),玻璃瓶（RB）灌装,36000,86,2026-08-19,白班,正常生产运行,0,,"默认(未观测,按正常生产)",0
SCHEC-INPUT-V1.0,SX-RB01,KHS线(RB),玻璃瓶（RB）灌装,36000,86,2026-08-19,夜班,正常生产运行,0,,"默认(未观测,按正常生产)",0
SCHEC-INPUT-V1.0,SX-RB01,KHS线(RB),玻璃瓶（RB）灌装,36000,86,2026-08-20,白班,正常生产运行,0,,主数据集观测(众数),1
SCHEC-INPUT-V1.0,SX-RB01,KHS线(RB),玻璃瓶（RB）灌装,36000,86,2026-08-20,夜班,换型,1,F.5步热清洗消毒,主数据集观测(众数),4
SCHEC-INPUT-V1.0,SX-RB01,KHS线(RB),玻璃瓶（RB）灌装,36000,86,2026-08-21,白班,正常生产运行,0,,主数据集观测(众数),3
SCHEC-INPUT-V1.0,SX-RB01,KHS线(RB),玻璃瓶（RB）灌装,36000,86,2026-08-21,夜班,正常生产运行,0,,主数据集观测(众数),1
SCHEC-INPUT-V1.0,SX-RB01,KHS线(RB),玻璃瓶（RB）灌装,36000,86,2026-08-22,白班,正常生产运行,0,,主数据集观测(众数),1
SCHEC-INPUT-V1.0,SX-RB01,KHS线(RB),玻璃瓶（RB）灌装,36000,86,2026-08-22,夜班,换型,1,F.5步热清洗消毒,主数据集观测(众数),1
SCHEC-INPUT-V1.0,SX-RB01,KHS线(RB),玻璃瓶（RB）灌装,36000,86,2026-08-23,白班,正常生产运行,0,,主数据集观测(众数),2
SCHEC-INPUT-V1.0,SX-RB01,KHS线(RB),玻璃瓶（RB）灌装,36000,86,2026-08-23,夜班,换型,1,C.碱洗,主数据集观测(众数),1
SCHEC-INPUT-V1.0,SX-RB01,KHS线(RB),玻璃瓶（RB）灌装,36000,86,2026-08-24,白班,正常生产运行,0,,主数据集观测(众数),1
SCHEC-INPUT-V1.0,SX-RB01,KHS线(RB),玻璃瓶（RB）灌装,36000,86,2026-08-24,夜班,换型,1,B.4步清洗,主数据集观测(众数),5
SCHEC-INPUT-V1.0,SX-RB01,KHS线(RB),玻璃瓶（RB）灌装,36000,86,2026-08-25,白班,正常生产运行,0,,主数据集观测(众数),3
SCHEC-INPUT-V1.0,SX-RB01,KHS线(RB),玻璃瓶（RB）灌装,36000,86,2026-08-25,夜班,正常生产运行,0,,主数据集观测(众数),2
SCHEC-INPUT-V1.0,SX-RB01,KHS线(RB),玻璃瓶（RB）灌装,36000,86,2026-08-26,白班,正常生产运行,0,,主数据集观测(众数),5
SCHEC-INPUT-V1.0,SX-RB01,KHS线(RB),玻璃瓶（RB）灌装,36000,86,2026-08-26,夜班,正常生产运行,0,,"默认(未观测,按正常生产)",0
SCHEC-INPUT-V1.0,SX-RB01,KHS线(RB),玻璃瓶（RB）灌装,36000,86,2026-08-27,白班,正常生产运行,0,,主数据集观测(众数),3
SCHEC-INPUT-V1.0,SX-RB01,KHS线(RB),玻璃瓶（RB）灌装,36000,86,2026-08-27,夜班,正常生产运行,0,,主数据集观测(众数),2
SCHEC-INPUT-V1.0,SX-RB01,KHS线(RB),玻璃瓶（RB）灌装,36000,86,2026-08-28,白班,正常生产运行,0,,"默认(未观测,按正常生产)",0
SCHEC-INPUT-V1.0,SX-RB01,KHS线(RB),玻璃瓶（RB）灌装,36000,86,2026-08-28,夜班,正常生产运行,0,,"默认(未观测,按正常生产)",0
SCHEC-INPUT-V1.0,SX-RB01,KHS线(RB),玻璃瓶（RB）灌装,36000,86,2026-08-29,白班,正常生产运行,0,,主数据集观测(众数),4
SCHEC-INPUT-V1.0,SX-RB01,KHS线(RB),玻璃瓶（RB）灌装,36000,86,2026-08-29,夜班,正常生产运行,0,C.碱洗,主数据集观测(众数),4
SCHEC-INPUT-V1.0,SX-RB01,KHS线(RB),玻璃瓶（RB）灌装,36000,86,2026-08-30,白班,正常生产运行,0,,主数据集观测(众数),9
SCHEC-INPUT-V1.0,SX-RB01,KHS线(RB),玻璃瓶（RB）灌装,36000,86,2026-08-30,夜班,正常生产运行,0,,主数据集观测(众数),1
SCHEC-INPUT-V1.0,SX-RB01,KHS线(RB),玻璃瓶（RB）灌装,36000,86,2026-08-31,白班,正常生产运行,0,,主数据集观测(众数),1
SCHEC-INPUT-V1.0,SX-RB01,KHS线(RB),玻璃瓶（RB）灌装,36000,86,2026-08-31,夜班,正常生产运行,0,,主数据集观测(众数),2
SCHEC-INPUT-V1.0,SX-SYRUP,糖浆间,现调糖浆BIB灌装,8000,88,2026-07-01,白班,正常生产运行,0,,主数据集观测(众数),3
SCHEC-INPUT-V1.0,SX-SYRUP,糖浆间,现调糖浆BIB灌装,8000,88,2026-07-01,夜班,正常生产运行,0,,主数据集观测(众数),1
SCHEC-INPUT-V1.0,SX-SYRUP,糖浆间,现调糖浆BIB灌装,8000,88,2026-07-02,白班,正常生产运行,0,,主数据集观测(众数),2
SCHEC-INPUT-V1.0,SX-SYRUP,糖浆间,现调糖浆BIB灌装,8000,88,2026-07-02,夜班,正常生产运行,0,,"默认(未观测,按正常生产)",0
SCHEC-INPUT-V1.0,SX-SYRUP,糖浆间,现调糖浆BIB灌装,8000,88,2026-07-03,白班,正常生产运行,0,,主数据集观测(众数),1
SCHEC-INPUT-V1.0,SX-SYRUP,糖浆间,现调糖浆BIB灌装,8000,88,2026-07-03,夜班,正常生产运行,0,,"默认(未观测,按正常生产)",0
SCHEC-INPUT-V1.0,SX-SYRUP,糖浆间,现调糖浆BIB灌装,8000,88,2026-07-04,白班,正常生产运行,0,,主数据集观测(众数),5
SCHEC-INPUT-V1.0,SX-SYRUP,糖浆间,现调糖浆BIB灌装,8000,88,2026-07-04,夜班,正常生产运行,0,,主数据集观测(众数),1
SCHEC-INPUT-V1.0,SX-SYRUP,糖浆间,现调糖浆BIB灌装,8000,88,2026-07-05,白班,正常生产运行,0,,主数据集观测(众数),1
SCHEC-INPUT-V1.0,SX-SYRUP,糖浆间,现调糖浆BIB灌装,8000,88,2026-07-05,夜班,正常生产运行,0,F.5步热清洗消毒,主数据集观测(众数),1
SCHEC-INPUT-V1.0,SX-SYRUP,糖浆间,现调糖浆BIB灌装,8000,88,2026-07-06,白班,正常生产运行,0,,主数据集观测(众数),1
SCHEC-INPUT-V1.0,SX-SYRUP,糖浆间,现调糖浆BIB灌装,8000,88,2026-07-06,夜班,正常生产运行,0,,"默认(未观测,按正常生产)",0
SCHEC-INPUT-V1.0,SX-SYRUP,糖浆间,现调糖浆BIB灌装,8000,88,2026-07-07,白班,正常生产运行,0,,主数据集观测(众数),1
SCHEC-INPUT-V1.0,SX-SYRUP,糖浆间,现调糖浆BIB灌装,8000,88,2026-07-07,夜班,正常生产运行,0,B.4步清洗,主数据集观测(众数),4
SCHEC-INPUT-V1.0,SX-SYRUP,糖浆间,现调糖浆BIB灌装,8000,88,2026-07-08,白班,正常生产运行,0,,"默认(未观测,按正常生产)",0
SCHEC-INPUT-V1.0,SX-SYRUP,糖浆间,现调糖浆BIB灌装,8000,88,2026-07-08,夜班,正常生产运行,0,,"默认(未观测,按正常生产)",0
SCHEC-INPUT-V1.0,SX-SYRUP,糖浆间,现调糖浆BIB灌装,8000,88,2026-07-09,白班,正常生产运行,0,,"默认(未观测,按正常生产)",0
SCHEC-INPUT-V1.0,SX-SYRUP,糖浆间,现调糖浆BIB灌装,8000,88,2026-07-09,夜班,正常生产运行,0,,主数据集观测(众数),1
SCHEC-INPUT-V1.0,SX-SYRUP,糖浆间,现调糖浆BIB灌装,8000,88,2026-07-10,白班,正常生产运行,0,,主数据集观测(众数),1
SCHEC-INPUT-V1.0,SX-SYRUP,糖浆间,现调糖浆BIB灌装,8000,88,2026-07-10,夜班,正常生产运行,0,,主数据集观测(众数),3
SCHEC-INPUT-V1.0,SX-SYRUP,糖浆间,现调糖浆BIB灌装,8000,88,2026-07-11,白班,正常生产运行,0,,"默认(未观测,按正常生产)",0
SCHEC-INPUT-V1.0,SX-SYRUP,糖浆间,现调糖浆BIB灌装,8000,88,2026-07-11,夜班,正常生产运行,0,,"默认(未观测,按正常生产)",0
SCHEC-INPUT-V1.0,SX-SYRUP,糖浆间,现调糖浆BIB灌装,8000,88,2026-07-12,白班,正常生产运行,0,,"默认(未观测,按正常生产)",0
SCHEC-INPUT-V1.0,SX-SYRUP,糖浆间,现调糖浆BIB灌装,8000,88,2026-07-12,夜班,正常生产运行,0,,主数据集观测(众数),5
SCHEC-INPUT-V1.0,SX-SYRUP,糖浆间,现调糖浆BIB灌装,8000,88,2026-07-13,白班,正常生产运行,0,,"默认(未观测,按正常生产)",0
SCHEC-INPUT-V1.0,SX-SYRUP,糖浆间,现调糖浆BIB灌装,8000,88,2026-07-13,夜班,正常生产运行,0,,"默认(未观测,按正常生产)",0
SCHEC-INPUT-V1.0,SX-SYRUP,糖浆间,现调糖浆BIB灌装,8000,88,2026-07-14,白班,正常生产运行,0,,主数据集观测(众数),1
SCHEC-INPUT-V1.0,SX-SYRUP,糖浆间,现调糖浆BIB灌装,8000,88,2026-07-14,夜班,正常生产运行,0,,"默认(未观测,按正常生产)",0
SCHEC-INPUT-V1.0,SX-SYRUP,糖浆间,现调糖浆BIB灌装,8000,88,2026-07-15,白班,正常生产运行,0,,主数据集观测(众数),3
SCHEC-INPUT-V1.0,SX-SYRUP,糖浆间,现调糖浆BIB灌装,8000,88,2026-07-15,夜班,正常生产运行,0,C.碱洗,主数据集观测(众数),3
SCHEC-INPUT-V1.0,SX-SYRUP,糖浆间,现调糖浆BIB灌装,8000,88,2026-07-16,白班,正常生产运行,0,,"默认(未观测,按正常生产)",0
SCHEC-INPUT-V1.0,SX-SYRUP,糖浆间,现调糖浆BIB灌装,8000,88,2026-07-16,夜班,正常生产运行,0,F.5步热清洗消毒,主数据集观测(众数),3
SCHEC-INPUT-V1.0,SX-SYRUP,糖浆间,现调糖浆BIB灌装,8000,88,2026-07-17,白班,正常生产运行,0,,"默认(未观测,按正常生产)",0
SCHEC-INPUT-V1.0,SX-SYRUP,糖浆间,现调糖浆BIB灌装,8000,88,2026-07-17,夜班,正常生产运行,0,,主数据集观测(众数),1
SCHEC-INPUT-V1.0,SX-SYRUP,糖浆间,现调糖浆BIB灌装,8000,88,2026-07-18,白班,正常生产运行,0,,"默认(未观测,按正常生产)",0
SCHEC-INPUT-V1.0,SX-SYRUP,糖浆间,现调糖浆BIB灌装,8000,88,2026-07-18,夜班,正常生产运行,0,,"默认(未观测,按正常生产)",0
SCHEC-INPUT-V1.0,SX-SYRUP,糖浆间,现调糖浆BIB灌装,8000,88,2026-07-19,白班,正常生产运行,0,,"默认(未观测,按正常生产)",0
SCHEC-INPUT-V1.0,SX-SYRUP,糖浆间,现调糖浆BIB灌装,8000,88,2026-07-19,夜班,正常生产运行,0,,"默认(未观测,按正常生产)",0
SCHEC-INPUT-V1.0,SX-SYRUP,糖浆间,现调糖浆BIB灌装,8000,88,2026-07-20,白班,正常生产运行,0,,主数据集观测(众数),1
SCHEC-INPUT-V1.0,SX-SYRUP,糖浆间,现调糖浆BIB灌装,8000,88,2026-07-20,夜班,正常生产运行,0,,"默认(未观测,按正常生产)",0
SCHEC-INPUT-V1.0,SX-SYRUP,糖浆间,现调糖浆BIB灌装,8000,88,2026-07-21,白班,正常生产运行,0,,主数据集观测(众数),2
SCHEC-INPUT-V1.0,SX-SYRUP,糖浆间,现调糖浆BIB灌装,8000,88,2026-07-21,夜班,正常生产运行,0,,主数据集观测(众数),1
SCHEC-INPUT-V1.0,SX-SYRUP,糖浆间,现调糖浆BIB灌装,8000,88,2026-07-22,白班,正常生产运行,0,,主数据集观测(众数),4
SCHEC-INPUT-V1.0,SX-SYRUP,糖浆间,现调糖浆BIB灌装,8000,88,2026-07-22,夜班,正常生产运行,0,,"默认(未观测,按正常生产)",0
SCHEC-INPUT-V1.0,SX-SYRUP,糖浆间,现调糖浆BIB灌装,8000,88,2026-07-23,白班,正常生产运行,0,,主数据集观测(众数),1
SCHEC-INPUT-V1.0,SX-SYRUP,糖浆间,现调糖浆BIB灌装,8000,88,2026-07-23,夜班,正常生产运行,0,,"默认(未观测,按正常生产)",0
SCHEC-INPUT-V1.0,SX-SYRUP,糖浆间,现调糖浆BIB灌装,8000,88,2026-07-24,白班,正常生产运行,0,,"默认(未观测,按正常生产)",0
SCHEC-INPUT-V1.0,SX-SYRUP,糖浆间,现调糖浆BIB灌装,8000,88,2026-07-24,夜班,正常生产运行,0,,"默认(未观测,按正常生产)",0
SCHEC-INPUT-V1.0,SX-SYRUP,糖浆间,现调糖浆BIB灌装,8000,88,2026-07-25,白班,正常生产运行,0,,主数据集观测(众数),3
SCHEC-INPUT-V1.0,SX-SYRUP,糖浆间,现调糖浆BIB灌装,8000,88,2026-07-25,夜班,正常生产运行,0,,主数据集观测(众数),1
SCHEC-INPUT-V1.0,SX-SYRUP,糖浆间,现调糖浆BIB灌装,8000,88,2026-07-26,白班,正常生产运行,0,,"默认(未观测,按正常生产)",0
SCHEC-INPUT-V1.0,SX-SYRUP,糖浆间,现调糖浆BIB灌装,8000,88,2026-07-26,夜班,正常生产运行,0,,主数据集观测(众数),1
SCHEC-INPUT-V1.0,SX-SYRUP,糖浆间,现调糖浆BIB灌装,8000,88,2026-07-27,白班,正常生产运行,0,,"默认(未观测,按正常生产)",0
SCHEC-INPUT-V1.0,SX-SYRUP,糖浆间,现调糖浆BIB灌装,8000,88,2026-07-27,夜班,正常生产运行,0,,主数据集观测(众数),1
SCHEC-INPUT-V1.0,SX-SYRUP,糖浆间,现调糖浆BIB灌装,8000,88,2026-07-28,白班,正常生产运行,0,,主数据集观测(众数),1
SCHEC-INPUT-V1.0,SX-SYRUP,糖浆间,现调糖浆BIB灌装,8000,88,2026-07-28,夜班,正常生产运行,0,,主数据集观测(众数),1
SCHEC-INPUT-V1.0,SX-SYRUP,糖浆间,现调糖浆BIB灌装,8000,88,2026-07-29,白班,正常生产运行,0,,主数据集观测(众数),3
SCHEC-INPUT-V1.0,SX-SYRUP,糖浆间,现调糖浆BIB灌装,8000,88,2026-07-29,夜班,正常生产运行,0,,主数据集观测(众数),1
SCHEC-INPUT-V1.0,SX-SYRUP,糖浆间,现调糖浆BIB灌装,8000,88,2026-07-30,白班,正常生产运行,0,,主数据集观测(众数),2
SCHEC-INPUT-V1.0,SX-SYRUP,糖浆间,现调糖浆BIB灌装,8000,88,2026-07-30,夜班,正常生产运行,0,,"默认(未观测,按正常生产)",0
SCHEC-INPUT-V1.0,SX-SYRUP,糖浆间,现调糖浆BIB灌装,8000,88,2026-07-31,白班,正常生产运行,0,,主数据集观测(众数),4
SCHEC-INPUT-V1.0,SX-SYRUP,糖浆间,现调糖浆BIB灌装,8000,88,2026-07-31,夜班,正常生产运行,0,,"默认(未观测,按正常生产)",0
SCHEC-INPUT-V1.0,SX-SYRUP,糖浆间,现调糖浆BIB灌装,8000,88,2026-08-01,白班,正常生产运行,0,,主数据集观测(众数),1
SCHEC-INPUT-V1.0,SX-SYRUP,糖浆间,现调糖浆BIB灌装,8000,88,2026-08-01,夜班,正常生产运行,0,,主数据集观测(众数),1
SCHEC-INPUT-V1.0,SX-SYRUP,糖浆间,现调糖浆BIB灌装,8000,88,2026-08-02,白班,正常生产运行,0,,"默认(未观测,按正常生产)",0
SCHEC-INPUT-V1.0,SX-SYRUP,糖浆间,现调糖浆BIB灌装,8000,88,2026-08-02,夜班,正常生产运行,0,,主数据集观测(众数),2
SCHEC-INPUT-V1.0,SX-SYRUP,糖浆间,现调糖浆BIB灌装,8000,88,2026-08-03,白班,正常生产运行,0,,"默认(未观测,按正常生产)",0
SCHEC-INPUT-V1.0,SX-SYRUP,糖浆间,现调糖浆BIB灌装,8000,88,2026-08-03,夜班,正常生产运行,0,,"默认(未观测,按正常生产)",0
SCHEC-INPUT-V1.0,SX-SYRUP,糖浆间,现调糖浆BIB灌装,8000,88,2026-08-04,白班,正常生产运行,0,,"默认(未观测,按正常生产)",0
SCHEC-INPUT-V1.0,SX-SYRUP,糖浆间,现调糖浆BIB灌装,8000,88,2026-08-04,夜班,正常生产运行,0,,主数据集观测(众数),1
SCHEC-INPUT-V1.0,SX-SYRUP,糖浆间,现调糖浆BIB灌装,8000,88,2026-08-05,白班,正常生产运行,0,,"默认(未观测,按正常生产)",0
SCHEC-INPUT-V1.0,SX-SYRUP,糖浆间,现调糖浆BIB灌装,8000,88,2026-08-05,夜班,正常生产运行,0,,主数据集观测(众数),1
SCHEC-INPUT-V1.0,SX-SYRUP,糖浆间,现调糖浆BIB灌装,8000,88,2026-08-06,白班,正常生产运行,0,,主数据集观测(众数),1
SCHEC-INPUT-V1.0,SX-SYRUP,糖浆间,现调糖浆BIB灌装,8000,88,2026-08-06,夜班,正常生产运行,0,,"默认(未观测,按正常生产)",0
SCHEC-INPUT-V1.0,SX-SYRUP,糖浆间,现调糖浆BIB灌装,8000,88,2026-08-07,白班,正常生产运行,0,,主数据集观测(众数),1
SCHEC-INPUT-V1.0,SX-SYRUP,糖浆间,现调糖浆BIB灌装,8000,88,2026-08-07,夜班,正常生产运行,0,,"默认(未观测,按正常生产)",0
SCHEC-INPUT-V1.0,SX-SYRUP,糖浆间,现调糖浆BIB灌装,8000,88,2026-08-08,白班,正常生产运行,0,,主数据集观测(众数),1
SCHEC-INPUT-V1.0,SX-SYRUP,糖浆间,现调糖浆BIB灌装,8000,88,2026-08-08,夜班,正常生产运行,0,,"默认(未观测,按正常生产)",0
SCHEC-INPUT-V1.0,SX-SYRUP,糖浆间,现调糖浆BIB灌装,8000,88,2026-08-09,白班,正常生产运行,0,,"默认(未观测,按正常生产)",0
SCHEC-INPUT-V1.0,SX-SYRUP,糖浆间,现调糖浆BIB灌装,8000,88,2026-08-09,夜班,正常生产运行,0,,主数据集观测(众数),1
SCHEC-INPUT-V1.0,SX-SYRUP,糖浆间,现调糖浆BIB灌装,8000,88,2026-08-10,白班,正常生产运行,0,,主数据集观测(众数),1
SCHEC-INPUT-V1.0,SX-SYRUP,糖浆间,现调糖浆BIB灌装,8000,88,2026-08-10,夜班,正常生产运行,0,F.5步热清洗消毒,主数据集观测(众数),3
SCHEC-INPUT-V1.0,SX-SYRUP,糖浆间,现调糖浆BIB灌装,8000,88,2026-08-11,白班,正常生产运行,0,,主数据集观测(众数),1
SCHEC-INPUT-V1.0,SX-SYRUP,糖浆间,现调糖浆BIB灌装,8000,88,2026-08-11,夜班,换型,1,B.4步清洗,主数据集观测(众数),1
SCHEC-INPUT-V1.0,SX-SYRUP,糖浆间,现调糖浆BIB灌装,8000,88,2026-08-12,白班,正常生产运行,0,,"默认(未观测,按正常生产)",0
SCHEC-INPUT-V1.0,SX-SYRUP,糖浆间,现调糖浆BIB灌装,8000,88,2026-08-12,夜班,正常生产运行,0,B.4步清洗,主数据集观测(众数),4
SCHEC-INPUT-V1.0,SX-SYRUP,糖浆间,现调糖浆BIB灌装,8000,88,2026-08-13,白班,正常生产运行,0,,主数据集观测(众数),1
SCHEC-INPUT-V1.0,SX-SYRUP,糖浆间,现调糖浆BIB灌装,8000,88,2026-08-13,夜班,正常生产运行,0,,主数据集观测(众数),1
SCHEC-INPUT-V1.0,SX-SYRUP,糖浆间,现调糖浆BIB灌装,8000,88,2026-08-14,白班,正常生产运行,0,,主数据集观测(众数),2
SCHEC-INPUT-V1.0,SX-SYRUP,糖浆间,现调糖浆BIB灌装,8000,88,2026-08-14,夜班,正常生产运行,0,,主数据集观测(众数),5
SCHEC-INPUT-V1.0,SX-SYRUP,糖浆间,现调糖浆BIB灌装,8000,88,2026-08-15,白班,正常生产运行,0,,主数据集观测(众数),5
SCHEC-INPUT-V1.0,SX-SYRUP,糖浆间,现调糖浆BIB灌装,8000,88,2026-08-15,夜班,正常生产运行,0,,"默认(未观测,按正常生产)",0
SCHEC-INPUT-V1.0,SX-SYRUP,糖浆间,现调糖浆BIB灌装,8000,88,2026-08-16,白班,正常生产运行,0,,主数据集观测(众数),1
SCHEC-INPUT-V1.0,SX-SYRUP,糖浆间,现调糖浆BIB灌装,8000,88,2026-08-16,夜班,正常生产运行,0,,"默认(未观测,按正常生产)",0
SCHEC-INPUT-V1.0,SX-SYRUP,糖浆间,现调糖浆BIB灌装,8000,88,2026-08-17,白班,正常生产运行,0,,主数据集观测(众数),1
SCHEC-INPUT-V1.0,SX-SYRUP,糖浆间,现调糖浆BIB灌装,8000,88,2026-08-17,夜班,正常生产运行,0,,主数据集观测(众数),1
SCHEC-INPUT-V1.0,SX-SYRUP,糖浆间,现调糖浆BIB灌装,8000,88,2026-08-18,白班,正常生产运行,0,,主数据集观测(众数),5
SCHEC-INPUT-V1.0,SX-SYRUP,糖浆间,现调糖浆BIB灌装,8000,88,2026-08-18,夜班,正常生产运行,0,,主数据集观测(众数),1
SCHEC-INPUT-V1.0,SX-SYRUP,糖浆间,现调糖浆BIB灌装,8000,88,2026-08-19,白班,正常生产运行,0,,主数据集观测(众数),1
SCHEC-INPUT-V1.0,SX-SYRUP,糖浆间,现调糖浆BIB灌装,8000,88,2026-08-19,夜班,正常生产运行,0,,主数据集观测(众数),1
SCHEC-INPUT-V1.0,SX-SYRUP,糖浆间,现调糖浆BIB灌装,8000,88,2026-08-20,白班,正常生产运行,0,,"默认(未观测,按正常生产)",0
SCHEC-INPUT-V1.0,SX-SYRUP,糖浆间,现调糖浆BIB灌装,8000,88,2026-08-20,夜班,换型,1,B.4步清洗,主数据集观测(众数),1
SCHEC-INPUT-V1.0,SX-SYRUP,糖浆间,现调糖浆BIB灌装,8000,88,2026-08-21,白班,正常生产运行,0,,主数据集观测(众数),2
SCHEC-INPUT-V1.0,SX-SYRUP,糖浆间,现调糖浆BIB灌装,8000,88,2026-08-21,夜班,正常生产运行,0,,"默认(未观测,按正常生产)",0
SCHEC-INPUT-V1.0,SX-SYRUP,糖浆间,现调糖浆BIB灌装,8000,88,2026-08-22,白班,正常生产运行,0,,"默认(未观测,按正常生产)",0
SCHEC-INPUT-V1.0,SX-SYRUP,糖浆间,现调糖浆BIB灌装,8000,88,2026-08-22,夜班,正常生产运行,0,,"默认(未观测,按正常生产)",0
SCHEC-INPUT-V1.0,SX-SYRUP,糖浆间,现调糖浆BIB灌装,8000,88,2026-08-23,白班,正常生产运行,0,,"默认(未观测,按正常生产)",0
SCHEC-INPUT-V1.0,SX-SYRUP,糖浆间,现调糖浆BIB灌装,8000,88,2026-08-23,夜班,正常生产运行,0,,"默认(未观测,按正常生产)",0
SCHEC-INPUT-V1.0,SX-SYRUP,糖浆间,现调糖浆BIB灌装,8000,88,2026-08-24,白班,正常生产运行,0,,主数据集观测(众数),4
SCHEC-INPUT-V1.0,SX-SYRUP,糖浆间,现调糖浆BIB灌装,8000,88,2026-08-24,夜班,正常生产运行,0,,"默认(未观测,按正常生产)",0
SCHEC-INPUT-V1.0,SX-SYRUP,糖浆间,现调糖浆BIB灌装,8000,88,2026-08-25,白班,正常生产运行,0,,主数据集观测(众数),4
SCHEC-INPUT-V1.0,SX-SYRUP,糖浆间,现调糖浆BIB灌装,8000,88,2026-08-25,夜班,正常生产运行,0,,主数据集观测(众数),1
SCHEC-INPUT-V1.0,SX-SYRUP,糖浆间,现调糖浆BIB灌装,8000,88,2026-08-26,白班,正常生产运行,0,,"默认(未观测,按正常生产)",0
SCHEC-INPUT-V1.0,SX-SYRUP,糖浆间,现调糖浆BIB灌装,8000,88,2026-08-26,夜班,正常生产运行,0,,主数据集观测(众数),1
SCHEC-INPUT-V1.0,SX-SYRUP,糖浆间,现调糖浆BIB灌装,8000,88,2026-08-27,白班,正常生产运行,0,,主数据集观测(众数),1
SCHEC-INPUT-V1.0,SX-SYRUP,糖浆间,现调糖浆BIB灌装,8000,88,2026-08-27,夜班,正常生产运行,0,,"默认(未观测,按正常生产)",0
SCHEC-INPUT-V1.0,SX-SYRUP,糖浆间,现调糖浆BIB灌装,8000,88,2026-08-28,白班,正常生产运行,0,,"默认(未观测,按正常生产)",0
SCHEC-INPUT-V1.0,SX-SYRUP,糖浆间,现调糖浆BIB灌装,8000,88,2026-08-28,夜班,正常生产运行,0,,主数据集观测(众数),2
SCHEC-INPUT-V1.0,SX-SYRUP,糖浆间,现调糖浆BIB灌装,8000,88,2026-08-29,白班,正常生产运行,0,,主数据集观测(众数),1
SCHEC-INPUT-V1.0,SX-SYRUP,糖浆间,现调糖浆BIB灌装,8000,88,2026-08-29,夜班,正常生产运行,0,,"默认(未观测,按正常生产)",0
SCHEC-INPUT-V1.0,SX-SYRUP,糖浆间,现调糖浆BIB灌装,8000,88,2026-08-30,白班,正常生产运行,0,,"默认(未观测,按正常生产)",0
SCHEC-INPUT-V1.0,SX-SYRUP,糖浆间,现调糖浆BIB灌装,8000,88,2026-08-30,夜班,正常生产运行,0,,"默认(未观测,按正常生产)",0
SCHEC-INPUT-V1.0,SX-SYRUP,糖浆间,现调糖浆BIB灌装,8000,88,2026-08-31,白班,正常生产运行,0,,"默认(未观测,按正常生产)",0
SCHEC-INPUT-V1.0,SX-SYRUP,糖浆间,现调糖浆BIB灌装,8000,88,2026-08-31,夜班,正常生产运行,0,,主数据集观测(众数),2
SCHEC-INPUT-V1.0,SX-UTIL,水处理及污水处理,瓶装水灌装,0,88,2026-07-01,白班,正常生产运行,0,,"默认(未观测,按正常生产)",0
SCHEC-INPUT-V1.0,SX-UTIL,水处理及污水处理,瓶装水灌装,0,88,2026-07-01,夜班,正常生产运行,0,,主数据集观测(众数),1
SCHEC-INPUT-V1.0,SX-UTIL,水处理及污水处理,瓶装水灌装,0,88,2026-07-02,白班,正常生产运行,0,,主数据集观测(众数),1
SCHEC-INPUT-V1.0,SX-UTIL,水处理及污水处理,瓶装水灌装,0,88,2026-07-02,夜班,正常生产运行,0,,主数据集观测(众数),2
SCHEC-INPUT-V1.0,SX-UTIL,水处理及污水处理,瓶装水灌装,0,88,2026-07-03,白班,正常生产运行,0,,"默认(未观测,按正常生产)",0
SCHEC-INPUT-V1.0,SX-UTIL,水处理及污水处理,瓶装水灌装,0,88,2026-07-03,夜班,正常生产运行,0,,主数据集观测(众数),1
SCHEC-INPUT-V1.0,SX-UTIL,水处理及污水处理,瓶装水灌装,0,88,2026-07-04,白班,正常生产运行,0,,"默认(未观测,按正常生产)",0
SCHEC-INPUT-V1.0,SX-UTIL,水处理及污水处理,瓶装水灌装,0,88,2026-07-04,夜班,正常生产运行,0,,"默认(未观测,按正常生产)",0
SCHEC-INPUT-V1.0,SX-UTIL,水处理及污水处理,瓶装水灌装,0,88,2026-07-05,白班,正常生产运行,0,,"默认(未观测,按正常生产)",0
SCHEC-INPUT-V1.0,SX-UTIL,水处理及污水处理,瓶装水灌装,0,88,2026-07-05,夜班,正常生产运行,0,,"默认(未观测,按正常生产)",0
SCHEC-INPUT-V1.0,SX-UTIL,水处理及污水处理,瓶装水灌装,0,88,2026-07-06,白班,正常生产运行,0,,主数据集观测(众数),1
SCHEC-INPUT-V1.0,SX-UTIL,水处理及污水处理,瓶装水灌装,0,88,2026-07-06,夜班,正常生产运行,0,,"默认(未观测,按正常生产)",0
SCHEC-INPUT-V1.0,SX-UTIL,水处理及污水处理,瓶装水灌装,0,88,2026-07-07,白班,正常生产运行,0,,主数据集观测(众数),1
SCHEC-INPUT-V1.0,SX-UTIL,水处理及污水处理,瓶装水灌装,0,88,2026-07-07,夜班,正常生产运行,0,,"默认(未观测,按正常生产)",0
SCHEC-INPUT-V1.0,SX-UTIL,水处理及污水处理,瓶装水灌装,0,88,2026-07-08,白班,正常生产运行,0,,主数据集观测(众数),1
SCHEC-INPUT-V1.0,SX-UTIL,水处理及污水处理,瓶装水灌装,0,88,2026-07-08,夜班,正常生产运行,0,,"默认(未观测,按正常生产)",0
SCHEC-INPUT-V1.0,SX-UTIL,水处理及污水处理,瓶装水灌装,0,88,2026-07-09,白班,正常生产运行,0,,"默认(未观测,按正常生产)",0
SCHEC-INPUT-V1.0,SX-UTIL,水处理及污水处理,瓶装水灌装,0,88,2026-07-09,夜班,正常生产运行,0,,主数据集观测(众数),1
SCHEC-INPUT-V1.0,SX-UTIL,水处理及污水处理,瓶装水灌装,0,88,2026-07-10,白班,正常生产运行,0,,"默认(未观测,按正常生产)",0
SCHEC-INPUT-V1.0,SX-UTIL,水处理及污水处理,瓶装水灌装,0,88,2026-07-10,夜班,正常生产运行,0,,"默认(未观测,按正常生产)",0
SCHEC-INPUT-V1.0,SX-UTIL,水处理及污水处理,瓶装水灌装,0,88,2026-07-11,白班,正常生产运行,0,,主数据集观测(众数),1
SCHEC-INPUT-V1.0,SX-UTIL,水处理及污水处理,瓶装水灌装,0,88,2026-07-11,夜班,正常生产运行,0,A.3步清洗,主数据集观测(众数),4
SCHEC-INPUT-V1.0,SX-UTIL,水处理及污水处理,瓶装水灌装,0,88,2026-07-12,白班,正常生产运行,0,,"默认(未观测,按正常生产)",0
SCHEC-INPUT-V1.0,SX-UTIL,水处理及污水处理,瓶装水灌装,0,88,2026-07-12,夜班,正常生产运行,0,,"默认(未观测,按正常生产)",0
SCHEC-INPUT-V1.0,SX-UTIL,水处理及污水处理,瓶装水灌装,0,88,2026-07-13,白班,正常生产运行,0,,主数据集观测(众数),1
SCHEC-INPUT-V1.0,SX-UTIL,水处理及污水处理,瓶装水灌装,0,88,2026-07-13,夜班,正常生产运行,0,,"默认(未观测,按正常生产)",0
SCHEC-INPUT-V1.0,SX-UTIL,水处理及污水处理,瓶装水灌装,0,88,2026-07-14,白班,正常生产运行,0,,主数据集观测(众数),2
SCHEC-INPUT-V1.0,SX-UTIL,水处理及污水处理,瓶装水灌装,0,88,2026-07-14,夜班,正常生产运行,0,,"默认(未观测,按正常生产)",0
SCHEC-INPUT-V1.0,SX-UTIL,水处理及污水处理,瓶装水灌装,0,88,2026-07-15,白班,正常生产运行,0,,主数据集观测(众数),3
SCHEC-INPUT-V1.0,SX-UTIL,水处理及污水处理,瓶装水灌装,0,88,2026-07-15,夜班,正常生产运行,0,,"默认(未观测,按正常生产)",0
SCHEC-INPUT-V1.0,SX-UTIL,水处理及污水处理,瓶装水灌装,0,88,2026-07-16,白班,正常生产运行,0,,主数据集观测(众数),2
SCHEC-INPUT-V1.0,SX-UTIL,水处理及污水处理,瓶装水灌装,0,88,2026-07-16,夜班,正常生产运行,0,,"默认(未观测,按正常生产)",0
SCHEC-INPUT-V1.0,SX-UTIL,水处理及污水处理,瓶装水灌装,0,88,2026-07-17,白班,正常生产运行,0,,"默认(未观测,按正常生产)",0
SCHEC-INPUT-V1.0,SX-UTIL,水处理及污水处理,瓶装水灌装,0,88,2026-07-17,夜班,正常生产运行,0,,"默认(未观测,按正常生产)",0
SCHEC-INPUT-V1.0,SX-UTIL,水处理及污水处理,瓶装水灌装,0,88,2026-07-18,白班,正常生产运行,0,,"默认(未观测,按正常生产)",0
SCHEC-INPUT-V1.0,SX-UTIL,水处理及污水处理,瓶装水灌装,0,88,2026-07-18,夜班,正常生产运行,0,,主数据集观测(众数),1
SCHEC-INPUT-V1.0,SX-UTIL,水处理及污水处理,瓶装水灌装,0,88,2026-07-19,白班,正常生产运行,0,,"默认(未观测,按正常生产)",0
SCHEC-INPUT-V1.0,SX-UTIL,水处理及污水处理,瓶装水灌装,0,88,2026-07-19,夜班,正常生产运行,0,,"默认(未观测,按正常生产)",0
SCHEC-INPUT-V1.0,SX-UTIL,水处理及污水处理,瓶装水灌装,0,88,2026-07-20,白班,正常生产运行,0,,"默认(未观测,按正常生产)",0
SCHEC-INPUT-V1.0,SX-UTIL,水处理及污水处理,瓶装水灌装,0,88,2026-07-20,夜班,正常生产运行,0,A.3步清洗,主数据集观测(众数),5
SCHEC-INPUT-V1.0,SX-UTIL,水处理及污水处理,瓶装水灌装,0,88,2026-07-21,白班,正常生产运行,0,,主数据集观测(众数),1
SCHEC-INPUT-V1.0,SX-UTIL,水处理及污水处理,瓶装水灌装,0,88,2026-07-21,夜班,正常生产运行,0,,主数据集观测(众数),2
SCHEC-INPUT-V1.0,SX-UTIL,水处理及污水处理,瓶装水灌装,0,88,2026-07-22,白班,正常生产运行,0,,主数据集观测(众数),2
SCHEC-INPUT-V1.0,SX-UTIL,水处理及污水处理,瓶装水灌装,0,88,2026-07-22,夜班,正常生产运行,0,,"默认(未观测,按正常生产)",0
SCHEC-INPUT-V1.0,SX-UTIL,水处理及污水处理,瓶装水灌装,0,88,2026-07-23,白班,正常生产运行,0,,"默认(未观测,按正常生产)",0
SCHEC-INPUT-V1.0,SX-UTIL,水处理及污水处理,瓶装水灌装,0,88,2026-07-23,夜班,正常生产运行,0,,主数据集观测(众数),3
SCHEC-INPUT-V1.0,SX-UTIL,水处理及污水处理,瓶装水灌装,0,88,2026-07-24,白班,正常生产运行,0,,"默认(未观测,按正常生产)",0
SCHEC-INPUT-V1.0,SX-UTIL,水处理及污水处理,瓶装水灌装,0,88,2026-07-24,夜班,换型,1,A.3步清洗,主数据集观测(众数),1
SCHEC-INPUT-V1.0,SX-UTIL,水处理及污水处理,瓶装水灌装,0,88,2026-07-25,白班,正常生产运行,0,,主数据集观测(众数),1
SCHEC-INPUT-V1.0,SX-UTIL,水处理及污水处理,瓶装水灌装,0,88,2026-07-25,夜班,正常生产运行,0,,"默认(未观测,按正常生产)",0
SCHEC-INPUT-V1.0,SX-UTIL,水处理及污水处理,瓶装水灌装,0,88,2026-07-26,白班,正常生产运行,0,,主数据集观测(众数),2
SCHEC-INPUT-V1.0,SX-UTIL,水处理及污水处理,瓶装水灌装,0,88,2026-07-26,夜班,正常生产运行,0,,"默认(未观测,按正常生产)",0
SCHEC-INPUT-V1.0,SX-UTIL,水处理及污水处理,瓶装水灌装,0,88,2026-07-27,白班,正常生产运行,0,,主数据集观测(众数),1
SCHEC-INPUT-V1.0,SX-UTIL,水处理及污水处理,瓶装水灌装,0,88,2026-07-27,夜班,正常生产运行,0,,"默认(未观测,按正常生产)",0
SCHEC-INPUT-V1.0,SX-UTIL,水处理及污水处理,瓶装水灌装,0,88,2026-07-28,白班,正常生产运行,0,,主数据集观测(众数),2
SCHEC-INPUT-V1.0,SX-UTIL,水处理及污水处理,瓶装水灌装,0,88,2026-07-28,夜班,正常生产运行,0,,"默认(未观测,按正常生产)",0
SCHEC-INPUT-V1.0,SX-UTIL,水处理及污水处理,瓶装水灌装,0,88,2026-07-29,白班,正常生产运行,0,,"默认(未观测,按正常生产)",0
SCHEC-INPUT-V1.0,SX-UTIL,水处理及污水处理,瓶装水灌装,0,88,2026-07-29,夜班,正常生产运行,0,,主数据集观测(众数),3
SCHEC-INPUT-V1.0,SX-UTIL,水处理及污水处理,瓶装水灌装,0,88,2026-07-30,白班,正常生产运行,0,,主数据集观测(众数),1
SCHEC-INPUT-V1.0,SX-UTIL,水处理及污水处理,瓶装水灌装,0,88,2026-07-30,夜班,正常生产运行,0,,主数据集观测(众数),1
SCHEC-INPUT-V1.0,SX-UTIL,水处理及污水处理,瓶装水灌装,0,88,2026-07-31,白班,正常生产运行,0,,主数据集观测(众数),1
SCHEC-INPUT-V1.0,SX-UTIL,水处理及污水处理,瓶装水灌装,0,88,2026-07-31,夜班,正常生产运行,0,,主数据集观测(众数),1
SCHEC-INPUT-V1.0,SX-UTIL,水处理及污水处理,瓶装水灌装,0,88,2026-08-01,白班,正常生产运行,0,,"默认(未观测,按正常生产)",0
SCHEC-INPUT-V1.0,SX-UTIL,水处理及污水处理,瓶装水灌装,0,88,2026-08-01,夜班,正常生产运行,0,,主数据集观测(众数),1
SCHEC-INPUT-V1.0,SX-UTIL,水处理及污水处理,瓶装水灌装,0,88,2026-08-02,白班,正常生产运行,0,,"默认(未观测,按正常生产)",0
SCHEC-INPUT-V1.0,SX-UTIL,水处理及污水处理,瓶装水灌装,0,88,2026-08-02,夜班,正常生产运行,0,,主数据集观测(众数),1
SCHEC-INPUT-V1.0,SX-UTIL,水处理及污水处理,瓶装水灌装,0,88,2026-08-03,白班,正常生产运行,0,,主数据集观测(众数),1
SCHEC-INPUT-V1.0,SX-UTIL,水处理及污水处理,瓶装水灌装,0,88,2026-08-03,夜班,正常生产运行,0,,"默认(未观测,按正常生产)",0
SCHEC-INPUT-V1.0,SX-UTIL,水处理及污水处理,瓶装水灌装,0,88,2026-08-04,白班,正常生产运行,0,,主数据集观测(众数),1
SCHEC-INPUT-V1.0,SX-UTIL,水处理及污水处理,瓶装水灌装,0,88,2026-08-04,夜班,正常生产运行,0,A.3步清洗,主数据集观测(众数),2
SCHEC-INPUT-V1.0,SX-UTIL,水处理及污水处理,瓶装水灌装,0,88,2026-08-05,白班,正常生产运行,0,,"默认(未观测,按正常生产)",0
SCHEC-INPUT-V1.0,SX-UTIL,水处理及污水处理,瓶装水灌装,0,88,2026-08-05,夜班,正常生产运行,0,,"默认(未观测,按正常生产)",0
SCHEC-INPUT-V1.0,SX-UTIL,水处理及污水处理,瓶装水灌装,0,88,2026-08-06,白班,正常生产运行,0,,主数据集观测(众数),1
SCHEC-INPUT-V1.0,SX-UTIL,水处理及污水处理,瓶装水灌装,0,88,2026-08-06,夜班,正常生产运行,0,,"默认(未观测,按正常生产)",0
SCHEC-INPUT-V1.0,SX-UTIL,水处理及污水处理,瓶装水灌装,0,88,2026-08-07,白班,正常生产运行,0,,"默认(未观测,按正常生产)",0
SCHEC-INPUT-V1.0,SX-UTIL,水处理及污水处理,瓶装水灌装,0,88,2026-08-07,夜班,正常生产运行,0,,"默认(未观测,按正常生产)",0
SCHEC-INPUT-V1.0,SX-UTIL,水处理及污水处理,瓶装水灌装,0,88,2026-08-08,白班,正常生产运行,0,,"默认(未观测,按正常生产)",0
SCHEC-INPUT-V1.0,SX-UTIL,水处理及污水处理,瓶装水灌装,0,88,2026-08-08,夜班,正常生产运行,0,,主数据集观测(众数),1
SCHEC-INPUT-V1.0,SX-UTIL,水处理及污水处理,瓶装水灌装,0,88,2026-08-09,白班,正常生产运行,0,,"默认(未观测,按正常生产)",0
SCHEC-INPUT-V1.0,SX-UTIL,水处理及污水处理,瓶装水灌装,0,88,2026-08-09,夜班,正常生产运行,0,,"默认(未观测,按正常生产)",0
SCHEC-INPUT-V1.0,SX-UTIL,水处理及污水处理,瓶装水灌装,0,88,2026-08-10,白班,正常生产运行,0,,"默认(未观测,按正常生产)",0
SCHEC-INPUT-V1.0,SX-UTIL,水处理及污水处理,瓶装水灌装,0,88,2026-08-10,夜班,正常生产运行,0,,主数据集观测(众数),3
SCHEC-INPUT-V1.0,SX-UTIL,水处理及污水处理,瓶装水灌装,0,88,2026-08-11,白班,正常生产运行,0,,主数据集观测(众数),1
SCHEC-INPUT-V1.0,SX-UTIL,水处理及污水处理,瓶装水灌装,0,88,2026-08-11,夜班,正常生产运行,0,,主数据集观测(众数),2
SCHEC-INPUT-V1.0,SX-UTIL,水处理及污水处理,瓶装水灌装,0,88,2026-08-12,白班,正常生产运行,0,,"默认(未观测,按正常生产)",0
SCHEC-INPUT-V1.0,SX-UTIL,水处理及污水处理,瓶装水灌装,0,88,2026-08-12,夜班,正常生产运行,0,,主数据集观测(众数),1
SCHEC-INPUT-V1.0,SX-UTIL,水处理及污水处理,瓶装水灌装,0,88,2026-08-13,白班,正常生产运行,0,,主数据集观测(众数),2
SCHEC-INPUT-V1.0,SX-UTIL,水处理及污水处理,瓶装水灌装,0,88,2026-08-13,夜班,正常生产运行,0,A.3步清洗,主数据集观测(众数),2
SCHEC-INPUT-V1.0,SX-UTIL,水处理及污水处理,瓶装水灌装,0,88,2026-08-14,白班,正常生产运行,0,,主数据集观测(众数),1
SCHEC-INPUT-V1.0,SX-UTIL,水处理及污水处理,瓶装水灌装,0,88,2026-08-14,夜班,正常生产运行,0,,"默认(未观测,按正常生产)",0
SCHEC-INPUT-V1.0,SX-UTIL,水处理及污水处理,瓶装水灌装,0,88,2026-08-15,白班,正常生产运行,0,,主数据集观测(众数),2
SCHEC-INPUT-V1.0,SX-UTIL,水处理及污水处理,瓶装水灌装,0,88,2026-08-15,夜班,正常生产运行,0,,"默认(未观测,按正常生产)",0
SCHEC-INPUT-V1.0,SX-UTIL,水处理及污水处理,瓶装水灌装,0,88,2026-08-16,白班,正常生产运行,0,,主数据集观测(众数),1
SCHEC-INPUT-V1.0,SX-UTIL,水处理及污水处理,瓶装水灌装,0,88,2026-08-16,夜班,正常生产运行,0,,"默认(未观测,按正常生产)",0
SCHEC-INPUT-V1.0,SX-UTIL,水处理及污水处理,瓶装水灌装,0,88,2026-08-17,白班,正常生产运行,0,,"默认(未观测,按正常生产)",0
SCHEC-INPUT-V1.0,SX-UTIL,水处理及污水处理,瓶装水灌装,0,88,2026-08-17,夜班,正常生产运行,0,,"默认(未观测,按正常生产)",0
SCHEC-INPUT-V1.0,SX-UTIL,水处理及污水处理,瓶装水灌装,0,88,2026-08-18,白班,正常生产运行,0,,主数据集观测(众数),1
SCHEC-INPUT-V1.0,SX-UTIL,水处理及污水处理,瓶装水灌装,0,88,2026-08-18,夜班,正常生产运行,0,,"默认(未观测,按正常生产)",0
SCHEC-INPUT-V1.0,SX-UTIL,水处理及污水处理,瓶装水灌装,0,88,2026-08-19,白班,正常生产运行,0,,"默认(未观测,按正常生产)",0
SCHEC-INPUT-V1.0,SX-UTIL,水处理及污水处理,瓶装水灌装,0,88,2026-08-19,夜班,正常生产运行,0,,"默认(未观测,按正常生产)",0
SCHEC-INPUT-V1.0,SX-UTIL,水处理及污水处理,瓶装水灌装,0,88,2026-08-20,白班,正常生产运行,0,,"默认(未观测,按正常生产)",0
SCHEC-INPUT-V1.0,SX-UTIL,水处理及污水处理,瓶装水灌装,0,88,2026-08-20,夜班,正常生产运行,0,,"默认(未观测,按正常生产)",0
SCHEC-INPUT-V1.0,SX-UTIL,水处理及污水处理,瓶装水灌装,0,88,2026-08-21,白班,正常生产运行,0,,主数据集观测(众数),1
SCHEC-INPUT-V1.0,SX-UTIL,水处理及污水处理,瓶装水灌装,0,88,2026-08-21,夜班,正常生产运行,0,,"默认(未观测,按正常生产)",0
SCHEC-INPUT-V1.0,SX-UTIL,水处理及污水处理,瓶装水灌装,0,88,2026-08-22,白班,正常生产运行,0,,主数据集观测(众数),1
SCHEC-INPUT-V1.0,SX-UTIL,水处理及污水处理,瓶装水灌装,0,88,2026-08-22,夜班,正常生产运行,0,,主数据集观测(众数),2
SCHEC-INPUT-V1.0,SX-UTIL,水处理及污水处理,瓶装水灌装,0,88,2026-08-23,白班,正常生产运行,0,,主数据集观测(众数),1
SCHEC-INPUT-V1.0,SX-UTIL,水处理及污水处理,瓶装水灌装,0,88,2026-08-23,夜班,正常生产运行,0,,"默认(未观测,按正常生产)",0
SCHEC-INPUT-V1.0,SX-UTIL,水处理及污水处理,瓶装水灌装,0,88,2026-08-24,白班,正常生产运行,0,,主数据集观测(众数),1
SCHEC-INPUT-V1.0,SX-UTIL,水处理及污水处理,瓶装水灌装,0,88,2026-08-24,夜班,正常生产运行,0,,"默认(未观测,按正常生产)",0
SCHEC-INPUT-V1.0,SX-UTIL,水处理及污水处理,瓶装水灌装,0,88,2026-08-25,白班,正常生产运行,0,,主数据集观测(众数),1
SCHEC-INPUT-V1.0,SX-UTIL,水处理及污水处理,瓶装水灌装,0,88,2026-08-25,夜班,换型,1,C.碱洗,主数据集观测(众数),1
SCHEC-INPUT-V1.0,SX-UTIL,水处理及污水处理,瓶装水灌装,0,88,2026-08-26,白班,正常生产运行,0,,主数据集观测(众数),1
SCHEC-INPUT-V1.0,SX-UTIL,水处理及污水处理,瓶装水灌装,0,88,2026-08-26,夜班,正常生产运行,0,,"默认(未观测,按正常生产)",0
SCHEC-INPUT-V1.0,SX-UTIL,水处理及污水处理,瓶装水灌装,0,88,2026-08-27,白班,正常生产运行,0,,主数据集观测(众数),1
SCHEC-INPUT-V1.0,SX-UTIL,水处理及污水处理,瓶装水灌装,0,88,2026-08-27,夜班,正常生产运行,0,,"默认(未观测,按正常生产)",0
SCHEC-INPUT-V1.0,SX-UTIL,水处理及污水处理,瓶装水灌装,0,88,2026-08-28,白班,正常生产运行,0,,主数据集观测(众数),1
SCHEC-INPUT-V1.0,SX-UTIL,水处理及污水处理,瓶装水灌装,0,88,2026-08-28,夜班,正常生产运行,0,,"默认(未观测,按正常生产)",0
SCHEC-INPUT-V1.0,SX-UTIL,水处理及污水处理,瓶装水灌装,0,88,2026-08-29,白班,正常生产运行,0,,主数据集观测(众数),1
SCHEC-INPUT-V1.0,SX-UTIL,水处理及污水处理,瓶装水灌装,0,88,2026-08-29,夜班,正常生产运行,0,,"默认(未观测,按正常生产)",0
SCHEC-INPUT-V1.0,SX-UTIL,水处理及污水处理,瓶装水灌装,0,88,2026-08-30,白班,正常生产运行,0,,主数据集观测(众数),1
SCHEC-INPUT-V1.0,SX-UTIL,水处理及污水处理,瓶装水灌装,0,88,2026-08-30,夜班,正常生产运行,0,,"默认(未观测,按正常生产)",0
SCHEC-INPUT-V1.0,SX-UTIL,水处理及污水处理,瓶装水灌装,0,88,2026-08-31,白班,正常生产运行,0,,"默认(未观测,按正常生产)",0
SCHEC-INPUT-V1.0,SX-UTIL,水处理及污水处理,瓶装水灌装,0,88,2026-08-31,夜班,正常生产运行,0,,主数据集观测(众数),1
